,Tristan Cockcroft,,Grey Albright,,Rick Graham,,Peter Kreutzer,,Derek Carty,,Erik Halterman,,Steve Gardner,,Phil Hertz,,Brian Walton,,Scott Wilderman,,Taylor Tarter,,Alain de Leonardis,
,Left to Spend,0,Left to Spend,0,Left to Spend,0,Left to Spend,1,Left to Spend,0,Left to Spend,0,Left to Spend,0,Left to Spend,0,Left to Spend,0,Left to Spend,0,Left to Spend,5,Left to Spend,0
,Players Needed,0,Players Needed,0,Players Needed,0,Players Needed,0,Players Needed,0,Players Needed,0,Players Needed,0,Players Needed,0,Players Needed,0,Players Needed,0,Players Needed,0,Players Needed,0
,Max Bid,1,Max Bid,1,Max Bid,1,Max Bid,2,Max Bid,1,Max Bid,1,Max Bid,1,Max Bid,1,Max Bid,1,Max Bid,1,Max Bid,6,Max Bid,1
C,Patrick Bailey,3,Agustin Ramirez,18,Hunter Goodman,22,Gabriel Moreno,14,Will Smith,20,Tyler Stephenson,8,Drake Baldwin,21,Francisco Alvarez,15,Carson Kelly,7,Sean Murphy,4,William Contreras,26,Freddy Fermin,8
C,Dalton Rushing,1,Luis Campusano,1,Pedro Pages,1,Joe Mack,1,J.T. Realmuto,13,Jose Trevino,1,Joey Bart,2,Braxton Fulford,3,Liam Hicks,2,Miguel Amaya,3,Harry Ford,4,Keibert Ruiz,2
1B,Freddie Freeman,28,Edouard Julien,3,Matt Olson,28,Bryce Eldridge,7,Bryce Harper,29,Carlos Santana,3,Pavin Smith,3,Luis Arraez,11,Rafael Devers,28,Michael Busch,23,Alec Burleson,20,Spencer Steer,7
3B,Jordan Lawlar,6,Eugenio Suarez,22,Manny Machado,26,Alex Bregman,21,Nolan Arenado,8,Nolan Gorman,7,Alec Bohm,12,Max Muncy,19,Noelvi Marte,16,Sal Stewart,17,Matt Chapman,20,Austin Riley,25
2B,Brice Turang,25,Willi Castro,14,Ketel Marte,31,Jorge Polanco,15,Jake Cronenworth,12,Bryson Stott,16,Luis Garcia,13,Otto Lopez,16,Ozzie Albies,17,Marcus Semien,15,Nico Hoerner,19,Otto Kemp,2
SS,Mookie Betts,27,CJ Abrams,22,Bo Bichette,20,Francisco Lindor,32,Dansby Swanson,20,Joey Ortiz,5,Trea Turner,31,Elly de la Cruz,41,JJ Wetherholt,16,Willy Adames,24,Ezequiel Tovar,14,Geraldo Perdomo,26
INF,Matt McLain,16,Mark Vientos,9,Nasim Nunez,3,Xavier Edwards,20,Xander Bogaerts,15,Ha-Seong Kim,2,Konnor Griffin,15,Javier Sanoja,1,Spencer Horwitz,4,Kyle Karros,2,Jared Triolo,6,Masyn Winn,10
OF,Oneil Cruz,25,Juan Soto,50,Michael Harris II,19,Jackson Chourio,31,Adolis Garcia,13,Kyle Tucker,36,Teoscar Hernandez,19,Jackson Merrill,25,Pete Crow-Armstrong,29,James Wood,29,Ronald Acuna Jr.,44,Bryan Reynolds,17
OF,Jordan Beck,12,Fernando Tatis Jr.,37,Andy Pages,17,Seiya Suzuki,23,Mike Yastrzemski,7,Corbin Carroll,35,Kyle Stowers,21,Carson Benge,7,Daylen Lile,14,Jakob Marsee,21,Ian Happ,20,Mickey Moniak,11
OF,Nick Castellanos,3,TJ Friedl,10,Ramon Laureano,12,Heliot Ramos,16,Jordan Walker,6,Brenton Doyle,17,Owen Caissie,5,Dylan Crews,15,Luis Robert Jr.,19,Christian Yelich,21,Jung Hoo Lee,8,Alek Thomas,1
OF,Victor Scott II,3,Jacob Young,1,Harrison Bader,4,Lars Nootbaar,4,Brandon Marsh,5,Sal Frelick,10,Miguel Andujar,2,Justin Crawford,8,Jake Bauers,1,Lourdes Gurriel Jr.,1,Gavin Sheets,5,Griffin Conine,1
UT,Andrew Vaughn,12,Luis Rengifo,2,Ke'Bryan Hayes,2,Charlie Condon,1,Connor Norby,4,Kyle Schwarber,33,Brandon Lowe,15,Christopher Morel,3,Ivan Herrera,20,Marcell Ozuna,14,Tyler Freeman,3,Shohei Ohtani,50
SW,Matt Shaw,3,David Hamilton,1,Mauricio Dubon,1,Jake Mangum,2,Jake McCarthy,2,Garrett Mitchell,2,Brett Baty,7,Ryan O'Hearn,12,Tommy Edman,3,JJ Bleday,1,Heriberto Hernandez,1,Gregory Soto,1
SW,Ryan Waldschmidt,1,Graham Pauley,1,Nick Gonzales,2,Moises Ballesteros,3,Hyeseong Kim,1,Troy Johnston,1,Aaron Ashby,1,Brady House,1,Will Benson,1,Kyle Leahy,1,Zack Littell,4,Christian Scott,1
P,Cristopher Sanchez,29,Brandon Woodruff,18,Shohei Ohtani,20,Blake Snell,12,Emmet Sheehan,20,Freddy Peralta,23,Paul Skenes,40,Logan Webb,29,Matthew Boyd,17,Chris Sale,29,Joe Musgrove,10,Yoshinobu Yamamoto,28
P,Chase Burns,17,Robbie Ray,13,Tyler Glasnow,15,Cade Horton,10,Nick Pivetta,22,Jacob Misiorowski,12,Sandy Alcantara,13,Kodai Senga,8,Zack Wheeler,19,Spencer Strider,14,Nick Lodolo,17,Jesus Luzardo,25
P,Nolan McLean,17,David Peterson,6,Andrew Abbott,12,Michael King,18,Shota Imanaga,17,Edward Cabrera,12,Hunter Greene,6,Clay Holmes,6,Aaron Nola,13,Zac Gallen,15,Merrill Kelly,10,Eury Perez,19
P,Ben Brown,1,Reynaldo Lopez,6,Bubba Chandler,11,Michael Soroka,2,Sean Manaea,6,Andrew Painter,4,Justin Steele,3,Adrian Houser,1,Dustin May,6,Spencer Schwellenbach,3,Logan Henderson,6,Chad Patrick,5
P,Roki Sasaki,2,Mitch Keller,4,Kyle Harrison,4,Rhett Lowder,2,Braxton Ashcraft,7,Ryne Nelson,6,Tyler Mahle,3,Max Meyer,6,Quinn Priester,3,Brady Singer,3,Clayton Beeter,3,Richard Fitts,1
P,Matt Svanson,3,Brandon Sproat,1,Jared Jones,3,Brandon Pfaadt,1,Jameson Taillon,5,Brad Keller,1,Corbin Burnes,2,Robby Snelling,3,Orion Kerkering,1,Victor Vodnik,2,Cade Cavalli,5,Tanner Scott,1
P,Bryce Elder,1,Griffin Canning,1,Landen Roupp,2,Hunter Barco,2,Phil Maton,1,Grant Holmes,2,Eduardo Rodriguez,2,Luke Weaver,1,JoJo Romero,6,Cole Henry,2,Michael McGreevy,1,Chris Paddack,1
P,Jeremiah Estrada,2,Calvin Faucher,1,Ryne Stanek,1,Trevor Megill,10,Jonah Tong,1,Foster Griffin,2,Emilio Pagan,11,Braxton Garrett,5,Riley O'Brien,3,Kevin Ginkel,4,Matthew Liberatore,2,Graham Ashcraft,1
P,Edwin Diaz,23,Daniel Palencia,19,Paul Sewald,4,Dennis Santana,12,Mason Miller,26,Jhoan Duran,22,Pete Fairbanks,13,Devin Williams,24,Ryan Walker,15,Abner Uribe,12,Robert Suarez,7,Raisel Iglesias,17
R,Randy Vasquez,,Jake Irvin,,Joshua Baez,,Robert Gasser,,River Ryan,,T.J. Rumfield,,Lucas Giolito,,Zac Veen,,Quinn Mathews,,Jose Alvarado,,Jett Williams,,Mike Tauchman,
R,JR Ritchie,,Thomas Saggese,,Didier Fuentes,,Ryan Thompson,,Alex Vesia,,Jhostynxon Garcia,,German Marquez,,Justin Wrobleski,,Adrian Morejon,,Andre Pallante,,Casey Schmitt,,Tobias Myers,
R,Nathan Church,,Jose Quintana,,Dominic Smith,,Javier Assad,,Chase Dollander,,Aidan Miller,,Alex Freeland,,Adael Amador,,Hunter Dobbins,,Daniel Susac,,Henry Davis,,Edmundo Sosa,
R,Mike Clevinger,,Luis Matos,,Mason Montgomery,,Yohel Pozo,,Jose Urquidy,,Carmen Mlodzinski,,Taijuan Walker,,Tony Santillan,,Ramon Urias,,Josiah Gray,,Andres Chaparro,,Luis Torrens,
,Tristan Cockcroft,,Grey Albright,,Rick Graham,,Peter Kreutzer,,Derek Carty,,Erik Halterman,,Steve Gardner,,Phil Hertz,,Brian Walton,,Scott Wilderman,,Taylor Tarter,,Alain de Leonardis,
,A.J. Blubaugh,,A.J. Blubaugh,,A.J. Blubaugh,,A.J. Blubaugh,,A.J. Blubaugh,,A.J. Blubaugh,,A.J. Blubaugh,,A.J. Blubaugh,,A.J. Blubaugh,,A.J. Blubaugh,,A.J. Blubaugh,,A.J. Blubaugh,
,A.J. Minter,,A.J. Minter,,A.J. Minter,,A.J. Minter,,A.J. Minter,,A.J. Minter,,A.J. Minter,,A.J. Minter,,A.J. Minter,,A.J. Minter,,A.J. Minter,,A.J. Minter,
,A.J. Puk,,A.J. Puk,,A.J. Puk,,A.J. Puk,,A.J. Puk,,A.J. Puk,,A.J. Puk,,A.J. Puk,,A.J. Puk,,A.J. Puk,,A.J. Puk,,A.J. Puk,
,Aaron Ashby,,Aaron Ashby,,Aaron Ashby,,Aaron Ashby,,Aaron Ashby,,Aaron Ashby,,Aaron Ashby,,Aaron Ashby,,Aaron Ashby,,Aaron Ashby,,Aaron Ashby,,Aaron Ashby,
,Aaron Bummer,,Aaron Bummer,,Aaron Bummer,,Aaron Bummer,,Aaron Bummer,,Aaron Bummer,,Aaron Bummer,,Aaron Bummer,,Aaron Bummer,,Aaron Bummer,,Aaron Bummer,,Aaron Bummer,
,Aaron Civale,,Aaron Civale,,Aaron Civale,,Aaron Civale,,Aaron Civale,,Aaron Civale,,Aaron Civale,,Aaron Civale,,Aaron Civale,,Aaron Civale,,Aaron Civale,,Aaron Civale,
,Aaron Judge,,Aaron Judge,,Aaron Judge,,Aaron Judge,,Aaron Judge,,Aaron Judge,,Aaron Judge,,Aaron Judge,,Aaron Judge,,Aaron Judge,,Aaron Judge,,Aaron Judge,
,Aaron Nola,,Aaron Nola,,Aaron Nola,,Aaron Nola,,Aaron Nola,,Aaron Nola,,Aaron Nola,,Aaron Nola,,Aaron Nola,,Aaron Nola,,Aaron Nola,,Aaron Nola,
,Aaron Schunk,,Aaron Schunk,,Aaron Schunk,,Aaron Schunk,,Aaron Schunk,,Aaron Schunk,,Aaron Schunk,,Aaron Schunk,,Aaron Schunk,,Aaron Schunk,,Aaron Schunk,,Aaron Schunk,
,Abimelec Ortiz,,Abimelec Ortiz,,Abimelec Ortiz,,Abimelec Ortiz,,Abimelec Ortiz,,Abimelec Ortiz,,Abimelec Ortiz,,Abimelec Ortiz,,Abimelec Ortiz,,Abimelec Ortiz,,Abimelec Ortiz,,Abimelec Ortiz,
,Abner Uribe,,Abner Uribe,,Abner Uribe,,Abner Uribe,,Abner Uribe,,Abner Uribe,,Abner Uribe,,Abner Uribe,,Abner Uribe,,Abner Uribe,,Abner Uribe,,Abner Uribe,
,Abraham Toro,,Abraham Toro,,Abraham Toro,,Abraham Toro,,Abraham Toro,,Abraham Toro,,Abraham Toro,,Abraham Toro,,Abraham Toro,,Abraham Toro,,Abraham Toro,,Abraham Toro,
,Adael Amador,,Adael Amador,,Adael Amador,,Adael Amador,,Adael Amador,,Adael Amador,,Adael Amador,,Adael Amador,,Adael Amador,,Adael Amador,,Adael Amador,,Adael Amador,
,Adam Frazier,,Adam Frazier,,Adam Frazier,,Adam Frazier,,Adam Frazier,,Adam Frazier,,Adam Frazier,,Adam Frazier,,Adam Frazier,,Adam Frazier,,Adam Frazier,,Adam Frazier,
,Adam Macko,,Adam Macko,,Adam Macko,,Adam Macko,,Adam Macko,,Adam Macko,,Adam Macko,,Adam Macko,,Adam Macko,,Adam Macko,,Adam Macko,,Adam Macko,
,Adam Mazur,,Adam Mazur,,Adam Mazur,,Adam Mazur,,Adam Mazur,,Adam Mazur,,Adam Mazur,,Adam Mazur,,Adam Mazur,,Adam Mazur,,Adam Mazur,,Adam Mazur,
,Adbert Alzolay,,Adbert Alzolay,,Adbert Alzolay,,Adbert Alzolay,,Adbert Alzolay,,Adbert Alzolay,,Adbert Alzolay,,Adbert Alzolay,,Adbert Alzolay,,Adbert Alzolay,,Adbert Alzolay,,Adbert Alzolay,
,Addison Barger,,Addison Barger,,Addison Barger,,Addison Barger,,Addison Barger,,Addison Barger,,Addison Barger,,Addison Barger,,Addison Barger,,Addison Barger,,Addison Barger,,Addison Barger,
,Adley Rutschman,,Adley Rutschman,,Adley Rutschman,,Adley Rutschman,,Adley Rutschman,,Adley Rutschman,,Adley Rutschman,,Adley Rutschman,,Adley Rutschman,,Adley Rutschman,,Adley Rutschman,,Adley Rutschman,
,Adolis Garcia,,Adolis Garcia,,Adolis Garcia,,Adolis Garcia,,Adolis Garcia,,Adolis Garcia,,Adolis Garcia,,Adolis Garcia,,Adolis Garcia,,Adolis Garcia,,Adolis Garcia,,Adolis Garcia,
,Adrian Del Castillo,,Adrian Del Castillo,,Adrian Del Castillo,,Adrian Del Castillo,,Adrian Del Castillo,,Adrian Del Castillo,,Adrian Del Castillo,,Adrian Del Castillo,,Adrian Del Castillo,,Adrian Del Castillo,,Adrian Del Castillo,,Adrian Del Castillo,
,Adrian Houser,,Adrian Houser,,Adrian Houser,,Adrian Houser,,Adrian Houser,,Adrian Houser,,Adrian Houser,,Adrian Houser,,Adrian Houser,,Adrian Houser,,Adrian Houser,,Adrian Houser,
,Adrian Morejon,,Adrian Morejon,,Adrian Morejon,,Adrian Morejon,,Adrian Morejon,,Adrian Morejon,,Adrian Morejon,,Adrian Morejon,,Adrian Morejon,,Adrian Morejon,,Adrian Morejon,,Adrian Morejon,
,Agustin Ramirez,,Agustin Ramirez,,Agustin Ramirez,,Agustin Ramirez,,Agustin Ramirez,,Agustin Ramirez,,Agustin Ramirez,,Agustin Ramirez,,Agustin Ramirez,,Agustin Ramirez,,Agustin Ramirez,,Agustin Ramirez,
,Aidan Miller,,Aidan Miller,,Aidan Miller,,Aidan Miller,,Aidan Miller,,Aidan Miller,,Aidan Miller,,Aidan Miller,,Aidan Miller,,Aidan Miller,,Aidan Miller,,Aidan Miller,
,AJ Smith-Shawver,,AJ Smith-Shawver,,AJ Smith-Shawver,,AJ Smith-Shawver,,AJ Smith-Shawver,,AJ Smith-Shawver,,AJ Smith-Shawver,,AJ Smith-Shawver,,AJ Smith-Shawver,,AJ Smith-Shawver,,AJ Smith-Shawver,,AJ Smith-Shawver,
,Akil Baddoo,,Akil Baddoo,,Akil Baddoo,,Akil Baddoo,,Akil Baddoo,,Akil Baddoo,,Akil Baddoo,,Akil Baddoo,,Akil Baddoo,,Akil Baddoo,,Akil Baddoo,,Akil Baddoo,
,Alan Rangel,,Alan Rangel,,Alan Rangel,,Alan Rangel,,Alan Rangel,,Alan Rangel,,Alan Rangel,,Alan Rangel,,Alan Rangel,,Alan Rangel,,Alan Rangel,,Alan Rangel,
,Alan Roden,,Alan Roden,,Alan Roden,,Alan Roden,,Alan Roden,,Alan Roden,,Alan Roden,,Alan Roden,,Alan Roden,,Alan Roden,,Alan Roden,,Alan Roden,
,Albert Suarez,,Albert Suarez,,Albert Suarez,,Albert Suarez,,Albert Suarez,,Albert Suarez,,Albert Suarez,,Albert Suarez,,Albert Suarez,,Albert Suarez,,Albert Suarez,,Albert Suarez,
,Alec Bohm,,Alec Bohm,,Alec Bohm,,Alec Bohm,,Alec Bohm,,Alec Bohm,,Alec Bohm,,Alec Bohm,,Alec Bohm,,Alec Bohm,,Alec Bohm,,Alec Bohm,
,Alec Burleson,,Alec Burleson,,Alec Burleson,,Alec Burleson,,Alec Burleson,,Alec Burleson,,Alec Burleson,,Alec Burleson,,Alec Burleson,,Alec Burleson,,Alec Burleson,,Alec Burleson,
,Alejandro Kirk,,Alejandro Kirk,,Alejandro Kirk,,Alejandro Kirk,,Alejandro Kirk,,Alejandro Kirk,,Alejandro Kirk,,Alejandro Kirk,,Alejandro Kirk,,Alejandro Kirk,,Alejandro Kirk,,Alejandro Kirk,
,Alejandro Osuna,,Alejandro Osuna,,Alejandro Osuna,,Alejandro Osuna,,Alejandro Osuna,,Alejandro Osuna,,Alejandro Osuna,,Alejandro Osuna,,Alejandro Osuna,,Alejandro Osuna,,Alejandro Osuna,,Alejandro Osuna,
,Alek Jacob,,Alek Jacob,,Alek Jacob,,Alek Jacob,,Alek Jacob,,Alek Jacob,,Alek Jacob,,Alek Jacob,,Alek Jacob,,Alek Jacob,,Alek Jacob,,Alek Jacob,
,Alek Manoah,,Alek Manoah,,Alek Manoah,,Alek Manoah,,Alek Manoah,,Alek Manoah,,Alek Manoah,,Alek Manoah,,Alek Manoah,,Alek Manoah,,Alek Manoah,,Alek Manoah,
,Alek Thomas,,Alek Thomas,,Alek Thomas,,Alek Thomas,,Alek Thomas,,Alek Thomas,,Alek Thomas,,Alek Thomas,,Alek Thomas,,Alek Thomas,,Alek Thomas,,Alek Thomas,
,Alex Bregman,,Alex Bregman,,Alex Bregman,,Alex Bregman,,Alex Bregman,,Alex Bregman,,Alex Bregman,,Alex Bregman,,Alex Bregman,,Alex Bregman,,Alex Bregman,,Alex Bregman,
,Alex Call,,Alex Call,,Alex Call,,Alex Call,,Alex Call,,Alex Call,,Alex Call,,Alex Call,,Alex Call,,Alex Call,,Alex Call,,Alex Call,
,Alex Carrillo,,Alex Carrillo,,Alex Carrillo,,Alex Carrillo,,Alex Carrillo,,Alex Carrillo,,Alex Carrillo,,Alex Carrillo,,Alex Carrillo,,Alex Carrillo,,Alex Carrillo,,Alex Carrillo,
,Alex Cobb,,Alex Cobb,,Alex Cobb,,Alex Cobb,,Alex Cobb,,Alex Cobb,,Alex Cobb,,Alex Cobb,,Alex Cobb,,Alex Cobb,,Alex Cobb,,Alex Cobb,
,Alex Faedo,,Alex Faedo,,Alex Faedo,,Alex Faedo,,Alex Faedo,,Alex Faedo,,Alex Faedo,,Alex Faedo,,Alex Faedo,,Alex Faedo,,Alex Faedo,,Alex Faedo,
,Alex Freeland,,Alex Freeland,,Alex Freeland,,Alex Freeland,,Alex Freeland,,Alex Freeland,,Alex Freeland,,Alex Freeland,,Alex Freeland,,Alex Freeland,,Alex Freeland,,Alex Freeland,
,Alex Hoppe,,Alex Hoppe,,Alex Hoppe,,Alex Hoppe,,Alex Hoppe,,Alex Hoppe,,Alex Hoppe,,Alex Hoppe,,Alex Hoppe,,Alex Hoppe,,Alex Hoppe,,Alex Hoppe,
,Alex Jackson,,Alex Jackson,,Alex Jackson,,Alex Jackson,,Alex Jackson,,Alex Jackson,,Alex Jackson,,Alex Jackson,,Alex Jackson,,Alex Jackson,,Alex Jackson,,Alex Jackson,
,Alex Lange,,Alex Lange,,Alex Lange,,Alex Lange,,Alex Lange,,Alex Lange,,Alex Lange,,Alex Lange,,Alex Lange,,Alex Lange,,Alex Lange,,Alex Lange,
,Alex Verdugo,,Alex Verdugo,,Alex Verdugo,,Alex Verdugo,,Alex Verdugo,,Alex Verdugo,,Alex Verdugo,,Alex Verdugo,,Alex Verdugo,,Alex Verdugo,,Alex Verdugo,,Alex Verdugo,
,Alex Vesia,,Alex Vesia,,Alex Vesia,,Alex Vesia,,Alex Vesia,,Alex Vesia,,Alex Vesia,,Alex Vesia,,Alex Vesia,,Alex Vesia,,Alex Vesia,,Alex Vesia,
,Alexander Canario,,Alexander Canario,,Alexander Canario,,Alexander Canario,,Alexander Canario,,Alexander Canario,,Alexander Canario,,Alexander Canario,,Alexander Canario,,Alexander Canario,,Alexander Canario,,Alexander Canario,
,Alexis Diaz,,Alexis Diaz,,Alexis Diaz,,Alexis Diaz,,Alexis Diaz,,Alexis Diaz,,Alexis Diaz,,Alexis Diaz,,Alexis Diaz,,Alexis Diaz,,Alexis Diaz,,Alexis Diaz,
,Amed Rosario,,Amed Rosario,,Amed Rosario,,Amed Rosario,,Amed Rosario,,Amed Rosario,,Amed Rosario,,Amed Rosario,,Amed Rosario,,Amed Rosario,,Amed Rosario,,Amed Rosario,
,Andre Granillo,,Andre Granillo,,Andre Granillo,,Andre Granillo,,Andre Granillo,,Andre Granillo,,Andre Granillo,,Andre Granillo,,Andre Granillo,,Andre Granillo,,Andre Granillo,,Andre Granillo,
,Andre Pallante,,Andre Pallante,,Andre Pallante,,Andre Pallante,,Andre Pallante,,Andre Pallante,,Andre Pallante,,Andre Pallante,,Andre Pallante,,Andre Pallante,,Andre Pallante,,Andre Pallante,
,Andres Chaparro,,Andres Chaparro,,Andres Chaparro,,Andres Chaparro,,Andres Chaparro,,Andres Chaparro,,Andres Chaparro,,Andres Chaparro,,Andres Chaparro,,Andres Chaparro,,Andres Chaparro,,Andres Chaparro,
,Andres Gimenez,,Andres Gimenez,,Andres Gimenez,,Andres Gimenez,,Andres Gimenez,,Andres Gimenez,,Andres Gimenez,,Andres Gimenez,,Andres Gimenez,,Andres Gimenez,,Andres Gimenez,,Andres Gimenez,
,Andres Munoz,,Andres Munoz,,Andres Munoz,,Andres Munoz,,Andres Munoz,,Andres Munoz,,Andres Munoz,,Andres Munoz,,Andres Munoz,,Andres Munoz,,Andres Munoz,,Andres Munoz,
,Andrew Abbott,,Andrew Abbott,,Andrew Abbott,,Andrew Abbott,,Andrew Abbott,,Andrew Abbott,,Andrew Abbott,,Andrew Abbott,,Andrew Abbott,,Andrew Abbott,,Andrew Abbott,,Andrew Abbott,
,Andrew Alvarez,,Andrew Alvarez,,Andrew Alvarez,,Andrew Alvarez,,Andrew Alvarez,,Andrew Alvarez,,Andrew Alvarez,,Andrew Alvarez,,Andrew Alvarez,,Andrew Alvarez,,Andrew Alvarez,,Andrew Alvarez,
,Andrew Benintendi,,Andrew Benintendi,,Andrew Benintendi,,Andrew Benintendi,,Andrew Benintendi,,Andrew Benintendi,,Andrew Benintendi,,Andrew Benintendi,,Andrew Benintendi,,Andrew Benintendi,,Andrew Benintendi,,Andrew Benintendi,
,Andrew Chafin,,Andrew Chafin,,Andrew Chafin,,Andrew Chafin,,Andrew Chafin,,Andrew Chafin,,Andrew Chafin,,Andrew Chafin,,Andrew Chafin,,Andrew Chafin,,Andrew Chafin,,Andrew Chafin,
,Andrew Hoffmann,,Andrew Hoffmann,,Andrew Hoffmann,,Andrew Hoffmann,,Andrew Hoffmann,,Andrew Hoffmann,,Andrew Hoffmann,,Andrew Hoffmann,,Andrew Hoffmann,,Andrew Hoffmann,,Andrew Hoffmann,,Andrew Hoffmann,
,Andrew Kittredge,,Andrew Kittredge,,Andrew Kittredge,,Andrew Kittredge,,Andrew Kittredge,,Andrew Kittredge,,Andrew Kittredge,,Andrew Kittredge,,Andrew Kittredge,,Andrew Kittredge,,Andrew Kittredge,,Andrew Kittredge,
,Andrew Knizner,,Andrew Knizner,,Andrew Knizner,,Andrew Knizner,,Andrew Knizner,,Andrew Knizner,,Andrew Knizner,,Andrew Knizner,,Andrew Knizner,,Andrew Knizner,,Andrew Knizner,,Andrew Knizner,
,Andrew McCutchen,,Andrew McCutchen,,Andrew McCutchen,,Andrew McCutchen,,Andrew McCutchen,,Andrew McCutchen,,Andrew McCutchen,,Andrew McCutchen,,Andrew McCutchen,,Andrew McCutchen,,Andrew McCutchen,,Andrew McCutchen,
,Andrew Nardi,,Andrew Nardi,,Andrew Nardi,,Andrew Nardi,,Andrew Nardi,,Andrew Nardi,,Andrew Nardi,,Andrew Nardi,,Andrew Nardi,,Andrew Nardi,,Andrew Nardi,,Andrew Nardi,
,Andrew Painter,,Andrew Painter,,Andrew Painter,,Andrew Painter,,Andrew Painter,,Andrew Painter,,Andrew Painter,,Andrew Painter,,Andrew Painter,,Andrew Painter,,Andrew Painter,,Andrew Painter,
,Andrew Vaughn,,Andrew Vaughn,,Andrew Vaughn,,Andrew Vaughn,,Andrew Vaughn,,Andrew Vaughn,,Andrew Vaughn,,Andrew Vaughn,,Andrew Vaughn,,Andrew Vaughn,,Andrew Vaughn,,Andrew Vaughn,
,Andrew Walters,,Andrew Walters,,Andrew Walters,,Andrew Walters,,Andrew Walters,,Andrew Walters,,Andrew Walters,,Andrew Walters,,Andrew Walters,,Andrew Walters,,Andrew Walters,,Andrew Walters,
,Andruw Monasterio,,Andruw Monasterio,,Andruw Monasterio,,Andruw Monasterio,,Andruw Monasterio,,Andruw Monasterio,,Andruw Monasterio,,Andruw Monasterio,,Andruw Monasterio,,Andruw Monasterio,,Andruw Monasterio,,Andruw Monasterio,
,Andry Lara,,Andry Lara,,Andry Lara,,Andry Lara,,Andry Lara,,Andry Lara,,Andry Lara,,Andry Lara,,Andry Lara,,Andry Lara,,Andry Lara,,Andry Lara,
,Andy Ibanez,,Andy Ibanez,,Andy Ibanez,,Andy Ibanez,,Andy Ibanez,,Andy Ibanez,,Andy Ibanez,,Andy Ibanez,,Andy Ibanez,,Andy Ibanez,,Andy Ibanez,,Andy Ibanez,
,Andy Pages,,Andy Pages,,Andy Pages,,Andy Pages,,Andy Pages,,Andy Pages,,Andy Pages,,Andy Pages,,Andy Pages,,Andy Pages,,Andy Pages,,Andy Pages,
,Angel Chivilli,,Angel Chivilli,,Angel Chivilli,,Angel Chivilli,,Angel Chivilli,,Angel Chivilli,,Angel Chivilli,,Angel Chivilli,,Angel Chivilli,,Angel Chivilli,,Angel Chivilli,,Angel Chivilli,
,Angel Martinez,,Angel Martinez,,Angel Martinez,,Angel Martinez,,Angel Martinez,,Angel Martinez,,Angel Martinez,,Angel Martinez,,Angel Martinez,,Angel Martinez,,Angel Martinez,,Angel Martinez,
,Angel Zerpa,,Angel Zerpa,,Angel Zerpa,,Angel Zerpa,,Angel Zerpa,,Angel Zerpa,,Angel Zerpa,,Angel Zerpa,,Angel Zerpa,,Angel Zerpa,,Angel Zerpa,,Angel Zerpa,
,Anthony Banda,,Anthony Banda,,Anthony Banda,,Anthony Banda,,Anthony Banda,,Anthony Banda,,Anthony Banda,,Anthony Banda,,Anthony Banda,,Anthony Banda,,Anthony Banda,,Anthony Banda,
,Anthony Bender,,Anthony Bender,,Anthony Bender,,Anthony Bender,,Anthony Bender,,Anthony Bender,,Anthony Bender,,Anthony Bender,,Anthony Bender,,Anthony Bender,,Anthony Bender,,Anthony Bender,
,Anthony Kay,,Anthony Kay,,Anthony Kay,,Anthony Kay,,Anthony Kay,,Anthony Kay,,Anthony Kay,,Anthony Kay,,Anthony Kay,,Anthony Kay,,Anthony Kay,,Anthony Kay,
,Anthony Maldonado,,Anthony Maldonado,,Anthony Maldonado,,Anthony Maldonado,,Anthony Maldonado,,Anthony Maldonado,,Anthony Maldonado,,Anthony Maldonado,,Anthony Maldonado,,Anthony Maldonado,,Anthony Maldonado,,Anthony Maldonado,
,Anthony Misiewicz,,Anthony Misiewicz,,Anthony Misiewicz,,Anthony Misiewicz,,Anthony Misiewicz,,Anthony Misiewicz,,Anthony Misiewicz,,Anthony Misiewicz,,Anthony Misiewicz,,Anthony Misiewicz,,Anthony Misiewicz,,Anthony Misiewicz,
,Anthony Molina,,Anthony Molina,,Anthony Molina,,Anthony Molina,,Anthony Molina,,Anthony Molina,,Anthony Molina,,Anthony Molina,,Anthony Molina,,Anthony Molina,,Anthony Molina,,Anthony Molina,
,Anthony Santander,,Anthony Santander,,Anthony Santander,,Anthony Santander,,Anthony Santander,,Anthony Santander,,Anthony Santander,,Anthony Santander,,Anthony Santander,,Anthony Santander,,Anthony Santander,,Anthony Santander,
,Anthony Seigler,,Anthony Seigler,,Anthony Seigler,,Anthony Seigler,,Anthony Seigler,,Anthony Seigler,,Anthony Seigler,,Anthony Seigler,,Anthony Seigler,,Anthony Seigler,,Anthony Seigler,,Anthony Seigler,
,Anthony Veneziano,,Anthony Veneziano,,Anthony Veneziano,,Anthony Veneziano,,Anthony Veneziano,,Anthony Veneziano,,Anthony Veneziano,,Anthony Veneziano,,Anthony Veneziano,,Anthony Veneziano,,Anthony Veneziano,,Anthony Veneziano,
,Anthony Volpe,,Anthony Volpe,,Anthony Volpe,,Anthony Volpe,,Anthony Volpe,,Anthony Volpe,,Anthony Volpe,,Anthony Volpe,,Anthony Volpe,,Anthony Volpe,,Anthony Volpe,,Anthony Volpe,
,Antonio Senzatela,,Antonio Senzatela,,Antonio Senzatela,,Antonio Senzatela,,Antonio Senzatela,,Antonio Senzatela,,Antonio Senzatela,,Antonio Senzatela,,Antonio Senzatela,,Antonio Senzatela,,Antonio Senzatela,,Antonio Senzatela,
,Aramis Garcia,,Aramis Garcia,,Aramis Garcia,,Aramis Garcia,,Aramis Garcia,,Aramis Garcia,,Aramis Garcia,,Aramis Garcia,,Aramis Garcia,,Aramis Garcia,,Aramis Garcia,,Aramis Garcia,
,Aroldis Chapman,,Aroldis Chapman,,Aroldis Chapman,,Aroldis Chapman,,Aroldis Chapman,,Aroldis Chapman,,Aroldis Chapman,,Aroldis Chapman,,Aroldis Chapman,,Aroldis Chapman,,Aroldis Chapman,,Aroldis Chapman,
,Austin Barnes,,Austin Barnes,,Austin Barnes,,Austin Barnes,,Austin Barnes,,Austin Barnes,,Austin Barnes,,Austin Barnes,,Austin Barnes,,Austin Barnes,,Austin Barnes,,Austin Barnes,
,Austin Cox,,Austin Cox,,Austin Cox,,Austin Cox,,Austin Cox,,Austin Cox,,Austin Cox,,Austin Cox,,Austin Cox,,Austin Cox,,Austin Cox,,Austin Cox,
,Austin Gomber,,Austin Gomber,,Austin Gomber,,Austin Gomber,,Austin Gomber,,Austin Gomber,,Austin Gomber,,Austin Gomber,,Austin Gomber,,Austin Gomber,,Austin Gomber,,Austin Gomber,
,Austin Hays,,Austin Hays,,Austin Hays,,Austin Hays,,Austin Hays,,Austin Hays,,Austin Hays,,Austin Hays,,Austin Hays,,Austin Hays,,Austin Hays,,Austin Hays,
,Austin Hedges,,Austin Hedges,,Austin Hedges,,Austin Hedges,,Austin Hedges,,Austin Hedges,,Austin Hedges,,Austin Hedges,,Austin Hedges,,Austin Hedges,,Austin Hedges,,Austin Hedges,
,Austin Martin,,Austin Martin,,Austin Martin,,Austin Martin,,Austin Martin,,Austin Martin,,Austin Martin,,Austin Martin,,Austin Martin,,Austin Martin,,Austin Martin,,Austin Martin,
,Austin Pope,,Austin Pope,,Austin Pope,,Austin Pope,,Austin Pope,,Austin Pope,,Austin Pope,,Austin Pope,,Austin Pope,,Austin Pope,,Austin Pope,,Austin Pope,
,Austin Riley,,Austin Riley,,Austin Riley,,Austin Riley,,Austin Riley,,Austin Riley,,Austin Riley,,Austin Riley,,Austin Riley,,Austin Riley,,Austin Riley,,Austin Riley,
,Austin Slater,,Austin Slater,,Austin Slater,,Austin Slater,,Austin Slater,,Austin Slater,,Austin Slater,,Austin Slater,,Austin Slater,,Austin Slater,,Austin Slater,,Austin Slater,
,Austin Warren,,Austin Warren,,Austin Warren,,Austin Warren,,Austin Warren,,Austin Warren,,Austin Warren,,Austin Warren,,Austin Warren,,Austin Warren,,Austin Warren,,Austin Warren,
,Austin Wells,,Austin Wells,,Austin Wells,,Austin Wells,,Austin Wells,,Austin Wells,,Austin Wells,,Austin Wells,,Austin Wells,,Austin Wells,,Austin Wells,,Austin Wells,
,Austin Wynns,,Austin Wynns,,Austin Wynns,,Austin Wynns,,Austin Wynns,,Austin Wynns,,Austin Wynns,,Austin Wynns,,Austin Wynns,,Austin Wynns,,Austin Wynns,,Austin Wynns,
,Bailey Falter,,Bailey Falter,,Bailey Falter,,Bailey Falter,,Bailey Falter,,Bailey Falter,,Bailey Falter,,Bailey Falter,,Bailey Falter,,Bailey Falter,,Bailey Falter,,Bailey Falter,
,Bailey Horn,,Bailey Horn,,Bailey Horn,,Bailey Horn,,Bailey Horn,,Bailey Horn,,Bailey Horn,,Bailey Horn,,Bailey Horn,,Bailey Horn,,Bailey Horn,,Bailey Horn,
,Bailey Ober,,Bailey Ober,,Bailey Ober,,Bailey Ober,,Bailey Ober,,Bailey Ober,,Bailey Ober,,Bailey Ober,,Bailey Ober,,Bailey Ober,,Bailey Ober,,Bailey Ober,
,Beau Brieske,,Beau Brieske,,Beau Brieske,,Beau Brieske,,Beau Brieske,,Beau Brieske,,Beau Brieske,,Beau Brieske,,Beau Brieske,,Beau Brieske,,Beau Brieske,,Beau Brieske,
,Beau Burrows,,Beau Burrows,,Beau Burrows,,Beau Burrows,,Beau Burrows,,Beau Burrows,,Beau Burrows,,Beau Burrows,,Beau Burrows,,Beau Burrows,,Beau Burrows,,Beau Burrows,
,Ben Bowden,,Ben Bowden,,Ben Bowden,,Ben Bowden,,Ben Bowden,,Ben Bowden,,Ben Bowden,,Ben Bowden,,Ben Bowden,,Ben Bowden,,Ben Bowden,,Ben Bowden,
,Ben Brown,,Ben Brown,,Ben Brown,,Ben Brown,,Ben Brown,,Ben Brown,,Ben Brown,,Ben Brown,,Ben Brown,,Ben Brown,,Ben Brown,,Ben Brown,
,Ben Casparius,,Ben Casparius,,Ben Casparius,,Ben Casparius,,Ben Casparius,,Ben Casparius,,Ben Casparius,,Ben Casparius,,Ben Casparius,,Ben Casparius,,Ben Casparius,,Ben Casparius,
,Ben Hess,,Ben Hess,,Ben Hess,,Ben Hess,,Ben Hess,,Ben Hess,,Ben Hess,,Ben Hess,,Ben Hess,,Ben Hess,,Ben Hess,,Ben Hess,
,Ben Joyce,,Ben Joyce,,Ben Joyce,,Ben Joyce,,Ben Joyce,,Ben Joyce,,Ben Joyce,,Ben Joyce,,Ben Joyce,,Ben Joyce,,Ben Joyce,,Ben Joyce,
,Ben Lively,,Ben Lively,,Ben Lively,,Ben Lively,,Ben Lively,,Ben Lively,,Ben Lively,,Ben Lively,,Ben Lively,,Ben Lively,,Ben Lively,,Ben Lively,
,Ben Rice,,Ben Rice,,Ben Rice,,Ben Rice,,Ben Rice,,Ben Rice,,Ben Rice,,Ben Rice,,Ben Rice,,Ben Rice,,Ben Rice,,Ben Rice,
,Ben Rortvedt,,Ben Rortvedt,,Ben Rortvedt,,Ben Rortvedt,,Ben Rortvedt,,Ben Rortvedt,,Ben Rortvedt,,Ben Rortvedt,,Ben Rortvedt,,Ben Rortvedt,,Ben Rortvedt,,Ben Rortvedt,
,Ben Williamson,,Ben Williamson,,Ben Williamson,,Ben Williamson,,Ben Williamson,,Ben Williamson,,Ben Williamson,,Ben Williamson,,Ben Williamson,,Ben Williamson,,Ben Williamson,,Ben Williamson,
,Benjamin Cowles,,Benjamin Cowles,,Benjamin Cowles,,Benjamin Cowles,,Benjamin Cowles,,Benjamin Cowles,,Benjamin Cowles,,Benjamin Cowles,,Benjamin Cowles,,Benjamin Cowles,,Benjamin Cowles,,Benjamin Cowles,
,Bennett Sousa,,Bennett Sousa,,Bennett Sousa,,Bennett Sousa,,Bennett Sousa,,Bennett Sousa,,Bennett Sousa,,Bennett Sousa,,Bennett Sousa,,Bennett Sousa,,Bennett Sousa,,Bennett Sousa,
,Billy Cook,,Billy Cook,,Billy Cook,,Billy Cook,,Billy Cook,,Billy Cook,,Billy Cook,,Billy Cook,,Billy Cook,,Billy Cook,,Billy Cook,,Billy Cook,
,Billy McKinney,,Billy McKinney,,Billy McKinney,,Billy McKinney,,Billy McKinney,,Billy McKinney,,Billy McKinney,,Billy McKinney,,Billy McKinney,,Billy McKinney,,Billy McKinney,,Billy McKinney,
,Blade Tidwell,,Blade Tidwell,,Blade Tidwell,,Blade Tidwell,,Blade Tidwell,,Blade Tidwell,,Blade Tidwell,,Blade Tidwell,,Blade Tidwell,,Blade Tidwell,,Blade Tidwell,,Blade Tidwell,
,Blaine Crim,,Blaine Crim,,Blaine Crim,,Blaine Crim,,Blaine Crim,,Blaine Crim,,Blaine Crim,,Blaine Crim,,Blaine Crim,,Blaine Crim,,Blaine Crim,,Blaine Crim,
,Blake Dunn,,Blake Dunn,,Blake Dunn,,Blake Dunn,,Blake Dunn,,Blake Dunn,,Blake Dunn,,Blake Dunn,,Blake Dunn,,Blake Dunn,,Blake Dunn,,Blake Dunn,
,Blake Perkins,,Blake Perkins,,Blake Perkins,,Blake Perkins,,Blake Perkins,,Blake Perkins,,Blake Perkins,,Blake Perkins,,Blake Perkins,,Blake Perkins,,Blake Perkins,,Blake Perkins,
,Blake Snell,,Blake Snell,,Blake Snell,,Blake Snell,,Blake Snell,,Blake Snell,,Blake Snell,,Blake Snell,,Blake Snell,,Blake Snell,,Blake Snell,,Blake Snell,
,Blake Treinen,,Blake Treinen,,Blake Treinen,,Blake Treinen,,Blake Treinen,,Blake Treinen,,Blake Treinen,,Blake Treinen,,Blake Treinen,,Blake Treinen,,Blake Treinen,,Blake Treinen,
,Blake Walston,,Blake Walston,,Blake Walston,,Blake Walston,,Blake Walston,,Blake Walston,,Blake Walston,,Blake Walston,,Blake Walston,,Blake Walston,,Blake Walston,,Blake Walston,
,Blas Castano,,Blas Castano,,Blas Castano,,Blas Castano,,Blas Castano,,Blas Castano,,Blas Castano,,Blas Castano,,Blas Castano,,Blas Castano,,Blas Castano,,Blas Castano,
,Blaze Alexander,,Blaze Alexander,,Blaze Alexander,,Blaze Alexander,,Blaze Alexander,,Blaze Alexander,,Blaze Alexander,,Blaze Alexander,,Blaze Alexander,,Blaze Alexander,,Blaze Alexander,,Blaze Alexander,
,Bligh Madris,,Bligh Madris,,Bligh Madris,,Bligh Madris,,Bligh Madris,,Bligh Madris,,Bligh Madris,,Bligh Madris,,Bligh Madris,,Bligh Madris,,Bligh Madris,,Bligh Madris,
,Bo Bichette,,Bo Bichette,,Bo Bichette,,Bo Bichette,,Bo Bichette,,Bo Bichette,,Bo Bichette,,Bo Bichette,,Bo Bichette,,Bo Bichette,,Bo Bichette,,Bo Bichette,
,Bo Naylor,,Bo Naylor,,Bo Naylor,,Bo Naylor,,Bo Naylor,,Bo Naylor,,Bo Naylor,,Bo Naylor,,Bo Naylor,,Bo Naylor,,Bo Naylor,,Bo Naylor,
,Bob Seymour,,Bob Seymour,,Bob Seymour,,Bob Seymour,,Bob Seymour,,Bob Seymour,,Bob Seymour,,Bob Seymour,,Bob Seymour,,Bob Seymour,,Bob Seymour,,Bob Seymour,
,Bobby Miller,,Bobby Miller,,Bobby Miller,,Bobby Miller,,Bobby Miller,,Bobby Miller,,Bobby Miller,,Bobby Miller,,Bobby Miller,,Bobby Miller,,Bobby Miller,,Bobby Miller,
,Bobby Witt Jr.,,Bobby Witt Jr.,,Bobby Witt Jr.,,Bobby Witt Jr.,,Bobby Witt Jr.,,Bobby Witt Jr.,,Bobby Witt Jr.,,Bobby Witt Jr.,,Bobby Witt Jr.,,Bobby Witt Jr.,,Bobby Witt Jr.,,Bobby Witt Jr.,
,Brad Keller,,Brad Keller,,Brad Keller,,Brad Keller,,Brad Keller,,Brad Keller,,Brad Keller,,Brad Keller,,Brad Keller,,Brad Keller,,Brad Keller,,Brad Keller,
,Brad Lord,,Brad Lord,,Brad Lord,,Brad Lord,,Brad Lord,,Brad Lord,,Brad Lord,,Brad Lord,,Brad Lord,,Brad Lord,,Brad Lord,,Brad Lord,
,Braden Montgomery,,Braden Montgomery,,Braden Montgomery,,Braden Montgomery,,Braden Montgomery,,Braden Montgomery,,Braden Montgomery,,Braden Montgomery,,Braden Montgomery,,Braden Montgomery,,Braden Montgomery,,Braden Montgomery,
,Braden Shewmake,,Braden Shewmake,,Braden Shewmake,,Braden Shewmake,,Braden Shewmake,,Braden Shewmake,,Braden Shewmake,,Braden Shewmake,,Braden Shewmake,,Braden Shewmake,,Braden Shewmake,,Braden Shewmake,
,Bradgley Rodriguez,,Bradgley Rodriguez,,Bradgley Rodriguez,,Bradgley Rodriguez,,Bradgley Rodriguez,,Bradgley Rodriguez,,Bradgley Rodriguez,,Bradgley Rodriguez,,Bradgley Rodriguez,,Bradgley Rodriguez,,Bradgley Rodriguez,,Bradgley Rodriguez,
,Bradley Blalock,,Bradley Blalock,,Bradley Blalock,,Bradley Blalock,,Bradley Blalock,,Bradley Blalock,,Bradley Blalock,,Bradley Blalock,,Bradley Blalock,,Bradley Blalock,,Bradley Blalock,,Bradley Blalock,
,Brady Basso,,Brady Basso,,Brady Basso,,Brady Basso,,Brady Basso,,Brady Basso,,Brady Basso,,Brady Basso,,Brady Basso,,Brady Basso,,Brady Basso,,Brady Basso,
,Brady House,,Brady House,,Brady House,,Brady House,,Brady House,,Brady House,,Brady House,,Brady House,,Brady House,,Brady House,,Brady House,,Brady House,
,Brady Singer,,Brady Singer,,Brady Singer,,Brady Singer,,Brady Singer,,Brady Singer,,Brady Singer,,Brady Singer,,Brady Singer,,Brady Singer,,Brady Singer,,Brady Singer,
,Braiden Ward,,Braiden Ward,,Braiden Ward,,Braiden Ward,,Braiden Ward,,Braiden Ward,,Braiden Ward,,Braiden Ward,,Braiden Ward,,Braiden Ward,,Braiden Ward,,Braiden Ward,
,Brandon Drury,,Brandon Drury,,Brandon Drury,,Brandon Drury,,Brandon Drury,,Brandon Drury,,Brandon Drury,,Brandon Drury,,Brandon Drury,,Brandon Drury,,Brandon Drury,,Brandon Drury,
,Brandon Eisert,,Brandon Eisert,,Brandon Eisert,,Brandon Eisert,,Brandon Eisert,,Brandon Eisert,,Brandon Eisert,,Brandon Eisert,,Brandon Eisert,,Brandon Eisert,,Brandon Eisert,,Brandon Eisert,
,Brandon Lockridge,,Brandon Lockridge,,Brandon Lockridge,,Brandon Lockridge,,Brandon Lockridge,,Brandon Lockridge,,Brandon Lockridge,,Brandon Lockridge,,Brandon Lockridge,,Brandon Lockridge,,Brandon Lockridge,,Brandon Lockridge,
,Brandon Lowe,,Brandon Lowe,,Brandon Lowe,,Brandon Lowe,,Brandon Lowe,,Brandon Lowe,,Brandon Lowe,,Brandon Lowe,,Brandon Lowe,,Brandon Lowe,,Brandon Lowe,,Brandon Lowe,
,Brandon Marsh,,Brandon Marsh,,Brandon Marsh,,Brandon Marsh,,Brandon Marsh,,Brandon Marsh,,Brandon Marsh,,Brandon Marsh,,Brandon Marsh,,Brandon Marsh,,Brandon Marsh,,Brandon Marsh,
,Brandon Nimmo,,Brandon Nimmo,,Brandon Nimmo,,Brandon Nimmo,,Brandon Nimmo,,Brandon Nimmo,,Brandon Nimmo,,Brandon Nimmo,,Brandon Nimmo,,Brandon Nimmo,,Brandon Nimmo,,Brandon Nimmo,
,Brandon Pfaadt,,Brandon Pfaadt,,Brandon Pfaadt,,Brandon Pfaadt,,Brandon Pfaadt,,Brandon Pfaadt,,Brandon Pfaadt,,Brandon Pfaadt,,Brandon Pfaadt,,Brandon Pfaadt,,Brandon Pfaadt,,Brandon Pfaadt,
,Brandon Sproat,,Brandon Sproat,,Brandon Sproat,,Brandon Sproat,,Brandon Sproat,,Brandon Sproat,,Brandon Sproat,,Brandon Sproat,,Brandon Sproat,,Brandon Sproat,,Brandon Sproat,,Brandon Sproat,
,Brandon Waddell,,Brandon Waddell,,Brandon Waddell,,Brandon Waddell,,Brandon Waddell,,Brandon Waddell,,Brandon Waddell,,Brandon Waddell,,Brandon Waddell,,Brandon Waddell,,Brandon Waddell,,Brandon Waddell,
,Brandon Williamson,,Brandon Williamson,,Brandon Williamson,,Brandon Williamson,,Brandon Williamson,,Brandon Williamson,,Brandon Williamson,,Brandon Williamson,,Brandon Williamson,,Brandon Williamson,,Brandon Williamson,,Brandon Williamson,
,Brandon Woodruff,,Brandon Woodruff,,Brandon Woodruff,,Brandon Woodruff,,Brandon Woodruff,,Brandon Woodruff,,Brandon Woodruff,,Brandon Woodruff,,Brandon Woodruff,,Brandon Woodruff,,Brandon Woodruff,,Brandon Woodruff,
,Brandon Young,,Brandon Young,,Brandon Young,,Brandon Young,,Brandon Young,,Brandon Young,,Brandon Young,,Brandon Young,,Brandon Young,,Brandon Young,,Brandon Young,,Brandon Young,
,Brandyn Garcia,,Brandyn Garcia,,Brandyn Garcia,,Brandyn Garcia,,Brandyn Garcia,,Brandyn Garcia,,Brandyn Garcia,,Brandyn Garcia,,Brandyn Garcia,,Brandyn Garcia,,Brandyn Garcia,,Brandyn Garcia,
,Brant Hurter,,Brant Hurter,,Brant Hurter,,Brant Hurter,,Brant Hurter,,Brant Hurter,,Brant Hurter,,Brant Hurter,,Brant Hurter,,Brant Hurter,,Brant Hurter,,Brant Hurter,
,Braxton Ashcraft,,Braxton Ashcraft,,Braxton Ashcraft,,Braxton Ashcraft,,Braxton Ashcraft,,Braxton Ashcraft,,Braxton Ashcraft,,Braxton Ashcraft,,Braxton Ashcraft,,Braxton Ashcraft,,Braxton Ashcraft,,Braxton Ashcraft,
,Braxton Fulford,,Braxton Fulford,,Braxton Fulford,,Braxton Fulford,,Braxton Fulford,,Braxton Fulford,,Braxton Fulford,,Braxton Fulford,,Braxton Fulford,,Braxton Fulford,,Braxton Fulford,,Braxton Fulford,
,Braxton Garrett,,Braxton Garrett,,Braxton Garrett,,Braxton Garrett,,Braxton Garrett,,Braxton Garrett,,Braxton Garrett,,Braxton Garrett,,Braxton Garrett,,Braxton Garrett,,Braxton Garrett,,Braxton Garrett,
,Brayan Bello,,Brayan Bello,,Brayan Bello,,Brayan Bello,,Brayan Bello,,Brayan Bello,,Brayan Bello,,Brayan Bello,,Brayan Bello,,Brayan Bello,,Brayan Bello,,Brayan Bello,
,Brayan Rocchio,,Brayan Rocchio,,Brayan Rocchio,,Brayan Rocchio,,Brayan Rocchio,,Brayan Rocchio,,Brayan Rocchio,,Brayan Rocchio,,Brayan Rocchio,,Brayan Rocchio,,Brayan Rocchio,,Brayan Rocchio,
,Braydon Fisher,,Braydon Fisher,,Braydon Fisher,,Braydon Fisher,,Braydon Fisher,,Braydon Fisher,,Braydon Fisher,,Braydon Fisher,,Braydon Fisher,,Braydon Fisher,,Braydon Fisher,,Braydon Fisher,
,Brenan Hanifee,,Brenan Hanifee,,Brenan Hanifee,,Brenan Hanifee,,Brenan Hanifee,,Brenan Hanifee,,Brenan Hanifee,,Brenan Hanifee,,Brenan Hanifee,,Brenan Hanifee,,Brenan Hanifee,,Brenan Hanifee,
,Brendan Donovan,,Brendan Donovan,,Brendan Donovan,,Brendan Donovan,,Brendan Donovan,,Brendan Donovan,,Brendan Donovan,,Brendan Donovan,,Brendan Donovan,,Brendan Donovan,,Brendan Donovan,,Brendan Donovan,
,Brendan Rodgers,,Brendan Rodgers,,Brendan Rodgers,,Brendan Rodgers,,Brendan Rodgers,,Brendan Rodgers,,Brendan Rodgers,,Brendan Rodgers,,Brendan Rodgers,,Brendan Rodgers,,Brendan Rodgers,,Brendan Rodgers,
,Brendon Little,,Brendon Little,,Brendon Little,,Brendon Little,,Brendon Little,,Brendon Little,,Brendon Little,,Brendon Little,,Brendon Little,,Brendon Little,,Brendon Little,,Brendon Little,
,Brennan Bernardino,,Brennan Bernardino,,Brennan Bernardino,,Brennan Bernardino,,Brennan Bernardino,,Brennan Bernardino,,Brennan Bernardino,,Brennan Bernardino,,Brennan Bernardino,,Brennan Bernardino,,Brennan Bernardino,,Brennan Bernardino,
,Brent Headrick,,Brent Headrick,,Brent Headrick,,Brent Headrick,,Brent Headrick,,Brent Headrick,,Brent Headrick,,Brent Headrick,,Brent Headrick,,Brent Headrick,,Brent Headrick,,Brent Headrick,
,Brent Rooker,,Brent Rooker,,Brent Rooker,,Brent Rooker,,Brent Rooker,,Brent Rooker,,Brent Rooker,,Brent Rooker,,Brent Rooker,,Brent Rooker,,Brent Rooker,,Brent Rooker,
,Brent Suter,,Brent Suter,,Brent Suter,,Brent Suter,,Brent Suter,,Brent Suter,,Brent Suter,,Brent Suter,,Brent Suter,,Brent Suter,,Brent Suter,,Brent Suter,
,Brenton Doyle,,Brenton Doyle,,Brenton Doyle,,Brenton Doyle,,Brenton Doyle,,Brenton Doyle,,Brenton Doyle,,Brenton Doyle,,Brenton Doyle,,Brenton Doyle,,Brenton Doyle,,Brenton Doyle,
,Brett Baty,,Brett Baty,,Brett Baty,,Brett Baty,,Brett Baty,,Brett Baty,,Brett Baty,,Brett Baty,,Brett Baty,,Brett Baty,,Brett Baty,,Brett Baty,
,Brett Harris,,Brett Harris,,Brett Harris,,Brett Harris,,Brett Harris,,Brett Harris,,Brett Harris,,Brett Harris,,Brett Harris,,Brett Harris,,Brett Harris,,Brett Harris,
,Brett Wisely,,Brett Wisely,,Brett Wisely,,Brett Wisely,,Brett Wisely,,Brett Wisely,,Brett Wisely,,Brett Wisely,,Brett Wisely,,Brett Wisely,,Brett Wisely,,Brett Wisely,
,Brian Navarreto,,Brian Navarreto,,Brian Navarreto,,Brian Navarreto,,Brian Navarreto,,Brian Navarreto,,Brian Navarreto,,Brian Navarreto,,Brian Navarreto,,Brian Navarreto,,Brian Navarreto,,Brian Navarreto,
,Brian Van Belle,,Brian Van Belle,,Brian Van Belle,,Brian Van Belle,,Brian Van Belle,,Brian Van Belle,,Brian Van Belle,,Brian Van Belle,,Brian Van Belle,,Brian Van Belle,,Brian Van Belle,,Brian Van Belle,
,Brice Matthews,,Brice Matthews,,Brice Matthews,,Brice Matthews,,Brice Matthews,,Brice Matthews,,Brice Matthews,,Brice Matthews,,Brice Matthews,,Brice Matthews,,Brice Matthews,,Brice Matthews,
,Brice Turang,,Brice Turang,,Brice Turang,,Brice Turang,,Brice Turang,,Brice Turang,,Brice Turang,,Brice Turang,,Brice Turang,,Brice Turang,,Brice Turang,,Brice Turang,
,Brock Burke,,Brock Burke,,Brock Burke,,Brock Burke,,Brock Burke,,Brock Burke,,Brock Burke,,Brock Burke,,Brock Burke,,Brock Burke,,Brock Burke,,Brock Burke,
,Brock Stewart,,Brock Stewart,,Brock Stewart,,Brock Stewart,,Brock Stewart,,Brock Stewart,,Brock Stewart,,Brock Stewart,,Brock Stewart,,Brock Stewart,,Brock Stewart,,Brock Stewart,
,Brody Hopkins,,Brody Hopkins,,Brody Hopkins,,Brody Hopkins,,Brody Hopkins,,Brody Hopkins,,Brody Hopkins,,Brody Hopkins,,Brody Hopkins,,Brody Hopkins,,Brody Hopkins,,Brody Hopkins,
,Brooks Baldwin,,Brooks Baldwin,,Brooks Baldwin,,Brooks Baldwin,,Brooks Baldwin,,Brooks Baldwin,,Brooks Baldwin,,Brooks Baldwin,,Brooks Baldwin,,Brooks Baldwin,,Brooks Baldwin,,Brooks Baldwin,
,Brooks Lee,,Brooks Lee,,Brooks Lee,,Brooks Lee,,Brooks Lee,,Brooks Lee,,Brooks Lee,,Brooks Lee,,Brooks Lee,,Brooks Lee,,Brooks Lee,,Brooks Lee,
,Brooks Raley,,Brooks Raley,,Brooks Raley,,Brooks Raley,,Brooks Raley,,Brooks Raley,,Brooks Raley,,Brooks Raley,,Brooks Raley,,Brooks Raley,,Brooks Raley,,Brooks Raley,
,Brusdar Graterol,,Brusdar Graterol,,Brusdar Graterol,,Brusdar Graterol,,Brusdar Graterol,,Brusdar Graterol,,Brusdar Graterol,,Brusdar Graterol,,Brusdar Graterol,,Brusdar Graterol,,Brusdar Graterol,,Brusdar Graterol,
,Bryan Abreu,,Bryan Abreu,,Bryan Abreu,,Bryan Abreu,,Bryan Abreu,,Bryan Abreu,,Bryan Abreu,,Bryan Abreu,,Bryan Abreu,,Bryan Abreu,,Bryan Abreu,,Bryan Abreu,
,Bryan Baker,,Bryan Baker,,Bryan Baker,,Bryan Baker,,Bryan Baker,,Bryan Baker,,Bryan Baker,,Bryan Baker,,Bryan Baker,,Bryan Baker,,Bryan Baker,,Bryan Baker,
,Bryan Hoeing,,Bryan Hoeing,,Bryan Hoeing,,Bryan Hoeing,,Bryan Hoeing,,Bryan Hoeing,,Bryan Hoeing,,Bryan Hoeing,,Bryan Hoeing,,Bryan Hoeing,,Bryan Hoeing,,Bryan Hoeing,
,Bryan Hudson,,Bryan Hudson,,Bryan Hudson,,Bryan Hudson,,Bryan Hudson,,Bryan Hudson,,Bryan Hudson,,Bryan Hudson,,Bryan Hudson,,Bryan Hudson,,Bryan Hudson,,Bryan Hudson,
,Bryan King,,Bryan King,,Bryan King,,Bryan King,,Bryan King,,Bryan King,,Bryan King,,Bryan King,,Bryan King,,Bryan King,,Bryan King,,Bryan King,
,Bryan Ramos,,Bryan Ramos,,Bryan Ramos,,Bryan Ramos,,Bryan Ramos,,Bryan Ramos,,Bryan Ramos,,Bryan Ramos,,Bryan Ramos,,Bryan Ramos,,Bryan Ramos,,Bryan Ramos,
,Bryan Reynolds,,Bryan Reynolds,,Bryan Reynolds,,Bryan Reynolds,,Bryan Reynolds,,Bryan Reynolds,,Bryan Reynolds,,Bryan Reynolds,,Bryan Reynolds,,Bryan Reynolds,,Bryan Reynolds,,Bryan Reynolds,
,Bryan Sammons,,Bryan Sammons,,Bryan Sammons,,Bryan Sammons,,Bryan Sammons,,Bryan Sammons,,Bryan Sammons,,Bryan Sammons,,Bryan Sammons,,Bryan Sammons,,Bryan Sammons,,Bryan Sammons,
,Bryan Woo,,Bryan Woo,,Bryan Woo,,Bryan Woo,,Bryan Woo,,Bryan Woo,,Bryan Woo,,Bryan Woo,,Bryan Woo,,Bryan Woo,,Bryan Woo,,Bryan Woo,
,Bryce Elder,,Bryce Elder,,Bryce Elder,,Bryce Elder,,Bryce Elder,,Bryce Elder,,Bryce Elder,,Bryce Elder,,Bryce Elder,,Bryce Elder,,Bryce Elder,,Bryce Elder,
,Bryce Eldridge,,Bryce Eldridge,,Bryce Eldridge,,Bryce Eldridge,,Bryce Eldridge,,Bryce Eldridge,,Bryce Eldridge,,Bryce Eldridge,,Bryce Eldridge,,Bryce Eldridge,,Bryce Eldridge,,Bryce Eldridge,
,Bryce Harper,,Bryce Harper,,Bryce Harper,,Bryce Harper,,Bryce Harper,,Bryce Harper,,Bryce Harper,,Bryce Harper,,Bryce Harper,,Bryce Harper,,Bryce Harper,,Bryce Harper,
,Bryce Jarvis,,Bryce Jarvis,,Bryce Jarvis,,Bryce Jarvis,,Bryce Jarvis,,Bryce Jarvis,,Bryce Jarvis,,Bryce Jarvis,,Bryce Jarvis,,Bryce Jarvis,,Bryce Jarvis,,Bryce Jarvis,
,Bryce Johnson,,Bryce Johnson,,Bryce Johnson,,Bryce Johnson,,Bryce Johnson,,Bryce Johnson,,Bryce Johnson,,Bryce Johnson,,Bryce Johnson,,Bryce Johnson,,Bryce Johnson,,Bryce Johnson,
,Bryce Miller,,Bryce Miller,,Bryce Miller,,Bryce Miller,,Bryce Miller,,Bryce Miller,,Bryce Miller,,Bryce Miller,,Bryce Miller,,Bryce Miller,,Bryce Miller,,Bryce Miller,
,Bryce Teodosio,,Bryce Teodosio,,Bryce Teodosio,,Bryce Teodosio,,Bryce Teodosio,,Bryce Teodosio,,Bryce Teodosio,,Bryce Teodosio,,Bryce Teodosio,,Bryce Teodosio,,Bryce Teodosio,,Bryce Teodosio,
,Brycen Mautz,,Brycen Mautz,,Brycen Mautz,,Brycen Mautz,,Brycen Mautz,,Brycen Mautz,,Brycen Mautz,,Brycen Mautz,,Brycen Mautz,,Brycen Mautz,,Brycen Mautz,,Brycen Mautz,
,Bryse Wilson,,Bryse Wilson,,Bryse Wilson,,Bryse Wilson,,Bryse Wilson,,Bryse Wilson,,Bryse Wilson,,Bryse Wilson,,Bryse Wilson,,Bryse Wilson,,Bryse Wilson,,Bryse Wilson,
,Bryson Stott,,Bryson Stott,,Bryson Stott,,Bryson Stott,,Bryson Stott,,Bryson Stott,,Bryson Stott,,Bryson Stott,,Bryson Stott,,Bryson Stott,,Bryson Stott,,Bryson Stott,
,Bubba Chandler,,Bubba Chandler,,Bubba Chandler,,Bubba Chandler,,Bubba Chandler,,Bubba Chandler,,Bubba Chandler,,Bubba Chandler,,Bubba Chandler,,Bubba Chandler,,Bubba Chandler,,Bubba Chandler,
,Byron Buxton,,Byron Buxton,,Byron Buxton,,Byron Buxton,,Byron Buxton,,Byron Buxton,,Byron Buxton,,Byron Buxton,,Byron Buxton,,Byron Buxton,,Byron Buxton,,Byron Buxton,
,C.J. Kayfus,,C.J. Kayfus,,C.J. Kayfus,,C.J. Kayfus,,C.J. Kayfus,,C.J. Kayfus,,C.J. Kayfus,,C.J. Kayfus,,C.J. Kayfus,,C.J. Kayfus,,C.J. Kayfus,,C.J. Kayfus,
,C.J. Stubbs,,C.J. Stubbs,,C.J. Stubbs,,C.J. Stubbs,,C.J. Stubbs,,C.J. Stubbs,,C.J. Stubbs,,C.J. Stubbs,,C.J. Stubbs,,C.J. Stubbs,,C.J. Stubbs,,C.J. Stubbs,
,Cade Cavalli,,Cade Cavalli,,Cade Cavalli,,Cade Cavalli,,Cade Cavalli,,Cade Cavalli,,Cade Cavalli,,Cade Cavalli,,Cade Cavalli,,Cade Cavalli,,Cade Cavalli,,Cade Cavalli,
,Cade Gibson,,Cade Gibson,,Cade Gibson,,Cade Gibson,,Cade Gibson,,Cade Gibson,,Cade Gibson,,Cade Gibson,,Cade Gibson,,Cade Gibson,,Cade Gibson,,Cade Gibson,
,Cade Horton,,Cade Horton,,Cade Horton,,Cade Horton,,Cade Horton,,Cade Horton,,Cade Horton,,Cade Horton,,Cade Horton,,Cade Horton,,Cade Horton,,Cade Horton,
,Cade Povich,,Cade Povich,,Cade Povich,,Cade Povich,,Cade Povich,,Cade Povich,,Cade Povich,,Cade Povich,,Cade Povich,,Cade Povich,,Cade Povich,,Cade Povich,
,Cade Smith,,Cade Smith,,Cade Smith,,Cade Smith,,Cade Smith,,Cade Smith,,Cade Smith,,Cade Smith,,Cade Smith,,Cade Smith,,Cade Smith,,Cade Smith,
,Caden Dana,,Caden Dana,,Caden Dana,,Caden Dana,,Caden Dana,,Caden Dana,,Caden Dana,,Caden Dana,,Caden Dana,,Caden Dana,,Caden Dana,,Caden Dana,
,Cal Quantrill,,Cal Quantrill,,Cal Quantrill,,Cal Quantrill,,Cal Quantrill,,Cal Quantrill,,Cal Quantrill,,Cal Quantrill,,Cal Quantrill,,Cal Quantrill,,Cal Quantrill,,Cal Quantrill,
,Cal Raleigh,,Cal Raleigh,,Cal Raleigh,,Cal Raleigh,,Cal Raleigh,,Cal Raleigh,,Cal Raleigh,,Cal Raleigh,,Cal Raleigh,,Cal Raleigh,,Cal Raleigh,,Cal Raleigh,
,Caleb Boushley,,Caleb Boushley,,Caleb Boushley,,Caleb Boushley,,Caleb Boushley,,Caleb Boushley,,Caleb Boushley,,Caleb Boushley,,Caleb Boushley,,Caleb Boushley,,Caleb Boushley,,Caleb Boushley,
,Caleb Durbin,,Caleb Durbin,,Caleb Durbin,,Caleb Durbin,,Caleb Durbin,,Caleb Durbin,,Caleb Durbin,,Caleb Durbin,,Caleb Durbin,,Caleb Durbin,,Caleb Durbin,,Caleb Durbin,
,Caleb Ferguson,,Caleb Ferguson,,Caleb Ferguson,,Caleb Ferguson,,Caleb Ferguson,,Caleb Ferguson,,Caleb Ferguson,,Caleb Ferguson,,Caleb Ferguson,,Caleb Ferguson,,Caleb Ferguson,,Caleb Ferguson,
,Caleb Thielbar,,Caleb Thielbar,,Caleb Thielbar,,Caleb Thielbar,,Caleb Thielbar,,Caleb Thielbar,,Caleb Thielbar,,Caleb Thielbar,,Caleb Thielbar,,Caleb Thielbar,,Caleb Thielbar,,Caleb Thielbar,
,Calvin Faucher,,Calvin Faucher,,Calvin Faucher,,Calvin Faucher,,Calvin Faucher,,Calvin Faucher,,Calvin Faucher,,Calvin Faucher,,Calvin Faucher,,Calvin Faucher,,Calvin Faucher,,Calvin Faucher,
,Cam Booser,,Cam Booser,,Cam Booser,,Cam Booser,,Cam Booser,,Cam Booser,,Cam Booser,,Cam Booser,,Cam Booser,,Cam Booser,,Cam Booser,,Cam Booser,
,Cam Devanney,,Cam Devanney,,Cam Devanney,,Cam Devanney,,Cam Devanney,,Cam Devanney,,Cam Devanney,,Cam Devanney,,Cam Devanney,,Cam Devanney,,Cam Devanney,,Cam Devanney,
,Cam Sanders,,Cam Sanders,,Cam Sanders,,Cam Sanders,,Cam Sanders,,Cam Sanders,,Cam Sanders,,Cam Sanders,,Cam Sanders,,Cam Sanders,,Cam Sanders,,Cam Sanders,
,Cam Schlittler,,Cam Schlittler,,Cam Schlittler,,Cam Schlittler,,Cam Schlittler,,Cam Schlittler,,Cam Schlittler,,Cam Schlittler,,Cam Schlittler,,Cam Schlittler,,Cam Schlittler,,Cam Schlittler,
,Cam Smith,,Cam Smith,,Cam Smith,,Cam Smith,,Cam Smith,,Cam Smith,,Cam Smith,,Cam Smith,,Cam Smith,,Cam Smith,,Cam Smith,,Cam Smith,
,Cameron Cauley,,Cameron Cauley,,Cameron Cauley,,Cameron Cauley,,Cameron Cauley,,Cameron Cauley,,Cameron Cauley,,Cameron Cauley,,Cameron Cauley,,Cameron Cauley,,Cameron Cauley,,Cameron Cauley,
,Camilo Doval,,Camilo Doval,,Camilo Doval,,Camilo Doval,,Camilo Doval,,Camilo Doval,,Camilo Doval,,Camilo Doval,,Camilo Doval,,Camilo Doval,,Camilo Doval,,Camilo Doval,
,Carlos Carrasco,,Carlos Carrasco,,Carlos Carrasco,,Carlos Carrasco,,Carlos Carrasco,,Carlos Carrasco,,Carlos Carrasco,,Carlos Carrasco,,Carlos Carrasco,,Carlos Carrasco,,Carlos Carrasco,,Carlos Carrasco,
,Carlos Correa,,Carlos Correa,,Carlos Correa,,Carlos Correa,,Carlos Correa,,Carlos Correa,,Carlos Correa,,Carlos Correa,,Carlos Correa,,Carlos Correa,,Carlos Correa,,Carlos Correa,
,Carlos Cortes,,Carlos Cortes,,Carlos Cortes,,Carlos Cortes,,Carlos Cortes,,Carlos Cortes,,Carlos Cortes,,Carlos Cortes,,Carlos Cortes,,Carlos Cortes,,Carlos Cortes,,Carlos Cortes,
,Carlos Estevez,,Carlos Estevez,,Carlos Estevez,,Carlos Estevez,,Carlos Estevez,,Carlos Estevez,,Carlos Estevez,,Carlos Estevez,,Carlos Estevez,,Carlos Estevez,,Carlos Estevez,,Carlos Estevez,
,Carlos Hernandez,,Carlos Hernandez,,Carlos Hernandez,,Carlos Hernandez,,Carlos Hernandez,,Carlos Hernandez,,Carlos Hernandez,,Carlos Hernandez,,Carlos Hernandez,,Carlos Hernandez,,Carlos Hernandez,,Carlos Hernandez,
,Carlos Lagrange,,Carlos Lagrange,,Carlos Lagrange,,Carlos Lagrange,,Carlos Lagrange,,Carlos Lagrange,,Carlos Lagrange,,Carlos Lagrange,,Carlos Lagrange,,Carlos Lagrange,,Carlos Lagrange,,Carlos Lagrange,
,Carlos Narvaez,,Carlos Narvaez,,Carlos Narvaez,,Carlos Narvaez,,Carlos Narvaez,,Carlos Narvaez,,Carlos Narvaez,,Carlos Narvaez,,Carlos Narvaez,,Carlos Narvaez,,Carlos Narvaez,,Carlos Narvaez,
,Carlos Rodon,,Carlos Rodon,,Carlos Rodon,,Carlos Rodon,,Carlos Rodon,,Carlos Rodon,,Carlos Rodon,,Carlos Rodon,,Carlos Rodon,,Carlos Rodon,,Carlos Rodon,,Carlos Rodon,
,Carlos Rodriguez,,Carlos Rodriguez,,Carlos Rodriguez,,Carlos Rodriguez,,Carlos Rodriguez,,Carlos Rodriguez,,Carlos Rodriguez,,Carlos Rodriguez,,Carlos Rodriguez,,Carlos Rodriguez,,Carlos Rodriguez,,Carlos Rodriguez,
,Carlos Santana,,Carlos Santana,,Carlos Santana,,Carlos Santana,,Carlos Santana,,Carlos Santana,,Carlos Santana,,Carlos Santana,,Carlos Santana,,Carlos Santana,,Carlos Santana,,Carlos Santana,
,Carlos Vargas,,Carlos Vargas,,Carlos Vargas,,Carlos Vargas,,Carlos Vargas,,Carlos Vargas,,Carlos Vargas,,Carlos Vargas,,Carlos Vargas,,Carlos Vargas,,Carlos Vargas,,Carlos Vargas,
,Carmen Mlodzinski,,Carmen Mlodzinski,,Carmen Mlodzinski,,Carmen Mlodzinski,,Carmen Mlodzinski,,Carmen Mlodzinski,,Carmen Mlodzinski,,Carmen Mlodzinski,,Carmen Mlodzinski,,Carmen Mlodzinski,,Carmen Mlodzinski,,Carmen Mlodzinski,
,Carson Benge,,Carson Benge,,Carson Benge,,Carson Benge,,Carson Benge,,Carson Benge,,Carson Benge,,Carson Benge,,Carson Benge,,Carson Benge,,Carson Benge,,Carson Benge,
,Carson Fulmer,,Carson Fulmer,,Carson Fulmer,,Carson Fulmer,,Carson Fulmer,,Carson Fulmer,,Carson Fulmer,,Carson Fulmer,,Carson Fulmer,,Carson Fulmer,,Carson Fulmer,,Carson Fulmer,
,Carson Kelly,,Carson Kelly,,Carson Kelly,,Carson Kelly,,Carson Kelly,,Carson Kelly,,Carson Kelly,,Carson Kelly,,Carson Kelly,,Carson Kelly,,Carson Kelly,,Carson Kelly,
,Carson McCusker,,Carson McCusker,,Carson McCusker,,Carson McCusker,,Carson McCusker,,Carson McCusker,,Carson McCusker,,Carson McCusker,,Carson McCusker,,Carson McCusker,,Carson McCusker,,Carson McCusker,
,Carson Palmquist,,Carson Palmquist,,Carson Palmquist,,Carson Palmquist,,Carson Palmquist,,Carson Palmquist,,Carson Palmquist,,Carson Palmquist,,Carson Palmquist,,Carson Palmquist,,Carson Palmquist,,Carson Palmquist,
,Carson Ragsdale,,Carson Ragsdale,,Carson Ragsdale,,Carson Ragsdale,,Carson Ragsdale,,Carson Ragsdale,,Carson Ragsdale,,Carson Ragsdale,,Carson Ragsdale,,Carson Ragsdale,,Carson Ragsdale,,Carson Ragsdale,
,Carson Seymour,,Carson Seymour,,Carson Seymour,,Carson Seymour,,Carson Seymour,,Carson Seymour,,Carson Seymour,,Carson Seymour,,Carson Seymour,,Carson Seymour,,Carson Seymour,,Carson Seymour,
,Carson Spiers,,Carson Spiers,,Carson Spiers,,Carson Spiers,,Carson Spiers,,Carson Spiers,,Carson Spiers,,Carson Spiers,,Carson Spiers,,Carson Spiers,,Carson Spiers,,Carson Spiers,
,Carson Whisenhunt,,Carson Whisenhunt,,Carson Whisenhunt,,Carson Whisenhunt,,Carson Whisenhunt,,Carson Whisenhunt,,Carson Whisenhunt,,Carson Whisenhunt,,Carson Whisenhunt,,Carson Whisenhunt,,Carson Whisenhunt,,Carson Whisenhunt,
,Carson Williams,,Carson Williams,,Carson Williams,,Carson Williams,,Carson Williams,,Carson Williams,,Carson Williams,,Carson Williams,,Carson Williams,,Carson Williams,,Carson Williams,,Carson Williams,
,Carter Jensen,,Carter Jensen,,Carter Jensen,,Carter Jensen,,Carter Jensen,,Carter Jensen,,Carter Jensen,,Carter Jensen,,Carter Jensen,,Carter Jensen,,Carter Jensen,,Carter Jensen,
,Carter Kieboom,,Carter Kieboom,,Carter Kieboom,,Carter Kieboom,,Carter Kieboom,,Carter Kieboom,,Carter Kieboom,,Carter Kieboom,,Carter Kieboom,,Carter Kieboom,,Carter Kieboom,,Carter Kieboom,
,Casey Kelly,,Casey Kelly,,Casey Kelly,,Casey Kelly,,Casey Kelly,,Casey Kelly,,Casey Kelly,,Casey Kelly,,Casey Kelly,,Casey Kelly,,Casey Kelly,,Casey Kelly,
,Casey Legumina,,Casey Legumina,,Casey Legumina,,Casey Legumina,,Casey Legumina,,Casey Legumina,,Casey Legumina,,Casey Legumina,,Casey Legumina,,Casey Legumina,,Casey Legumina,,Casey Legumina,
,Casey Mize,,Casey Mize,,Casey Mize,,Casey Mize,,Casey Mize,,Casey Mize,,Casey Mize,,Casey Mize,,Casey Mize,,Casey Mize,,Casey Mize,,Casey Mize,
,Casey Schmitt,,Casey Schmitt,,Casey Schmitt,,Casey Schmitt,,Casey Schmitt,,Casey Schmitt,,Casey Schmitt,,Casey Schmitt,,Casey Schmitt,,Casey Schmitt,,Casey Schmitt,,Casey Schmitt,
,Cavan Biggio,,Cavan Biggio,,Cavan Biggio,,Cavan Biggio,,Cavan Biggio,,Cavan Biggio,,Cavan Biggio,,Cavan Biggio,,Cavan Biggio,,Cavan Biggio,,Cavan Biggio,,Cavan Biggio,
,Ceddanne Rafaela,,Ceddanne Rafaela,,Ceddanne Rafaela,,Ceddanne Rafaela,,Ceddanne Rafaela,,Ceddanne Rafaela,,Ceddanne Rafaela,,Ceddanne Rafaela,,Ceddanne Rafaela,,Ceddanne Rafaela,,Ceddanne Rafaela,,Ceddanne Rafaela,
,Cedric Mullins,,Cedric Mullins,,Cedric Mullins,,Cedric Mullins,,Cedric Mullins,,Cedric Mullins,,Cedric Mullins,,Cedric Mullins,,Cedric Mullins,,Cedric Mullins,,Cedric Mullins,,Cedric Mullins,
,Cesar Prieto,,Cesar Prieto,,Cesar Prieto,,Cesar Prieto,,Cesar Prieto,,Cesar Prieto,,Cesar Prieto,,Cesar Prieto,,Cesar Prieto,,Cesar Prieto,,Cesar Prieto,,Cesar Prieto,
,Cesar Salazar,,Cesar Salazar,,Cesar Salazar,,Cesar Salazar,,Cesar Salazar,,Cesar Salazar,,Cesar Salazar,,Cesar Salazar,,Cesar Salazar,,Cesar Salazar,,Cesar Salazar,,Cesar Salazar,
,Chad Green,,Chad Green,,Chad Green,,Chad Green,,Chad Green,,Chad Green,,Chad Green,,Chad Green,,Chad Green,,Chad Green,,Chad Green,,Chad Green,
,Chad Patrick,,Chad Patrick,,Chad Patrick,,Chad Patrick,,Chad Patrick,,Chad Patrick,,Chad Patrick,,Chad Patrick,,Chad Patrick,,Chad Patrick,,Chad Patrick,,Chad Patrick,
,Chad Wallach,,Chad Wallach,,Chad Wallach,,Chad Wallach,,Chad Wallach,,Chad Wallach,,Chad Wallach,,Chad Wallach,,Chad Wallach,,Chad Wallach,,Chad Wallach,,Chad Wallach,
,Chandler Simpson,,Chandler Simpson,,Chandler Simpson,,Chandler Simpson,,Chandler Simpson,,Chandler Simpson,,Chandler Simpson,,Chandler Simpson,,Chandler Simpson,,Chandler Simpson,,Chandler Simpson,,Chandler Simpson,
,Charlie Condon,,Charlie Condon,,Charlie Condon,,Charlie Condon,,Charlie Condon,,Charlie Condon,,Charlie Condon,,Charlie Condon,,Charlie Condon,,Charlie Condon,,Charlie Condon,,Charlie Condon,
,Charlie Morton,,Charlie Morton,,Charlie Morton,,Charlie Morton,,Charlie Morton,,Charlie Morton,,Charlie Morton,,Charlie Morton,,Charlie Morton,,Charlie Morton,,Charlie Morton,,Charlie Morton,
,Chas McCormick,,Chas McCormick,,Chas McCormick,,Chas McCormick,,Chas McCormick,,Chas McCormick,,Chas McCormick,,Chas McCormick,,Chas McCormick,,Chas McCormick,,Chas McCormick,,Chas McCormick,
,Chase Burns,,Chase Burns,,Chase Burns,,Chase Burns,,Chase Burns,,Chase Burns,,Chase Burns,,Chase Burns,,Chase Burns,,Chase Burns,,Chase Burns,,Chase Burns,
,Chase DeLauter,,Chase DeLauter,,Chase DeLauter,,Chase DeLauter,,Chase DeLauter,,Chase DeLauter,,Chase DeLauter,,Chase DeLauter,,Chase DeLauter,,Chase DeLauter,,Chase DeLauter,,Chase DeLauter,
,Chase Dollander,,Chase Dollander,,Chase Dollander,,Chase Dollander,,Chase Dollander,,Chase Dollander,,Chase Dollander,,Chase Dollander,,Chase Dollander,,Chase Dollander,,Chase Dollander,,Chase Dollander,
,Chase Lee,,Chase Lee,,Chase Lee,,Chase Lee,,Chase Lee,,Chase Lee,,Chase Lee,,Chase Lee,,Chase Lee,,Chase Lee,,Chase Lee,,Chase Lee,
,Chase Meidroth,,Chase Meidroth,,Chase Meidroth,,Chase Meidroth,,Chase Meidroth,,Chase Meidroth,,Chase Meidroth,,Chase Meidroth,,Chase Meidroth,,Chase Meidroth,,Chase Meidroth,,Chase Meidroth,
,Chase Petty,,Chase Petty,,Chase Petty,,Chase Petty,,Chase Petty,,Chase Petty,,Chase Petty,,Chase Petty,,Chase Petty,,Chase Petty,,Chase Petty,,Chase Petty,
,Chase Shugart,,Chase Shugart,,Chase Shugart,,Chase Shugart,,Chase Shugart,,Chase Shugart,,Chase Shugart,,Chase Shugart,,Chase Shugart,,Chase Shugart,,Chase Shugart,,Chase Shugart,
,Chase Silseth,,Chase Silseth,,Chase Silseth,,Chase Silseth,,Chase Silseth,,Chase Silseth,,Chase Silseth,,Chase Silseth,,Chase Silseth,,Chase Silseth,,Chase Silseth,,Chase Silseth,
,Chayce McDermott,,Chayce McDermott,,Chayce McDermott,,Chayce McDermott,,Chayce McDermott,,Chayce McDermott,,Chayce McDermott,,Chayce McDermott,,Chayce McDermott,,Chayce McDermott,,Chayce McDermott,,Chayce McDermott,
,Chris Bassitt,,Chris Bassitt,,Chris Bassitt,,Chris Bassitt,,Chris Bassitt,,Chris Bassitt,,Chris Bassitt,,Chris Bassitt,,Chris Bassitt,,Chris Bassitt,,Chris Bassitt,,Chris Bassitt,
,Chris Devenski,,Chris Devenski,,Chris Devenski,,Chris Devenski,,Chris Devenski,,Chris Devenski,,Chris Devenski,,Chris Devenski,,Chris Devenski,,Chris Devenski,,Chris Devenski,,Chris Devenski,
,Chris Flexen,,Chris Flexen,,Chris Flexen,,Chris Flexen,,Chris Flexen,,Chris Flexen,,Chris Flexen,,Chris Flexen,,Chris Flexen,,Chris Flexen,,Chris Flexen,,Chris Flexen,
,Chris Martin,,Chris Martin,,Chris Martin,,Chris Martin,,Chris Martin,,Chris Martin,,Chris Martin,,Chris Martin,,Chris Martin,,Chris Martin,,Chris Martin,,Chris Martin,
,Chris Murphy,,Chris Murphy,,Chris Murphy,,Chris Murphy,,Chris Murphy,,Chris Murphy,,Chris Murphy,,Chris Murphy,,Chris Murphy,,Chris Murphy,,Chris Murphy,,Chris Murphy,
,Chris Paddack,,Chris Paddack,,Chris Paddack,,Chris Paddack,,Chris Paddack,,Chris Paddack,,Chris Paddack,,Chris Paddack,,Chris Paddack,,Chris Paddack,,Chris Paddack,,Chris Paddack,
,Chris Roycroft,,Chris Roycroft,,Chris Roycroft,,Chris Roycroft,,Chris Roycroft,,Chris Roycroft,,Chris Roycroft,,Chris Roycroft,,Chris Roycroft,,Chris Roycroft,,Chris Roycroft,,Chris Roycroft,
,Chris Sale,,Chris Sale,,Chris Sale,,Chris Sale,,Chris Sale,,Chris Sale,,Chris Sale,,Chris Sale,,Chris Sale,,Chris Sale,,Chris Sale,,Chris Sale,
,Chris Taylor,,Chris Taylor,,Chris Taylor,,Chris Taylor,,Chris Taylor,,Chris Taylor,,Chris Taylor,,Chris Taylor,,Chris Taylor,,Chris Taylor,,Chris Taylor,,Chris Taylor,
,Christian Encarnacion-Strand,,Christian Encarnacion-Strand,,Christian Encarnacion-Strand,,Christian Encarnacion-Strand,,Christian Encarnacion-Strand,,Christian Encarnacion-Strand,,Christian Encarnacion-Strand,,Christian Encarnacion-Strand,,Christian Encarnacion-Strand,,Christian Encarnacion-Strand,,Christian Encarnacion-Strand,,Christian Encarnacion-Strand,
,Christian Koss,,Christian Koss,,Christian Koss,,Christian Koss,,Christian Koss,,Christian Koss,,Christian Koss,,Christian Koss,,Christian Koss,,Christian Koss,,Christian Koss,,Christian Koss,
,Christian Montes De Oca,,Christian Montes De Oca,,Christian Montes De Oca,,Christian Montes De Oca,,Christian Montes De Oca,,Christian Montes De Oca,,Christian Montes De Oca,,Christian Montes De Oca,,Christian Montes De Oca,,Christian Montes De Oca,,Christian Montes De Oca,,Christian Montes De Oca,
,Christian Moore,,Christian Moore,,Christian Moore,,Christian Moore,,Christian Moore,,Christian Moore,,Christian Moore,,Christian Moore,,Christian Moore,,Christian Moore,,Christian Moore,,Christian Moore,
,Christian Roa,,Christian Roa,,Christian Roa,,Christian Roa,,Christian Roa,,Christian Roa,,Christian Roa,,Christian Roa,,Christian Roa,,Christian Roa,,Christian Roa,,Christian Roa,
,Christian Scott,,Christian Scott,,Christian Scott,,Christian Scott,,Christian Scott,,Christian Scott,,Christian Scott,,Christian Scott,,Christian Scott,,Christian Scott,,Christian Scott,,Christian Scott,
,Christian Vazquez,,Christian Vazquez,,Christian Vazquez,,Christian Vazquez,,Christian Vazquez,,Christian Vazquez,,Christian Vazquez,,Christian Vazquez,,Christian Vazquez,,Christian Vazquez,,Christian Vazquez,,Christian Vazquez,
,Christian Walker,,Christian Walker,,Christian Walker,,Christian Walker,,Christian Walker,,Christian Walker,,Christian Walker,,Christian Walker,,Christian Walker,,Christian Walker,,Christian Walker,,Christian Walker,
,Christian Yelich,,Christian Yelich,,Christian Yelich,,Christian Yelich,,Christian Yelich,,Christian Yelich,,Christian Yelich,,Christian Yelich,,Christian Yelich,,Christian Yelich,,Christian Yelich,,Christian Yelich,
,Christopher Morel,,Christopher Morel,,Christopher Morel,,Christopher Morel,,Christopher Morel,,Christopher Morel,,Christopher Morel,,Christopher Morel,,Christopher Morel,,Christopher Morel,,Christopher Morel,,Christopher Morel,
,Chuckie Robinson,,Chuckie Robinson,,Chuckie Robinson,,Chuckie Robinson,,Chuckie Robinson,,Chuckie Robinson,,Chuckie Robinson,,Chuckie Robinson,,Chuckie Robinson,,Chuckie Robinson,,Chuckie Robinson,,Chuckie Robinson,
,CJ Abrams,,CJ Abrams,,CJ Abrams,,CJ Abrams,,CJ Abrams,,CJ Abrams,,CJ Abrams,,CJ Abrams,,CJ Abrams,,CJ Abrams,,CJ Abrams,,CJ Abrams,
,Clarke Schmidt,,Clarke Schmidt,,Clarke Schmidt,,Clarke Schmidt,,Clarke Schmidt,,Clarke Schmidt,,Clarke Schmidt,,Clarke Schmidt,,Clarke Schmidt,,Clarke Schmidt,,Clarke Schmidt,,Clarke Schmidt,
,Clay Holmes,,Clay Holmes,,Clay Holmes,,Clay Holmes,,Clay Holmes,,Clay Holmes,,Clay Holmes,,Clay Holmes,,Clay Holmes,,Clay Holmes,,Clay Holmes,,Clay Holmes,
,Clayton Beeter,,Clayton Beeter,,Clayton Beeter,,Clayton Beeter,,Clayton Beeter,,Clayton Beeter,,Clayton Beeter,,Clayton Beeter,,Clayton Beeter,,Clayton Beeter,,Clayton Beeter,,Clayton Beeter,
,Coby Mayo,,Coby Mayo,,Coby Mayo,,Coby Mayo,,Coby Mayo,,Coby Mayo,,Coby Mayo,,Coby Mayo,,Coby Mayo,,Coby Mayo,,Coby Mayo,,Coby Mayo,
,Codi Heuer,,Codi Heuer,,Codi Heuer,,Codi Heuer,,Codi Heuer,,Codi Heuer,,Codi Heuer,,Codi Heuer,,Codi Heuer,,Codi Heuer,,Codi Heuer,,Codi Heuer,
,Cody Bellinger,,Cody Bellinger,,Cody Bellinger,,Cody Bellinger,,Cody Bellinger,,Cody Bellinger,,Cody Bellinger,,Cody Bellinger,,Cody Bellinger,,Cody Bellinger,,Cody Bellinger,,Cody Bellinger,
,Cody Bradford,,Cody Bradford,,Cody Bradford,,Cody Bradford,,Cody Bradford,,Cody Bradford,,Cody Bradford,,Cody Bradford,,Cody Bradford,,Cody Bradford,,Cody Bradford,,Cody Bradford,
,Cody Freeman,,Cody Freeman,,Cody Freeman,,Cody Freeman,,Cody Freeman,,Cody Freeman,,Cody Freeman,,Cody Freeman,,Cody Freeman,,Cody Freeman,,Cody Freeman,,Cody Freeman,
,Cody Laweryson,,Cody Laweryson,,Cody Laweryson,,Cody Laweryson,,Cody Laweryson,,Cody Laweryson,,Cody Laweryson,,Cody Laweryson,,Cody Laweryson,,Cody Laweryson,,Cody Laweryson,,Cody Laweryson,
,Cody Ponce,,Cody Ponce,,Cody Ponce,,Cody Ponce,,Cody Ponce,,Cody Ponce,,Cody Ponce,,Cody Ponce,,Cody Ponce,,Cody Ponce,,Cody Ponce,,Cody Ponce,
,Colby Thomas,,Colby Thomas,,Colby Thomas,,Colby Thomas,,Colby Thomas,,Colby Thomas,,Colby Thomas,,Colby Thomas,,Colby Thomas,,Colby Thomas,,Colby Thomas,,Colby Thomas,
,Cole Henry,,Cole Henry,,Cole Henry,,Cole Henry,,Cole Henry,,Cole Henry,,Cole Henry,,Cole Henry,,Cole Henry,,Cole Henry,,Cole Henry,,Cole Henry,
,Cole Irvin,,Cole Irvin,,Cole Irvin,,Cole Irvin,,Cole Irvin,,Cole Irvin,,Cole Irvin,,Cole Irvin,,Cole Irvin,,Cole Irvin,,Cole Irvin,,Cole Irvin,
,Cole Ragans,,Cole Ragans,,Cole Ragans,,Cole Ragans,,Cole Ragans,,Cole Ragans,,Cole Ragans,,Cole Ragans,,Cole Ragans,,Cole Ragans,,Cole Ragans,,Cole Ragans,
,Cole Sands,,Cole Sands,,Cole Sands,,Cole Sands,,Cole Sands,,Cole Sands,,Cole Sands,,Cole Sands,,Cole Sands,,Cole Sands,,Cole Sands,,Cole Sands,
,Cole Sulser,,Cole Sulser,,Cole Sulser,,Cole Sulser,,Cole Sulser,,Cole Sulser,,Cole Sulser,,Cole Sulser,,Cole Sulser,,Cole Sulser,,Cole Sulser,,Cole Sulser,
,Cole Wilcox,,Cole Wilcox,,Cole Wilcox,,Cole Wilcox,,Cole Wilcox,,Cole Wilcox,,Cole Wilcox,,Cole Wilcox,,Cole Wilcox,,Cole Wilcox,,Cole Wilcox,,Cole Wilcox,
,Cole Winn,,Cole Winn,,Cole Winn,,Cole Winn,,Cole Winn,,Cole Winn,,Cole Winn,,Cole Winn,,Cole Winn,,Cole Winn,,Cole Winn,,Cole Winn,
,Cole Young,,Cole Young,,Cole Young,,Cole Young,,Cole Young,,Cole Young,,Cole Young,,Cole Young,,Cole Young,,Cole Young,,Cole Young,,Cole Young,
,Coleman Crow,,Coleman Crow,,Coleman Crow,,Coleman Crow,,Coleman Crow,,Coleman Crow,,Coleman Crow,,Coleman Crow,,Coleman Crow,,Coleman Crow,,Coleman Crow,,Coleman Crow,
,Colin Holderman,,Colin Holderman,,Colin Holderman,,Colin Holderman,,Colin Holderman,,Colin Holderman,,Colin Holderman,,Colin Holderman,,Colin Holderman,,Colin Holderman,,Colin Holderman,,Colin Holderman,
,Colin Poche,,Colin Poche,,Colin Poche,,Colin Poche,,Colin Poche,,Colin Poche,,Colin Poche,,Colin Poche,,Colin Poche,,Colin Poche,,Colin Poche,,Colin Poche,
,Colin Rea,,Colin Rea,,Colin Rea,,Colin Rea,,Colin Rea,,Colin Rea,,Colin Rea,,Colin Rea,,Colin Rea,,Colin Rea,,Colin Rea,,Colin Rea,
,Colin Selby,,Colin Selby,,Colin Selby,,Colin Selby,,Colin Selby,,Colin Selby,,Colin Selby,,Colin Selby,,Colin Selby,,Colin Selby,,Colin Selby,,Colin Selby,
,Colson Montgomery,,Colson Montgomery,,Colson Montgomery,,Colson Montgomery,,Colson Montgomery,,Colson Montgomery,,Colson Montgomery,,Colson Montgomery,,Colson Montgomery,,Colson Montgomery,,Colson Montgomery,,Colson Montgomery,
,Colt Emerson,,Colt Emerson,,Colt Emerson,,Colt Emerson,,Colt Emerson,,Colt Emerson,,Colt Emerson,,Colt Emerson,,Colt Emerson,,Colt Emerson,,Colt Emerson,,Colt Emerson,
,Colt Keith,,Colt Keith,,Colt Keith,,Colt Keith,,Colt Keith,,Colt Keith,,Colt Keith,,Colt Keith,,Colt Keith,,Colt Keith,,Colt Keith,,Colt Keith,
,Colton Cowser,,Colton Cowser,,Colton Cowser,,Colton Cowser,,Colton Cowser,,Colton Cowser,,Colton Cowser,,Colton Cowser,,Colton Cowser,,Colton Cowser,,Colton Cowser,,Colton Cowser,
,Colton Gordon,,Colton Gordon,,Colton Gordon,,Colton Gordon,,Colton Gordon,,Colton Gordon,,Colton Gordon,,Colton Gordon,,Colton Gordon,,Colton Gordon,,Colton Gordon,,Colton Gordon,
,Connelly Early,,Connelly Early,,Connelly Early,,Connelly Early,,Connelly Early,,Connelly Early,,Connelly Early,,Connelly Early,,Connelly Early,,Connelly Early,,Connelly Early,,Connelly Early,
,Connor Brogdon,,Connor Brogdon,,Connor Brogdon,,Connor Brogdon,,Connor Brogdon,,Connor Brogdon,,Connor Brogdon,,Connor Brogdon,,Connor Brogdon,,Connor Brogdon,,Connor Brogdon,,Connor Brogdon,
,Connor Joe,,Connor Joe,,Connor Joe,,Connor Joe,,Connor Joe,,Connor Joe,,Connor Joe,,Connor Joe,,Connor Joe,,Connor Joe,,Connor Joe,,Connor Joe,
,Connor Kaiser,,Connor Kaiser,,Connor Kaiser,,Connor Kaiser,,Connor Kaiser,,Connor Kaiser,,Connor Kaiser,,Connor Kaiser,,Connor Kaiser,,Connor Kaiser,,Connor Kaiser,,Connor Kaiser,
,Connor Norby,,Connor Norby,,Connor Norby,,Connor Norby,,Connor Norby,,Connor Norby,,Connor Norby,,Connor Norby,,Connor Norby,,Connor Norby,,Connor Norby,,Connor Norby,
,Connor Phillips,,Connor Phillips,,Connor Phillips,,Connor Phillips,,Connor Phillips,,Connor Phillips,,Connor Phillips,,Connor Phillips,,Connor Phillips,,Connor Phillips,,Connor Phillips,,Connor Phillips,
,Connor Prielipp,,Connor Prielipp,,Connor Prielipp,,Connor Prielipp,,Connor Prielipp,,Connor Prielipp,,Connor Prielipp,,Connor Prielipp,,Connor Prielipp,,Connor Prielipp,,Connor Prielipp,,Connor Prielipp,
,Connor Seabold,,Connor Seabold,,Connor Seabold,,Connor Seabold,,Connor Seabold,,Connor Seabold,,Connor Seabold,,Connor Seabold,,Connor Seabold,,Connor Seabold,,Connor Seabold,,Connor Seabold,
,Connor Thomas,,Connor Thomas,,Connor Thomas,,Connor Thomas,,Connor Thomas,,Connor Thomas,,Connor Thomas,,Connor Thomas,,Connor Thomas,,Connor Thomas,,Connor Thomas,,Connor Thomas,
,Connor Wong,,Connor Wong,,Connor Wong,,Connor Wong,,Connor Wong,,Connor Wong,,Connor Wong,,Connor Wong,,Connor Wong,,Connor Wong,,Connor Wong,,Connor Wong,
,Cooper Criswell,,Cooper Criswell,,Cooper Criswell,,Cooper Criswell,,Cooper Criswell,,Cooper Criswell,,Cooper Criswell,,Cooper Criswell,,Cooper Criswell,,Cooper Criswell,,Cooper Criswell,,Cooper Criswell,
,Cooper Ingle,,Cooper Ingle,,Cooper Ingle,,Cooper Ingle,,Cooper Ingle,,Cooper Ingle,,Cooper Ingle,,Cooper Ingle,,Cooper Ingle,,Cooper Ingle,,Cooper Ingle,,Cooper Ingle,
,Corbin Burnes,,Corbin Burnes,,Corbin Burnes,,Corbin Burnes,,Corbin Burnes,,Corbin Burnes,,Corbin Burnes,,Corbin Burnes,,Corbin Burnes,,Corbin Burnes,,Corbin Burnes,,Corbin Burnes,
,Corbin Carroll,,Corbin Carroll,,Corbin Carroll,,Corbin Carroll,,Corbin Carroll,,Corbin Carroll,,Corbin Carroll,,Corbin Carroll,,Corbin Carroll,,Corbin Carroll,,Corbin Carroll,,Corbin Carroll,
,Corey Julks,,Corey Julks,,Corey Julks,,Corey Julks,,Corey Julks,,Corey Julks,,Corey Julks,,Corey Julks,,Corey Julks,,Corey Julks,,Corey Julks,,Corey Julks,
,Corey Seager,,Corey Seager,,Corey Seager,,Corey Seager,,Corey Seager,,Corey Seager,,Corey Seager,,Corey Seager,,Corey Seager,,Corey Seager,,Corey Seager,,Corey Seager,
,Craig Kimbrel,,Craig Kimbrel,,Craig Kimbrel,,Craig Kimbrel,,Craig Kimbrel,,Craig Kimbrel,,Craig Kimbrel,,Craig Kimbrel,,Craig Kimbrel,,Craig Kimbrel,,Craig Kimbrel,,Craig Kimbrel,
,Craig Yoho,,Craig Yoho,,Craig Yoho,,Craig Yoho,,Craig Yoho,,Craig Yoho,,Craig Yoho,,Craig Yoho,,Craig Yoho,,Craig Yoho,,Craig Yoho,,Craig Yoho,
,Cristian Javier,,Cristian Javier,,Cristian Javier,,Cristian Javier,,Cristian Javier,,Cristian Javier,,Cristian Javier,,Cristian Javier,,Cristian Javier,,Cristian Javier,,Cristian Javier,,Cristian Javier,
,Cristian Mena,,Cristian Mena,,Cristian Mena,,Cristian Mena,,Cristian Mena,,Cristian Mena,,Cristian Mena,,Cristian Mena,,Cristian Mena,,Cristian Mena,,Cristian Mena,,Cristian Mena,
,Cristopher Sanchez,,Cristopher Sanchez,,Cristopher Sanchez,,Cristopher Sanchez,,Cristopher Sanchez,,Cristopher Sanchez,,Cristopher Sanchez,,Cristopher Sanchez,,Cristopher Sanchez,,Cristopher Sanchez,,Cristopher Sanchez,,Cristopher Sanchez,
,Curtis Mead,,Curtis Mead,,Curtis Mead,,Curtis Mead,,Curtis Mead,,Curtis Mead,,Curtis Mead,,Curtis Mead,,Curtis Mead,,Curtis Mead,,Curtis Mead,,Curtis Mead,
,Dairon Blanco,,Dairon Blanco,,Dairon Blanco,,Dairon Blanco,,Dairon Blanco,,Dairon Blanco,,Dairon Blanco,,Dairon Blanco,,Dairon Blanco,,Dairon Blanco,,Dairon Blanco,,Dairon Blanco,
,Daison Acosta,,Daison Acosta,,Daison Acosta,,Daison Acosta,,Daison Acosta,,Daison Acosta,,Daison Acosta,,Daison Acosta,,Daison Acosta,,Daison Acosta,,Daison Acosta,,Daison Acosta,
,Dalton Rushing,,Dalton Rushing,,Dalton Rushing,,Dalton Rushing,,Dalton Rushing,,Dalton Rushing,,Dalton Rushing,,Dalton Rushing,,Dalton Rushing,,Dalton Rushing,,Dalton Rushing,,Dalton Rushing,
,Dan Altavilla,,Dan Altavilla,,Dan Altavilla,,Dan Altavilla,,Dan Altavilla,,Dan Altavilla,,Dan Altavilla,,Dan Altavilla,,Dan Altavilla,,Dan Altavilla,,Dan Altavilla,,Dan Altavilla,
,Dane Dunning,,Dane Dunning,,Dane Dunning,,Dane Dunning,,Dane Dunning,,Dane Dunning,,Dane Dunning,,Dane Dunning,,Dane Dunning,,Dane Dunning,,Dane Dunning,,Dane Dunning,
,Dane Myers,,Dane Myers,,Dane Myers,,Dane Myers,,Dane Myers,,Dane Myers,,Dane Myers,,Dane Myers,,Dane Myers,,Dane Myers,,Dane Myers,,Dane Myers,
,Daniel Espino,,Daniel Espino,,Daniel Espino,,Daniel Espino,,Daniel Espino,,Daniel Espino,,Daniel Espino,,Daniel Espino,,Daniel Espino,,Daniel Espino,,Daniel Espino,,Daniel Espino,
,Daniel Johnson,,Daniel Johnson,,Daniel Johnson,,Daniel Johnson,,Daniel Johnson,,Daniel Johnson,,Daniel Johnson,,Daniel Johnson,,Daniel Johnson,,Daniel Johnson,,Daniel Johnson,,Daniel Johnson,
,Daniel Lynch IV,,Daniel Lynch IV,,Daniel Lynch IV,,Daniel Lynch IV,,Daniel Lynch IV,,Daniel Lynch IV,,Daniel Lynch IV,,Daniel Lynch IV,,Daniel Lynch IV,,Daniel Lynch IV,,Daniel Lynch IV,,Daniel Lynch IV,
,Daniel Palencia,,Daniel Palencia,,Daniel Palencia,,Daniel Palencia,,Daniel Palencia,,Daniel Palencia,,Daniel Palencia,,Daniel Palencia,,Daniel Palencia,,Daniel Palencia,,Daniel Palencia,,Daniel Palencia,
,Daniel Robert,,Daniel Robert,,Daniel Robert,,Daniel Robert,,Daniel Robert,,Daniel Robert,,Daniel Robert,,Daniel Robert,,Daniel Robert,,Daniel Robert,,Daniel Robert,,Daniel Robert,
,Daniel Schneemann,,Daniel Schneemann,,Daniel Schneemann,,Daniel Schneemann,,Daniel Schneemann,,Daniel Schneemann,,Daniel Schneemann,,Daniel Schneemann,,Daniel Schneemann,,Daniel Schneemann,,Daniel Schneemann,,Daniel Schneemann,
,Daniel Susac,,Daniel Susac,,Daniel Susac,,Daniel Susac,,Daniel Susac,,Daniel Susac,,Daniel Susac,,Daniel Susac,,Daniel Susac,,Daniel Susac,,Daniel Susac,,Daniel Susac,
,Danny Coulombe,,Danny Coulombe,,Danny Coulombe,,Danny Coulombe,,Danny Coulombe,,Danny Coulombe,,Danny Coulombe,,Danny Coulombe,,Danny Coulombe,,Danny Coulombe,,Danny Coulombe,,Danny Coulombe,
,Danny Jansen,,Danny Jansen,,Danny Jansen,,Danny Jansen,,Danny Jansen,,Danny Jansen,,Danny Jansen,,Danny Jansen,,Danny Jansen,,Danny Jansen,,Danny Jansen,,Danny Jansen,
,Danny Young,,Danny Young,,Danny Young,,Danny Young,,Danny Young,,Danny Young,,Danny Young,,Danny Young,,Danny Young,,Danny Young,,Danny Young,,Danny Young,
,Dansby Swanson,,Dansby Swanson,,Dansby Swanson,,Dansby Swanson,,Dansby Swanson,,Dansby Swanson,,Dansby Swanson,,Dansby Swanson,,Dansby Swanson,,Dansby Swanson,,Dansby Swanson,,Dansby Swanson,
,Darell Hernaiz,,Darell Hernaiz,,Darell Hernaiz,,Darell Hernaiz,,Darell Hernaiz,,Darell Hernaiz,,Darell Hernaiz,,Darell Hernaiz,,Darell Hernaiz,,Darell Hernaiz,,Darell Hernaiz,,Darell Hernaiz,
,Darren McCaughan,,Darren McCaughan,,Darren McCaughan,,Darren McCaughan,,Darren McCaughan,,Darren McCaughan,,Darren McCaughan,,Darren McCaughan,,Darren McCaughan,,Darren McCaughan,,Darren McCaughan,,Darren McCaughan,
,DaShawn Keirsey Jr.,,DaShawn Keirsey Jr.,,DaShawn Keirsey Jr.,,DaShawn Keirsey Jr.,,DaShawn Keirsey Jr.,,DaShawn Keirsey Jr.,,DaShawn Keirsey Jr.,,DaShawn Keirsey Jr.,,DaShawn Keirsey Jr.,,DaShawn Keirsey Jr.,,DaShawn Keirsey Jr.,,DaShawn Keirsey Jr.,
,Daulton Varsho,,Daulton Varsho,,Daulton Varsho,,Daulton Varsho,,Daulton Varsho,,Daulton Varsho,,Daulton Varsho,,Daulton Varsho,,Daulton Varsho,,Daulton Varsho,,Daulton Varsho,,Daulton Varsho,
,Dauri Moreta,,Dauri Moreta,,Dauri Moreta,,Dauri Moreta,,Dauri Moreta,,Dauri Moreta,,Dauri Moreta,,Dauri Moreta,,Dauri Moreta,,Dauri Moreta,,Dauri Moreta,,Dauri Moreta,
,David Bednar,,David Bednar,,David Bednar,,David Bednar,,David Bednar,,David Bednar,,David Bednar,,David Bednar,,David Bednar,,David Bednar,,David Bednar,,David Bednar,
,David Davalillo,,David Davalillo,,David Davalillo,,David Davalillo,,David Davalillo,,David Davalillo,,David Davalillo,,David Davalillo,,David Davalillo,,David Davalillo,,David Davalillo,,David Davalillo,
,David Festa,,David Festa,,David Festa,,David Festa,,David Festa,,David Festa,,David Festa,,David Festa,,David Festa,,David Festa,,David Festa,,David Festa,
,David Fry,,David Fry,,David Fry,,David Fry,,David Fry,,David Fry,,David Fry,,David Fry,,David Fry,,David Fry,,David Fry,,David Fry,
,David Hamilton,,David Hamilton,,David Hamilton,,David Hamilton,,David Hamilton,,David Hamilton,,David Hamilton,,David Hamilton,,David Hamilton,,David Hamilton,,David Hamilton,,David Hamilton,
,David Morgan,,David Morgan,,David Morgan,,David Morgan,,David Morgan,,David Morgan,,David Morgan,,David Morgan,,David Morgan,,David Morgan,,David Morgan,,David Morgan,
,David Peterson,,David Peterson,,David Peterson,,David Peterson,,David Peterson,,David Peterson,,David Peterson,,David Peterson,,David Peterson,,David Peterson,,David Peterson,,David Peterson,
,Davis Daniel,,Davis Daniel,,Davis Daniel,,Davis Daniel,,Davis Daniel,,Davis Daniel,,Davis Daniel,,Davis Daniel,,Davis Daniel,,Davis Daniel,,Davis Daniel,,Davis Daniel,
,Davis Martin,,Davis Martin,,Davis Martin,,Davis Martin,,Davis Martin,,Davis Martin,,Davis Martin,,Davis Martin,,Davis Martin,,Davis Martin,,Davis Martin,,Davis Martin,
,Davis Schneider,,Davis Schneider,,Davis Schneider,,Davis Schneider,,Davis Schneider,,Davis Schneider,,Davis Schneider,,Davis Schneider,,Davis Schneider,,Davis Schneider,,Davis Schneider,,Davis Schneider,
,Dax Fulton,,Dax Fulton,,Dax Fulton,,Dax Fulton,,Dax Fulton,,Dax Fulton,,Dax Fulton,,Dax Fulton,,Dax Fulton,,Dax Fulton,,Dax Fulton,,Dax Fulton,
,Daylen Lile,,Daylen Lile,,Daylen Lile,,Daylen Lile,,Daylen Lile,,Daylen Lile,,Daylen Lile,,Daylen Lile,,Daylen Lile,,Daylen Lile,,Daylen Lile,,Daylen Lile,
,Daysbel Hernandez,,Daysbel Hernandez,,Daysbel Hernandez,,Daysbel Hernandez,,Daysbel Hernandez,,Daysbel Hernandez,,Daysbel Hernandez,,Daysbel Hernandez,,Daysbel Hernandez,,Daysbel Hernandez,,Daysbel Hernandez,,Daysbel Hernandez,
,Dean Kremer,,Dean Kremer,,Dean Kremer,,Dean Kremer,,Dean Kremer,,Dean Kremer,,Dean Kremer,,Dean Kremer,,Dean Kremer,,Dean Kremer,,Dean Kremer,,Dean Kremer,
,Dennis Santana,,Dennis Santana,,Dennis Santana,,Dennis Santana,,Dennis Santana,,Dennis Santana,,Dennis Santana,,Dennis Santana,,Dennis Santana,,Dennis Santana,,Dennis Santana,,Dennis Santana,
,Denzel Clarke,,Denzel Clarke,,Denzel Clarke,,Denzel Clarke,,Denzel Clarke,,Denzel Clarke,,Denzel Clarke,,Denzel Clarke,,Denzel Clarke,,Denzel Clarke,,Denzel Clarke,,Denzel Clarke,
,Denzer Guzman,,Denzer Guzman,,Denzer Guzman,,Denzer Guzman,,Denzer Guzman,,Denzer Guzman,,Denzer Guzman,,Denzer Guzman,,Denzer Guzman,,Denzer Guzman,,Denzer Guzman,,Denzer Guzman,
,Derek Hill,,Derek Hill,,Derek Hill,,Derek Hill,,Derek Hill,,Derek Hill,,Derek Hill,,Derek Hill,,Derek Hill,,Derek Hill,,Derek Hill,,Derek Hill,
,Derek Law,,Derek Law,,Derek Law,,Derek Law,,Derek Law,,Derek Law,,Derek Law,,Derek Law,,Derek Law,,Derek Law,,Derek Law,,Derek Law,
,Devin Williams,,Devin Williams,,Devin Williams,,Devin Williams,,Devin Williams,,Devin Williams,,Devin Williams,,Devin Williams,,Devin Williams,,Devin Williams,,Devin Williams,,Devin Williams,
,Deyvison De Los Santos,,Deyvison De Los Santos,,Deyvison De Los Santos,,Deyvison De Los Santos,,Deyvison De Los Santos,,Deyvison De Los Santos,,Deyvison De Los Santos,,Deyvison De Los Santos,,Deyvison De Los Santos,,Deyvison De Los Santos,,Deyvison De Los Santos,,Deyvison De Los Santos,
,Didier Fuentes,,Didier Fuentes,,Didier Fuentes,,Didier Fuentes,,Didier Fuentes,,Didier Fuentes,,Didier Fuentes,,Didier Fuentes,,Didier Fuentes,,Didier Fuentes,,Didier Fuentes,,Didier Fuentes,
,Dietrich Enns,,Dietrich Enns,,Dietrich Enns,,Dietrich Enns,,Dietrich Enns,,Dietrich Enns,,Dietrich Enns,,Dietrich Enns,,Dietrich Enns,,Dietrich Enns,,Dietrich Enns,,Dietrich Enns,
,Dillon Dingler,,Dillon Dingler,,Dillon Dingler,,Dillon Dingler,,Dillon Dingler,,Dillon Dingler,,Dillon Dingler,,Dillon Dingler,,Dillon Dingler,,Dillon Dingler,,Dillon Dingler,,Dillon Dingler,
,Dillon Tate,,Dillon Tate,,Dillon Tate,,Dillon Tate,,Dillon Tate,,Dillon Tate,,Dillon Tate,,Dillon Tate,,Dillon Tate,,Dillon Tate,,Dillon Tate,,Dillon Tate,
,DJ Herz,,DJ Herz,,DJ Herz,,DJ Herz,,DJ Herz,,DJ Herz,,DJ Herz,,DJ Herz,,DJ Herz,,DJ Herz,,DJ Herz,,DJ Herz,
,DJ LeMahieu,,DJ LeMahieu,,DJ LeMahieu,,DJ LeMahieu,,DJ LeMahieu,,DJ LeMahieu,,DJ LeMahieu,,DJ LeMahieu,,DJ LeMahieu,,DJ LeMahieu,,DJ LeMahieu,,DJ LeMahieu,
,DL Hall,,DL Hall,,DL Hall,,DL Hall,,DL Hall,,DL Hall,,DL Hall,,DL Hall,,DL Hall,,DL Hall,,DL Hall,,DL Hall,
,Dom Hamel,,Dom Hamel,,Dom Hamel,,Dom Hamel,,Dom Hamel,,Dom Hamel,,Dom Hamel,,Dom Hamel,,Dom Hamel,,Dom Hamel,,Dom Hamel,,Dom Hamel,
,Dom Nunez,,Dom Nunez,,Dom Nunez,,Dom Nunez,,Dom Nunez,,Dom Nunez,,Dom Nunez,,Dom Nunez,,Dom Nunez,,Dom Nunez,,Dom Nunez,,Dom Nunez,
,Domingo Gonzalez,,Domingo Gonzalez,,Domingo Gonzalez,,Domingo Gonzalez,,Domingo Gonzalez,,Domingo Gonzalez,,Domingo Gonzalez,,Domingo Gonzalez,,Domingo Gonzalez,,Domingo Gonzalez,,Domingo Gonzalez,,Domingo Gonzalez,
,Dominic Canzone,,Dominic Canzone,,Dominic Canzone,,Dominic Canzone,,Dominic Canzone,,Dominic Canzone,,Dominic Canzone,,Dominic Canzone,,Dominic Canzone,,Dominic Canzone,,Dominic Canzone,,Dominic Canzone,
,Dominic Fletcher,,Dominic Fletcher,,Dominic Fletcher,,Dominic Fletcher,,Dominic Fletcher,,Dominic Fletcher,,Dominic Fletcher,,Dominic Fletcher,,Dominic Fletcher,,Dominic Fletcher,,Dominic Fletcher,,Dominic Fletcher,
,Dominic Smith,,Dominic Smith,,Dominic Smith,,Dominic Smith,,Dominic Smith,,Dominic Smith,,Dominic Smith,,Dominic Smith,,Dominic Smith,,Dominic Smith,,Dominic Smith,,Dominic Smith,
,Donovan Solano,,Donovan Solano,,Donovan Solano,,Donovan Solano,,Donovan Solano,,Donovan Solano,,Donovan Solano,,Donovan Solano,,Donovan Solano,,Donovan Solano,,Donovan Solano,,Donovan Solano,
,Doug Nikhazy,,Doug Nikhazy,,Doug Nikhazy,,Doug Nikhazy,,Doug Nikhazy,,Doug Nikhazy,,Doug Nikhazy,,Doug Nikhazy,,Doug Nikhazy,,Doug Nikhazy,,Doug Nikhazy,,Doug Nikhazy,
,Drake Baldwin,,Drake Baldwin,,Drake Baldwin,,Drake Baldwin,,Drake Baldwin,,Drake Baldwin,,Drake Baldwin,,Drake Baldwin,,Drake Baldwin,,Drake Baldwin,,Drake Baldwin,,Drake Baldwin,
,Drew Anderson,,Drew Anderson,,Drew Anderson,,Drew Anderson,,Drew Anderson,,Drew Anderson,,Drew Anderson,,Drew Anderson,,Drew Anderson,,Drew Anderson,,Drew Anderson,,Drew Anderson,
,Drew Gilbert,,Drew Gilbert,,Drew Gilbert,,Drew Gilbert,,Drew Gilbert,,Drew Gilbert,,Drew Gilbert,,Drew Gilbert,,Drew Gilbert,,Drew Gilbert,,Drew Gilbert,,Drew Gilbert,
,Drew Millas,,Drew Millas,,Drew Millas,,Drew Millas,,Drew Millas,,Drew Millas,,Drew Millas,,Drew Millas,,Drew Millas,,Drew Millas,,Drew Millas,,Drew Millas,
,Drew Pomeranz,,Drew Pomeranz,,Drew Pomeranz,,Drew Pomeranz,,Drew Pomeranz,,Drew Pomeranz,,Drew Pomeranz,,Drew Pomeranz,,Drew Pomeranz,,Drew Pomeranz,,Drew Pomeranz,,Drew Pomeranz,
,Drew Rasmussen,,Drew Rasmussen,,Drew Rasmussen,,Drew Rasmussen,,Drew Rasmussen,,Drew Rasmussen,,Drew Rasmussen,,Drew Rasmussen,,Drew Rasmussen,,Drew Rasmussen,,Drew Rasmussen,,Drew Rasmussen,
,Drew Romo,,Drew Romo,,Drew Romo,,Drew Romo,,Drew Romo,,Drew Romo,,Drew Romo,,Drew Romo,,Drew Romo,,Drew Romo,,Drew Romo,,Drew Romo,
,Drew Smith,,Drew Smith,,Drew Smith,,Drew Smith,,Drew Smith,,Drew Smith,,Drew Smith,,Drew Smith,,Drew Smith,,Drew Smith,,Drew Smith,,Drew Smith,
,Drew Sommers,,Drew Sommers,,Drew Sommers,,Drew Sommers,,Drew Sommers,,Drew Sommers,,Drew Sommers,,Drew Sommers,,Drew Sommers,,Drew Sommers,,Drew Sommers,,Drew Sommers,
,Drew Thorpe,,Drew Thorpe,,Drew Thorpe,,Drew Thorpe,,Drew Thorpe,,Drew Thorpe,,Drew Thorpe,,Drew Thorpe,,Drew Thorpe,,Drew Thorpe,,Drew Thorpe,,Drew Thorpe,
,Drew Waters,,Drew Waters,,Drew Waters,,Drew Waters,,Drew Waters,,Drew Waters,,Drew Waters,,Drew Waters,,Drew Waters,,Drew Waters,,Drew Waters,,Drew Waters,
,Drey Jameson,,Drey Jameson,,Drey Jameson,,Drey Jameson,,Drey Jameson,,Drey Jameson,,Drey Jameson,,Drey Jameson,,Drey Jameson,,Drey Jameson,,Drey Jameson,,Drey Jameson,
,Dugan Darnell,,Dugan Darnell,,Dugan Darnell,,Dugan Darnell,,Dugan Darnell,,Dugan Darnell,,Dugan Darnell,,Dugan Darnell,,Dugan Darnell,,Dugan Darnell,,Dugan Darnell,,Dugan Darnell,
,Dustin Harris,,Dustin Harris,,Dustin Harris,,Dustin Harris,,Dustin Harris,,Dustin Harris,,Dustin Harris,,Dustin Harris,,Dustin Harris,,Dustin Harris,,Dustin Harris,,Dustin Harris,
,Dustin May,,Dustin May,,Dustin May,,Dustin May,,Dustin May,,Dustin May,,Dustin May,,Dustin May,,Dustin May,,Dustin May,,Dustin May,,Dustin May,
,Dylan Beavers,,Dylan Beavers,,Dylan Beavers,,Dylan Beavers,,Dylan Beavers,,Dylan Beavers,,Dylan Beavers,,Dylan Beavers,,Dylan Beavers,,Dylan Beavers,,Dylan Beavers,,Dylan Beavers,
,Dylan Carlson,,Dylan Carlson,,Dylan Carlson,,Dylan Carlson,,Dylan Carlson,,Dylan Carlson,,Dylan Carlson,,Dylan Carlson,,Dylan Carlson,,Dylan Carlson,,Dylan Carlson,,Dylan Carlson,
,Dylan Cease,,Dylan Cease,,Dylan Cease,,Dylan Cease,,Dylan Cease,,Dylan Cease,,Dylan Cease,,Dylan Cease,,Dylan Cease,,Dylan Cease,,Dylan Cease,,Dylan Cease,
,Dylan Coleman,,Dylan Coleman,,Dylan Coleman,,Dylan Coleman,,Dylan Coleman,,Dylan Coleman,,Dylan Coleman,,Dylan Coleman,,Dylan Coleman,,Dylan Coleman,,Dylan Coleman,,Dylan Coleman,
,Dylan Crews,,Dylan Crews,,Dylan Crews,,Dylan Crews,,Dylan Crews,,Dylan Crews,,Dylan Crews,,Dylan Crews,,Dylan Crews,,Dylan Crews,,Dylan Crews,,Dylan Crews,
,Dylan Dodd,,Dylan Dodd,,Dylan Dodd,,Dylan Dodd,,Dylan Dodd,,Dylan Dodd,,Dylan Dodd,,Dylan Dodd,,Dylan Dodd,,Dylan Dodd,,Dylan Dodd,,Dylan Dodd,
,Dylan Lee,,Dylan Lee,,Dylan Lee,,Dylan Lee,,Dylan Lee,,Dylan Lee,,Dylan Lee,,Dylan Lee,,Dylan Lee,,Dylan Lee,,Dylan Lee,,Dylan Lee,
,Dylan Moore,,Dylan Moore,,Dylan Moore,,Dylan Moore,,Dylan Moore,,Dylan Moore,,Dylan Moore,,Dylan Moore,,Dylan Moore,,Dylan Moore,,Dylan Moore,,Dylan Moore,
,Dylan Ross,,Dylan Ross,,Dylan Ross,,Dylan Ross,,Dylan Ross,,Dylan Ross,,Dylan Ross,,Dylan Ross,,Dylan Ross,,Dylan Ross,,Dylan Ross,,Dylan Ross,
,Dylan Smith,,Dylan Smith,,Dylan Smith,,Dylan Smith,,Dylan Smith,,Dylan Smith,,Dylan Smith,,Dylan Smith,,Dylan Smith,,Dylan Smith,,Dylan Smith,,Dylan Smith,
,Easton Lucas,,Easton Lucas,,Easton Lucas,,Easton Lucas,,Easton Lucas,,Easton Lucas,,Easton Lucas,,Easton Lucas,,Easton Lucas,,Easton Lucas,,Easton Lucas,,Easton Lucas,
,Easton McGee,,Easton McGee,,Easton McGee,,Easton McGee,,Easton McGee,,Easton McGee,,Easton McGee,,Easton McGee,,Easton McGee,,Easton McGee,,Easton McGee,,Easton McGee,
,Edgar Quero,,Edgar Quero,,Edgar Quero,,Edgar Quero,,Edgar Quero,,Edgar Quero,,Edgar Quero,,Edgar Quero,,Edgar Quero,,Edgar Quero,,Edgar Quero,,Edgar Quero,
,Edgardo Henriquez,,Edgardo Henriquez,,Edgardo Henriquez,,Edgardo Henriquez,,Edgardo Henriquez,,Edgardo Henriquez,,Edgardo Henriquez,,Edgardo Henriquez,,Edgardo Henriquez,,Edgardo Henriquez,,Edgardo Henriquez,,Edgardo Henriquez,
,Edmundo Sosa,,Edmundo Sosa,,Edmundo Sosa,,Edmundo Sosa,,Edmundo Sosa,,Edmundo Sosa,,Edmundo Sosa,,Edmundo Sosa,,Edmundo Sosa,,Edmundo Sosa,,Edmundo Sosa,,Edmundo Sosa,
,Edouard Julien,,Edouard Julien,,Edouard Julien,,Edouard Julien,,Edouard Julien,,Edouard Julien,,Edouard Julien,,Edouard Julien,,Edouard Julien,,Edouard Julien,,Edouard Julien,,Edouard Julien,
,Eduard Bazardo,,Eduard Bazardo,,Eduard Bazardo,,Eduard Bazardo,,Eduard Bazardo,,Eduard Bazardo,,Eduard Bazardo,,Eduard Bazardo,,Eduard Bazardo,,Eduard Bazardo,,Eduard Bazardo,,Eduard Bazardo,
,Eduardo Rodriguez,,Eduardo Rodriguez,,Eduardo Rodriguez,,Eduardo Rodriguez,,Eduardo Rodriguez,,Eduardo Rodriguez,,Eduardo Rodriguez,,Eduardo Rodriguez,,Eduardo Rodriguez,,Eduardo Rodriguez,,Eduardo Rodriguez,,Eduardo Rodriguez,
,Eduardo Salazar,,Eduardo Salazar,,Eduardo Salazar,,Eduardo Salazar,,Eduardo Salazar,,Eduardo Salazar,,Eduardo Salazar,,Eduardo Salazar,,Eduardo Salazar,,Eduardo Salazar,,Eduardo Salazar,,Eduardo Salazar,
,Eduarniel Nunez,,Eduarniel Nunez,,Eduarniel Nunez,,Eduarniel Nunez,,Eduarniel Nunez,,Eduarniel Nunez,,Eduarniel Nunez,,Eduarniel Nunez,,Eduarniel Nunez,,Eduarniel Nunez,,Eduarniel Nunez,,Eduarniel Nunez,
,Edward Cabrera,,Edward Cabrera,,Edward Cabrera,,Edward Cabrera,,Edward Cabrera,,Edward Cabrera,,Edward Cabrera,,Edward Cabrera,,Edward Cabrera,,Edward Cabrera,,Edward Cabrera,,Edward Cabrera,
,Edwin Diaz,,Edwin Diaz,,Edwin Diaz,,Edwin Diaz,,Edwin Diaz,,Edwin Diaz,,Edwin Diaz,,Edwin Diaz,,Edwin Diaz,,Edwin Diaz,,Edwin Diaz,,Edwin Diaz,
,Edwin Uceta,,Edwin Uceta,,Edwin Uceta,,Edwin Uceta,,Edwin Uceta,,Edwin Uceta,,Edwin Uceta,,Edwin Uceta,,Edwin Uceta,,Edwin Uceta,,Edwin Uceta,,Edwin Uceta,
,Eli Morgan,,Eli Morgan,,Eli Morgan,,Eli Morgan,,Eli Morgan,,Eli Morgan,,Eli Morgan,,Eli Morgan,,Eli Morgan,,Eli Morgan,,Eli Morgan,,Eli Morgan,
,Eli White,,Eli White,,Eli White,,Eli White,,Eli White,,Eli White,,Eli White,,Eli White,,Eli White,,Eli White,,Eli White,,Eli White,
,Elias Diaz,,Elias Diaz,,Elias Diaz,,Elias Diaz,,Elias Diaz,,Elias Diaz,,Elias Diaz,,Elias Diaz,,Elias Diaz,,Elias Diaz,,Elias Diaz,,Elias Diaz,
,Elly De La Cruz,,Elly De La Cruz,,Elly De La Cruz,,Elly De La Cruz,,Elly De La Cruz,,Elly De La Cruz,,Elly De La Cruz,,Elly De La Cruz,,Elly De La Cruz,,Elly De La Cruz,,Elly De La Cruz,,Elly De La Cruz,
,Elmer Rodriguez-Cruz,,Elmer Rodriguez-Cruz,,Elmer Rodriguez-Cruz,,Elmer Rodriguez-Cruz,,Elmer Rodriguez-Cruz,,Elmer Rodriguez-Cruz,,Elmer Rodriguez-Cruz,,Elmer Rodriguez-Cruz,,Elmer Rodriguez-Cruz,,Elmer Rodriguez-Cruz,,Elmer Rodriguez-Cruz,,Elmer Rodriguez-Cruz,
,Eloy Jimenez,,Eloy Jimenez,,Eloy Jimenez,,Eloy Jimenez,,Eloy Jimenez,,Eloy Jimenez,,Eloy Jimenez,,Eloy Jimenez,,Eloy Jimenez,,Eloy Jimenez,,Eloy Jimenez,,Eloy Jimenez,
,Elvin Rodriguez,,Elvin Rodriguez,,Elvin Rodriguez,,Elvin Rodriguez,,Elvin Rodriguez,,Elvin Rodriguez,,Elvin Rodriguez,,Elvin Rodriguez,,Elvin Rodriguez,,Elvin Rodriguez,,Elvin Rodriguez,,Elvin Rodriguez,
,Elvis Alvarado,,Elvis Alvarado,,Elvis Alvarado,,Elvis Alvarado,,Elvis Alvarado,,Elvis Alvarado,,Elvis Alvarado,,Elvis Alvarado,,Elvis Alvarado,,Elvis Alvarado,,Elvis Alvarado,,Elvis Alvarado,
,Elvis Peguero,,Elvis Peguero,,Elvis Peguero,,Elvis Peguero,,Elvis Peguero,,Elvis Peguero,,Elvis Peguero,,Elvis Peguero,,Elvis Peguero,,Elvis Peguero,,Elvis Peguero,,Elvis Peguero,
,Emerson Hancock,,Emerson Hancock,,Emerson Hancock,,Emerson Hancock,,Emerson Hancock,,Emerson Hancock,,Emerson Hancock,,Emerson Hancock,,Emerson Hancock,,Emerson Hancock,,Emerson Hancock,,Emerson Hancock,
,Emiliano Teodo,,Emiliano Teodo,,Emiliano Teodo,,Emiliano Teodo,,Emiliano Teodo,,Emiliano Teodo,,Emiliano Teodo,,Emiliano Teodo,,Emiliano Teodo,,Emiliano Teodo,,Emiliano Teodo,,Emiliano Teodo,
,Emilio Pagan,,Emilio Pagan,,Emilio Pagan,,Emilio Pagan,,Emilio Pagan,,Emilio Pagan,,Emilio Pagan,,Emilio Pagan,,Emilio Pagan,,Emilio Pagan,,Emilio Pagan,,Emilio Pagan,
,Emmanuel Rodriguez,,Emmanuel Rodriguez,,Emmanuel Rodriguez,,Emmanuel Rodriguez,,Emmanuel Rodriguez,,Emmanuel Rodriguez,,Emmanuel Rodriguez,,Emmanuel Rodriguez,,Emmanuel Rodriguez,,Emmanuel Rodriguez,,Emmanuel Rodriguez,,Emmanuel Rodriguez,
,Emmet Sheehan,,Emmet Sheehan,,Emmet Sheehan,,Emmet Sheehan,,Emmet Sheehan,,Emmet Sheehan,,Emmet Sheehan,,Emmet Sheehan,,Emmet Sheehan,,Emmet Sheehan,,Emmet Sheehan,,Emmet Sheehan,
,Endy Rodriguez,,Endy Rodriguez,,Endy Rodriguez,,Endy Rodriguez,,Endy Rodriguez,,Endy Rodriguez,,Endy Rodriguez,,Endy Rodriguez,,Endy Rodriguez,,Endy Rodriguez,,Endy Rodriguez,,Endy Rodriguez,
,Enmanuel Valdez,,Enmanuel Valdez,,Enmanuel Valdez,,Enmanuel Valdez,,Enmanuel Valdez,,Enmanuel Valdez,,Enmanuel Valdez,,Enmanuel Valdez,,Enmanuel Valdez,,Enmanuel Valdez,,Enmanuel Valdez,,Enmanuel Valdez,
,Enoli Paredes,,Enoli Paredes,,Enoli Paredes,,Enoli Paredes,,Enoli Paredes,,Enoli Paredes,,Enoli Paredes,,Enoli Paredes,,Enoli Paredes,,Enoli Paredes,,Enoli Paredes,,Enoli Paredes,
,Enrique Bradfield Jr.,,Enrique Bradfield Jr.,,Enrique Bradfield Jr.,,Enrique Bradfield Jr.,,Enrique Bradfield Jr.,,Enrique Bradfield Jr.,,Enrique Bradfield Jr.,,Enrique Bradfield Jr.,,Enrique Bradfield Jr.,,Enrique Bradfield Jr.,,Enrique Bradfield Jr.,,Enrique Bradfield Jr.,
,Enrique Hernandez,,Enrique Hernandez,,Enrique Hernandez,,Enrique Hernandez,,Enrique Hernandez,,Enrique Hernandez,,Enrique Hernandez,,Enrique Hernandez,,Enrique Hernandez,,Enrique Hernandez,,Enrique Hernandez,,Enrique Hernandez,
,Enyel De Los Santos,,Enyel De Los Santos,,Enyel De Los Santos,,Enyel De Los Santos,,Enyel De Los Santos,,Enyel De Los Santos,,Enyel De Los Santos,,Enyel De Los Santos,,Enyel De Los Santos,,Enyel De Los Santos,,Enyel De Los Santos,,Enyel De Los Santos,
,Eric Cerantola,,Eric Cerantola,,Eric Cerantola,,Eric Cerantola,,Eric Cerantola,,Eric Cerantola,,Eric Cerantola,,Eric Cerantola,,Eric Cerantola,,Eric Cerantola,,Eric Cerantola,,Eric Cerantola,
,Eric Lauer,,Eric Lauer,,Eric Lauer,,Eric Lauer,,Eric Lauer,,Eric Lauer,,Eric Lauer,,Eric Lauer,,Eric Lauer,,Eric Lauer,,Eric Lauer,,Eric Lauer,
,Eric Orze,,Eric Orze,,Eric Orze,,Eric Orze,,Eric Orze,,Eric Orze,,Eric Orze,,Eric Orze,,Eric Orze,,Eric Orze,,Eric Orze,,Eric Orze,
,Eric Wagaman,,Eric Wagaman,,Eric Wagaman,,Eric Wagaman,,Eric Wagaman,,Eric Wagaman,,Eric Wagaman,,Eric Wagaman,,Eric Wagaman,,Eric Wagaman,,Eric Wagaman,,Eric Wagaman,
,Erick Fedde,,Erick Fedde,,Erick Fedde,,Erick Fedde,,Erick Fedde,,Erick Fedde,,Erick Fedde,,Erick Fedde,,Erick Fedde,,Erick Fedde,,Erick Fedde,,Erick Fedde,
,Erik Miller,,Erik Miller,,Erik Miller,,Erik Miller,,Erik Miller,,Erik Miller,,Erik Miller,,Erik Miller,,Erik Miller,,Erik Miller,,Erik Miller,,Erik Miller,
,Erik Sabrowski,,Erik Sabrowski,,Erik Sabrowski,,Erik Sabrowski,,Erik Sabrowski,,Erik Sabrowski,,Erik Sabrowski,,Erik Sabrowski,,Erik Sabrowski,,Erik Sabrowski,,Erik Sabrowski,,Erik Sabrowski,
,Ernie Clement,,Ernie Clement,,Ernie Clement,,Ernie Clement,,Ernie Clement,,Ernie Clement,,Ernie Clement,,Ernie Clement,,Ernie Clement,,Ernie Clement,,Ernie Clement,,Ernie Clement,
,Esteury Ruiz,,Esteury Ruiz,,Esteury Ruiz,,Esteury Ruiz,,Esteury Ruiz,,Esteury Ruiz,,Esteury Ruiz,,Esteury Ruiz,,Esteury Ruiz,,Esteury Ruiz,,Esteury Ruiz,,Esteury Ruiz,
,Ethan Pecko,,Ethan Pecko,,Ethan Pecko,,Ethan Pecko,,Ethan Pecko,,Ethan Pecko,,Ethan Pecko,,Ethan Pecko,,Ethan Pecko,,Ethan Pecko,,Ethan Pecko,,Ethan Pecko,
,Ethan Roberts,,Ethan Roberts,,Ethan Roberts,,Ethan Roberts,,Ethan Roberts,,Ethan Roberts,,Ethan Roberts,,Ethan Roberts,,Ethan Roberts,,Ethan Roberts,,Ethan Roberts,,Ethan Roberts,
,Eugenio Suarez,,Eugenio Suarez,,Eugenio Suarez,,Eugenio Suarez,,Eugenio Suarez,,Eugenio Suarez,,Eugenio Suarez,,Eugenio Suarez,,Eugenio Suarez,,Eugenio Suarez,,Eugenio Suarez,,Eugenio Suarez,
,Eury Perez,,Eury Perez,,Eury Perez,,Eury Perez,,Eury Perez,,Eury Perez,,Eury Perez,,Eury Perez,,Eury Perez,,Eury Perez,,Eury Perez,,Eury Perez,
,Evan Carter,,Evan Carter,,Evan Carter,,Evan Carter,,Evan Carter,,Evan Carter,,Evan Carter,,Evan Carter,,Evan Carter,,Evan Carter,,Evan Carter,,Evan Carter,
,Evan Phillips,,Evan Phillips,,Evan Phillips,,Evan Phillips,,Evan Phillips,,Evan Phillips,,Evan Phillips,,Evan Phillips,,Evan Phillips,,Evan Phillips,,Evan Phillips,,Evan Phillips,
,Evan Sisk,,Evan Sisk,,Evan Sisk,,Evan Sisk,,Evan Sisk,,Evan Sisk,,Evan Sisk,,Evan Sisk,,Evan Sisk,,Evan Sisk,,Evan Sisk,,Evan Sisk,
,Everson Pereira,,Everson Pereira,,Everson Pereira,,Everson Pereira,,Everson Pereira,,Everson Pereira,,Everson Pereira,,Everson Pereira,,Everson Pereira,,Everson Pereira,,Everson Pereira,,Everson Pereira,
,Ezequiel Duran,,Ezequiel Duran,,Ezequiel Duran,,Ezequiel Duran,,Ezequiel Duran,,Ezequiel Duran,,Ezequiel Duran,,Ezequiel Duran,,Ezequiel Duran,,Ezequiel Duran,,Ezequiel Duran,,Ezequiel Duran,
,Ezequiel Tovar,,Ezequiel Tovar,,Ezequiel Tovar,,Ezequiel Tovar,,Ezequiel Tovar,,Ezequiel Tovar,,Ezequiel Tovar,,Ezequiel Tovar,,Ezequiel Tovar,,Ezequiel Tovar,,Ezequiel Tovar,,Ezequiel Tovar,
,Fernando Cruz,,Fernando Cruz,,Fernando Cruz,,Fernando Cruz,,Fernando Cruz,,Fernando Cruz,,Fernando Cruz,,Fernando Cruz,,Fernando Cruz,,Fernando Cruz,,Fernando Cruz,,Fernando Cruz,
,Fernando Tatis Jr.,,Fernando Tatis Jr.,,Fernando Tatis Jr.,,Fernando Tatis Jr.,,Fernando Tatis Jr.,,Fernando Tatis Jr.,,Fernando Tatis Jr.,,Fernando Tatis Jr.,,Fernando Tatis Jr.,,Fernando Tatis Jr.,,Fernando Tatis Jr.,,Fernando Tatis Jr.,
,Foster Griffin,,Foster Griffin,,Foster Griffin,,Foster Griffin,,Foster Griffin,,Foster Griffin,,Foster Griffin,,Foster Griffin,,Foster Griffin,,Foster Griffin,,Foster Griffin,,Foster Griffin,
,Framber Valdez,,Framber Valdez,,Framber Valdez,,Framber Valdez,,Framber Valdez,,Framber Valdez,,Framber Valdez,,Framber Valdez,,Framber Valdez,,Framber Valdez,,Framber Valdez,,Framber Valdez,
,Francisco Alvarez,,Francisco Alvarez,,Francisco Alvarez,,Francisco Alvarez,,Francisco Alvarez,,Francisco Alvarez,,Francisco Alvarez,,Francisco Alvarez,,Francisco Alvarez,,Francisco Alvarez,,Francisco Alvarez,,Francisco Alvarez,
,Francisco Lindor,,Francisco Lindor,,Francisco Lindor,,Francisco Lindor,,Francisco Lindor,,Francisco Lindor,,Francisco Lindor,,Francisco Lindor,,Francisco Lindor,,Francisco Lindor,,Francisco Lindor,,Francisco Lindor,
,Franco Aleman,,Franco Aleman,,Franco Aleman,,Franco Aleman,,Franco Aleman,,Franco Aleman,,Franco Aleman,,Franco Aleman,,Franco Aleman,,Franco Aleman,,Franco Aleman,,Franco Aleman,
,Freddie Freeman,,Freddie Freeman,,Freddie Freeman,,Freddie Freeman,,Freddie Freeman,,Freddie Freeman,,Freddie Freeman,,Freddie Freeman,,Freddie Freeman,,Freddie Freeman,,Freddie Freeman,,Freddie Freeman,
,Freddy Fermin,,Freddy Fermin,,Freddy Fermin,,Freddy Fermin,,Freddy Fermin,,Freddy Fermin,,Freddy Fermin,,Freddy Fermin,,Freddy Fermin,,Freddy Fermin,,Freddy Fermin,,Freddy Fermin,
,Freddy Peralta,,Freddy Peralta,,Freddy Peralta,,Freddy Peralta,,Freddy Peralta,,Freddy Peralta,,Freddy Peralta,,Freddy Peralta,,Freddy Peralta,,Freddy Peralta,,Freddy Peralta,,Freddy Peralta,
,Freddy Tarnok,,Freddy Tarnok,,Freddy Tarnok,,Freddy Tarnok,,Freddy Tarnok,,Freddy Tarnok,,Freddy Tarnok,,Freddy Tarnok,,Freddy Tarnok,,Freddy Tarnok,,Freddy Tarnok,,Freddy Tarnok,
,Gabe Speier,,Gabe Speier,,Gabe Speier,,Gabe Speier,,Gabe Speier,,Gabe Speier,,Gabe Speier,,Gabe Speier,,Gabe Speier,,Gabe Speier,,Gabe Speier,,Gabe Speier,
,Gabriel Arias,,Gabriel Arias,,Gabriel Arias,,Gabriel Arias,,Gabriel Arias,,Gabriel Arias,,Gabriel Arias,,Gabriel Arias,,Gabriel Arias,,Gabriel Arias,,Gabriel Arias,,Gabriel Arias,
,Gabriel Gonzalez,,Gabriel Gonzalez,,Gabriel Gonzalez,,Gabriel Gonzalez,,Gabriel Gonzalez,,Gabriel Gonzalez,,Gabriel Gonzalez,,Gabriel Gonzalez,,Gabriel Gonzalez,,Gabriel Gonzalez,,Gabriel Gonzalez,,Gabriel Gonzalez,
,Gabriel Moreno,,Gabriel Moreno,,Gabriel Moreno,,Gabriel Moreno,,Gabriel Moreno,,Gabriel Moreno,,Gabriel Moreno,,Gabriel Moreno,,Gabriel Moreno,,Gabriel Moreno,,Gabriel Moreno,,Gabriel Moreno,
,Gabriel Rincones Jr.,,Gabriel Rincones Jr.,,Gabriel Rincones Jr.,,Gabriel Rincones Jr.,,Gabriel Rincones Jr.,,Gabriel Rincones Jr.,,Gabriel Rincones Jr.,,Gabriel Rincones Jr.,,Gabriel Rincones Jr.,,Gabriel Rincones Jr.,,Gabriel Rincones Jr.,,Gabriel Rincones Jr.,
,Gage Jump,,Gage Jump,,Gage Jump,,Gage Jump,,Gage Jump,,Gage Jump,,Gage Jump,,Gage Jump,,Gage Jump,,Gage Jump,,Gage Jump,,Gage Jump,
,Garrett Acton,,Garrett Acton,,Garrett Acton,,Garrett Acton,,Garrett Acton,,Garrett Acton,,Garrett Acton,,Garrett Acton,,Garrett Acton,,Garrett Acton,,Garrett Acton,,Garrett Acton,
,Garrett Cleavinger,,Garrett Cleavinger,,Garrett Cleavinger,,Garrett Cleavinger,,Garrett Cleavinger,,Garrett Cleavinger,,Garrett Cleavinger,,Garrett Cleavinger,,Garrett Cleavinger,,Garrett Cleavinger,,Garrett Cleavinger,,Garrett Cleavinger,
,Garrett Crochet,,Garrett Crochet,,Garrett Crochet,,Garrett Crochet,,Garrett Crochet,,Garrett Crochet,,Garrett Crochet,,Garrett Crochet,,Garrett Crochet,,Garrett Crochet,,Garrett Crochet,,Garrett Crochet,
,Garrett Hampson,,Garrett Hampson,,Garrett Hampson,,Garrett Hampson,,Garrett Hampson,,Garrett Hampson,,Garrett Hampson,,Garrett Hampson,,Garrett Hampson,,Garrett Hampson,,Garrett Hampson,,Garrett Hampson,
,Garrett Mitchell,,Garrett Mitchell,,Garrett Mitchell,,Garrett Mitchell,,Garrett Mitchell,,Garrett Mitchell,,Garrett Mitchell,,Garrett Mitchell,,Garrett Mitchell,,Garrett Mitchell,,Garrett Mitchell,,Garrett Mitchell,
,Garrett Stubbs,,Garrett Stubbs,,Garrett Stubbs,,Garrett Stubbs,,Garrett Stubbs,,Garrett Stubbs,,Garrett Stubbs,,Garrett Stubbs,,Garrett Stubbs,,Garrett Stubbs,,Garrett Stubbs,,Garrett Stubbs,
,Garrett Whitlock,,Garrett Whitlock,,Garrett Whitlock,,Garrett Whitlock,,Garrett Whitlock,,Garrett Whitlock,,Garrett Whitlock,,Garrett Whitlock,,Garrett Whitlock,,Garrett Whitlock,,Garrett Whitlock,,Garrett Whitlock,
,Gary Sanchez,,Gary Sanchez,,Gary Sanchez,,Gary Sanchez,,Gary Sanchez,,Gary Sanchez,,Gary Sanchez,,Gary Sanchez,,Gary Sanchez,,Gary Sanchez,,Gary Sanchez,,Gary Sanchez,
,Gavin Hollowell,,Gavin Hollowell,,Gavin Hollowell,,Gavin Hollowell,,Gavin Hollowell,,Gavin Hollowell,,Gavin Hollowell,,Gavin Hollowell,,Gavin Hollowell,,Gavin Hollowell,,Gavin Hollowell,,Gavin Hollowell,
,Gavin Lux,,Gavin Lux,,Gavin Lux,,Gavin Lux,,Gavin Lux,,Gavin Lux,,Gavin Lux,,Gavin Lux,,Gavin Lux,,Gavin Lux,,Gavin Lux,,Gavin Lux,
,Gavin Sheets,,Gavin Sheets,,Gavin Sheets,,Gavin Sheets,,Gavin Sheets,,Gavin Sheets,,Gavin Sheets,,Gavin Sheets,,Gavin Sheets,,Gavin Sheets,,Gavin Sheets,,Gavin Sheets,
,Gavin Stone,,Gavin Stone,,Gavin Stone,,Gavin Stone,,Gavin Stone,,Gavin Stone,,Gavin Stone,,Gavin Stone,,Gavin Stone,,Gavin Stone,,Gavin Stone,,Gavin Stone,
,Gavin Williams,,Gavin Williams,,Gavin Williams,,Gavin Williams,,Gavin Williams,,Gavin Williams,,Gavin Williams,,Gavin Williams,,Gavin Williams,,Gavin Williams,,Gavin Williams,,Gavin Williams,
,Genesis Cabrera,,Genesis Cabrera,,Genesis Cabrera,,Genesis Cabrera,,Genesis Cabrera,,Genesis Cabrera,,Genesis Cabrera,,Genesis Cabrera,,Genesis Cabrera,,Genesis Cabrera,,Genesis Cabrera,,Genesis Cabrera,
,George Kirby,,George Kirby,,George Kirby,,George Kirby,,George Kirby,,George Kirby,,George Kirby,,George Kirby,,George Kirby,,George Kirby,,George Kirby,,George Kirby,
,George Klassen,,George Klassen,,George Klassen,,George Klassen,,George Klassen,,George Klassen,,George Klassen,,George Klassen,,George Klassen,,George Klassen,,George Klassen,,George Klassen,
,George Soriano,,George Soriano,,George Soriano,,George Soriano,,George Soriano,,George Soriano,,George Soriano,,George Soriano,,George Soriano,,George Soriano,,George Soriano,,George Soriano,
,George Springer,,George Springer,,George Springer,,George Springer,,George Springer,,George Springer,,George Springer,,George Springer,,George Springer,,George Springer,,George Springer,,George Springer,
,George Valera,,George Valera,,George Valera,,George Valera,,George Valera,,George Valera,,George Valera,,George Valera,,George Valera,,George Valera,,George Valera,,George Valera,
,Geraldo Perdomo,,Geraldo Perdomo,,Geraldo Perdomo,,Geraldo Perdomo,,Geraldo Perdomo,,Geraldo Perdomo,,Geraldo Perdomo,,Geraldo Perdomo,,Geraldo Perdomo,,Geraldo Perdomo,,Geraldo Perdomo,,Geraldo Perdomo,
,German Marquez,,German Marquez,,German Marquez,,German Marquez,,German Marquez,,German Marquez,,German Marquez,,German Marquez,,German Marquez,,German Marquez,,German Marquez,,German Marquez,
,Gerrit Cole,,Gerrit Cole,,Gerrit Cole,,Gerrit Cole,,Gerrit Cole,,Gerrit Cole,,Gerrit Cole,,Gerrit Cole,,Gerrit Cole,,Gerrit Cole,,Gerrit Cole,,Gerrit Cole,
,Giancarlo Stanton,,Giancarlo Stanton,,Giancarlo Stanton,,Giancarlo Stanton,,Giancarlo Stanton,,Giancarlo Stanton,,Giancarlo Stanton,,Giancarlo Stanton,,Giancarlo Stanton,,Giancarlo Stanton,,Giancarlo Stanton,,Giancarlo Stanton,
,Gio Urshela,,Gio Urshela,,Gio Urshela,,Gio Urshela,,Gio Urshela,,Gio Urshela,,Gio Urshela,,Gio Urshela,,Gio Urshela,,Gio Urshela,,Gio Urshela,,Gio Urshela,
,Gleyber Torres,,Gleyber Torres,,Gleyber Torres,,Gleyber Torres,,Gleyber Torres,,Gleyber Torres,,Gleyber Torres,,Gleyber Torres,,Gleyber Torres,,Gleyber Torres,,Gleyber Torres,,Gleyber Torres,
,Gordon Graceffo,,Gordon Graceffo,,Gordon Graceffo,,Gordon Graceffo,,Gordon Graceffo,,Gordon Graceffo,,Gordon Graceffo,,Gordon Graceffo,,Gordon Graceffo,,Gordon Graceffo,,Gordon Graceffo,,Gordon Graceffo,
,Graham Ashcraft,,Graham Ashcraft,,Graham Ashcraft,,Graham Ashcraft,,Graham Ashcraft,,Graham Ashcraft,,Graham Ashcraft,,Graham Ashcraft,,Graham Ashcraft,,Graham Ashcraft,,Graham Ashcraft,,Graham Ashcraft,
,Graham Pauley,,Graham Pauley,,Graham Pauley,,Graham Pauley,,Graham Pauley,,Graham Pauley,,Graham Pauley,,Graham Pauley,,Graham Pauley,,Graham Pauley,,Graham Pauley,,Graham Pauley,
,Grant Anderson,,Grant Anderson,,Grant Anderson,,Grant Anderson,,Grant Anderson,,Grant Anderson,,Grant Anderson,,Grant Anderson,,Grant Anderson,,Grant Anderson,,Grant Anderson,,Grant Anderson,
,Grant Holman,,Grant Holman,,Grant Holman,,Grant Holman,,Grant Holman,,Grant Holman,,Grant Holman,,Grant Holman,,Grant Holman,,Grant Holman,,Grant Holman,,Grant Holman,
,Grant Holmes,,Grant Holmes,,Grant Holmes,,Grant Holmes,,Grant Holmes,,Grant Holmes,,Grant Holmes,,Grant Holmes,,Grant Holmes,,Grant Holmes,,Grant Holmes,,Grant Holmes,
,Grant McCray,,Grant McCray,,Grant McCray,,Grant McCray,,Grant McCray,,Grant McCray,,Grant McCray,,Grant McCray,,Grant McCray,,Grant McCray,,Grant McCray,,Grant McCray,
,Grant Taylor,,Grant Taylor,,Grant Taylor,,Grant Taylor,,Grant Taylor,,Grant Taylor,,Grant Taylor,,Grant Taylor,,Grant Taylor,,Grant Taylor,,Grant Taylor,,Grant Taylor,
,Grant Wolfram,,Grant Wolfram,,Grant Wolfram,,Grant Wolfram,,Grant Wolfram,,Grant Wolfram,,Grant Wolfram,,Grant Wolfram,,Grant Wolfram,,Grant Wolfram,,Grant Wolfram,,Grant Wolfram,
,Grayson Rodriguez,,Grayson Rodriguez,,Grayson Rodriguez,,Grayson Rodriguez,,Grayson Rodriguez,,Grayson Rodriguez,,Grayson Rodriguez,,Grayson Rodriguez,,Grayson Rodriguez,,Grayson Rodriguez,,Grayson Rodriguez,,Grayson Rodriguez,
,Greg Weissert,,Greg Weissert,,Greg Weissert,,Greg Weissert,,Greg Weissert,,Greg Weissert,,Greg Weissert,,Greg Weissert,,Greg Weissert,,Greg Weissert,,Greg Weissert,,Greg Weissert,
,Gregory Santos,,Gregory Santos,,Gregory Santos,,Gregory Santos,,Gregory Santos,,Gregory Santos,,Gregory Santos,,Gregory Santos,,Gregory Santos,,Gregory Santos,,Gregory Santos,,Gregory Santos,
,Gregory Soto,,Gregory Soto,,Gregory Soto,,Gregory Soto,,Gregory Soto,,Gregory Soto,,Gregory Soto,,Gregory Soto,,Gregory Soto,,Gregory Soto,,Gregory Soto,,Gregory Soto,
,Griff McGarry,,Griff McGarry,,Griff McGarry,,Griff McGarry,,Griff McGarry,,Griff McGarry,,Griff McGarry,,Griff McGarry,,Griff McGarry,,Griff McGarry,,Griff McGarry,,Griff McGarry,
,Griffin Canning,,Griffin Canning,,Griffin Canning,,Griffin Canning,,Griffin Canning,,Griffin Canning,,Griffin Canning,,Griffin Canning,,Griffin Canning,,Griffin Canning,,Griffin Canning,,Griffin Canning,
,Griffin Conine,,Griffin Conine,,Griffin Conine,,Griffin Conine,,Griffin Conine,,Griffin Conine,,Griffin Conine,,Griffin Conine,,Griffin Conine,,Griffin Conine,,Griffin Conine,,Griffin Conine,
,Griffin Jax,,Griffin Jax,,Griffin Jax,,Griffin Jax,,Griffin Jax,,Griffin Jax,,Griffin Jax,,Griffin Jax,,Griffin Jax,,Griffin Jax,,Griffin Jax,,Griffin Jax,
,Gunnar Henderson,,Gunnar Henderson,,Gunnar Henderson,,Gunnar Henderson,,Gunnar Henderson,,Gunnar Henderson,,Gunnar Henderson,,Gunnar Henderson,,Gunnar Henderson,,Gunnar Henderson,,Gunnar Henderson,,Gunnar Henderson,
,Gunnar Hoglund,,Gunnar Hoglund,,Gunnar Hoglund,,Gunnar Hoglund,,Gunnar Hoglund,,Gunnar Hoglund,,Gunnar Hoglund,,Gunnar Hoglund,,Gunnar Hoglund,,Gunnar Hoglund,,Gunnar Hoglund,,Gunnar Hoglund,
,Gus Varland,,Gus Varland,,Gus Varland,,Gus Varland,,Gus Varland,,Gus Varland,,Gus Varland,,Gus Varland,,Gus Varland,,Gus Varland,,Gus Varland,,Gus Varland,
,Gustavo Campero,,Gustavo Campero,,Gustavo Campero,,Gustavo Campero,,Gustavo Campero,,Gustavo Campero,,Gustavo Campero,,Gustavo Campero,,Gustavo Campero,,Gustavo Campero,,Gustavo Campero,,Gustavo Campero,
,Hagen Smith,,Hagen Smith,,Hagen Smith,,Hagen Smith,,Hagen Smith,,Hagen Smith,,Hagen Smith,,Hagen Smith,,Hagen Smith,,Hagen Smith,,Hagen Smith,,Hagen Smith,
,Hao-Yu Lee,,Hao-Yu Lee,,Hao-Yu Lee,,Hao-Yu Lee,,Hao-Yu Lee,,Hao-Yu Lee,,Hao-Yu Lee,,Hao-Yu Lee,,Hao-Yu Lee,,Hao-Yu Lee,,Hao-Yu Lee,,Hao-Yu Lee,
,Harrison Bader,,Harrison Bader,,Harrison Bader,,Harrison Bader,,Harrison Bader,,Harrison Bader,,Harrison Bader,,Harrison Bader,,Harrison Bader,,Harrison Bader,,Harrison Bader,,Harrison Bader,
,Harry Ford,,Harry Ford,,Harry Ford,,Harry Ford,,Harry Ford,,Harry Ford,,Harry Ford,,Harry Ford,,Harry Ford,,Harry Ford,,Harry Ford,,Harry Ford,
,Ha-Seong Kim,,Ha-Seong Kim,,Ha-Seong Kim,,Ha-Seong Kim,,Ha-Seong Kim,,Ha-Seong Kim,,Ha-Seong Kim,,Ha-Seong Kim,,Ha-Seong Kim,,Ha-Seong Kim,,Ha-Seong Kim,,Ha-Seong Kim,
,Hayden Birdsong,,Hayden Birdsong,,Hayden Birdsong,,Hayden Birdsong,,Hayden Birdsong,,Hayden Birdsong,,Hayden Birdsong,,Hayden Birdsong,,Hayden Birdsong,,Hayden Birdsong,,Hayden Birdsong,,Hayden Birdsong,
,Hayden Harris,,Hayden Harris,,Hayden Harris,,Hayden Harris,,Hayden Harris,,Hayden Harris,,Hayden Harris,,Hayden Harris,,Hayden Harris,,Hayden Harris,,Hayden Harris,,Hayden Harris,
,Hayden Senger,,Hayden Senger,,Hayden Senger,,Hayden Senger,,Hayden Senger,,Hayden Senger,,Hayden Senger,,Hayden Senger,,Hayden Senger,,Hayden Senger,,Hayden Senger,,Hayden Senger,
,Hayden Wesneski,,Hayden Wesneski,,Hayden Wesneski,,Hayden Wesneski,,Hayden Wesneski,,Hayden Wesneski,,Hayden Wesneski,,Hayden Wesneski,,Hayden Wesneski,,Hayden Wesneski,,Hayden Wesneski,,Hayden Wesneski,
,Hector Neris,,Hector Neris,,Hector Neris,,Hector Neris,,Hector Neris,,Hector Neris,,Hector Neris,,Hector Neris,,Hector Neris,,Hector Neris,,Hector Neris,,Hector Neris,
,Hector Rodriguez,,Hector Rodriguez,,Hector Rodriguez,,Hector Rodriguez,,Hector Rodriguez,,Hector Rodriguez,,Hector Rodriguez,,Hector Rodriguez,,Hector Rodriguez,,Hector Rodriguez,,Hector Rodriguez,,Hector Rodriguez,
,Heliot Ramos,,Heliot Ramos,,Heliot Ramos,,Heliot Ramos,,Heliot Ramos,,Heliot Ramos,,Heliot Ramos,,Heliot Ramos,,Heliot Ramos,,Heliot Ramos,,Heliot Ramos,,Heliot Ramos,
,Henry Baez,,Henry Baez,,Henry Baez,,Henry Baez,,Henry Baez,,Henry Baez,,Henry Baez,,Henry Baez,,Henry Baez,,Henry Baez,,Henry Baez,,Henry Baez,
,Henry Bolte,,Henry Bolte,,Henry Bolte,,Henry Bolte,,Henry Bolte,,Henry Bolte,,Henry Bolte,,Henry Bolte,,Henry Bolte,,Henry Bolte,,Henry Bolte,,Henry Bolte,
,Henry Davis,,Henry Davis,,Henry Davis,,Henry Davis,,Henry Davis,,Henry Davis,,Henry Davis,,Henry Davis,,Henry Davis,,Henry Davis,,Henry Davis,,Henry Davis,
,Heriberto Hernandez,,Heriberto Hernandez,,Heriberto Hernandez,,Heriberto Hernandez,,Heriberto Hernandez,,Heriberto Hernandez,,Heriberto Hernandez,,Heriberto Hernandez,,Heriberto Hernandez,,Heriberto Hernandez,,Heriberto Hernandez,,Heriberto Hernandez,
,Heston Kjerstad,,Heston Kjerstad,,Heston Kjerstad,,Heston Kjerstad,,Heston Kjerstad,,Heston Kjerstad,,Heston Kjerstad,,Heston Kjerstad,,Heston Kjerstad,,Heston Kjerstad,,Heston Kjerstad,,Heston Kjerstad,
,Hoby Milner,,Hoby Milner,,Hoby Milner,,Hoby Milner,,Hoby Milner,,Hoby Milner,,Hoby Milner,,Hoby Milner,,Hoby Milner,,Hoby Milner,,Hoby Milner,,Hoby Milner,
,Hogan Harris,,Hogan Harris,,Hogan Harris,,Hogan Harris,,Hogan Harris,,Hogan Harris,,Hogan Harris,,Hogan Harris,,Hogan Harris,,Hogan Harris,,Hogan Harris,,Hogan Harris,
,Huascar Brazoban,,Huascar Brazoban,,Huascar Brazoban,,Huascar Brazoban,,Huascar Brazoban,,Huascar Brazoban,,Huascar Brazoban,,Huascar Brazoban,,Huascar Brazoban,,Huascar Brazoban,,Huascar Brazoban,,Huascar Brazoban,
,Hunter Barco,,Hunter Barco,,Hunter Barco,,Hunter Barco,,Hunter Barco,,Hunter Barco,,Hunter Barco,,Hunter Barco,,Hunter Barco,,Hunter Barco,,Hunter Barco,,Hunter Barco,
,Hunter Bigge,,Hunter Bigge,,Hunter Bigge,,Hunter Bigge,,Hunter Bigge,,Hunter Bigge,,Hunter Bigge,,Hunter Bigge,,Hunter Bigge,,Hunter Bigge,,Hunter Bigge,,Hunter Bigge,
,Hunter Brown,,Hunter Brown,,Hunter Brown,,Hunter Brown,,Hunter Brown,,Hunter Brown,,Hunter Brown,,Hunter Brown,,Hunter Brown,,Hunter Brown,,Hunter Brown,,Hunter Brown,
,Hunter Dobbins,,Hunter Dobbins,,Hunter Dobbins,,Hunter Dobbins,,Hunter Dobbins,,Hunter Dobbins,,Hunter Dobbins,,Hunter Dobbins,,Hunter Dobbins,,Hunter Dobbins,,Hunter Dobbins,,Hunter Dobbins,
,Hunter Feduccia,,Hunter Feduccia,,Hunter Feduccia,,Hunter Feduccia,,Hunter Feduccia,,Hunter Feduccia,,Hunter Feduccia,,Hunter Feduccia,,Hunter Feduccia,,Hunter Feduccia,,Hunter Feduccia,,Hunter Feduccia,
,Hunter Gaddis,,Hunter Gaddis,,Hunter Gaddis,,Hunter Gaddis,,Hunter Gaddis,,Hunter Gaddis,,Hunter Gaddis,,Hunter Gaddis,,Hunter Gaddis,,Hunter Gaddis,,Hunter Gaddis,,Hunter Gaddis,
,Hunter Goodman,,Hunter Goodman,,Hunter Goodman,,Hunter Goodman,,Hunter Goodman,,Hunter Goodman,,Hunter Goodman,,Hunter Goodman,,Hunter Goodman,,Hunter Goodman,,Hunter Goodman,,Hunter Goodman,
,Hunter Greene,,Hunter Greene,,Hunter Greene,,Hunter Greene,,Hunter Greene,,Hunter Greene,,Hunter Greene,,Hunter Greene,,Hunter Greene,,Hunter Greene,,Hunter Greene,,Hunter Greene,
,Hunter Harvey,,Hunter Harvey,,Hunter Harvey,,Hunter Harvey,,Hunter Harvey,,Hunter Harvey,,Hunter Harvey,,Hunter Harvey,,Hunter Harvey,,Hunter Harvey,,Hunter Harvey,,Hunter Harvey,
,Hunter Renfroe,,Hunter Renfroe,,Hunter Renfroe,,Hunter Renfroe,,Hunter Renfroe,,Hunter Renfroe,,Hunter Renfroe,,Hunter Renfroe,,Hunter Renfroe,,Hunter Renfroe,,Hunter Renfroe,,Hunter Renfroe,
,Hunter Stratton,,Hunter Stratton,,Hunter Stratton,,Hunter Stratton,,Hunter Stratton,,Hunter Stratton,,Hunter Stratton,,Hunter Stratton,,Hunter Stratton,,Hunter Stratton,,Hunter Stratton,,Hunter Stratton,
,Hunter Strickland,,Hunter Strickland,,Hunter Strickland,,Hunter Strickland,,Hunter Strickland,,Hunter Strickland,,Hunter Strickland,,Hunter Strickland,,Hunter Strickland,,Hunter Strickland,,Hunter Strickland,,Hunter Strickland,
,Hurston Waldrep,,Hurston Waldrep,,Hurston Waldrep,,Hurston Waldrep,,Hurston Waldrep,,Hurston Waldrep,,Hurston Waldrep,,Hurston Waldrep,,Hurston Waldrep,,Hurston Waldrep,,Hurston Waldrep,,Hurston Waldrep,
,Hyeseong Kim,,Hyeseong Kim,,Hyeseong Kim,,Hyeseong Kim,,Hyeseong Kim,,Hyeseong Kim,,Hyeseong Kim,,Hyeseong Kim,,Hyeseong Kim,,Hyeseong Kim,,Hyeseong Kim,,Hyeseong Kim,
,Ian Gibaut,,Ian Gibaut,,Ian Gibaut,,Ian Gibaut,,Ian Gibaut,,Ian Gibaut,,Ian Gibaut,,Ian Gibaut,,Ian Gibaut,,Ian Gibaut,,Ian Gibaut,,Ian Gibaut,
,Ian Hamilton,,Ian Hamilton,,Ian Hamilton,,Ian Hamilton,,Ian Hamilton,,Ian Hamilton,,Ian Hamilton,,Ian Hamilton,,Ian Hamilton,,Ian Hamilton,,Ian Hamilton,,Ian Hamilton,
,Ian Happ,,Ian Happ,,Ian Happ,,Ian Happ,,Ian Happ,,Ian Happ,,Ian Happ,,Ian Happ,,Ian Happ,,Ian Happ,,Ian Happ,,Ian Happ,
,Ian Seymour,,Ian Seymour,,Ian Seymour,,Ian Seymour,,Ian Seymour,,Ian Seymour,,Ian Seymour,,Ian Seymour,,Ian Seymour,,Ian Seymour,,Ian Seymour,,Ian Seymour,
,Ildemaro Vargas,,Ildemaro Vargas,,Ildemaro Vargas,,Ildemaro Vargas,,Ildemaro Vargas,,Ildemaro Vargas,,Ildemaro Vargas,,Ildemaro Vargas,,Ildemaro Vargas,,Ildemaro Vargas,,Ildemaro Vargas,,Ildemaro Vargas,
,Isaac Collins,,Isaac Collins,,Isaac Collins,,Isaac Collins,,Isaac Collins,,Isaac Collins,,Isaac Collins,,Isaac Collins,,Isaac Collins,,Isaac Collins,,Isaac Collins,,Isaac Collins,
,Isaac Mattson,,Isaac Mattson,,Isaac Mattson,,Isaac Mattson,,Isaac Mattson,,Isaac Mattson,,Isaac Mattson,,Isaac Mattson,,Isaac Mattson,,Isaac Mattson,,Isaac Mattson,,Isaac Mattson,
,Isaac Paredes,,Isaac Paredes,,Isaac Paredes,,Isaac Paredes,,Isaac Paredes,,Isaac Paredes,,Isaac Paredes,,Isaac Paredes,,Isaac Paredes,,Isaac Paredes,,Isaac Paredes,,Isaac Paredes,
,Isaiah Campbell,,Isaiah Campbell,,Isaiah Campbell,,Isaiah Campbell,,Isaiah Campbell,,Isaiah Campbell,,Isaiah Campbell,,Isaiah Campbell,,Isaiah Campbell,,Isaiah Campbell,,Isaiah Campbell,,Isaiah Campbell,
,Isiah Kiner-Falefa,,Isiah Kiner-Falefa,,Isiah Kiner-Falefa,,Isiah Kiner-Falefa,,Isiah Kiner-Falefa,,Isiah Kiner-Falefa,,Isiah Kiner-Falefa,,Isiah Kiner-Falefa,,Isiah Kiner-Falefa,,Isiah Kiner-Falefa,,Isiah Kiner-Falefa,,Isiah Kiner-Falefa,
,Ivan Herrera,,Ivan Herrera,,Ivan Herrera,,Ivan Herrera,,Ivan Herrera,,Ivan Herrera,,Ivan Herrera,,Ivan Herrera,,Ivan Herrera,,Ivan Herrera,,Ivan Herrera,,Ivan Herrera,
,Ixan Henderson,,Ixan Henderson,,Ixan Henderson,,Ixan Henderson,,Ixan Henderson,,Ixan Henderson,,Ixan Henderson,,Ixan Henderson,,Ixan Henderson,,Ixan Henderson,,Ixan Henderson,,Ixan Henderson,
,J.C. Escarra,,J.C. Escarra,,J.C. Escarra,,J.C. Escarra,,J.C. Escarra,,J.C. Escarra,,J.C. Escarra,,J.C. Escarra,,J.C. Escarra,,J.C. Escarra,,J.C. Escarra,,J.C. Escarra,
,J.P. Crawford,,J.P. Crawford,,J.P. Crawford,,J.P. Crawford,,J.P. Crawford,,J.P. Crawford,,J.P. Crawford,,J.P. Crawford,,J.P. Crawford,,J.P. Crawford,,J.P. Crawford,,J.P. Crawford,
,J.P. France,,J.P. France,,J.P. France,,J.P. France,,J.P. France,,J.P. France,,J.P. France,,J.P. France,,J.P. France,,J.P. France,,J.P. France,,J.P. France,
,J.T. Ginn,,J.T. Ginn,,J.T. Ginn,,J.T. Ginn,,J.T. Ginn,,J.T. Ginn,,J.T. Ginn,,J.T. Ginn,,J.T. Ginn,,J.T. Ginn,,J.T. Ginn,,J.T. Ginn,
,J.T. Realmuto,,J.T. Realmuto,,J.T. Realmuto,,J.T. Realmuto,,J.T. Realmuto,,J.T. Realmuto,,J.T. Realmuto,,J.T. Realmuto,,J.T. Realmuto,,J.T. Realmuto,,J.T. Realmuto,,J.T. Realmuto,
,Jac Caglianone,,Jac Caglianone,,Jac Caglianone,,Jac Caglianone,,Jac Caglianone,,Jac Caglianone,,Jac Caglianone,,Jac Caglianone,,Jac Caglianone,,Jac Caglianone,,Jac Caglianone,,Jac Caglianone,
,Jace Jung,,Jace Jung,,Jace Jung,,Jace Jung,,Jace Jung,,Jace Jung,,Jace Jung,,Jace Jung,,Jace Jung,,Jace Jung,,Jace Jung,,Jace Jung,
,Jack Dreyer,,Jack Dreyer,,Jack Dreyer,,Jack Dreyer,,Jack Dreyer,,Jack Dreyer,,Jack Dreyer,,Jack Dreyer,,Jack Dreyer,,Jack Dreyer,,Jack Dreyer,,Jack Dreyer,
,Jack Flaherty,,Jack Flaherty,,Jack Flaherty,,Jack Flaherty,,Jack Flaherty,,Jack Flaherty,,Jack Flaherty,,Jack Flaherty,,Jack Flaherty,,Jack Flaherty,,Jack Flaherty,,Jack Flaherty,
,Jack Kochanowicz,,Jack Kochanowicz,,Jack Kochanowicz,,Jack Kochanowicz,,Jack Kochanowicz,,Jack Kochanowicz,,Jack Kochanowicz,,Jack Kochanowicz,,Jack Kochanowicz,,Jack Kochanowicz,,Jack Kochanowicz,,Jack Kochanowicz,
,Jack Leiter,,Jack Leiter,,Jack Leiter,,Jack Leiter,,Jack Leiter,,Jack Leiter,,Jack Leiter,,Jack Leiter,,Jack Leiter,,Jack Leiter,,Jack Leiter,,Jack Leiter,
,Jack Little,,Jack Little,,Jack Little,,Jack Little,,Jack Little,,Jack Little,,Jack Little,,Jack Little,,Jack Little,,Jack Little,,Jack Little,,Jack Little,
,Jack Neely,,Jack Neely,,Jack Neely,,Jack Neely,,Jack Neely,,Jack Neely,,Jack Neely,,Jack Neely,,Jack Neely,,Jack Neely,,Jack Neely,,Jack Neely,
,Jack Perkins,,Jack Perkins,,Jack Perkins,,Jack Perkins,,Jack Perkins,,Jack Perkins,,Jack Perkins,,Jack Perkins,,Jack Perkins,,Jack Perkins,,Jack Perkins,,Jack Perkins,
,Jack Suwinski,,Jack Suwinski,,Jack Suwinski,,Jack Suwinski,,Jack Suwinski,,Jack Suwinski,,Jack Suwinski,,Jack Suwinski,,Jack Suwinski,,Jack Suwinski,,Jack Suwinski,,Jack Suwinski,
,Jack Winkler,,Jack Winkler,,Jack Winkler,,Jack Winkler,,Jack Winkler,,Jack Winkler,,Jack Winkler,,Jack Winkler,,Jack Winkler,,Jack Winkler,,Jack Winkler,,Jack Winkler,
,Jackson Chourio,,Jackson Chourio,,Jackson Chourio,,Jackson Chourio,,Jackson Chourio,,Jackson Chourio,,Jackson Chourio,,Jackson Chourio,,Jackson Chourio,,Jackson Chourio,,Jackson Chourio,,Jackson Chourio,
,Jackson Holliday,,Jackson Holliday,,Jackson Holliday,,Jackson Holliday,,Jackson Holliday,,Jackson Holliday,,Jackson Holliday,,Jackson Holliday,,Jackson Holliday,,Jackson Holliday,,Jackson Holliday,,Jackson Holliday,
,Jackson Jobe,,Jackson Jobe,,Jackson Jobe,,Jackson Jobe,,Jackson Jobe,,Jackson Jobe,,Jackson Jobe,,Jackson Jobe,,Jackson Jobe,,Jackson Jobe,,Jackson Jobe,,Jackson Jobe,
,Jackson Kowar,,Jackson Kowar,,Jackson Kowar,,Jackson Kowar,,Jackson Kowar,,Jackson Kowar,,Jackson Kowar,,Jackson Kowar,,Jackson Kowar,,Jackson Kowar,,Jackson Kowar,,Jackson Kowar,
,Jackson Merrill,,Jackson Merrill,,Jackson Merrill,,Jackson Merrill,,Jackson Merrill,,Jackson Merrill,,Jackson Merrill,,Jackson Merrill,,Jackson Merrill,,Jackson Merrill,,Jackson Merrill,,Jackson Merrill,
,Jackson Rutledge,,Jackson Rutledge,,Jackson Rutledge,,Jackson Rutledge,,Jackson Rutledge,,Jackson Rutledge,,Jackson Rutledge,,Jackson Rutledge,,Jackson Rutledge,,Jackson Rutledge,,Jackson Rutledge,,Jackson Rutledge,
,Jacob deGrom,,Jacob deGrom,,Jacob deGrom,,Jacob deGrom,,Jacob deGrom,,Jacob deGrom,,Jacob deGrom,,Jacob deGrom,,Jacob deGrom,,Jacob deGrom,,Jacob deGrom,,Jacob deGrom,
,Jacob Hurtubise,,Jacob Hurtubise,,Jacob Hurtubise,,Jacob Hurtubise,,Jacob Hurtubise,,Jacob Hurtubise,,Jacob Hurtubise,,Jacob Hurtubise,,Jacob Hurtubise,,Jacob Hurtubise,,Jacob Hurtubise,,Jacob Hurtubise,
,Jacob Latz,,Jacob Latz,,Jacob Latz,,Jacob Latz,,Jacob Latz,,Jacob Latz,,Jacob Latz,,Jacob Latz,,Jacob Latz,,Jacob Latz,,Jacob Latz,,Jacob Latz,
,Jacob Lopez,,Jacob Lopez,,Jacob Lopez,,Jacob Lopez,,Jacob Lopez,,Jacob Lopez,,Jacob Lopez,,Jacob Lopez,,Jacob Lopez,,Jacob Lopez,,Jacob Lopez,,Jacob Lopez,
,Jacob Melton,,Jacob Melton,,Jacob Melton,,Jacob Melton,,Jacob Melton,,Jacob Melton,,Jacob Melton,,Jacob Melton,,Jacob Melton,,Jacob Melton,,Jacob Melton,,Jacob Melton,
,Jacob Misiorowski,,Jacob Misiorowski,,Jacob Misiorowski,,Jacob Misiorowski,,Jacob Misiorowski,,Jacob Misiorowski,,Jacob Misiorowski,,Jacob Misiorowski,,Jacob Misiorowski,,Jacob Misiorowski,,Jacob Misiorowski,,Jacob Misiorowski,
,Jacob Reimer,,Jacob Reimer,,Jacob Reimer,,Jacob Reimer,,Jacob Reimer,,Jacob Reimer,,Jacob Reimer,,Jacob Reimer,,Jacob Reimer,,Jacob Reimer,,Jacob Reimer,,Jacob Reimer,
,Jacob Stallings,,Jacob Stallings,,Jacob Stallings,,Jacob Stallings,,Jacob Stallings,,Jacob Stallings,,Jacob Stallings,,Jacob Stallings,,Jacob Stallings,,Jacob Stallings,,Jacob Stallings,,Jacob Stallings,
,Jacob Webb,,Jacob Webb,,Jacob Webb,,Jacob Webb,,Jacob Webb,,Jacob Webb,,Jacob Webb,,Jacob Webb,,Jacob Webb,,Jacob Webb,,Jacob Webb,,Jacob Webb,
,Jacob Wilson,,Jacob Wilson,,Jacob Wilson,,Jacob Wilson,,Jacob Wilson,,Jacob Wilson,,Jacob Wilson,,Jacob Wilson,,Jacob Wilson,,Jacob Wilson,,Jacob Wilson,,Jacob Wilson,
,Jacob Young,,Jacob Young,,Jacob Young,,Jacob Young,,Jacob Young,,Jacob Young,,Jacob Young,,Jacob Young,,Jacob Young,,Jacob Young,,Jacob Young,,Jacob Young,
,Jaden Hill,,Jaden Hill,,Jaden Hill,,Jaden Hill,,Jaden Hill,,Jaden Hill,,Jaden Hill,,Jaden Hill,,Jaden Hill,,Jaden Hill,,Jaden Hill,,Jaden Hill,
,Jahmai Jones,,Jahmai Jones,,Jahmai Jones,,Jahmai Jones,,Jahmai Jones,,Jahmai Jones,,Jahmai Jones,,Jahmai Jones,,Jahmai Jones,,Jahmai Jones,,Jahmai Jones,,Jahmai Jones,
,Jairo Iriarte,,Jairo Iriarte,,Jairo Iriarte,,Jairo Iriarte,,Jairo Iriarte,,Jairo Iriarte,,Jairo Iriarte,,Jairo Iriarte,,Jairo Iriarte,,Jairo Iriarte,,Jairo Iriarte,,Jairo Iriarte,
,Jake Bauers,,Jake Bauers,,Jake Bauers,,Jake Bauers,,Jake Bauers,,Jake Bauers,,Jake Bauers,,Jake Bauers,,Jake Bauers,,Jake Bauers,,Jake Bauers,,Jake Bauers,
,Jake Bird,,Jake Bird,,Jake Bird,,Jake Bird,,Jake Bird,,Jake Bird,,Jake Bird,,Jake Bird,,Jake Bird,,Jake Bird,,Jake Bird,,Jake Bird,
,Jake Burger,,Jake Burger,,Jake Burger,,Jake Burger,,Jake Burger,,Jake Burger,,Jake Burger,,Jake Burger,,Jake Burger,,Jake Burger,,Jake Burger,,Jake Burger,
,Jake Cousins,,Jake Cousins,,Jake Cousins,,Jake Cousins,,Jake Cousins,,Jake Cousins,,Jake Cousins,,Jake Cousins,,Jake Cousins,,Jake Cousins,,Jake Cousins,,Jake Cousins,
,Jake Cronenworth,,Jake Cronenworth,,Jake Cronenworth,,Jake Cronenworth,,Jake Cronenworth,,Jake Cronenworth,,Jake Cronenworth,,Jake Cronenworth,,Jake Cronenworth,,Jake Cronenworth,,Jake Cronenworth,,Jake Cronenworth,
,Jake Eder,,Jake Eder,,Jake Eder,,Jake Eder,,Jake Eder,,Jake Eder,,Jake Eder,,Jake Eder,,Jake Eder,,Jake Eder,,Jake Eder,,Jake Eder,
,Jake Fraley,,Jake Fraley,,Jake Fraley,,Jake Fraley,,Jake Fraley,,Jake Fraley,,Jake Fraley,,Jake Fraley,,Jake Fraley,,Jake Fraley,,Jake Fraley,,Jake Fraley,
,Jake Irvin,,Jake Irvin,,Jake Irvin,,Jake Irvin,,Jake Irvin,,Jake Irvin,,Jake Irvin,,Jake Irvin,,Jake Irvin,,Jake Irvin,,Jake Irvin,,Jake Irvin,
,Jake Mangum,,Jake Mangum,,Jake Mangum,,Jake Mangum,,Jake Mangum,,Jake Mangum,,Jake Mangum,,Jake Mangum,,Jake Mangum,,Jake Mangum,,Jake Mangum,,Jake Mangum,
,Jake McCarthy,,Jake McCarthy,,Jake McCarthy,,Jake McCarthy,,Jake McCarthy,,Jake McCarthy,,Jake McCarthy,,Jake McCarthy,,Jake McCarthy,,Jake McCarthy,,Jake McCarthy,,Jake McCarthy,
,Jake Meyers,,Jake Meyers,,Jake Meyers,,Jake Meyers,,Jake Meyers,,Jake Meyers,,Jake Meyers,,Jake Meyers,,Jake Meyers,,Jake Meyers,,Jake Meyers,,Jake Meyers,
,Jake Rogers,,Jake Rogers,,Jake Rogers,,Jake Rogers,,Jake Rogers,,Jake Rogers,,Jake Rogers,,Jake Rogers,,Jake Rogers,,Jake Rogers,,Jake Rogers,,Jake Rogers,
,Jake Woodford,,Jake Woodford,,Jake Woodford,,Jake Woodford,,Jake Woodford,,Jake Woodford,,Jake Woodford,,Jake Woodford,,Jake Woodford,,Jake Woodford,,Jake Woodford,,Jake Woodford,
,Jakob Junis,,Jakob Junis,,Jakob Junis,,Jakob Junis,,Jakob Junis,,Jakob Junis,,Jakob Junis,,Jakob Junis,,Jakob Junis,,Jakob Junis,,Jakob Junis,,Jakob Junis,
,Jakob Marsee,,Jakob Marsee,,Jakob Marsee,,Jakob Marsee,,Jakob Marsee,,Jakob Marsee,,Jakob Marsee,,Jakob Marsee,,Jakob Marsee,,Jakob Marsee,,Jakob Marsee,,Jakob Marsee,
,Jalen Beeks,,Jalen Beeks,,Jalen Beeks,,Jalen Beeks,,Jalen Beeks,,Jalen Beeks,,Jalen Beeks,,Jalen Beeks,,Jalen Beeks,,Jalen Beeks,,Jalen Beeks,,Jalen Beeks,
,James McArthur,,James McArthur,,James McArthur,,James McArthur,,James McArthur,,James McArthur,,James McArthur,,James McArthur,,James McArthur,,James McArthur,,James McArthur,,James McArthur,
,James McCann,,James McCann,,James McCann,,James McCann,,James McCann,,James McCann,,James McCann,,James McCann,,James McCann,,James McCann,,James McCann,,James McCann,
,James Outman,,James Outman,,James Outman,,James Outman,,James Outman,,James Outman,,James Outman,,James Outman,,James Outman,,James Outman,,James Outman,,James Outman,
,James Wood,,James Wood,,James Wood,,James Wood,,James Wood,,James Wood,,James Wood,,James Wood,,James Wood,,James Wood,,James Wood,,James Wood,
,Jameson Taillon,,Jameson Taillon,,Jameson Taillon,,Jameson Taillon,,Jameson Taillon,,Jameson Taillon,,Jameson Taillon,,Jameson Taillon,,Jameson Taillon,,Jameson Taillon,,Jameson Taillon,,Jameson Taillon,
,Janson Junk,,Janson Junk,,Janson Junk,,Janson Junk,,Janson Junk,,Janson Junk,,Janson Junk,,Janson Junk,,Janson Junk,,Janson Junk,,Janson Junk,,Janson Junk,
,Jared Jones,,Jared Jones,,Jared Jones,,Jared Jones,,Jared Jones,,Jared Jones,,Jared Jones,,Jared Jones,,Jared Jones,,Jared Jones,,Jared Jones,,Jared Jones,
,Jared Koenig,,Jared Koenig,,Jared Koenig,,Jared Koenig,,Jared Koenig,,Jared Koenig,,Jared Koenig,,Jared Koenig,,Jared Koenig,,Jared Koenig,,Jared Koenig,,Jared Koenig,
,Jared Serna,,Jared Serna,,Jared Serna,,Jared Serna,,Jared Serna,,Jared Serna,,Jared Serna,,Jared Serna,,Jared Serna,,Jared Serna,,Jared Serna,,Jared Serna,
,Jared Shuster,,Jared Shuster,,Jared Shuster,,Jared Shuster,,Jared Shuster,,Jared Shuster,,Jared Shuster,,Jared Shuster,,Jared Shuster,,Jared Shuster,,Jared Shuster,,Jared Shuster,
,Jared Triolo,,Jared Triolo,,Jared Triolo,,Jared Triolo,,Jared Triolo,,Jared Triolo,,Jared Triolo,,Jared Triolo,,Jared Triolo,,Jared Triolo,,Jared Triolo,,Jared Triolo,
,Jared Young,,Jared Young,,Jared Young,,Jared Young,,Jared Young,,Jared Young,,Jared Young,,Jared Young,,Jared Young,,Jared Young,,Jared Young,,Jared Young,
,Jarlin Susana,,Jarlin Susana,,Jarlin Susana,,Jarlin Susana,,Jarlin Susana,,Jarlin Susana,,Jarlin Susana,,Jarlin Susana,,Jarlin Susana,,Jarlin Susana,,Jarlin Susana,,Jarlin Susana,
,Jarred Kelenic,,Jarred Kelenic,,Jarred Kelenic,,Jarred Kelenic,,Jarred Kelenic,,Jarred Kelenic,,Jarred Kelenic,,Jarred Kelenic,,Jarred Kelenic,,Jarred Kelenic,,Jarred Kelenic,,Jarred Kelenic,
,Jarren Duran,,Jarren Duran,,Jarren Duran,,Jarren Duran,,Jarren Duran,,Jarren Duran,,Jarren Duran,,Jarren Duran,,Jarren Duran,,Jarren Duran,,Jarren Duran,,Jarren Duran,
,Jason Adam,,Jason Adam,,Jason Adam,,Jason Adam,,Jason Adam,,Jason Adam,,Jason Adam,,Jason Adam,,Jason Adam,,Jason Adam,,Jason Adam,,Jason Adam,
,Jason Alexander,,Jason Alexander,,Jason Alexander,,Jason Alexander,,Jason Alexander,,Jason Alexander,,Jason Alexander,,Jason Alexander,,Jason Alexander,,Jason Alexander,,Jason Alexander,,Jason Alexander,
,Jason Delay,,Jason Delay,,Jason Delay,,Jason Delay,,Jason Delay,,Jason Delay,,Jason Delay,,Jason Delay,,Jason Delay,,Jason Delay,,Jason Delay,,Jason Delay,
,Jason Foley,,Jason Foley,,Jason Foley,,Jason Foley,,Jason Foley,,Jason Foley,,Jason Foley,,Jason Foley,,Jason Foley,,Jason Foley,,Jason Foley,,Jason Foley,
,Jason Heyward,,Jason Heyward,,Jason Heyward,,Jason Heyward,,Jason Heyward,,Jason Heyward,,Jason Heyward,,Jason Heyward,,Jason Heyward,,Jason Heyward,,Jason Heyward,,Jason Heyward,
,Jasson Dominguez,,Jasson Dominguez,,Jasson Dominguez,,Jasson Dominguez,,Jasson Dominguez,,Jasson Dominguez,,Jasson Dominguez,,Jasson Dominguez,,Jasson Dominguez,,Jasson Dominguez,,Jasson Dominguez,,Jasson Dominguez,
,Javier Assad,,Javier Assad,,Javier Assad,,Javier Assad,,Javier Assad,,Javier Assad,,Javier Assad,,Javier Assad,,Javier Assad,,Javier Assad,,Javier Assad,,Javier Assad,
,Javier Baez,,Javier Baez,,Javier Baez,,Javier Baez,,Javier Baez,,Javier Baez,,Javier Baez,,Javier Baez,,Javier Baez,,Javier Baez,,Javier Baez,,Javier Baez,
,Javier Sanoja,,Javier Sanoja,,Javier Sanoja,,Javier Sanoja,,Javier Sanoja,,Javier Sanoja,,Javier Sanoja,,Javier Sanoja,,Javier Sanoja,,Javier Sanoja,,Javier Sanoja,,Javier Sanoja,
,Jayden Murray,,Jayden Murray,,Jayden Murray,,Jayden Murray,,Jayden Murray,,Jayden Murray,,Jayden Murray,,Jayden Murray,,Jayden Murray,,Jayden Murray,,Jayden Murray,,Jayden Murray,
,Jayvien Sandridge,,Jayvien Sandridge,,Jayvien Sandridge,,Jayvien Sandridge,,Jayvien Sandridge,,Jayvien Sandridge,,Jayvien Sandridge,,Jayvien Sandridge,,Jayvien Sandridge,,Jayvien Sandridge,,Jayvien Sandridge,,Jayvien Sandridge,
,Jazz Chisholm Jr.,,Jazz Chisholm Jr.,,Jazz Chisholm Jr.,,Jazz Chisholm Jr.,,Jazz Chisholm Jr.,,Jazz Chisholm Jr.,,Jazz Chisholm Jr.,,Jazz Chisholm Jr.,,Jazz Chisholm Jr.,,Jazz Chisholm Jr.,,Jazz Chisholm Jr.,,Jazz Chisholm Jr.,
,Jean Cabrera,,Jean Cabrera,,Jean Cabrera,,Jean Cabrera,,Jean Cabrera,,Jean Cabrera,,Jean Cabrera,,Jean Cabrera,,Jean Cabrera,,Jean Cabrera,,Jean Cabrera,,Jean Cabrera,
,Jedixson Paez,,Jedixson Paez,,Jedixson Paez,,Jedixson Paez,,Jedixson Paez,,Jedixson Paez,,Jedixson Paez,,Jedixson Paez,,Jedixson Paez,,Jedixson Paez,,Jedixson Paez,,Jedixson Paez,
,Jeferson Quero,,Jeferson Quero,,Jeferson Quero,,Jeferson Quero,,Jeferson Quero,,Jeferson Quero,,Jeferson Quero,,Jeferson Quero,,Jeferson Quero,,Jeferson Quero,,Jeferson Quero,,Jeferson Quero,
,Jeff Criswell,,Jeff Criswell,,Jeff Criswell,,Jeff Criswell,,Jeff Criswell,,Jeff Criswell,,Jeff Criswell,,Jeff Criswell,,Jeff Criswell,,Jeff Criswell,,Jeff Criswell,,Jeff Criswell,
,Jeff Hoffman,,Jeff Hoffman,,Jeff Hoffman,,Jeff Hoffman,,Jeff Hoffman,,Jeff Hoffman,,Jeff Hoffman,,Jeff Hoffman,,Jeff Hoffman,,Jeff Hoffman,,Jeff Hoffman,,Jeff Hoffman,
,Jeff McNeil,,Jeff McNeil,,Jeff McNeil,,Jeff McNeil,,Jeff McNeil,,Jeff McNeil,,Jeff McNeil,,Jeff McNeil,,Jeff McNeil,,Jeff McNeil,,Jeff McNeil,,Jeff McNeil,
,Jeffrey Springs,,Jeffrey Springs,,Jeffrey Springs,,Jeffrey Springs,,Jeffrey Springs,,Jeffrey Springs,,Jeffrey Springs,,Jeffrey Springs,,Jeffrey Springs,,Jeffrey Springs,,Jeffrey Springs,,Jeffrey Springs,
,Jeimer Candelario,,Jeimer Candelario,,Jeimer Candelario,,Jeimer Candelario,,Jeimer Candelario,,Jeimer Candelario,,Jeimer Candelario,,Jeimer Candelario,,Jeimer Candelario,,Jeimer Candelario,,Jeimer Candelario,,Jeimer Candelario,
,Jerar Encarnacion,,Jerar Encarnacion,,Jerar Encarnacion,,Jerar Encarnacion,,Jerar Encarnacion,,Jerar Encarnacion,,Jerar Encarnacion,,Jerar Encarnacion,,Jerar Encarnacion,,Jerar Encarnacion,,Jerar Encarnacion,,Jerar Encarnacion,
,Jeremiah Estrada,,Jeremiah Estrada,,Jeremiah Estrada,,Jeremiah Estrada,,Jeremiah Estrada,,Jeremiah Estrada,,Jeremiah Estrada,,Jeremiah Estrada,,Jeremiah Estrada,,Jeremiah Estrada,,Jeremiah Estrada,,Jeremiah Estrada,
,Jeremiah Jackson,,Jeremiah Jackson,,Jeremiah Jackson,,Jeremiah Jackson,,Jeremiah Jackson,,Jeremiah Jackson,,Jeremiah Jackson,,Jeremiah Jackson,,Jeremiah Jackson,,Jeremiah Jackson,,Jeremiah Jackson,,Jeremiah Jackson,
,Jeremy Pena,,Jeremy Pena,,Jeremy Pena,,Jeremy Pena,,Jeremy Pena,,Jeremy Pena,,Jeremy Pena,,Jeremy Pena,,Jeremy Pena,,Jeremy Pena,,Jeremy Pena,,Jeremy Pena,
,Jesse Scholtens,,Jesse Scholtens,,Jesse Scholtens,,Jesse Scholtens,,Jesse Scholtens,,Jesse Scholtens,,Jesse Scholtens,,Jesse Scholtens,,Jesse Scholtens,,Jesse Scholtens,,Jesse Scholtens,,Jesse Scholtens,
,Jesse Winker,,Jesse Winker,,Jesse Winker,,Jesse Winker,,Jesse Winker,,Jesse Winker,,Jesse Winker,,Jesse Winker,,Jesse Winker,,Jesse Winker,,Jesse Winker,,Jesse Winker,
,Jesus Luzardo,,Jesus Luzardo,,Jesus Luzardo,,Jesus Luzardo,,Jesus Luzardo,,Jesus Luzardo,,Jesus Luzardo,,Jesus Luzardo,,Jesus Luzardo,,Jesus Luzardo,,Jesus Luzardo,,Jesus Luzardo,
,Jesus Rodriguez,,Jesus Rodriguez,,Jesus Rodriguez,,Jesus Rodriguez,,Jesus Rodriguez,,Jesus Rodriguez,,Jesus Rodriguez,,Jesus Rodriguez,,Jesus Rodriguez,,Jesus Rodriguez,,Jesus Rodriguez,,Jesus Rodriguez,
,Jesus Sanchez,,Jesus Sanchez,,Jesus Sanchez,,Jesus Sanchez,,Jesus Sanchez,,Jesus Sanchez,,Jesus Sanchez,,Jesus Sanchez,,Jesus Sanchez,,Jesus Sanchez,,Jesus Sanchez,,Jesus Sanchez,
,Jett Williams,,Jett Williams,,Jett Williams,,Jett Williams,,Jett Williams,,Jett Williams,,Jett Williams,,Jett Williams,,Jett Williams,,Jett Williams,,Jett Williams,,Jett Williams,
,Jhancarlos Lara,,Jhancarlos Lara,,Jhancarlos Lara,,Jhancarlos Lara,,Jhancarlos Lara,,Jhancarlos Lara,,Jhancarlos Lara,,Jhancarlos Lara,,Jhancarlos Lara,,Jhancarlos Lara,,Jhancarlos Lara,,Jhancarlos Lara,
,Jhoan Duran,,Jhoan Duran,,Jhoan Duran,,Jhoan Duran,,Jhoan Duran,,Jhoan Duran,,Jhoan Duran,,Jhoan Duran,,Jhoan Duran,,Jhoan Duran,,Jhoan Duran,,Jhoan Duran,
,Jhonathan Diaz,,Jhonathan Diaz,,Jhonathan Diaz,,Jhonathan Diaz,,Jhonathan Diaz,,Jhonathan Diaz,,Jhonathan Diaz,,Jhonathan Diaz,,Jhonathan Diaz,,Jhonathan Diaz,,Jhonathan Diaz,,Jhonathan Diaz,
,Jhonkensy Noel,,Jhonkensy Noel,,Jhonkensy Noel,,Jhonkensy Noel,,Jhonkensy Noel,,Jhonkensy Noel,,Jhonkensy Noel,,Jhonkensy Noel,,Jhonkensy Noel,,Jhonkensy Noel,,Jhonkensy Noel,,Jhonkensy Noel,
,Jhonny Pereda,,Jhonny Pereda,,Jhonny Pereda,,Jhonny Pereda,,Jhonny Pereda,,Jhonny Pereda,,Jhonny Pereda,,Jhonny Pereda,,Jhonny Pereda,,Jhonny Pereda,,Jhonny Pereda,,Jhonny Pereda,
,Jhony Brito,,Jhony Brito,,Jhony Brito,,Jhony Brito,,Jhony Brito,,Jhony Brito,,Jhony Brito,,Jhony Brito,,Jhony Brito,,Jhony Brito,,Jhony Brito,,Jhony Brito,
,Jhostynxon Garcia,,Jhostynxon Garcia,,Jhostynxon Garcia,,Jhostynxon Garcia,,Jhostynxon Garcia,,Jhostynxon Garcia,,Jhostynxon Garcia,,Jhostynxon Garcia,,Jhostynxon Garcia,,Jhostynxon Garcia,,Jhostynxon Garcia,,Jhostynxon Garcia,
,Ji Hwan Bae,,Ji Hwan Bae,,Ji Hwan Bae,,Ji Hwan Bae,,Ji Hwan Bae,,Ji Hwan Bae,,Ji Hwan Bae,,Ji Hwan Bae,,Ji Hwan Bae,,Ji Hwan Bae,,Ji Hwan Bae,,Ji Hwan Bae,
,Jimmy Crooks,,Jimmy Crooks,,Jimmy Crooks,,Jimmy Crooks,,Jimmy Crooks,,Jimmy Crooks,,Jimmy Crooks,,Jimmy Crooks,,Jimmy Crooks,,Jimmy Crooks,,Jimmy Crooks,,Jimmy Crooks,
,Jimmy Herget,,Jimmy Herget,,Jimmy Herget,,Jimmy Herget,,Jimmy Herget,,Jimmy Herget,,Jimmy Herget,,Jimmy Herget,,Jimmy Herget,,Jimmy Herget,,Jimmy Herget,,Jimmy Herget,
,JJ Bleday,,JJ Bleday,,JJ Bleday,,JJ Bleday,,JJ Bleday,,JJ Bleday,,JJ Bleday,,JJ Bleday,,JJ Bleday,,JJ Bleday,,JJ Bleday,,JJ Bleday,
,JJ Wetherholt,,JJ Wetherholt,,JJ Wetherholt,,JJ Wetherholt,,JJ Wetherholt,,JJ Wetherholt,,JJ Wetherholt,,JJ Wetherholt,,JJ Wetherholt,,JJ Wetherholt,,JJ Wetherholt,,JJ Wetherholt,
,Jo Adell,,Jo Adell,,Jo Adell,,Jo Adell,,Jo Adell,,Jo Adell,,Jo Adell,,Jo Adell,,Jo Adell,,Jo Adell,,Jo Adell,,Jo Adell,
,Joc Pederson,,Joc Pederson,,Joc Pederson,,Joc Pederson,,Joc Pederson,,Joc Pederson,,Joc Pederson,,Joc Pederson,,Joc Pederson,,Joc Pederson,,Joc Pederson,,Joc Pederson,
,Joe Boyle,,Joe Boyle,,Joe Boyle,,Joe Boyle,,Joe Boyle,,Joe Boyle,,Joe Boyle,,Joe Boyle,,Joe Boyle,,Joe Boyle,,Joe Boyle,,Joe Boyle,
,Joe Jimenez,,Joe Jimenez,,Joe Jimenez,,Joe Jimenez,,Joe Jimenez,,Joe Jimenez,,Joe Jimenez,,Joe Jimenez,,Joe Jimenez,,Joe Jimenez,,Joe Jimenez,,Joe Jimenez,
,Joe La Sorsa,,Joe La Sorsa,,Joe La Sorsa,,Joe La Sorsa,,Joe La Sorsa,,Joe La Sorsa,,Joe La Sorsa,,Joe La Sorsa,,Joe La Sorsa,,Joe La Sorsa,,Joe La Sorsa,,Joe La Sorsa,
,Joe Mack,,Joe Mack,,Joe Mack,,Joe Mack,,Joe Mack,,Joe Mack,,Joe Mack,,Joe Mack,,Joe Mack,,Joe Mack,,Joe Mack,,Joe Mack,
,Joe Musgrove,,Joe Musgrove,,Joe Musgrove,,Joe Musgrove,,Joe Musgrove,,Joe Musgrove,,Joe Musgrove,,Joe Musgrove,,Joe Musgrove,,Joe Musgrove,,Joe Musgrove,,Joe Musgrove,
,Joe Rock,,Joe Rock,,Joe Rock,,Joe Rock,,Joe Rock,,Joe Rock,,Joe Rock,,Joe Rock,,Joe Rock,,Joe Rock,,Joe Rock,,Joe Rock,
,Joe Ross,,Joe Ross,,Joe Ross,,Joe Ross,,Joe Ross,,Joe Ross,,Joe Ross,,Joe Ross,,Joe Ross,,Joe Ross,,Joe Ross,,Joe Ross,
,Joe Ryan,,Joe Ryan,,Joe Ryan,,Joe Ryan,,Joe Ryan,,Joe Ryan,,Joe Ryan,,Joe Ryan,,Joe Ryan,,Joe Ryan,,Joe Ryan,,Joe Ryan,
,Joel Payamps,,Joel Payamps,,Joel Payamps,,Joel Payamps,,Joel Payamps,,Joel Payamps,,Joel Payamps,,Joel Payamps,,Joel Payamps,,Joel Payamps,,Joel Payamps,,Joel Payamps,
,Joel Peguero,,Joel Peguero,,Joel Peguero,,Joel Peguero,,Joel Peguero,,Joel Peguero,,Joel Peguero,,Joel Peguero,,Joel Peguero,,Joel Peguero,,Joel Peguero,,Joel Peguero,
,Joey Bart,,Joey Bart,,Joey Bart,,Joey Bart,,Joey Bart,,Joey Bart,,Joey Bart,,Joey Bart,,Joey Bart,,Joey Bart,,Joey Bart,,Joey Bart,
,Joey Cantillo,,Joey Cantillo,,Joey Cantillo,,Joey Cantillo,,Joey Cantillo,,Joey Cantillo,,Joey Cantillo,,Joey Cantillo,,Joey Cantillo,,Joey Cantillo,,Joey Cantillo,,Joey Cantillo,
,Joey Estes,,Joey Estes,,Joey Estes,,Joey Estes,,Joey Estes,,Joey Estes,,Joey Estes,,Joey Estes,,Joey Estes,,Joey Estes,,Joey Estes,,Joey Estes,
,Joey Gerber,,Joey Gerber,,Joey Gerber,,Joey Gerber,,Joey Gerber,,Joey Gerber,,Joey Gerber,,Joey Gerber,,Joey Gerber,,Joey Gerber,,Joey Gerber,,Joey Gerber,
,Joey Loperfido,,Joey Loperfido,,Joey Loperfido,,Joey Loperfido,,Joey Loperfido,,Joey Loperfido,,Joey Loperfido,,Joey Loperfido,,Joey Loperfido,,Joey Loperfido,,Joey Loperfido,,Joey Loperfido,
,Joey Lucchesi,,Joey Lucchesi,,Joey Lucchesi,,Joey Lucchesi,,Joey Lucchesi,,Joey Lucchesi,,Joey Lucchesi,,Joey Lucchesi,,Joey Lucchesi,,Joey Lucchesi,,Joey Lucchesi,,Joey Lucchesi,
,Joey Meneses,,Joey Meneses,,Joey Meneses,,Joey Meneses,,Joey Meneses,,Joey Meneses,,Joey Meneses,,Joey Meneses,,Joey Meneses,,Joey Meneses,,Joey Meneses,,Joey Meneses,
,Joey Ortiz,,Joey Ortiz,,Joey Ortiz,,Joey Ortiz,,Joey Ortiz,,Joey Ortiz,,Joey Ortiz,,Joey Ortiz,,Joey Ortiz,,Joey Ortiz,,Joey Ortiz,,Joey Ortiz,
,Joey Wentz,,Joey Wentz,,Joey Wentz,,Joey Wentz,,Joey Wentz,,Joey Wentz,,Joey Wentz,,Joey Wentz,,Joey Wentz,,Joey Wentz,,Joey Wentz,,Joey Wentz,
,Joey Wiemer,,Joey Wiemer,,Joey Wiemer,,Joey Wiemer,,Joey Wiemer,,Joey Wiemer,,Joey Wiemer,,Joey Wiemer,,Joey Wiemer,,Joey Wiemer,,Joey Wiemer,,Joey Wiemer,
,Johan Oviedo,,Johan Oviedo,,Johan Oviedo,,Johan Oviedo,,Johan Oviedo,,Johan Oviedo,,Johan Oviedo,,Johan Oviedo,,Johan Oviedo,,Johan Oviedo,,Johan Oviedo,,Johan Oviedo,
,Johan Rojas,,Johan Rojas,,Johan Rojas,,Johan Rojas,,Johan Rojas,,Johan Rojas,,Johan Rojas,,Johan Rojas,,Johan Rojas,,Johan Rojas,,Johan Rojas,,Johan Rojas,
,John Brebbia,,John Brebbia,,John Brebbia,,John Brebbia,,John Brebbia,,John Brebbia,,John Brebbia,,John Brebbia,,John Brebbia,,John Brebbia,,John Brebbia,,John Brebbia,
,John Curtiss,,John Curtiss,,John Curtiss,,John Curtiss,,John Curtiss,,John Curtiss,,John Curtiss,,John Curtiss,,John Curtiss,,John Curtiss,,John Curtiss,,John Curtiss,
,John King,,John King,,John King,,John King,,John King,,John King,,John King,,John King,,John King,,John King,,John King,,John King,
,John Rave,,John Rave,,John Rave,,John Rave,,John Rave,,John Rave,,John Rave,,John Rave,,John Rave,,John Rave,,John Rave,,John Rave,
,John Rooney,,John Rooney,,John Rooney,,John Rooney,,John Rooney,,John Rooney,,John Rooney,,John Rooney,,John Rooney,,John Rooney,,John Rooney,,John Rooney,
,John Schreiber,,John Schreiber,,John Schreiber,,John Schreiber,,John Schreiber,,John Schreiber,,John Schreiber,,John Schreiber,,John Schreiber,,John Schreiber,,John Schreiber,,John Schreiber,
,Johnathan Rodriguez,,Johnathan Rodriguez,,Johnathan Rodriguez,,Johnathan Rodriguez,,Johnathan Rodriguez,,Johnathan Rodriguez,,Johnathan Rodriguez,,Johnathan Rodriguez,,Johnathan Rodriguez,,Johnathan Rodriguez,,Johnathan Rodriguez,,Johnathan Rodriguez,
,JoJo Romero,,JoJo Romero,,JoJo Romero,,JoJo Romero,,JoJo Romero,,JoJo Romero,,JoJo Romero,,JoJo Romero,,JoJo Romero,,JoJo Romero,,JoJo Romero,,JoJo Romero,
,Jon Berti,,Jon Berti,,Jon Berti,,Jon Berti,,Jon Berti,,Jon Berti,,Jon Berti,,Jon Berti,,Jon Berti,,Jon Berti,,Jon Berti,,Jon Berti,
,Jon Gray,,Jon Gray,,Jon Gray,,Jon Gray,,Jon Gray,,Jon Gray,,Jon Gray,,Jon Gray,,Jon Gray,,Jon Gray,,Jon Gray,,Jon Gray,
,Jonah Bride,,Jonah Bride,,Jonah Bride,,Jonah Bride,,Jonah Bride,,Jonah Bride,,Jonah Bride,,Jonah Bride,,Jonah Bride,,Jonah Bride,,Jonah Bride,,Jonah Bride,
,Jonah Heim,,Jonah Heim,,Jonah Heim,,Jonah Heim,,Jonah Heim,,Jonah Heim,,Jonah Heim,,Jonah Heim,,Jonah Heim,,Jonah Heim,,Jonah Heim,,Jonah Heim,
,Jonah Tong,,Jonah Tong,,Jonah Tong,,Jonah Tong,,Jonah Tong,,Jonah Tong,,Jonah Tong,,Jonah Tong,,Jonah Tong,,Jonah Tong,,Jonah Tong,,Jonah Tong,
,Jonatan Clase,,Jonatan Clase,,Jonatan Clase,,Jonatan Clase,,Jonatan Clase,,Jonatan Clase,,Jonatan Clase,,Jonatan Clase,,Jonatan Clase,,Jonatan Clase,,Jonatan Clase,,Jonatan Clase,
,Jonathan Aranda,,Jonathan Aranda,,Jonathan Aranda,,Jonathan Aranda,,Jonathan Aranda,,Jonathan Aranda,,Jonathan Aranda,,Jonathan Aranda,,Jonathan Aranda,,Jonathan Aranda,,Jonathan Aranda,,Jonathan Aranda,
,Jonathan Bowlan,,Jonathan Bowlan,,Jonathan Bowlan,,Jonathan Bowlan,,Jonathan Bowlan,,Jonathan Bowlan,,Jonathan Bowlan,,Jonathan Bowlan,,Jonathan Bowlan,,Jonathan Bowlan,,Jonathan Bowlan,,Jonathan Bowlan,
,Jonathan Cannon,,Jonathan Cannon,,Jonathan Cannon,,Jonathan Cannon,,Jonathan Cannon,,Jonathan Cannon,,Jonathan Cannon,,Jonathan Cannon,,Jonathan Cannon,,Jonathan Cannon,,Jonathan Cannon,,Jonathan Cannon,
,Jonathan India,,Jonathan India,,Jonathan India,,Jonathan India,,Jonathan India,,Jonathan India,,Jonathan India,,Jonathan India,,Jonathan India,,Jonathan India,,Jonathan India,,Jonathan India,
,Jonathan Loaisiga,,Jonathan Loaisiga,,Jonathan Loaisiga,,Jonathan Loaisiga,,Jonathan Loaisiga,,Jonathan Loaisiga,,Jonathan Loaisiga,,Jonathan Loaisiga,,Jonathan Loaisiga,,Jonathan Loaisiga,,Jonathan Loaisiga,,Jonathan Loaisiga,
,Jonathan Pintaro,,Jonathan Pintaro,,Jonathan Pintaro,,Jonathan Pintaro,,Jonathan Pintaro,,Jonathan Pintaro,,Jonathan Pintaro,,Jonathan Pintaro,,Jonathan Pintaro,,Jonathan Pintaro,,Jonathan Pintaro,,Jonathan Pintaro,
,Jonathon Long,,Jonathon Long,,Jonathon Long,,Jonathon Long,,Jonathon Long,,Jonathon Long,,Jonathon Long,,Jonathon Long,,Jonathon Long,,Jonathon Long,,Jonathon Long,,Jonathon Long,
,Jonny DeLuca,,Jonny DeLuca,,Jonny DeLuca,,Jonny DeLuca,,Jonny DeLuca,,Jonny DeLuca,,Jonny DeLuca,,Jonny DeLuca,,Jonny DeLuca,,Jonny DeLuca,,Jonny DeLuca,,Jonny DeLuca,
,Jorbit Vivas,,Jorbit Vivas,,Jorbit Vivas,,Jorbit Vivas,,Jorbit Vivas,,Jorbit Vivas,,Jorbit Vivas,,Jorbit Vivas,,Jorbit Vivas,,Jorbit Vivas,,Jorbit Vivas,,Jorbit Vivas,
,Jordan Beck,,Jordan Beck,,Jordan Beck,,Jordan Beck,,Jordan Beck,,Jordan Beck,,Jordan Beck,,Jordan Beck,,Jordan Beck,,Jordan Beck,,Jordan Beck,,Jordan Beck,
,Jordan Hicks,,Jordan Hicks,,Jordan Hicks,,Jordan Hicks,,Jordan Hicks,,Jordan Hicks,,Jordan Hicks,,Jordan Hicks,,Jordan Hicks,,Jordan Hicks,,Jordan Hicks,,Jordan Hicks,
,Jordan Lawlar,,Jordan Lawlar,,Jordan Lawlar,,Jordan Lawlar,,Jordan Lawlar,,Jordan Lawlar,,Jordan Lawlar,,Jordan Lawlar,,Jordan Lawlar,,Jordan Lawlar,,Jordan Lawlar,,Jordan Lawlar,
,Jordan Leasure,,Jordan Leasure,,Jordan Leasure,,Jordan Leasure,,Jordan Leasure,,Jordan Leasure,,Jordan Leasure,,Jordan Leasure,,Jordan Leasure,,Jordan Leasure,,Jordan Leasure,,Jordan Leasure,
,Jordan Montgomery,,Jordan Montgomery,,Jordan Montgomery,,Jordan Montgomery,,Jordan Montgomery,,Jordan Montgomery,,Jordan Montgomery,,Jordan Montgomery,,Jordan Montgomery,,Jordan Montgomery,,Jordan Montgomery,,Jordan Montgomery,
,Jordan Romano,,Jordan Romano,,Jordan Romano,,Jordan Romano,,Jordan Romano,,Jordan Romano,,Jordan Romano,,Jordan Romano,,Jordan Romano,,Jordan Romano,,Jordan Romano,,Jordan Romano,
,Jordan Walker,,Jordan Walker,,Jordan Walker,,Jordan Walker,,Jordan Walker,,Jordan Walker,,Jordan Walker,,Jordan Walker,,Jordan Walker,,Jordan Walker,,Jordan Walker,,Jordan Walker,
,Jordan Westburg,,Jordan Westburg,,Jordan Westburg,,Jordan Westburg,,Jordan Westburg,,Jordan Westburg,,Jordan Westburg,,Jordan Westburg,,Jordan Westburg,,Jordan Westburg,,Jordan Westburg,,Jordan Westburg,
,Jordan Wicks,,Jordan Wicks,,Jordan Wicks,,Jordan Wicks,,Jordan Wicks,,Jordan Wicks,,Jordan Wicks,,Jordan Wicks,,Jordan Wicks,,Jordan Wicks,,Jordan Wicks,,Jordan Wicks,
,Jordyn Adams,,Jordyn Adams,,Jordyn Adams,,Jordyn Adams,,Jordyn Adams,,Jordyn Adams,,Jordyn Adams,,Jordyn Adams,,Jordyn Adams,,Jordyn Adams,,Jordyn Adams,,Jordyn Adams,
,Jorge Alcala,,Jorge Alcala,,Jorge Alcala,,Jorge Alcala,,Jorge Alcala,,Jorge Alcala,,Jorge Alcala,,Jorge Alcala,,Jorge Alcala,,Jorge Alcala,,Jorge Alcala,,Jorge Alcala,
,Jorge Barrosa,,Jorge Barrosa,,Jorge Barrosa,,Jorge Barrosa,,Jorge Barrosa,,Jorge Barrosa,,Jorge Barrosa,,Jorge Barrosa,,Jorge Barrosa,,Jorge Barrosa,,Jorge Barrosa,,Jorge Barrosa,
,Jorge Lopez,,Jorge Lopez,,Jorge Lopez,,Jorge Lopez,,Jorge Lopez,,Jorge Lopez,,Jorge Lopez,,Jorge Lopez,,Jorge Lopez,,Jorge Lopez,,Jorge Lopez,,Jorge Lopez,
,Jorge Mateo,,Jorge Mateo,,Jorge Mateo,,Jorge Mateo,,Jorge Mateo,,Jorge Mateo,,Jorge Mateo,,Jorge Mateo,,Jorge Mateo,,Jorge Mateo,,Jorge Mateo,,Jorge Mateo,
,Jorge Polanco,,Jorge Polanco,,Jorge Polanco,,Jorge Polanco,,Jorge Polanco,,Jorge Polanco,,Jorge Polanco,,Jorge Polanco,,Jorge Polanco,,Jorge Polanco,,Jorge Polanco,,Jorge Polanco,
,Jorge Soler,,Jorge Soler,,Jorge Soler,,Jorge Soler,,Jorge Soler,,Jorge Soler,,Jorge Soler,,Jorge Soler,,Jorge Soler,,Jorge Soler,,Jorge Soler,,Jorge Soler,
,Jose A. Ferrer,,Jose A. Ferrer,,Jose A. Ferrer,,Jose A. Ferrer,,Jose A. Ferrer,,Jose A. Ferrer,,Jose A. Ferrer,,Jose A. Ferrer,,Jose A. Ferrer,,Jose A. Ferrer,,Jose A. Ferrer,,Jose A. Ferrer,
,Jose Altuve,,Jose Altuve,,Jose Altuve,,Jose Altuve,,Jose Altuve,,Jose Altuve,,Jose Altuve,,Jose Altuve,,Jose Altuve,,Jose Altuve,,Jose Altuve,,Jose Altuve,
,Jose Alvarado,,Jose Alvarado,,Jose Alvarado,,Jose Alvarado,,Jose Alvarado,,Jose Alvarado,,Jose Alvarado,,Jose Alvarado,,Jose Alvarado,,Jose Alvarado,,Jose Alvarado,,Jose Alvarado,
,Jose Berrios,,Jose Berrios,,Jose Berrios,,Jose Berrios,,Jose Berrios,,Jose Berrios,,Jose Berrios,,Jose Berrios,,Jose Berrios,,Jose Berrios,,Jose Berrios,,Jose Berrios,
,Jose Butto,,Jose Butto,,Jose Butto,,Jose Butto,,Jose Butto,,Jose Butto,,Jose Butto,,Jose Butto,,Jose Butto,,Jose Butto,,Jose Butto,,Jose Butto,
,Jose Caballero,,Jose Caballero,,Jose Caballero,,Jose Caballero,,Jose Caballero,,Jose Caballero,,Jose Caballero,,Jose Caballero,,Jose Caballero,,Jose Caballero,,Jose Caballero,,Jose Caballero,
,Jose Castillo,,Jose Castillo,,Jose Castillo,,Jose Castillo,,Jose Castillo,,Jose Castillo,,Jose Castillo,,Jose Castillo,,Jose Castillo,,Jose Castillo,,Jose Castillo,,Jose Castillo,
,Jose Corniell,,Jose Corniell,,Jose Corniell,,Jose Corniell,,Jose Corniell,,Jose Corniell,,Jose Corniell,,Jose Corniell,,Jose Corniell,,Jose Corniell,,Jose Corniell,,Jose Corniell,
,Jose De Leon,,Jose De Leon,,Jose De Leon,,Jose De Leon,,Jose De Leon,,Jose De Leon,,Jose De Leon,,Jose De Leon,,Jose De Leon,,Jose De Leon,,Jose De Leon,,Jose De Leon,
,Jose Espada,,Jose Espada,,Jose Espada,,Jose Espada,,Jose Espada,,Jose Espada,,Jose Espada,,Jose Espada,,Jose Espada,,Jose Espada,,Jose Espada,,Jose Espada,
,Jose Fermin,,Jose Fermin,,Jose Fermin,,Jose Fermin,,Jose Fermin,,Jose Fermin,,Jose Fermin,,Jose Fermin,,Jose Fermin,,Jose Fermin,,Jose Fermin,,Jose Fermin,
,Jose Fermin,,Jose Fermin,,Jose Fermin,,Jose Fermin,,Jose Fermin,,Jose Fermin,,Jose Fermin,,Jose Fermin,,Jose Fermin,,Jose Fermin,,Jose Fermin,,Jose Fermin,
,Jose Iglesias,,Jose Iglesias,,Jose Iglesias,,Jose Iglesias,,Jose Iglesias,,Jose Iglesias,,Jose Iglesias,,Jose Iglesias,,Jose Iglesias,,Jose Iglesias,,Jose Iglesias,,Jose Iglesias,
,Jose Leclerc,,Jose Leclerc,,Jose Leclerc,,Jose Leclerc,,Jose Leclerc,,Jose Leclerc,,Jose Leclerc,,Jose Leclerc,,Jose Leclerc,,Jose Leclerc,,Jose Leclerc,,Jose Leclerc,
,Jose Miranda,,Jose Miranda,,Jose Miranda,,Jose Miranda,,Jose Miranda,,Jose Miranda,,Jose Miranda,,Jose Miranda,,Jose Miranda,,Jose Miranda,,Jose Miranda,,Jose Miranda,
,Jose Quintana,,Jose Quintana,,Jose Quintana,,Jose Quintana,,Jose Quintana,,Jose Quintana,,Jose Quintana,,Jose Quintana,,Jose Quintana,,Jose Quintana,,Jose Quintana,,Jose Quintana,
,Jose Ramirez,,Jose Ramirez,,Jose Ramirez,,Jose Ramirez,,Jose Ramirez,,Jose Ramirez,,Jose Ramirez,,Jose Ramirez,,Jose Ramirez,,Jose Ramirez,,Jose Ramirez,,Jose Ramirez,
,Jose Ramos,,Jose Ramos,,Jose Ramos,,Jose Ramos,,Jose Ramos,,Jose Ramos,,Jose Ramos,,Jose Ramos,,Jose Ramos,,Jose Ramos,,Jose Ramos,,Jose Ramos,
,Jose Siri,,Jose Siri,,Jose Siri,,Jose Siri,,Jose Siri,,Jose Siri,,Jose Siri,,Jose Siri,,Jose Siri,,Jose Siri,,Jose Siri,,Jose Siri,
,Jose Soriano,,Jose Soriano,,Jose Soriano,,Jose Soriano,,Jose Soriano,,Jose Soriano,,Jose Soriano,,Jose Soriano,,Jose Soriano,,Jose Soriano,,Jose Soriano,,Jose Soriano,
,Jose Suarez,,Jose Suarez,,Jose Suarez,,Jose Suarez,,Jose Suarez,,Jose Suarez,,Jose Suarez,,Jose Suarez,,Jose Suarez,,Jose Suarez,,Jose Suarez,,Jose Suarez,
,Jose Tena,,Jose Tena,,Jose Tena,,Jose Tena,,Jose Tena,,Jose Tena,,Jose Tena,,Jose Tena,,Jose Tena,,Jose Tena,,Jose Tena,,Jose Tena,
,Jose Trevino,,Jose Trevino,,Jose Trevino,,Jose Trevino,,Jose Trevino,,Jose Trevino,,Jose Trevino,,Jose Trevino,,Jose Trevino,,Jose Trevino,,Jose Trevino,,Jose Trevino,
,Jose Urena,,Jose Urena,,Jose Urena,,Jose Urena,,Jose Urena,,Jose Urena,,Jose Urena,,Jose Urena,,Jose Urena,,Jose Urena,,Jose Urena,,Jose Urena,
,Jose Urquidy,,Jose Urquidy,,Jose Urquidy,,Jose Urquidy,,Jose Urquidy,,Jose Urquidy,,Jose Urquidy,,Jose Urquidy,,Jose Urquidy,,Jose Urquidy,,Jose Urquidy,,Jose Urquidy,
,Josh Bell,,Josh Bell,,Josh Bell,,Josh Bell,,Josh Bell,,Josh Bell,,Josh Bell,,Josh Bell,,Josh Bell,,Josh Bell,,Josh Bell,,Josh Bell,
,Josh Fleming,,Josh Fleming,,Josh Fleming,,Josh Fleming,,Josh Fleming,,Josh Fleming,,Josh Fleming,,Josh Fleming,,Josh Fleming,,Josh Fleming,,Josh Fleming,,Josh Fleming,
,Josh Hader,,Josh Hader,,Josh Hader,,Josh Hader,,Josh Hader,,Josh Hader,,Josh Hader,,Josh Hader,,Josh Hader,,Josh Hader,,Josh Hader,,Josh Hader,
,Josh Jung,,Josh Jung,,Josh Jung,,Josh Jung,,Josh Jung,,Josh Jung,,Josh Jung,,Josh Jung,,Josh Jung,,Josh Jung,,Josh Jung,,Josh Jung,
,Josh Lowe,,Josh Lowe,,Josh Lowe,,Josh Lowe,,Josh Lowe,,Josh Lowe,,Josh Lowe,,Josh Lowe,,Josh Lowe,,Josh Lowe,,Josh Lowe,,Josh Lowe,
,Josh Naylor,,Josh Naylor,,Josh Naylor,,Josh Naylor,,Josh Naylor,,Josh Naylor,,Josh Naylor,,Josh Naylor,,Josh Naylor,,Josh Naylor,,Josh Naylor,,Josh Naylor,
,Josh Rojas,,Josh Rojas,,Josh Rojas,,Josh Rojas,,Josh Rojas,,Josh Rojas,,Josh Rojas,,Josh Rojas,,Josh Rojas,,Josh Rojas,,Josh Rojas,,Josh Rojas,
,Josh Sborz,,Josh Sborz,,Josh Sborz,,Josh Sborz,,Josh Sborz,,Josh Sborz,,Josh Sborz,,Josh Sborz,,Josh Sborz,,Josh Sborz,,Josh Sborz,,Josh Sborz,
,Josh Simpson,,Josh Simpson,,Josh Simpson,,Josh Simpson,,Josh Simpson,,Josh Simpson,,Josh Simpson,,Josh Simpson,,Josh Simpson,,Josh Simpson,,Josh Simpson,,Josh Simpson,
,Josh Smith,,Josh Smith,,Josh Smith,,Josh Smith,,Josh Smith,,Josh Smith,,Josh Smith,,Josh Smith,,Josh Smith,,Josh Smith,,Josh Smith,,Josh Smith,
,Josh Walker,,Josh Walker,,Josh Walker,,Josh Walker,,Josh Walker,,Josh Walker,,Josh Walker,,Josh Walker,,Josh Walker,,Josh Walker,,Josh Walker,,Josh Walker,
,Josh Winckowski,,Josh Winckowski,,Josh Winckowski,,Josh Winckowski,,Josh Winckowski,,Josh Winckowski,,Josh Winckowski,,Josh Winckowski,,Josh Winckowski,,Josh Winckowski,,Josh Winckowski,,Josh Winckowski,
,Joshua Baez,,Joshua Baez,,Joshua Baez,,Joshua Baez,,Joshua Baez,,Joshua Baez,,Joshua Baez,,Joshua Baez,,Joshua Baez,,Joshua Baez,,Joshua Baez,,Joshua Baez,
,Josiah Gray,,Josiah Gray,,Josiah Gray,,Josiah Gray,,Josiah Gray,,Josiah Gray,,Josiah Gray,,Josiah Gray,,Josiah Gray,,Josiah Gray,,Josiah Gray,,Josiah Gray,
,Josue Briceno,,Josue Briceno,,Josue Briceno,,Josue Briceno,,Josue Briceno,,Josue Briceno,,Josue Briceno,,Josue Briceno,,Josue Briceno,,Josue Briceno,,Josue Briceno,,Josue Briceno,
,Jovani Moran,,Jovani Moran,,Jovani Moran,,Jovani Moran,,Jovani Moran,,Jovani Moran,,Jovani Moran,,Jovani Moran,,Jovani Moran,,Jovani Moran,,Jovani Moran,,Jovani Moran,
,JP Sears,,JP Sears,,JP Sears,,JP Sears,,JP Sears,,JP Sears,,JP Sears,,JP Sears,,JP Sears,,JP Sears,,JP Sears,,JP Sears,
,JR Ritchie,,JR Ritchie,,JR Ritchie,,JR Ritchie,,JR Ritchie,,JR Ritchie,,JR Ritchie,,JR Ritchie,,JR Ritchie,,JR Ritchie,,JR Ritchie,,JR Ritchie,
,JT Brubaker,,JT Brubaker,,JT Brubaker,,JT Brubaker,,JT Brubaker,,JT Brubaker,,JT Brubaker,,JT Brubaker,,JT Brubaker,,JT Brubaker,,JT Brubaker,,JT Brubaker,
,Juan Brito,,Juan Brito,,Juan Brito,,Juan Brito,,Juan Brito,,Juan Brito,,Juan Brito,,Juan Brito,,Juan Brito,,Juan Brito,,Juan Brito,,Juan Brito,
,Juan Burgos,,Juan Burgos,,Juan Burgos,,Juan Burgos,,Juan Burgos,,Juan Burgos,,Juan Burgos,,Juan Burgos,,Juan Burgos,,Juan Burgos,,Juan Burgos,,Juan Burgos,
,Juan Mejia,,Juan Mejia,,Juan Mejia,,Juan Mejia,,Juan Mejia,,Juan Mejia,,Juan Mejia,,Juan Mejia,,Juan Mejia,,Juan Mejia,,Juan Mejia,,Juan Mejia,
,Juan Morillo,,Juan Morillo,,Juan Morillo,,Juan Morillo,,Juan Morillo,,Juan Morillo,,Juan Morillo,,Juan Morillo,,Juan Morillo,,Juan Morillo,,Juan Morillo,,Juan Morillo,
,Juan Soto,,Juan Soto,,Juan Soto,,Juan Soto,,Juan Soto,,Juan Soto,,Juan Soto,,Juan Soto,,Juan Soto,,Juan Soto,,Juan Soto,,Juan Soto,
,Julian Aguiar,,Julian Aguiar,,Julian Aguiar,,Julian Aguiar,,Julian Aguiar,,Julian Aguiar,,Julian Aguiar,,Julian Aguiar,,Julian Aguiar,,Julian Aguiar,,Julian Aguiar,,Julian Aguiar,
,Julian Fernandez,,Julian Fernandez,,Julian Fernandez,,Julian Fernandez,,Julian Fernandez,,Julian Fernandez,,Julian Fernandez,,Julian Fernandez,,Julian Fernandez,,Julian Fernandez,,Julian Fernandez,,Julian Fernandez,
,Julio Rodriguez,,Julio Rodriguez,,Julio Rodriguez,,Julio Rodriguez,,Julio Rodriguez,,Julio Rodriguez,,Julio Rodriguez,,Julio Rodriguez,,Julio Rodriguez,,Julio Rodriguez,,Julio Rodriguez,,Julio Rodriguez,
,Jung Hoo Lee,,Jung Hoo Lee,,Jung Hoo Lee,,Jung Hoo Lee,,Jung Hoo Lee,,Jung Hoo Lee,,Jung Hoo Lee,,Jung Hoo Lee,,Jung Hoo Lee,,Jung Hoo Lee,,Jung Hoo Lee,,Jung Hoo Lee,
,Junior Caminero,,Junior Caminero,,Junior Caminero,,Junior Caminero,,Junior Caminero,,Junior Caminero,,Junior Caminero,,Junior Caminero,,Junior Caminero,,Junior Caminero,,Junior Caminero,,Junior Caminero,
,Junior Perez,,Junior Perez,,Junior Perez,,Junior Perez,,Junior Perez,,Junior Perez,,Junior Perez,,Junior Perez,,Junior Perez,,Junior Perez,,Junior Perez,,Junior Perez,
,Jurrangelo Cijntje,,Jurrangelo Cijntje,,Jurrangelo Cijntje,,Jurrangelo Cijntje,,Jurrangelo Cijntje,,Jurrangelo Cijntje,,Jurrangelo Cijntje,,Jurrangelo Cijntje,,Jurrangelo Cijntje,,Jurrangelo Cijntje,,Jurrangelo Cijntje,,Jurrangelo Cijntje,
,Justin Bruihl,,Justin Bruihl,,Justin Bruihl,,Justin Bruihl,,Justin Bruihl,,Justin Bruihl,,Justin Bruihl,,Justin Bruihl,,Justin Bruihl,,Justin Bruihl,,Justin Bruihl,,Justin Bruihl,
,Justin Crawford,,Justin Crawford,,Justin Crawford,,Justin Crawford,,Justin Crawford,,Justin Crawford,,Justin Crawford,,Justin Crawford,,Justin Crawford,,Justin Crawford,,Justin Crawford,,Justin Crawford,
,Justin Dean,,Justin Dean,,Justin Dean,,Justin Dean,,Justin Dean,,Justin Dean,,Justin Dean,,Justin Dean,,Justin Dean,,Justin Dean,,Justin Dean,,Justin Dean,
,Justin Foscue,,Justin Foscue,,Justin Foscue,,Justin Foscue,,Justin Foscue,,Justin Foscue,,Justin Foscue,,Justin Foscue,,Justin Foscue,,Justin Foscue,,Justin Foscue,,Justin Foscue,
,Justin Hagenman,,Justin Hagenman,,Justin Hagenman,,Justin Hagenman,,Justin Hagenman,,Justin Hagenman,,Justin Hagenman,,Justin Hagenman,,Justin Hagenman,,Justin Hagenman,,Justin Hagenman,,Justin Hagenman,
,Justin Lawrence,,Justin Lawrence,,Justin Lawrence,,Justin Lawrence,,Justin Lawrence,,Justin Lawrence,,Justin Lawrence,,Justin Lawrence,,Justin Lawrence,,Justin Lawrence,,Justin Lawrence,,Justin Lawrence,
,Justin Martinez,,Justin Martinez,,Justin Martinez,,Justin Martinez,,Justin Martinez,,Justin Martinez,,Justin Martinez,,Justin Martinez,,Justin Martinez,,Justin Martinez,,Justin Martinez,,Justin Martinez,
,Justin Slaten,,Justin Slaten,,Justin Slaten,,Justin Slaten,,Justin Slaten,,Justin Slaten,,Justin Slaten,,Justin Slaten,,Justin Slaten,,Justin Slaten,,Justin Slaten,,Justin Slaten,
,Justin Steele,,Justin Steele,,Justin Steele,,Justin Steele,,Justin Steele,,Justin Steele,,Justin Steele,,Justin Steele,,Justin Steele,,Justin Steele,,Justin Steele,,Justin Steele,
,Justin Sterner,,Justin Sterner,,Justin Sterner,,Justin Sterner,,Justin Sterner,,Justin Sterner,,Justin Sterner,,Justin Sterner,,Justin Sterner,,Justin Sterner,,Justin Sterner,,Justin Sterner,
,Justin Topa,,Justin Topa,,Justin Topa,,Justin Topa,,Justin Topa,,Justin Topa,,Justin Topa,,Justin Topa,,Justin Topa,,Justin Topa,,Justin Topa,,Justin Topa,
,Justin Turner,,Justin Turner,,Justin Turner,,Justin Turner,,Justin Turner,,Justin Turner,,Justin Turner,,Justin Turner,,Justin Turner,,Justin Turner,,Justin Turner,,Justin Turner,
,Justin Verlander,,Justin Verlander,,Justin Verlander,,Justin Verlander,,Justin Verlander,,Justin Verlander,,Justin Verlander,,Justin Verlander,,Justin Verlander,,Justin Verlander,,Justin Verlander,,Justin Verlander,
,Justin Wilson,,Justin Wilson,,Justin Wilson,,Justin Wilson,,Justin Wilson,,Justin Wilson,,Justin Wilson,,Justin Wilson,,Justin Wilson,,Justin Wilson,,Justin Wilson,,Justin Wilson,
,Justin Wrobleski,,Justin Wrobleski,,Justin Wrobleski,,Justin Wrobleski,,Justin Wrobleski,,Justin Wrobleski,,Justin Wrobleski,,Justin Wrobleski,,Justin Wrobleski,,Justin Wrobleski,,Justin Wrobleski,,Justin Wrobleski,
,Justyn-Henry Malloy,,Justyn-Henry Malloy,,Justyn-Henry Malloy,,Justyn-Henry Malloy,,Justyn-Henry Malloy,,Justyn-Henry Malloy,,Justyn-Henry Malloy,,Justyn-Henry Malloy,,Justyn-Henry Malloy,,Justyn-Henry Malloy,,Justyn-Henry Malloy,,Justyn-Henry Malloy,
,Kade Strowd,,Kade Strowd,,Kade Strowd,,Kade Strowd,,Kade Strowd,,Kade Strowd,,Kade Strowd,,Kade Strowd,,Kade Strowd,,Kade Strowd,,Kade Strowd,,Kade Strowd,
,Kaelen Culpepper,,Kaelen Culpepper,,Kaelen Culpepper,,Kaelen Culpepper,,Kaelen Culpepper,,Kaelen Culpepper,,Kaelen Culpepper,,Kaelen Culpepper,,Kaelen Culpepper,,Kaelen Culpepper,,Kaelen Culpepper,,Kaelen Culpepper,
,Kahlil Watson,,Kahlil Watson,,Kahlil Watson,,Kahlil Watson,,Kahlil Watson,,Kahlil Watson,,Kahlil Watson,,Kahlil Watson,,Kahlil Watson,,Kahlil Watson,,Kahlil Watson,,Kahlil Watson,
,Kai-Wei Teng,,Kai-Wei Teng,,Kai-Wei Teng,,Kai-Wei Teng,,Kai-Wei Teng,,Kai-Wei Teng,,Kai-Wei Teng,,Kai-Wei Teng,,Kai-Wei Teng,,Kai-Wei Teng,,Kai-Wei Teng,,Kai-Wei Teng,
,Kaleb Ort,,Kaleb Ort,,Kaleb Ort,,Kaleb Ort,,Kaleb Ort,,Kaleb Ort,,Kaleb Ort,,Kaleb Ort,,Kaleb Ort,,Kaleb Ort,,Kaleb Ort,,Kaleb Ort,
,Kameron Misner,,Kameron Misner,,Kameron Misner,,Kameron Misner,,Kameron Misner,,Kameron Misner,,Kameron Misner,,Kameron Misner,,Kameron Misner,,Kameron Misner,,Kameron Misner,,Kameron Misner,
,Kazuma Okamoto,,Kazuma Okamoto,,Kazuma Okamoto,,Kazuma Okamoto,,Kazuma Okamoto,,Kazuma Okamoto,,Kazuma Okamoto,,Kazuma Okamoto,,Kazuma Okamoto,,Kazuma Okamoto,,Kazuma Okamoto,,Kazuma Okamoto,
,Keaton Winn,,Keaton Winn,,Keaton Winn,,Keaton Winn,,Keaton Winn,,Keaton Winn,,Keaton Winn,,Keaton Winn,,Keaton Winn,,Keaton Winn,,Keaton Winn,,Keaton Winn,
,Ke'Bryan Hayes,,Ke'Bryan Hayes,,Ke'Bryan Hayes,,Ke'Bryan Hayes,,Ke'Bryan Hayes,,Ke'Bryan Hayes,,Ke'Bryan Hayes,,Ke'Bryan Hayes,,Ke'Bryan Hayes,,Ke'Bryan Hayes,,Ke'Bryan Hayes,,Ke'Bryan Hayes,
,Keegan Akin,,Keegan Akin,,Keegan Akin,,Keegan Akin,,Keegan Akin,,Keegan Akin,,Keegan Akin,,Keegan Akin,,Keegan Akin,,Keegan Akin,,Keegan Akin,,Keegan Akin,
,Keegan Thompson,,Keegan Thompson,,Keegan Thompson,,Keegan Thompson,,Keegan Thompson,,Keegan Thompson,,Keegan Thompson,,Keegan Thompson,,Keegan Thompson,,Keegan Thompson,,Keegan Thompson,,Keegan Thompson,
,Keibert Ruiz,,Keibert Ruiz,,Keibert Ruiz,,Keibert Ruiz,,Keibert Ruiz,,Keibert Ruiz,,Keibert Ruiz,,Keibert Ruiz,,Keibert Ruiz,,Keibert Ruiz,,Keibert Ruiz,,Keibert Ruiz,
,Keider Montero,,Keider Montero,,Keider Montero,,Keider Montero,,Keider Montero,,Keider Montero,,Keider Montero,,Keider Montero,,Keider Montero,,Keider Montero,,Keider Montero,,Keider Montero,
,Kemp Alderman,,Kemp Alderman,,Kemp Alderman,,Kemp Alderman,,Kemp Alderman,,Kemp Alderman,,Kemp Alderman,,Kemp Alderman,,Kemp Alderman,,Kemp Alderman,,Kemp Alderman,,Kemp Alderman,
,Ken Waldichuk,,Ken Waldichuk,,Ken Waldichuk,,Ken Waldichuk,,Ken Waldichuk,,Ken Waldichuk,,Ken Waldichuk,,Ken Waldichuk,,Ken Waldichuk,,Ken Waldichuk,,Ken Waldichuk,,Ken Waldichuk,
,Kendall Graveman,,Kendall Graveman,,Kendall Graveman,,Kendall Graveman,,Kendall Graveman,,Kendall Graveman,,Kendall Graveman,,Kendall Graveman,,Kendall Graveman,,Kendall Graveman,,Kendall Graveman,,Kendall Graveman,
,Kendry Rojas,,Kendry Rojas,,Kendry Rojas,,Kendry Rojas,,Kendry Rojas,,Kendry Rojas,,Kendry Rojas,,Kendry Rojas,,Kendry Rojas,,Kendry Rojas,,Kendry Rojas,,Kendry Rojas,
,Kenedy Corona,,Kenedy Corona,,Kenedy Corona,,Kenedy Corona,,Kenedy Corona,,Kenedy Corona,,Kenedy Corona,,Kenedy Corona,,Kenedy Corona,,Kenedy Corona,,Kenedy Corona,,Kenedy Corona,
,Kenley Jansen,,Kenley Jansen,,Kenley Jansen,,Kenley Jansen,,Kenley Jansen,,Kenley Jansen,,Kenley Jansen,,Kenley Jansen,,Kenley Jansen,,Kenley Jansen,,Kenley Jansen,,Kenley Jansen,
,Kerry Carpenter,,Kerry Carpenter,,Kerry Carpenter,,Kerry Carpenter,,Kerry Carpenter,,Kerry Carpenter,,Kerry Carpenter,,Kerry Carpenter,,Kerry Carpenter,,Kerry Carpenter,,Kerry Carpenter,,Kerry Carpenter,
,Ketel Marte,,Ketel Marte,,Ketel Marte,,Ketel Marte,,Ketel Marte,,Ketel Marte,,Ketel Marte,,Ketel Marte,,Ketel Marte,,Ketel Marte,,Ketel Marte,,Ketel Marte,
,Kevin Alcantara,,Kevin Alcantara,,Kevin Alcantara,,Kevin Alcantara,,Kevin Alcantara,,Kevin Alcantara,,Kevin Alcantara,,Kevin Alcantara,,Kevin Alcantara,,Kevin Alcantara,,Kevin Alcantara,,Kevin Alcantara,
,Kevin Gausman,,Kevin Gausman,,Kevin Gausman,,Kevin Gausman,,Kevin Gausman,,Kevin Gausman,,Kevin Gausman,,Kevin Gausman,,Kevin Gausman,,Kevin Gausman,,Kevin Gausman,,Kevin Gausman,
,Kevin Ginkel,,Kevin Ginkel,,Kevin Ginkel,,Kevin Ginkel,,Kevin Ginkel,,Kevin Ginkel,,Kevin Ginkel,,Kevin Ginkel,,Kevin Ginkel,,Kevin Ginkel,,Kevin Ginkel,,Kevin Ginkel,
,Kevin Herget,,Kevin Herget,,Kevin Herget,,Kevin Herget,,Kevin Herget,,Kevin Herget,,Kevin Herget,,Kevin Herget,,Kevin Herget,,Kevin Herget,,Kevin Herget,,Kevin Herget,
,Kevin Kelly,,Kevin Kelly,,Kevin Kelly,,Kevin Kelly,,Kevin Kelly,,Kevin Kelly,,Kevin Kelly,,Kevin Kelly,,Kevin Kelly,,Kevin Kelly,,Kevin Kelly,,Kevin Kelly,
,Kevin McGonigle,,Kevin McGonigle,,Kevin McGonigle,,Kevin McGonigle,,Kevin McGonigle,,Kevin McGonigle,,Kevin McGonigle,,Kevin McGonigle,,Kevin McGonigle,,Kevin McGonigle,,Kevin McGonigle,,Kevin McGonigle,
,Kevin Newman,,Kevin Newman,,Kevin Newman,,Kevin Newman,,Kevin Newman,,Kevin Newman,,Kevin Newman,,Kevin Newman,,Kevin Newman,,Kevin Newman,,Kevin Newman,,Kevin Newman,
,Kirby Yates,,Kirby Yates,,Kirby Yates,,Kirby Yates,,Kirby Yates,,Kirby Yates,,Kirby Yates,,Kirby Yates,,Kirby Yates,,Kirby Yates,,Kirby Yates,,Kirby Yates,
,Kodai Senga,,Kodai Senga,,Kodai Senga,,Kodai Senga,,Kodai Senga,,Kodai Senga,,Kodai Senga,,Kodai Senga,,Kodai Senga,,Kodai Senga,,Kodai Senga,,Kodai Senga,
,Kody Clemens,,Kody Clemens,,Kody Clemens,,Kody Clemens,,Kody Clemens,,Kody Clemens,,Kody Clemens,,Kody Clemens,,Kody Clemens,,Kody Clemens,,Kody Clemens,,Kody Clemens,
,Kody Funderburk,,Kody Funderburk,,Kody Funderburk,,Kody Funderburk,,Kody Funderburk,,Kody Funderburk,,Kody Funderburk,,Kody Funderburk,,Kody Funderburk,,Kody Funderburk,,Kody Funderburk,,Kody Funderburk,
,Kohl Drake,,Kohl Drake,,Kohl Drake,,Kohl Drake,,Kohl Drake,,Kohl Drake,,Kohl Drake,,Kohl Drake,,Kohl Drake,,Kohl Drake,,Kohl Drake,,Kohl Drake,
,Kolby Allard,,Kolby Allard,,Kolby Allard,,Kolby Allard,,Kolby Allard,,Kolby Allard,,Kolby Allard,,Kolby Allard,,Kolby Allard,,Kolby Allard,,Kolby Allard,,Kolby Allard,
,Konnor Griffin,,Konnor Griffin,,Konnor Griffin,,Konnor Griffin,,Konnor Griffin,,Konnor Griffin,,Konnor Griffin,,Konnor Griffin,,Konnor Griffin,,Konnor Griffin,,Konnor Griffin,,Konnor Griffin,
,Konnor Pilkington,,Konnor Pilkington,,Konnor Pilkington,,Konnor Pilkington,,Konnor Pilkington,,Konnor Pilkington,,Konnor Pilkington,,Konnor Pilkington,,Konnor Pilkington,,Konnor Pilkington,,Konnor Pilkington,,Konnor Pilkington,
,Korey Lee,,Korey Lee,,Korey Lee,,Korey Lee,,Korey Lee,,Korey Lee,,Korey Lee,,Korey Lee,,Korey Lee,,Korey Lee,,Korey Lee,,Korey Lee,
,Kris Bryant,,Kris Bryant,,Kris Bryant,,Kris Bryant,,Kris Bryant,,Kris Bryant,,Kris Bryant,,Kris Bryant,,Kris Bryant,,Kris Bryant,,Kris Bryant,,Kris Bryant,
,Kris Bubic,,Kris Bubic,,Kris Bubic,,Kris Bubic,,Kris Bubic,,Kris Bubic,,Kris Bubic,,Kris Bubic,,Kris Bubic,,Kris Bubic,,Kris Bubic,,Kris Bubic,
,Kristian Campbell,,Kristian Campbell,,Kristian Campbell,,Kristian Campbell,,Kristian Campbell,,Kristian Campbell,,Kristian Campbell,,Kristian Campbell,,Kristian Campbell,,Kristian Campbell,,Kristian Campbell,,Kristian Campbell,
,Kumar Rocker,,Kumar Rocker,,Kumar Rocker,,Kumar Rocker,,Kumar Rocker,,Kumar Rocker,,Kumar Rocker,,Kumar Rocker,,Kumar Rocker,,Kumar Rocker,,Kumar Rocker,,Kumar Rocker,
,Kutter Crawford,,Kutter Crawford,,Kutter Crawford,,Kutter Crawford,,Kutter Crawford,,Kutter Crawford,,Kutter Crawford,,Kutter Crawford,,Kutter Crawford,,Kutter Crawford,,Kutter Crawford,,Kutter Crawford,
,Ky Bush,,Ky Bush,,Ky Bush,,Ky Bush,,Ky Bush,,Ky Bush,,Ky Bush,,Ky Bush,,Ky Bush,,Ky Bush,,Ky Bush,,Ky Bush,
,Kyle Backhus,,Kyle Backhus,,Kyle Backhus,,Kyle Backhus,,Kyle Backhus,,Kyle Backhus,,Kyle Backhus,,Kyle Backhus,,Kyle Backhus,,Kyle Backhus,,Kyle Backhus,,Kyle Backhus,
,Kyle Bradish,,Kyle Bradish,,Kyle Bradish,,Kyle Bradish,,Kyle Bradish,,Kyle Bradish,,Kyle Bradish,,Kyle Bradish,,Kyle Bradish,,Kyle Bradish,,Kyle Bradish,,Kyle Bradish,
,Kyle Farmer,,Kyle Farmer,,Kyle Farmer,,Kyle Farmer,,Kyle Farmer,,Kyle Farmer,,Kyle Farmer,,Kyle Farmer,,Kyle Farmer,,Kyle Farmer,,Kyle Farmer,,Kyle Farmer,
,Kyle Finnegan,,Kyle Finnegan,,Kyle Finnegan,,Kyle Finnegan,,Kyle Finnegan,,Kyle Finnegan,,Kyle Finnegan,,Kyle Finnegan,,Kyle Finnegan,,Kyle Finnegan,,Kyle Finnegan,,Kyle Finnegan,
,Kyle Freeland,,Kyle Freeland,,Kyle Freeland,,Kyle Freeland,,Kyle Freeland,,Kyle Freeland,,Kyle Freeland,,Kyle Freeland,,Kyle Freeland,,Kyle Freeland,,Kyle Freeland,,Kyle Freeland,
,Kyle Harrison,,Kyle Harrison,,Kyle Harrison,,Kyle Harrison,,Kyle Harrison,,Kyle Harrison,,Kyle Harrison,,Kyle Harrison,,Kyle Harrison,,Kyle Harrison,,Kyle Harrison,,Kyle Harrison,
,Kyle Hart,,Kyle Hart,,Kyle Hart,,Kyle Hart,,Kyle Hart,,Kyle Hart,,Kyle Hart,,Kyle Hart,,Kyle Hart,,Kyle Hart,,Kyle Hart,,Kyle Hart,
,Kyle Higashioka,,Kyle Higashioka,,Kyle Higashioka,,Kyle Higashioka,,Kyle Higashioka,,Kyle Higashioka,,Kyle Higashioka,,Kyle Higashioka,,Kyle Higashioka,,Kyle Higashioka,,Kyle Higashioka,,Kyle Higashioka,
,Kyle Hurt,,Kyle Hurt,,Kyle Hurt,,Kyle Hurt,,Kyle Hurt,,Kyle Hurt,,Kyle Hurt,,Kyle Hurt,,Kyle Hurt,,Kyle Hurt,,Kyle Hurt,,Kyle Hurt,
,Kyle Isbel,,Kyle Isbel,,Kyle Isbel,,Kyle Isbel,,Kyle Isbel,,Kyle Isbel,,Kyle Isbel,,Kyle Isbel,,Kyle Isbel,,Kyle Isbel,,Kyle Isbel,,Kyle Isbel,
,Kyle Karros,,Kyle Karros,,Kyle Karros,,Kyle Karros,,Kyle Karros,,Kyle Karros,,Kyle Karros,,Kyle Karros,,Kyle Karros,,Kyle Karros,,Kyle Karros,,Kyle Karros,
,Kyle Keller,,Kyle Keller,,Kyle Keller,,Kyle Keller,,Kyle Keller,,Kyle Keller,,Kyle Keller,,Kyle Keller,,Kyle Keller,,Kyle Keller,,Kyle Keller,,Kyle Keller,
,Kyle Leahy,,Kyle Leahy,,Kyle Leahy,,Kyle Leahy,,Kyle Leahy,,Kyle Leahy,,Kyle Leahy,,Kyle Leahy,,Kyle Leahy,,Kyle Leahy,,Kyle Leahy,,Kyle Leahy,
,Kyle Manzardo,,Kyle Manzardo,,Kyle Manzardo,,Kyle Manzardo,,Kyle Manzardo,,Kyle Manzardo,,Kyle Manzardo,,Kyle Manzardo,,Kyle Manzardo,,Kyle Manzardo,,Kyle Manzardo,,Kyle Manzardo,
,Kyle McCann,,Kyle McCann,,Kyle McCann,,Kyle McCann,,Kyle McCann,,Kyle McCann,,Kyle McCann,,Kyle McCann,,Kyle McCann,,Kyle McCann,,Kyle McCann,,Kyle McCann,
,Kyle Nelson,,Kyle Nelson,,Kyle Nelson,,Kyle Nelson,,Kyle Nelson,,Kyle Nelson,,Kyle Nelson,,Kyle Nelson,,Kyle Nelson,,Kyle Nelson,,Kyle Nelson,,Kyle Nelson,
,Kyle Nicolas,,Kyle Nicolas,,Kyle Nicolas,,Kyle Nicolas,,Kyle Nicolas,,Kyle Nicolas,,Kyle Nicolas,,Kyle Nicolas,,Kyle Nicolas,,Kyle Nicolas,,Kyle Nicolas,,Kyle Nicolas,
,Kyle Schwarber,,Kyle Schwarber,,Kyle Schwarber,,Kyle Schwarber,,Kyle Schwarber,,Kyle Schwarber,,Kyle Schwarber,,Kyle Schwarber,,Kyle Schwarber,,Kyle Schwarber,,Kyle Schwarber,,Kyle Schwarber,
,Kyle Stowers,,Kyle Stowers,,Kyle Stowers,,Kyle Stowers,,Kyle Stowers,,Kyle Stowers,,Kyle Stowers,,Kyle Stowers,,Kyle Stowers,,Kyle Stowers,,Kyle Stowers,,Kyle Stowers,
,Kyle Teel,,Kyle Teel,,Kyle Teel,,Kyle Teel,,Kyle Teel,,Kyle Teel,,Kyle Teel,,Kyle Teel,,Kyle Teel,,Kyle Teel,,Kyle Teel,,Kyle Teel,
,Kyle Tucker,,Kyle Tucker,,Kyle Tucker,,Kyle Tucker,,Kyle Tucker,,Kyle Tucker,,Kyle Tucker,,Kyle Tucker,,Kyle Tucker,,Kyle Tucker,,Kyle Tucker,,Kyle Tucker,
,Kyle Wright,,Kyle Wright,,Kyle Wright,,Kyle Wright,,Kyle Wright,,Kyle Wright,,Kyle Wright,,Kyle Wright,,Kyle Wright,,Kyle Wright,,Kyle Wright,,Kyle Wright,
,Kyren Paris,,Kyren Paris,,Kyren Paris,,Kyren Paris,,Kyren Paris,,Kyren Paris,,Kyren Paris,,Kyren Paris,,Kyren Paris,,Kyren Paris,,Kyren Paris,,Kyren Paris,
,Lake Bachar,,Lake Bachar,,Lake Bachar,,Lake Bachar,,Lake Bachar,,Lake Bachar,,Lake Bachar,,Lake Bachar,,Lake Bachar,,Lake Bachar,,Lake Bachar,,Lake Bachar,
,LaMonte Wade Jr.,,LaMonte Wade Jr.,,LaMonte Wade Jr.,,LaMonte Wade Jr.,,LaMonte Wade Jr.,,LaMonte Wade Jr.,,LaMonte Wade Jr.,,LaMonte Wade Jr.,,LaMonte Wade Jr.,,LaMonte Wade Jr.,,LaMonte Wade Jr.,,LaMonte Wade Jr.,
,Lance McCullers,,Lance McCullers,,Lance McCullers,,Lance McCullers,,Lance McCullers,,Lance McCullers,,Lance McCullers,,Lance McCullers,,Lance McCullers,,Lance McCullers,,Lance McCullers,,Lance McCullers,
,Landen Roupp,,Landen Roupp,,Landen Roupp,,Landen Roupp,,Landen Roupp,,Landen Roupp,,Landen Roupp,,Landen Roupp,,Landen Roupp,,Landen Roupp,,Landen Roupp,,Landen Roupp,
,Landon Knack,,Landon Knack,,Landon Knack,,Landon Knack,,Landon Knack,,Landon Knack,,Landon Knack,,Landon Knack,,Landon Knack,,Landon Knack,,Landon Knack,,Landon Knack,
,Lane Thomas,,Lane Thomas,,Lane Thomas,,Lane Thomas,,Lane Thomas,,Lane Thomas,,Lane Thomas,,Lane Thomas,,Lane Thomas,,Lane Thomas,,Lane Thomas,,Lane Thomas,
,Lars Nootbaar,,Lars Nootbaar,,Lars Nootbaar,,Lars Nootbaar,,Lars Nootbaar,,Lars Nootbaar,,Lars Nootbaar,,Lars Nootbaar,,Lars Nootbaar,,Lars Nootbaar,,Lars Nootbaar,,Lars Nootbaar,
,Lawrence Butler,,Lawrence Butler,,Lawrence Butler,,Lawrence Butler,,Lawrence Butler,,Lawrence Butler,,Lawrence Butler,,Lawrence Butler,,Lawrence Butler,,Lawrence Butler,,Lawrence Butler,,Lawrence Butler,
,Lazaro Estrada,,Lazaro Estrada,,Lazaro Estrada,,Lazaro Estrada,,Lazaro Estrada,,Lazaro Estrada,,Lazaro Estrada,,Lazaro Estrada,,Lazaro Estrada,,Lazaro Estrada,,Lazaro Estrada,,Lazaro Estrada,
,Lenyn Sosa,,Lenyn Sosa,,Lenyn Sosa,,Lenyn Sosa,,Lenyn Sosa,,Lenyn Sosa,,Lenyn Sosa,,Lenyn Sosa,,Lenyn Sosa,,Lenyn Sosa,,Lenyn Sosa,,Lenyn Sosa,
,Leo Jimenez,,Leo Jimenez,,Leo Jimenez,,Leo Jimenez,,Leo Jimenez,,Leo Jimenez,,Leo Jimenez,,Leo Jimenez,,Leo Jimenez,,Leo Jimenez,,Leo Jimenez,,Leo Jimenez,
,Leo Rivas,,Leo Rivas,,Leo Rivas,,Leo Rivas,,Leo Rivas,,Leo Rivas,,Leo Rivas,,Leo Rivas,,Leo Rivas,,Leo Rivas,,Leo Rivas,,Leo Rivas,
,Leody Taveras,,Leody Taveras,,Leody Taveras,,Leody Taveras,,Leody Taveras,,Leody Taveras,,Leody Taveras,,Leody Taveras,,Leody Taveras,,Leody Taveras,,Leody Taveras,,Leody Taveras,
,Liam Hendriks,,Liam Hendriks,,Liam Hendriks,,Liam Hendriks,,Liam Hendriks,,Liam Hendriks,,Liam Hendriks,,Liam Hendriks,,Liam Hendriks,,Liam Hendriks,,Liam Hendriks,,Liam Hendriks,
,Liam Hicks,,Liam Hicks,,Liam Hicks,,Liam Hicks,,Liam Hicks,,Liam Hicks,,Liam Hicks,,Liam Hicks,,Liam Hicks,,Liam Hicks,,Liam Hicks,,Liam Hicks,
,Liover Peguero,,Liover Peguero,,Liover Peguero,,Liover Peguero,,Liover Peguero,,Liover Peguero,,Liover Peguero,,Liover Peguero,,Liover Peguero,,Liover Peguero,,Liover Peguero,,Liover Peguero,
,Logan Allen,,Logan Allen,,Logan Allen,,Logan Allen,,Logan Allen,,Logan Allen,,Logan Allen,,Logan Allen,,Logan Allen,,Logan Allen,,Logan Allen,,Logan Allen,
,Logan Davidson,,Logan Davidson,,Logan Davidson,,Logan Davidson,,Logan Davidson,,Logan Davidson,,Logan Davidson,,Logan Davidson,,Logan Davidson,,Logan Davidson,,Logan Davidson,,Logan Davidson,
,Logan Gilbert,,Logan Gilbert,,Logan Gilbert,,Logan Gilbert,,Logan Gilbert,,Logan Gilbert,,Logan Gilbert,,Logan Gilbert,,Logan Gilbert,,Logan Gilbert,,Logan Gilbert,,Logan Gilbert,
,Logan Henderson,,Logan Henderson,,Logan Henderson,,Logan Henderson,,Logan Henderson,,Logan Henderson,,Logan Henderson,,Logan Henderson,,Logan Henderson,,Logan Henderson,,Logan Henderson,,Logan Henderson,
,Logan O'Hoppe,,Logan O'Hoppe,,Logan O'Hoppe,,Logan O'Hoppe,,Logan O'Hoppe,,Logan O'Hoppe,,Logan O'Hoppe,,Logan O'Hoppe,,Logan O'Hoppe,,Logan O'Hoppe,,Logan O'Hoppe,,Logan O'Hoppe,
,Logan VanWey,,Logan VanWey,,Logan VanWey,,Logan VanWey,,Logan VanWey,,Logan VanWey,,Logan VanWey,,Logan VanWey,,Logan VanWey,,Logan VanWey,,Logan VanWey,,Logan VanWey,
,Logan Webb,,Logan Webb,,Logan Webb,,Logan Webb,,Logan Webb,,Logan Webb,,Logan Webb,,Logan Webb,,Logan Webb,,Logan Webb,,Logan Webb,,Logan Webb,
,Lou Trivino,,Lou Trivino,,Lou Trivino,,Lou Trivino,,Lou Trivino,,Lou Trivino,,Lou Trivino,,Lou Trivino,,Lou Trivino,,Lou Trivino,,Lou Trivino,,Lou Trivino,
,Louie Varland,,Louie Varland,,Louie Varland,,Louie Varland,,Louie Varland,,Louie Varland,,Louie Varland,,Louie Varland,,Louie Varland,,Louie Varland,,Louie Varland,,Louie Varland,
,Lourdes Gurriel Jr.,,Lourdes Gurriel Jr.,,Lourdes Gurriel Jr.,,Lourdes Gurriel Jr.,,Lourdes Gurriel Jr.,,Lourdes Gurriel Jr.,,Lourdes Gurriel Jr.,,Lourdes Gurriel Jr.,,Lourdes Gurriel Jr.,,Lourdes Gurriel Jr.,,Lourdes Gurriel Jr.,,Lourdes Gurriel Jr.,
,Luca Tresh,,Luca Tresh,,Luca Tresh,,Luca Tresh,,Luca Tresh,,Luca Tresh,,Luca Tresh,,Luca Tresh,,Luca Tresh,,Luca Tresh,,Luca Tresh,,Luca Tresh,
,Lucas Braun,,Lucas Braun,,Lucas Braun,,Lucas Braun,,Lucas Braun,,Lucas Braun,,Lucas Braun,,Lucas Braun,,Lucas Braun,,Lucas Braun,,Lucas Braun,,Lucas Braun,
,Lucas Erceg,,Lucas Erceg,,Lucas Erceg,,Lucas Erceg,,Lucas Erceg,,Lucas Erceg,,Lucas Erceg,,Lucas Erceg,,Lucas Erceg,,Lucas Erceg,,Lucas Erceg,,Lucas Erceg,
,Lucas Gilbreath,,Lucas Gilbreath,,Lucas Gilbreath,,Lucas Gilbreath,,Lucas Gilbreath,,Lucas Gilbreath,,Lucas Gilbreath,,Lucas Gilbreath,,Lucas Gilbreath,,Lucas Gilbreath,,Lucas Gilbreath,,Lucas Gilbreath,
,Lucas Giolito,,Lucas Giolito,,Lucas Giolito,,Lucas Giolito,,Lucas Giolito,,Lucas Giolito,,Lucas Giolito,,Lucas Giolito,,Lucas Giolito,,Lucas Giolito,,Lucas Giolito,,Lucas Giolito,
,Lucas Sims,,Lucas Sims,,Lucas Sims,,Lucas Sims,,Lucas Sims,,Lucas Sims,,Lucas Sims,,Lucas Sims,,Lucas Sims,,Lucas Sims,,Lucas Sims,,Lucas Sims,
,Luinder Avila,,Luinder Avila,,Luinder Avila,,Luinder Avila,,Luinder Avila,,Luinder Avila,,Luinder Avila,,Luinder Avila,,Luinder Avila,,Luinder Avila,,Luinder Avila,,Luinder Avila,
,Luis Arraez,,Luis Arraez,,Luis Arraez,,Luis Arraez,,Luis Arraez,,Luis Arraez,,Luis Arraez,,Luis Arraez,,Luis Arraez,,Luis Arraez,,Luis Arraez,,Luis Arraez,
,Luis Campusano,,Luis Campusano,,Luis Campusano,,Luis Campusano,,Luis Campusano,,Luis Campusano,,Luis Campusano,,Luis Campusano,,Luis Campusano,,Luis Campusano,,Luis Campusano,,Luis Campusano,
,Luis Castillo,,Luis Castillo,,Luis Castillo,,Luis Castillo,,Luis Castillo,,Luis Castillo,,Luis Castillo,,Luis Castillo,,Luis Castillo,,Luis Castillo,,Luis Castillo,,Luis Castillo,
,Luis Curvelo,,Luis Curvelo,,Luis Curvelo,,Luis Curvelo,,Luis Curvelo,,Luis Curvelo,,Luis Curvelo,,Luis Curvelo,,Luis Curvelo,,Luis Curvelo,,Luis Curvelo,,Luis Curvelo,
,Luis Garcia,,Luis Garcia,,Luis Garcia,,Luis Garcia,,Luis Garcia,,Luis Garcia,,Luis Garcia,,Luis Garcia,,Luis Garcia,,Luis Garcia,,Luis Garcia,,Luis Garcia,
,Luis Garcia,,Luis Garcia,,Luis Garcia,,Luis Garcia,,Luis Garcia,,Luis Garcia,,Luis Garcia,,Luis Garcia,,Luis Garcia,,Luis Garcia,,Luis Garcia,,Luis Garcia,
,Luis Garcia Jr.,,Luis Garcia Jr.,,Luis Garcia Jr.,,Luis Garcia Jr.,,Luis Garcia Jr.,,Luis Garcia Jr.,,Luis Garcia Jr.,,Luis Garcia Jr.,,Luis Garcia Jr.,,Luis Garcia Jr.,,Luis Garcia Jr.,,Luis Garcia Jr.,
,Luis Gil,,Luis Gil,,Luis Gil,,Luis Gil,,Luis Gil,,Luis Gil,,Luis Gil,,Luis Gil,,Luis Gil,,Luis Gil,,Luis Gil,,Luis Gil,
,Luis Guerrero,,Luis Guerrero,,Luis Guerrero,,Luis Guerrero,,Luis Guerrero,,Luis Guerrero,,Luis Guerrero,,Luis Guerrero,,Luis Guerrero,,Luis Guerrero,,Luis Guerrero,,Luis Guerrero,
,Luis Matos,,Luis Matos,,Luis Matos,,Luis Matos,,Luis Matos,,Luis Matos,,Luis Matos,,Luis Matos,,Luis Matos,,Luis Matos,,Luis Matos,,Luis Matos,
,Luis Medina,,Luis Medina,,Luis Medina,,Luis Medina,,Luis Medina,,Luis Medina,,Luis Medina,,Luis Medina,,Luis Medina,,Luis Medina,,Luis Medina,,Luis Medina,
,Luis Mey,,Luis Mey,,Luis Mey,,Luis Mey,,Luis Mey,,Luis Mey,,Luis Mey,,Luis Mey,,Luis Mey,,Luis Mey,,Luis Mey,,Luis Mey,
,Luis Morales,,Luis Morales,,Luis Morales,,Luis Morales,,Luis Morales,,Luis Morales,,Luis Morales,,Luis Morales,,Luis Morales,,Luis Morales,,Luis Morales,,Luis Morales,
,Luis Perales,,Luis Perales,,Luis Perales,,Luis Perales,,Luis Perales,,Luis Perales,,Luis Perales,,Luis Perales,,Luis Perales,,Luis Perales,,Luis Perales,,Luis Perales,
,Luis Peralta,,Luis Peralta,,Luis Peralta,,Luis Peralta,,Luis Peralta,,Luis Peralta,,Luis Peralta,,Luis Peralta,,Luis Peralta,,Luis Peralta,,Luis Peralta,,Luis Peralta,
,Luis Rengifo,,Luis Rengifo,,Luis Rengifo,,Luis Rengifo,,Luis Rengifo,,Luis Rengifo,,Luis Rengifo,,Luis Rengifo,,Luis Rengifo,,Luis Rengifo,,Luis Rengifo,,Luis Rengifo,
,Luis Robert Jr.,,Luis Robert Jr.,,Luis Robert Jr.,,Luis Robert Jr.,,Luis Robert Jr.,,Luis Robert Jr.,,Luis Robert Jr.,,Luis Robert Jr.,,Luis Robert Jr.,,Luis Robert Jr.,,Luis Robert Jr.,,Luis Robert Jr.,
,Luis Severino,,Luis Severino,,Luis Severino,,Luis Severino,,Luis Severino,,Luis Severino,,Luis Severino,,Luis Severino,,Luis Severino,,Luis Severino,,Luis Severino,,Luis Severino,
,Luis Torrens,,Luis Torrens,,Luis Torrens,,Luis Torrens,,Luis Torrens,,Luis Torrens,,Luis Torrens,,Luis Torrens,,Luis Torrens,,Luis Torrens,,Luis Torrens,,Luis Torrens,
,Luis Urias,,Luis Urias,,Luis Urias,,Luis Urias,,Luis Urias,,Luis Urias,,Luis Urias,,Luis Urias,,Luis Urias,,Luis Urias,,Luis Urias,,Luis Urias,
,Luis Vazquez,,Luis Vazquez,,Luis Vazquez,,Luis Vazquez,,Luis Vazquez,,Luis Vazquez,,Luis Vazquez,,Luis Vazquez,,Luis Vazquez,,Luis Vazquez,,Luis Vazquez,,Luis Vazquez,
,Luisangel Acuna,,Luisangel Acuna,,Luisangel Acuna,,Luisangel Acuna,,Luisangel Acuna,,Luisangel Acuna,,Luisangel Acuna,,Luisangel Acuna,,Luisangel Acuna,,Luisangel Acuna,,Luisangel Acuna,,Luisangel Acuna,
,Luke Jackson,,Luke Jackson,,Luke Jackson,,Luke Jackson,,Luke Jackson,,Luke Jackson,,Luke Jackson,,Luke Jackson,,Luke Jackson,,Luke Jackson,,Luke Jackson,,Luke Jackson,
,Luke Keaschall,,Luke Keaschall,,Luke Keaschall,,Luke Keaschall,,Luke Keaschall,,Luke Keaschall,,Luke Keaschall,,Luke Keaschall,,Luke Keaschall,,Luke Keaschall,,Luke Keaschall,,Luke Keaschall,
,Luke Little,,Luke Little,,Luke Little,,Luke Little,,Luke Little,,Luke Little,,Luke Little,,Luke Little,,Luke Little,,Luke Little,,Luke Little,,Luke Little,
,Luke Raley,,Luke Raley,,Luke Raley,,Luke Raley,,Luke Raley,,Luke Raley,,Luke Raley,,Luke Raley,,Luke Raley,,Luke Raley,,Luke Raley,,Luke Raley,
,Luke Weaver,,Luke Weaver,,Luke Weaver,,Luke Weaver,,Luke Weaver,,Luke Weaver,,Luke Weaver,,Luke Weaver,,Luke Weaver,,Luke Weaver,,Luke Weaver,,Luke Weaver,
,Luke Williams,,Luke Williams,,Luke Williams,,Luke Williams,,Luke Williams,,Luke Williams,,Luke Williams,,Luke Williams,,Luke Williams,,Luke Williams,,Luke Williams,,Luke Williams,
,Lyon Richardson,,Lyon Richardson,,Lyon Richardson,,Lyon Richardson,,Lyon Richardson,,Lyon Richardson,,Lyon Richardson,,Lyon Richardson,,Lyon Richardson,,Lyon Richardson,,Lyon Richardson,,Lyon Richardson,
,MacKenzie Gore,,MacKenzie Gore,,MacKenzie Gore,,MacKenzie Gore,,MacKenzie Gore,,MacKenzie Gore,,MacKenzie Gore,,MacKenzie Gore,,MacKenzie Gore,,MacKenzie Gore,,MacKenzie Gore,,MacKenzie Gore,
,Maikel Garcia,,Maikel Garcia,,Maikel Garcia,,Maikel Garcia,,Maikel Garcia,,Maikel Garcia,,Maikel Garcia,,Maikel Garcia,,Maikel Garcia,,Maikel Garcia,,Maikel Garcia,,Maikel Garcia,
,Manny Machado,,Manny Machado,,Manny Machado,,Manny Machado,,Manny Machado,,Manny Machado,,Manny Machado,,Manny Machado,,Manny Machado,,Manny Machado,,Manny Machado,,Manny Machado,
,Manuel Margot,,Manuel Margot,,Manuel Margot,,Manuel Margot,,Manuel Margot,,Manuel Margot,,Manuel Margot,,Manuel Margot,,Manuel Margot,,Manuel Margot,,Manuel Margot,,Manuel Margot,
,Manuel Rodriguez,,Manuel Rodriguez,,Manuel Rodriguez,,Manuel Rodriguez,,Manuel Rodriguez,,Manuel Rodriguez,,Manuel Rodriguez,,Manuel Rodriguez,,Manuel Rodriguez,,Manuel Rodriguez,,Manuel Rodriguez,,Manuel Rodriguez,
,Marc Church,,Marc Church,,Marc Church,,Marc Church,,Marc Church,,Marc Church,,Marc Church,,Marc Church,,Marc Church,,Marc Church,,Marc Church,,Marc Church,
,Marcell Ozuna,,Marcell Ozuna,,Marcell Ozuna,,Marcell Ozuna,,Marcell Ozuna,,Marcell Ozuna,,Marcell Ozuna,,Marcell Ozuna,,Marcell Ozuna,,Marcell Ozuna,,Marcell Ozuna,,Marcell Ozuna,
,Marcelo Mayer,,Marcelo Mayer,,Marcelo Mayer,,Marcelo Mayer,,Marcelo Mayer,,Marcelo Mayer,,Marcelo Mayer,,Marcelo Mayer,,Marcelo Mayer,,Marcelo Mayer,,Marcelo Mayer,,Marcelo Mayer,
,Marco Gonzales,,Marco Gonzales,,Marco Gonzales,,Marco Gonzales,,Marco Gonzales,,Marco Gonzales,,Marco Gonzales,,Marco Gonzales,,Marco Gonzales,,Marco Gonzales,,Marco Gonzales,,Marco Gonzales,
,Marco Luciano,,Marco Luciano,,Marco Luciano,,Marco Luciano,,Marco Luciano,,Marco Luciano,,Marco Luciano,,Marco Luciano,,Marco Luciano,,Marco Luciano,,Marco Luciano,,Marco Luciano,
,Marco Raya,,Marco Raya,,Marco Raya,,Marco Raya,,Marco Raya,,Marco Raya,,Marco Raya,,Marco Raya,,Marco Raya,,Marco Raya,,Marco Raya,,Marco Raya,
,Marcus Semien,,Marcus Semien,,Marcus Semien,,Marcus Semien,,Marcus Semien,,Marcus Semien,,Marcus Semien,,Marcus Semien,,Marcus Semien,,Marcus Semien,,Marcus Semien,,Marcus Semien,
,Marcus Stroman,,Marcus Stroman,,Marcus Stroman,,Marcus Stroman,,Marcus Stroman,,Marcus Stroman,,Marcus Stroman,,Marcus Stroman,,Marcus Stroman,,Marcus Stroman,,Marcus Stroman,,Marcus Stroman,
,Mark Canha,,Mark Canha,,Mark Canha,,Mark Canha,,Mark Canha,,Mark Canha,,Mark Canha,,Mark Canha,,Mark Canha,,Mark Canha,,Mark Canha,,Mark Canha,
,Mark Leiter Jr.,,Mark Leiter Jr.,,Mark Leiter Jr.,,Mark Leiter Jr.,,Mark Leiter Jr.,,Mark Leiter Jr.,,Mark Leiter Jr.,,Mark Leiter Jr.,,Mark Leiter Jr.,,Mark Leiter Jr.,,Mark Leiter Jr.,,Mark Leiter Jr.,
,Mark Vientos,,Mark Vientos,,Mark Vientos,,Mark Vientos,,Mark Vientos,,Mark Vientos,,Mark Vientos,,Mark Vientos,,Mark Vientos,,Mark Vientos,,Mark Vientos,,Mark Vientos,
,Martin Perez,,Martin Perez,,Martin Perez,,Martin Perez,,Martin Perez,,Martin Perez,,Martin Perez,,Martin Perez,,Martin Perez,,Martin Perez,,Martin Perez,,Martin Perez,
,Masataka Yoshida,,Masataka Yoshida,,Masataka Yoshida,,Masataka Yoshida,,Masataka Yoshida,,Masataka Yoshida,,Masataka Yoshida,,Masataka Yoshida,,Masataka Yoshida,,Masataka Yoshida,,Masataka Yoshida,,Masataka Yoshida,
,Mason Barnett,,Mason Barnett,,Mason Barnett,,Mason Barnett,,Mason Barnett,,Mason Barnett,,Mason Barnett,,Mason Barnett,,Mason Barnett,,Mason Barnett,,Mason Barnett,,Mason Barnett,
,Mason Black,,Mason Black,,Mason Black,,Mason Black,,Mason Black,,Mason Black,,Mason Black,,Mason Black,,Mason Black,,Mason Black,,Mason Black,,Mason Black,
,Mason Englert,,Mason Englert,,Mason Englert,,Mason Englert,,Mason Englert,,Mason Englert,,Mason Englert,,Mason Englert,,Mason Englert,,Mason Englert,,Mason Englert,,Mason Englert,
,Mason Fluharty,,Mason Fluharty,,Mason Fluharty,,Mason Fluharty,,Mason Fluharty,,Mason Fluharty,,Mason Fluharty,,Mason Fluharty,,Mason Fluharty,,Mason Fluharty,,Mason Fluharty,,Mason Fluharty,
,Mason McCoy,,Mason McCoy,,Mason McCoy,,Mason McCoy,,Mason McCoy,,Mason McCoy,,Mason McCoy,,Mason McCoy,,Mason McCoy,,Mason McCoy,,Mason McCoy,,Mason McCoy,
,Mason Miller,,Mason Miller,,Mason Miller,,Mason Miller,,Mason Miller,,Mason Miller,,Mason Miller,,Mason Miller,,Mason Miller,,Mason Miller,,Mason Miller,,Mason Miller,
,Mason Montgomery,,Mason Montgomery,,Mason Montgomery,,Mason Montgomery,,Mason Montgomery,,Mason Montgomery,,Mason Montgomery,,Mason Montgomery,,Mason Montgomery,,Mason Montgomery,,Mason Montgomery,,Mason Montgomery,
,Mason Thompson,,Mason Thompson,,Mason Thompson,,Mason Thompson,,Mason Thompson,,Mason Thompson,,Mason Thompson,,Mason Thompson,,Mason Thompson,,Mason Thompson,,Mason Thompson,,Mason Thompson,
,Masyn Winn,,Masyn Winn,,Masyn Winn,,Masyn Winn,,Masyn Winn,,Masyn Winn,,Masyn Winn,,Masyn Winn,,Masyn Winn,,Masyn Winn,,Masyn Winn,,Masyn Winn,
,Matt Bowman,,Matt Bowman,,Matt Bowman,,Matt Bowman,,Matt Bowman,,Matt Bowman,,Matt Bowman,,Matt Bowman,,Matt Bowman,,Matt Bowman,,Matt Bowman,,Matt Bowman,
,Matt Brash,,Matt Brash,,Matt Brash,,Matt Brash,,Matt Brash,,Matt Brash,,Matt Brash,,Matt Brash,,Matt Brash,,Matt Brash,,Matt Brash,,Matt Brash,
,Matt Chapman,,Matt Chapman,,Matt Chapman,,Matt Chapman,,Matt Chapman,,Matt Chapman,,Matt Chapman,,Matt Chapman,,Matt Chapman,,Matt Chapman,,Matt Chapman,,Matt Chapman,
,Matt Festa,,Matt Festa,,Matt Festa,,Matt Festa,,Matt Festa,,Matt Festa,,Matt Festa,,Matt Festa,,Matt Festa,,Matt Festa,,Matt Festa,,Matt Festa,
,Matt Gage,,Matt Gage,,Matt Gage,,Matt Gage,,Matt Gage,,Matt Gage,,Matt Gage,,Matt Gage,,Matt Gage,,Matt Gage,,Matt Gage,,Matt Gage,
,Matt Koperniak,,Matt Koperniak,,Matt Koperniak,,Matt Koperniak,,Matt Koperniak,,Matt Koperniak,,Matt Koperniak,,Matt Koperniak,,Matt Koperniak,,Matt Koperniak,,Matt Koperniak,,Matt Koperniak,
,Matt Krook,,Matt Krook,,Matt Krook,,Matt Krook,,Matt Krook,,Matt Krook,,Matt Krook,,Matt Krook,,Matt Krook,,Matt Krook,,Matt Krook,,Matt Krook,
,Matt McLain,,Matt McLain,,Matt McLain,,Matt McLain,,Matt McLain,,Matt McLain,,Matt McLain,,Matt McLain,,Matt McLain,,Matt McLain,,Matt McLain,,Matt McLain,
,Matt Olson,,Matt Olson,,Matt Olson,,Matt Olson,,Matt Olson,,Matt Olson,,Matt Olson,,Matt Olson,,Matt Olson,,Matt Olson,,Matt Olson,,Matt Olson,
,Matt Shaw,,Matt Shaw,,Matt Shaw,,Matt Shaw,,Matt Shaw,,Matt Shaw,,Matt Shaw,,Matt Shaw,,Matt Shaw,,Matt Shaw,,Matt Shaw,,Matt Shaw,
,Matt Strahm,,Matt Strahm,,Matt Strahm,,Matt Strahm,,Matt Strahm,,Matt Strahm,,Matt Strahm,,Matt Strahm,,Matt Strahm,,Matt Strahm,,Matt Strahm,,Matt Strahm,
,Matt Svanson,,Matt Svanson,,Matt Svanson,,Matt Svanson,,Matt Svanson,,Matt Svanson,,Matt Svanson,,Matt Svanson,,Matt Svanson,,Matt Svanson,,Matt Svanson,,Matt Svanson,
,Matt Thaiss,,Matt Thaiss,,Matt Thaiss,,Matt Thaiss,,Matt Thaiss,,Matt Thaiss,,Matt Thaiss,,Matt Thaiss,,Matt Thaiss,,Matt Thaiss,,Matt Thaiss,,Matt Thaiss,
,Matt Vierling,,Matt Vierling,,Matt Vierling,,Matt Vierling,,Matt Vierling,,Matt Vierling,,Matt Vierling,,Matt Vierling,,Matt Vierling,,Matt Vierling,,Matt Vierling,,Matt Vierling,
,Matt Waldron,,Matt Waldron,,Matt Waldron,,Matt Waldron,,Matt Waldron,,Matt Waldron,,Matt Waldron,,Matt Waldron,,Matt Waldron,,Matt Waldron,,Matt Waldron,,Matt Waldron,
,Matt Wallner,,Matt Wallner,,Matt Wallner,,Matt Wallner,,Matt Wallner,,Matt Wallner,,Matt Wallner,,Matt Wallner,,Matt Wallner,,Matt Wallner,,Matt Wallner,,Matt Wallner,
,Matthew Boyd,,Matthew Boyd,,Matthew Boyd,,Matthew Boyd,,Matthew Boyd,,Matthew Boyd,,Matthew Boyd,,Matthew Boyd,,Matthew Boyd,,Matthew Boyd,,Matthew Boyd,,Matthew Boyd,
,Matthew Liberatore,,Matthew Liberatore,,Matthew Liberatore,,Matthew Liberatore,,Matthew Liberatore,,Matthew Liberatore,,Matthew Liberatore,,Matthew Liberatore,,Matthew Liberatore,,Matthew Liberatore,,Matthew Liberatore,,Matthew Liberatore,
,Matthew Lugo,,Matthew Lugo,,Matthew Lugo,,Matthew Lugo,,Matthew Lugo,,Matthew Lugo,,Matthew Lugo,,Matthew Lugo,,Matthew Lugo,,Matthew Lugo,,Matthew Lugo,,Matthew Lugo,
,Mauricio Dubon,,Mauricio Dubon,,Mauricio Dubon,,Mauricio Dubon,,Mauricio Dubon,,Mauricio Dubon,,Mauricio Dubon,,Mauricio Dubon,,Mauricio Dubon,,Mauricio Dubon,,Mauricio Dubon,,Mauricio Dubon,
,Maverick Handley,,Maverick Handley,,Maverick Handley,,Maverick Handley,,Maverick Handley,,Maverick Handley,,Maverick Handley,,Maverick Handley,,Maverick Handley,,Maverick Handley,,Maverick Handley,,Maverick Handley,
,Max Anderson,,Max Anderson,,Max Anderson,,Max Anderson,,Max Anderson,,Max Anderson,,Max Anderson,,Max Anderson,,Max Anderson,,Max Anderson,,Max Anderson,,Max Anderson,
,Max Clark,,Max Clark,,Max Clark,,Max Clark,,Max Clark,,Max Clark,,Max Clark,,Max Clark,,Max Clark,,Max Clark,,Max Clark,,Max Clark,
,Max Fried,,Max Fried,,Max Fried,,Max Fried,,Max Fried,,Max Fried,,Max Fried,,Max Fried,,Max Fried,,Max Fried,,Max Fried,,Max Fried,
,Max Kepler,,Max Kepler,,Max Kepler,,Max Kepler,,Max Kepler,,Max Kepler,,Max Kepler,,Max Kepler,,Max Kepler,,Max Kepler,,Max Kepler,,Max Kepler,
,Max Kranick,,Max Kranick,,Max Kranick,,Max Kranick,,Max Kranick,,Max Kranick,,Max Kranick,,Max Kranick,,Max Kranick,,Max Kranick,,Max Kranick,,Max Kranick,
,Max Lazar,,Max Lazar,,Max Lazar,,Max Lazar,,Max Lazar,,Max Lazar,,Max Lazar,,Max Lazar,,Max Lazar,,Max Lazar,,Max Lazar,,Max Lazar,
,Max Meyer,,Max Meyer,,Max Meyer,,Max Meyer,,Max Meyer,,Max Meyer,,Max Meyer,,Max Meyer,,Max Meyer,,Max Meyer,,Max Meyer,,Max Meyer,
,Max Muncy,,Max Muncy,,Max Muncy,,Max Muncy,,Max Muncy,,Max Muncy,,Max Muncy,,Max Muncy,,Max Muncy,,Max Muncy,,Max Muncy,,Max Muncy,
,Max Muncy,,Max Muncy,,Max Muncy,,Max Muncy,,Max Muncy,,Max Muncy,,Max Muncy,,Max Muncy,,Max Muncy,,Max Muncy,,Max Muncy,,Max Muncy,
,Max Scherzer,,Max Scherzer,,Max Scherzer,,Max Scherzer,,Max Scherzer,,Max Scherzer,,Max Scherzer,,Max Scherzer,,Max Scherzer,,Max Scherzer,,Max Scherzer,,Max Scherzer,
,Max Schuemann,,Max Schuemann,,Max Schuemann,,Max Schuemann,,Max Schuemann,,Max Schuemann,,Max Schuemann,,Max Schuemann,,Max Schuemann,,Max Schuemann,,Max Schuemann,,Max Schuemann,
,Maximo Acosta,,Maximo Acosta,,Maximo Acosta,,Maximo Acosta,,Maximo Acosta,,Maximo Acosta,,Maximo Acosta,,Maximo Acosta,,Maximo Acosta,,Maximo Acosta,,Maximo Acosta,,Maximo Acosta,
,McCade Brown,,McCade Brown,,McCade Brown,,McCade Brown,,McCade Brown,,McCade Brown,,McCade Brown,,McCade Brown,,McCade Brown,,McCade Brown,,McCade Brown,,McCade Brown,
,Merrill Kelly,,Merrill Kelly,,Merrill Kelly,,Merrill Kelly,,Merrill Kelly,,Merrill Kelly,,Merrill Kelly,,Merrill Kelly,,Merrill Kelly,,Merrill Kelly,,Merrill Kelly,,Merrill Kelly,
,Michael Arias,,Michael Arias,,Michael Arias,,Michael Arias,,Michael Arias,,Michael Arias,,Michael Arias,,Michael Arias,,Michael Arias,,Michael Arias,,Michael Arias,,Michael Arias,
,Michael Arroyo,,Michael Arroyo,,Michael Arroyo,,Michael Arroyo,,Michael Arroyo,,Michael Arroyo,,Michael Arroyo,,Michael Arroyo,,Michael Arroyo,,Michael Arroyo,,Michael Arroyo,,Michael Arroyo,
,Michael Busch,,Michael Busch,,Michael Busch,,Michael Busch,,Michael Busch,,Michael Busch,,Michael Busch,,Michael Busch,,Michael Busch,,Michael Busch,,Michael Busch,,Michael Busch,
,Michael Conforto,,Michael Conforto,,Michael Conforto,,Michael Conforto,,Michael Conforto,,Michael Conforto,,Michael Conforto,,Michael Conforto,,Michael Conforto,,Michael Conforto,,Michael Conforto,,Michael Conforto,
,Michael Darrell-Hicks,,Michael Darrell-Hicks,,Michael Darrell-Hicks,,Michael Darrell-Hicks,,Michael Darrell-Hicks,,Michael Darrell-Hicks,,Michael Darrell-Hicks,,Michael Darrell-Hicks,,Michael Darrell-Hicks,,Michael Darrell-Hicks,,Michael Darrell-Hicks,,Michael Darrell-Hicks,
,Michael Fulmer,,Michael Fulmer,,Michael Fulmer,,Michael Fulmer,,Michael Fulmer,,Michael Fulmer,,Michael Fulmer,,Michael Fulmer,,Michael Fulmer,,Michael Fulmer,,Michael Fulmer,,Michael Fulmer,
,Michael Grove,,Michael Grove,,Michael Grove,,Michael Grove,,Michael Grove,,Michael Grove,,Michael Grove,,Michael Grove,,Michael Grove,,Michael Grove,,Michael Grove,,Michael Grove,
,Michael Harris II,,Michael Harris II,,Michael Harris II,,Michael Harris II,,Michael Harris II,,Michael Harris II,,Michael Harris II,,Michael Harris II,,Michael Harris II,,Michael Harris II,,Michael Harris II,,Michael Harris II,
,Michael Helman,,Michael Helman,,Michael Helman,,Michael Helman,,Michael Helman,,Michael Helman,,Michael Helman,,Michael Helman,,Michael Helman,,Michael Helman,,Michael Helman,,Michael Helman,
,Michael Kelly,,Michael Kelly,,Michael Kelly,,Michael Kelly,,Michael Kelly,,Michael Kelly,,Michael Kelly,,Michael Kelly,,Michael Kelly,,Michael Kelly,,Michael Kelly,,Michael Kelly,
,Michael King,,Michael King,,Michael King,,Michael King,,Michael King,,Michael King,,Michael King,,Michael King,,Michael King,,Michael King,,Michael King,,Michael King,
,Michael Kopech,,Michael Kopech,,Michael Kopech,,Michael Kopech,,Michael Kopech,,Michael Kopech,,Michael Kopech,,Michael Kopech,,Michael Kopech,,Michael Kopech,,Michael Kopech,,Michael Kopech,
,Michael Lorenzen,,Michael Lorenzen,,Michael Lorenzen,,Michael Lorenzen,,Michael Lorenzen,,Michael Lorenzen,,Michael Lorenzen,,Michael Lorenzen,,Michael Lorenzen,,Michael Lorenzen,,Michael Lorenzen,,Michael Lorenzen,
,Michael Massey,,Michael Massey,,Michael Massey,,Michael Massey,,Michael Massey,,Michael Massey,,Michael Massey,,Michael Massey,,Michael Massey,,Michael Massey,,Michael Massey,,Michael Massey,
,Michael McGreevy,,Michael McGreevy,,Michael McGreevy,,Michael McGreevy,,Michael McGreevy,,Michael McGreevy,,Michael McGreevy,,Michael McGreevy,,Michael McGreevy,,Michael McGreevy,,Michael McGreevy,,Michael McGreevy,
,Michael Mercado,,Michael Mercado,,Michael Mercado,,Michael Mercado,,Michael Mercado,,Michael Mercado,,Michael Mercado,,Michael Mercado,,Michael Mercado,,Michael Mercado,,Michael Mercado,,Michael Mercado,
,Michael Petersen,,Michael Petersen,,Michael Petersen,,Michael Petersen,,Michael Petersen,,Michael Petersen,,Michael Petersen,,Michael Petersen,,Michael Petersen,,Michael Petersen,,Michael Petersen,,Michael Petersen,
,Michael Siani,,Michael Siani,,Michael Siani,,Michael Siani,,Michael Siani,,Michael Siani,,Michael Siani,,Michael Siani,,Michael Siani,,Michael Siani,,Michael Siani,,Michael Siani,
,Michael Soroka,,Michael Soroka,,Michael Soroka,,Michael Soroka,,Michael Soroka,,Michael Soroka,,Michael Soroka,,Michael Soroka,,Michael Soroka,,Michael Soroka,,Michael Soroka,,Michael Soroka,
,Michael Toglia,,Michael Toglia,,Michael Toglia,,Michael Toglia,,Michael Toglia,,Michael Toglia,,Michael Toglia,,Michael Toglia,,Michael Toglia,,Michael Toglia,,Michael Toglia,,Michael Toglia,
,Michael Tonkin,,Michael Tonkin,,Michael Tonkin,,Michael Tonkin,,Michael Tonkin,,Michael Tonkin,,Michael Tonkin,,Michael Tonkin,,Michael Tonkin,,Michael Tonkin,,Michael Tonkin,,Michael Tonkin,
,Michael Wacha,,Michael Wacha,,Michael Wacha,,Michael Wacha,,Michael Wacha,,Michael Wacha,,Michael Wacha,,Michael Wacha,,Michael Wacha,,Michael Wacha,,Michael Wacha,,Michael Wacha,
,Michel Otanez,,Michel Otanez,,Michel Otanez,,Michel Otanez,,Michel Otanez,,Michel Otanez,,Michel Otanez,,Michel Otanez,,Michel Otanez,,Michel Otanez,,Michel Otanez,,Michel Otanez,
,Mick Abel,,Mick Abel,,Mick Abel,,Mick Abel,,Mick Abel,,Mick Abel,,Mick Abel,,Mick Abel,,Mick Abel,,Mick Abel,,Mick Abel,,Mick Abel,
,Mickey Gasper,,Mickey Gasper,,Mickey Gasper,,Mickey Gasper,,Mickey Gasper,,Mickey Gasper,,Mickey Gasper,,Mickey Gasper,,Mickey Gasper,,Mickey Gasper,,Mickey Gasper,,Mickey Gasper,
,Mickey Moniak,,Mickey Moniak,,Mickey Moniak,,Mickey Moniak,,Mickey Moniak,,Mickey Moniak,,Mickey Moniak,,Mickey Moniak,,Mickey Moniak,,Mickey Moniak,,Mickey Moniak,,Mickey Moniak,
,Miguel Amaya,,Miguel Amaya,,Miguel Amaya,,Miguel Amaya,,Miguel Amaya,,Miguel Amaya,,Miguel Amaya,,Miguel Amaya,,Miguel Amaya,,Miguel Amaya,,Miguel Amaya,,Miguel Amaya,
,Miguel Andujar,,Miguel Andujar,,Miguel Andujar,,Miguel Andujar,,Miguel Andujar,,Miguel Andujar,,Miguel Andujar,,Miguel Andujar,,Miguel Andujar,,Miguel Andujar,,Miguel Andujar,,Miguel Andujar,
,Miguel Castro,,Miguel Castro,,Miguel Castro,,Miguel Castro,,Miguel Castro,,Miguel Castro,,Miguel Castro,,Miguel Castro,,Miguel Castro,,Miguel Castro,,Miguel Castro,,Miguel Castro,
,Miguel Rojas,,Miguel Rojas,,Miguel Rojas,,Miguel Rojas,,Miguel Rojas,,Miguel Rojas,,Miguel Rojas,,Miguel Rojas,,Miguel Rojas,,Miguel Rojas,,Miguel Rojas,,Miguel Rojas,
,Miguel Vargas,,Miguel Vargas,,Miguel Vargas,,Miguel Vargas,,Miguel Vargas,,Miguel Vargas,,Miguel Vargas,,Miguel Vargas,,Miguel Vargas,,Miguel Vargas,,Miguel Vargas,,Miguel Vargas,
,Mike Burrows,,Mike Burrows,,Mike Burrows,,Mike Burrows,,Mike Burrows,,Mike Burrows,,Mike Burrows,,Mike Burrows,,Mike Burrows,,Mike Burrows,,Mike Burrows,,Mike Burrows,
,Mike Clevinger,,Mike Clevinger,,Mike Clevinger,,Mike Clevinger,,Mike Clevinger,,Mike Clevinger,,Mike Clevinger,,Mike Clevinger,,Mike Clevinger,,Mike Clevinger,,Mike Clevinger,,Mike Clevinger,
,Mike Tauchman,,Mike Tauchman,,Mike Tauchman,,Mike Tauchman,,Mike Tauchman,,Mike Tauchman,,Mike Tauchman,,Mike Tauchman,,Mike Tauchman,,Mike Tauchman,,Mike Tauchman,,Mike Tauchman,
,Mike Trout,,Mike Trout,,Mike Trout,,Mike Trout,,Mike Trout,,Mike Trout,,Mike Trout,,Mike Trout,,Mike Trout,,Mike Trout,,Mike Trout,,Mike Trout,
,Mike Vasil,,Mike Vasil,,Mike Vasil,,Mike Vasil,,Mike Vasil,,Mike Vasil,,Mike Vasil,,Mike Vasil,,Mike Vasil,,Mike Vasil,,Mike Vasil,,Mike Vasil,
,Mike Yastrzemski,,Mike Yastrzemski,,Mike Yastrzemski,,Mike Yastrzemski,,Mike Yastrzemski,,Mike Yastrzemski,,Mike Yastrzemski,,Mike Yastrzemski,,Mike Yastrzemski,,Mike Yastrzemski,,Mike Yastrzemski,,Mike Yastrzemski,
,Miles Mastrobuoni,,Miles Mastrobuoni,,Miles Mastrobuoni,,Miles Mastrobuoni,,Miles Mastrobuoni,,Miles Mastrobuoni,,Miles Mastrobuoni,,Miles Mastrobuoni,,Miles Mastrobuoni,,Miles Mastrobuoni,,Miles Mastrobuoni,,Miles Mastrobuoni,
,Miles Mikolas,,Miles Mikolas,,Miles Mikolas,,Miles Mikolas,,Miles Mikolas,,Miles Mikolas,,Miles Mikolas,,Miles Mikolas,,Miles Mikolas,,Miles Mikolas,,Miles Mikolas,,Miles Mikolas,
,Mitch Bratt,,Mitch Bratt,,Mitch Bratt,,Mitch Bratt,,Mitch Bratt,,Mitch Bratt,,Mitch Bratt,,Mitch Bratt,,Mitch Bratt,,Mitch Bratt,,Mitch Bratt,,Mitch Bratt,
,Mitch Farris,,Mitch Farris,,Mitch Farris,,Mitch Farris,,Mitch Farris,,Mitch Farris,,Mitch Farris,,Mitch Farris,,Mitch Farris,,Mitch Farris,,Mitch Farris,,Mitch Farris,
,Mitch Garver,,Mitch Garver,,Mitch Garver,,Mitch Garver,,Mitch Garver,,Mitch Garver,,Mitch Garver,,Mitch Garver,,Mitch Garver,,Mitch Garver,,Mitch Garver,,Mitch Garver,
,Mitch Keller,,Mitch Keller,,Mitch Keller,,Mitch Keller,,Mitch Keller,,Mitch Keller,,Mitch Keller,,Mitch Keller,,Mitch Keller,,Mitch Keller,,Mitch Keller,,Mitch Keller,
,Mitch Spence,,Mitch Spence,,Mitch Spence,,Mitch Spence,,Mitch Spence,,Mitch Spence,,Mitch Spence,,Mitch Spence,,Mitch Spence,,Mitch Spence,,Mitch Spence,,Mitch Spence,
,Mitchell Parker,,Mitchell Parker,,Mitchell Parker,,Mitchell Parker,,Mitchell Parker,,Mitchell Parker,,Mitchell Parker,,Mitchell Parker,,Mitchell Parker,,Mitchell Parker,,Mitchell Parker,,Mitchell Parker,
,MJ Melendez,,MJ Melendez,,MJ Melendez,,MJ Melendez,,MJ Melendez,,MJ Melendez,,MJ Melendez,,MJ Melendez,,MJ Melendez,,MJ Melendez,,MJ Melendez,,MJ Melendez,
,Moises Ballesteros,,Moises Ballesteros,,Moises Ballesteros,,Moises Ballesteros,,Moises Ballesteros,,Moises Ballesteros,,Moises Ballesteros,,Moises Ballesteros,,Moises Ballesteros,,Moises Ballesteros,,Moises Ballesteros,,Moises Ballesteros,
,Mookie Betts,,Mookie Betts,,Mookie Betts,,Mookie Betts,,Mookie Betts,,Mookie Betts,,Mookie Betts,,Mookie Betts,,Mookie Betts,,Mookie Betts,,Mookie Betts,,Mookie Betts,
,Munetaka Murakami,,Munetaka Murakami,,Munetaka Murakami,,Munetaka Murakami,,Munetaka Murakami,,Munetaka Murakami,,Munetaka Murakami,,Munetaka Murakami,,Munetaka Murakami,,Munetaka Murakami,,Munetaka Murakami,,Munetaka Murakami,
,Myles Straw,,Myles Straw,,Myles Straw,,Myles Straw,,Myles Straw,,Myles Straw,,Myles Straw,,Myles Straw,,Myles Straw,,Myles Straw,,Myles Straw,,Myles Straw,
,Nabil Crismatt,,Nabil Crismatt,,Nabil Crismatt,,Nabil Crismatt,,Nabil Crismatt,,Nabil Crismatt,,Nabil Crismatt,,Nabil Crismatt,,Nabil Crismatt,,Nabil Crismatt,,Nabil Crismatt,,Nabil Crismatt,
,Nacho Alvarez Jr.,,Nacho Alvarez Jr.,,Nacho Alvarez Jr.,,Nacho Alvarez Jr.,,Nacho Alvarez Jr.,,Nacho Alvarez Jr.,,Nacho Alvarez Jr.,,Nacho Alvarez Jr.,,Nacho Alvarez Jr.,,Nacho Alvarez Jr.,,Nacho Alvarez Jr.,,Nacho Alvarez Jr.,
,Nasim Nunez,,Nasim Nunez,,Nasim Nunez,,Nasim Nunez,,Nasim Nunez,,Nasim Nunez,,Nasim Nunez,,Nasim Nunez,,Nasim Nunez,,Nasim Nunez,,Nasim Nunez,,Nasim Nunez,
,Nate Eaton,,Nate Eaton,,Nate Eaton,,Nate Eaton,,Nate Eaton,,Nate Eaton,,Nate Eaton,,Nate Eaton,,Nate Eaton,,Nate Eaton,,Nate Eaton,,Nate Eaton,
,Nate Lavender,,Nate Lavender,,Nate Lavender,,Nate Lavender,,Nate Lavender,,Nate Lavender,,Nate Lavender,,Nate Lavender,,Nate Lavender,,Nate Lavender,,Nate Lavender,,Nate Lavender,
,Nate Pearson,,Nate Pearson,,Nate Pearson,,Nate Pearson,,Nate Pearson,,Nate Pearson,,Nate Pearson,,Nate Pearson,,Nate Pearson,,Nate Pearson,,Nate Pearson,,Nate Pearson,
,Nathan Church,,Nathan Church,,Nathan Church,,Nathan Church,,Nathan Church,,Nathan Church,,Nathan Church,,Nathan Church,,Nathan Church,,Nathan Church,,Nathan Church,,Nathan Church,
,Nathan Eovaldi,,Nathan Eovaldi,,Nathan Eovaldi,,Nathan Eovaldi,,Nathan Eovaldi,,Nathan Eovaldi,,Nathan Eovaldi,,Nathan Eovaldi,,Nathan Eovaldi,,Nathan Eovaldi,,Nathan Eovaldi,,Nathan Eovaldi,
,Nathan Lukes,,Nathan Lukes,,Nathan Lukes,,Nathan Lukes,,Nathan Lukes,,Nathan Lukes,,Nathan Lukes,,Nathan Lukes,,Nathan Lukes,,Nathan Lukes,,Nathan Lukes,,Nathan Lukes,
,Nathan Wiles,,Nathan Wiles,,Nathan Wiles,,Nathan Wiles,,Nathan Wiles,,Nathan Wiles,,Nathan Wiles,,Nathan Wiles,,Nathan Wiles,,Nathan Wiles,,Nathan Wiles,,Nathan Wiles,
,Nathaniel Lowe,,Nathaniel Lowe,,Nathaniel Lowe,,Nathaniel Lowe,,Nathaniel Lowe,,Nathaniel Lowe,,Nathaniel Lowe,,Nathaniel Lowe,,Nathaniel Lowe,,Nathaniel Lowe,,Nathaniel Lowe,,Nathaniel Lowe,
,Nelson Rada,,Nelson Rada,,Nelson Rada,,Nelson Rada,,Nelson Rada,,Nelson Rada,,Nelson Rada,,Nelson Rada,,Nelson Rada,,Nelson Rada,,Nelson Rada,,Nelson Rada,
,Nelson Velazquez,,Nelson Velazquez,,Nelson Velazquez,,Nelson Velazquez,,Nelson Velazquez,,Nelson Velazquez,,Nelson Velazquez,,Nelson Velazquez,,Nelson Velazquez,,Nelson Velazquez,,Nelson Velazquez,,Nelson Velazquez,
,Nestor Cortes Jr.,,Nestor Cortes Jr.,,Nestor Cortes Jr.,,Nestor Cortes Jr.,,Nestor Cortes Jr.,,Nestor Cortes Jr.,,Nestor Cortes Jr.,,Nestor Cortes Jr.,,Nestor Cortes Jr.,,Nestor Cortes Jr.,,Nestor Cortes Jr.,,Nestor Cortes Jr.,
,Nick Allen,,Nick Allen,,Nick Allen,,Nick Allen,,Nick Allen,,Nick Allen,,Nick Allen,,Nick Allen,,Nick Allen,,Nick Allen,,Nick Allen,,Nick Allen,
,Nick Anderson,,Nick Anderson,,Nick Anderson,,Nick Anderson,,Nick Anderson,,Nick Anderson,,Nick Anderson,,Nick Anderson,,Nick Anderson,,Nick Anderson,,Nick Anderson,,Nick Anderson,
,Nick Burdi,,Nick Burdi,,Nick Burdi,,Nick Burdi,,Nick Burdi,,Nick Burdi,,Nick Burdi,,Nick Burdi,,Nick Burdi,,Nick Burdi,,Nick Burdi,,Nick Burdi,
,Nick Castellanos,,Nick Castellanos,,Nick Castellanos,,Nick Castellanos,,Nick Castellanos,,Nick Castellanos,,Nick Castellanos,,Nick Castellanos,,Nick Castellanos,,Nick Castellanos,,Nick Castellanos,,Nick Castellanos,
,Nick Fortes,,Nick Fortes,,Nick Fortes,,Nick Fortes,,Nick Fortes,,Nick Fortes,,Nick Fortes,,Nick Fortes,,Nick Fortes,,Nick Fortes,,Nick Fortes,,Nick Fortes,
,Nick Frasso,,Nick Frasso,,Nick Frasso,,Nick Frasso,,Nick Frasso,,Nick Frasso,,Nick Frasso,,Nick Frasso,,Nick Frasso,,Nick Frasso,,Nick Frasso,,Nick Frasso,
,Nick Gonzales,,Nick Gonzales,,Nick Gonzales,,Nick Gonzales,,Nick Gonzales,,Nick Gonzales,,Nick Gonzales,,Nick Gonzales,,Nick Gonzales,,Nick Gonzales,,Nick Gonzales,,Nick Gonzales,
,Nick Kurtz,,Nick Kurtz,,Nick Kurtz,,Nick Kurtz,,Nick Kurtz,,Nick Kurtz,,Nick Kurtz,,Nick Kurtz,,Nick Kurtz,,Nick Kurtz,,Nick Kurtz,,Nick Kurtz,
,Nick Lodolo,,Nick Lodolo,,Nick Lodolo,,Nick Lodolo,,Nick Lodolo,,Nick Lodolo,,Nick Lodolo,,Nick Lodolo,,Nick Lodolo,,Nick Lodolo,,Nick Lodolo,,Nick Lodolo,
,Nick Loftin,,Nick Loftin,,Nick Loftin,,Nick Loftin,,Nick Loftin,,Nick Loftin,,Nick Loftin,,Nick Loftin,,Nick Loftin,,Nick Loftin,,Nick Loftin,,Nick Loftin,
,Nick Madrigal,,Nick Madrigal,,Nick Madrigal,,Nick Madrigal,,Nick Madrigal,,Nick Madrigal,,Nick Madrigal,,Nick Madrigal,,Nick Madrigal,,Nick Madrigal,,Nick Madrigal,,Nick Madrigal,
,Nick Martinez,,Nick Martinez,,Nick Martinez,,Nick Martinez,,Nick Martinez,,Nick Martinez,,Nick Martinez,,Nick Martinez,,Nick Martinez,,Nick Martinez,,Nick Martinez,,Nick Martinez,
,Nick Maton,,Nick Maton,,Nick Maton,,Nick Maton,,Nick Maton,,Nick Maton,,Nick Maton,,Nick Maton,,Nick Maton,,Nick Maton,,Nick Maton,,Nick Maton,
,Nick Mears,,Nick Mears,,Nick Mears,,Nick Mears,,Nick Mears,,Nick Mears,,Nick Mears,,Nick Mears,,Nick Mears,,Nick Mears,,Nick Mears,,Nick Mears,
,Nick Pivetta,,Nick Pivetta,,Nick Pivetta,,Nick Pivetta,,Nick Pivetta,,Nick Pivetta,,Nick Pivetta,,Nick Pivetta,,Nick Pivetta,,Nick Pivetta,,Nick Pivetta,,Nick Pivetta,
,Nick Raquet,,Nick Raquet,,Nick Raquet,,Nick Raquet,,Nick Raquet,,Nick Raquet,,Nick Raquet,,Nick Raquet,,Nick Raquet,,Nick Raquet,,Nick Raquet,,Nick Raquet,
,Nick Sandlin,,Nick Sandlin,,Nick Sandlin,,Nick Sandlin,,Nick Sandlin,,Nick Sandlin,,Nick Sandlin,,Nick Sandlin,,Nick Sandlin,,Nick Sandlin,,Nick Sandlin,,Nick Sandlin,
,Nick Sogard,,Nick Sogard,,Nick Sogard,,Nick Sogard,,Nick Sogard,,Nick Sogard,,Nick Sogard,,Nick Sogard,,Nick Sogard,,Nick Sogard,,Nick Sogard,,Nick Sogard,
,Nick Yorke,,Nick Yorke,,Nick Yorke,,Nick Yorke,,Nick Yorke,,Nick Yorke,,Nick Yorke,,Nick Yorke,,Nick Yorke,,Nick Yorke,,Nick Yorke,,Nick Yorke,
,Nico Hoerner,,Nico Hoerner,,Nico Hoerner,,Nico Hoerner,,Nico Hoerner,,Nico Hoerner,,Nico Hoerner,,Nico Hoerner,,Nico Hoerner,,Nico Hoerner,,Nico Hoerner,,Nico Hoerner,
,Noah Cameron,,Noah Cameron,,Noah Cameron,,Noah Cameron,,Noah Cameron,,Noah Cameron,,Noah Cameron,,Noah Cameron,,Noah Cameron,,Noah Cameron,,Noah Cameron,,Noah Cameron,
,Noelvi Marte,,Noelvi Marte,,Noelvi Marte,,Noelvi Marte,,Noelvi Marte,,Noelvi Marte,,Noelvi Marte,,Noelvi Marte,,Noelvi Marte,,Noelvi Marte,,Noelvi Marte,,Noelvi Marte,
,Nolan Arenado,,Nolan Arenado,,Nolan Arenado,,Nolan Arenado,,Nolan Arenado,,Nolan Arenado,,Nolan Arenado,,Nolan Arenado,,Nolan Arenado,,Nolan Arenado,,Nolan Arenado,,Nolan Arenado,
,Nolan Gorman,,Nolan Gorman,,Nolan Gorman,,Nolan Gorman,,Nolan Gorman,,Nolan Gorman,,Nolan Gorman,,Nolan Gorman,,Nolan Gorman,,Nolan Gorman,,Nolan Gorman,,Nolan Gorman,
,Nolan Hoffman,,Nolan Hoffman,,Nolan Hoffman,,Nolan Hoffman,,Nolan Hoffman,,Nolan Hoffman,,Nolan Hoffman,,Nolan Hoffman,,Nolan Hoffman,,Nolan Hoffman,,Nolan Hoffman,,Nolan Hoffman,
,Nolan Jones,,Nolan Jones,,Nolan Jones,,Nolan Jones,,Nolan Jones,,Nolan Jones,,Nolan Jones,,Nolan Jones,,Nolan Jones,,Nolan Jones,,Nolan Jones,,Nolan Jones,
,Nolan McLean,,Nolan McLean,,Nolan McLean,,Nolan McLean,,Nolan McLean,,Nolan McLean,,Nolan McLean,,Nolan McLean,,Nolan McLean,,Nolan McLean,,Nolan McLean,,Nolan McLean,
,Nolan Schanuel,,Nolan Schanuel,,Nolan Schanuel,,Nolan Schanuel,,Nolan Schanuel,,Nolan Schanuel,,Nolan Schanuel,,Nolan Schanuel,,Nolan Schanuel,,Nolan Schanuel,,Nolan Schanuel,,Nolan Schanuel,
,Omar Cruz,,Omar Cruz,,Omar Cruz,,Omar Cruz,,Omar Cruz,,Omar Cruz,,Omar Cruz,,Omar Cruz,,Omar Cruz,,Omar Cruz,,Omar Cruz,,Omar Cruz,
,Oneil Cruz,,Oneil Cruz,,Oneil Cruz,,Oneil Cruz,,Oneil Cruz,,Oneil Cruz,,Oneil Cruz,,Oneil Cruz,,Oneil Cruz,,Oneil Cruz,,Oneil Cruz,,Oneil Cruz,
,Orion Kerkering,,Orion Kerkering,,Orion Kerkering,,Orion Kerkering,,Orion Kerkering,,Orion Kerkering,,Orion Kerkering,,Orion Kerkering,,Orion Kerkering,,Orion Kerkering,,Orion Kerkering,,Orion Kerkering,
,Orlando Arcia,,Orlando Arcia,,Orlando Arcia,,Orlando Arcia,,Orlando Arcia,,Orlando Arcia,,Orlando Arcia,,Orlando Arcia,,Orlando Arcia,,Orlando Arcia,,Orlando Arcia,,Orlando Arcia,
,Orlando Ribalta,,Orlando Ribalta,,Orlando Ribalta,,Orlando Ribalta,,Orlando Ribalta,,Orlando Ribalta,,Orlando Ribalta,,Orlando Ribalta,,Orlando Ribalta,,Orlando Ribalta,,Orlando Ribalta,,Orlando Ribalta,
,Oscar Gonzalez,,Oscar Gonzalez,,Oscar Gonzalez,,Oscar Gonzalez,,Oscar Gonzalez,,Oscar Gonzalez,,Oscar Gonzalez,,Oscar Gonzalez,,Oscar Gonzalez,,Oscar Gonzalez,,Oscar Gonzalez,,Oscar Gonzalez,
,Osvaldo Bido,,Osvaldo Bido,,Osvaldo Bido,,Osvaldo Bido,,Osvaldo Bido,,Osvaldo Bido,,Osvaldo Bido,,Osvaldo Bido,,Osvaldo Bido,,Osvaldo Bido,,Osvaldo Bido,,Osvaldo Bido,
,Oswald Peraza,,Oswald Peraza,,Oswald Peraza,,Oswald Peraza,,Oswald Peraza,,Oswald Peraza,,Oswald Peraza,,Oswald Peraza,,Oswald Peraza,,Oswald Peraza,,Oswald Peraza,,Oswald Peraza,
,Oswaldo Cabrera,,Oswaldo Cabrera,,Oswaldo Cabrera,,Oswaldo Cabrera,,Oswaldo Cabrera,,Oswaldo Cabrera,,Oswaldo Cabrera,,Oswaldo Cabrera,,Oswaldo Cabrera,,Oswaldo Cabrera,,Oswaldo Cabrera,,Oswaldo Cabrera,
,Otto Kemp,,Otto Kemp,,Otto Kemp,,Otto Kemp,,Otto Kemp,,Otto Kemp,,Otto Kemp,,Otto Kemp,,Otto Kemp,,Otto Kemp,,Otto Kemp,,Otto Kemp,
,Otto Lopez,,Otto Lopez,,Otto Lopez,,Otto Lopez,,Otto Lopez,,Otto Lopez,,Otto Lopez,,Otto Lopez,,Otto Lopez,,Otto Lopez,,Otto Lopez,,Otto Lopez,
,Owen Caissie,,Owen Caissie,,Owen Caissie,,Owen Caissie,,Owen Caissie,,Owen Caissie,,Owen Caissie,,Owen Caissie,,Owen Caissie,,Owen Caissie,,Owen Caissie,,Owen Caissie,
,Owen Miller,,Owen Miller,,Owen Miller,,Owen Miller,,Owen Miller,,Owen Miller,,Owen Miller,,Owen Miller,,Owen Miller,,Owen Miller,,Owen Miller,,Owen Miller,
,Owen White,,Owen White,,Owen White,,Owen White,,Owen White,,Owen White,,Owen White,,Owen White,,Owen White,,Owen White,,Owen White,,Owen White,
,Ozzie Albies,,Ozzie Albies,,Ozzie Albies,,Ozzie Albies,,Ozzie Albies,,Ozzie Albies,,Ozzie Albies,,Ozzie Albies,,Ozzie Albies,,Ozzie Albies,,Ozzie Albies,,Ozzie Albies,
,Parker Meadows,,Parker Meadows,,Parker Meadows,,Parker Meadows,,Parker Meadows,,Parker Meadows,,Parker Meadows,,Parker Meadows,,Parker Meadows,,Parker Meadows,,Parker Meadows,,Parker Meadows,
,Parker Messick,,Parker Messick,,Parker Messick,,Parker Messick,,Parker Messick,,Parker Messick,,Parker Messick,,Parker Messick,,Parker Messick,,Parker Messick,,Parker Messick,,Parker Messick,
,Patrick Bailey,,Patrick Bailey,,Patrick Bailey,,Patrick Bailey,,Patrick Bailey,,Patrick Bailey,,Patrick Bailey,,Patrick Bailey,,Patrick Bailey,,Patrick Bailey,,Patrick Bailey,,Patrick Bailey,
,Patrick Corbin,,Patrick Corbin,,Patrick Corbin,,Patrick Corbin,,Patrick Corbin,,Patrick Corbin,,Patrick Corbin,,Patrick Corbin,,Patrick Corbin,,Patrick Corbin,,Patrick Corbin,,Patrick Corbin,
,Patrick Sandoval,,Patrick Sandoval,,Patrick Sandoval,,Patrick Sandoval,,Patrick Sandoval,,Patrick Sandoval,,Patrick Sandoval,,Patrick Sandoval,,Patrick Sandoval,,Patrick Sandoval,,Patrick Sandoval,,Patrick Sandoval,
,Paul Blackburn,,Paul Blackburn,,Paul Blackburn,,Paul Blackburn,,Paul Blackburn,,Paul Blackburn,,Paul Blackburn,,Paul Blackburn,,Paul Blackburn,,Paul Blackburn,,Paul Blackburn,,Paul Blackburn,
,Paul DeJong,,Paul DeJong,,Paul DeJong,,Paul DeJong,,Paul DeJong,,Paul DeJong,,Paul DeJong,,Paul DeJong,,Paul DeJong,,Paul DeJong,,Paul DeJong,,Paul DeJong,
,Paul Gervase,,Paul Gervase,,Paul Gervase,,Paul Gervase,,Paul Gervase,,Paul Gervase,,Paul Gervase,,Paul Gervase,,Paul Gervase,,Paul Gervase,,Paul Gervase,,Paul Gervase,
,Paul Goldschmidt,,Paul Goldschmidt,,Paul Goldschmidt,,Paul Goldschmidt,,Paul Goldschmidt,,Paul Goldschmidt,,Paul Goldschmidt,,Paul Goldschmidt,,Paul Goldschmidt,,Paul Goldschmidt,,Paul Goldschmidt,,Paul Goldschmidt,
,Paul Sewald,,Paul Sewald,,Paul Sewald,,Paul Sewald,,Paul Sewald,,Paul Sewald,,Paul Sewald,,Paul Sewald,,Paul Sewald,,Paul Sewald,,Paul Sewald,,Paul Sewald,
,Paul Skenes,,Paul Skenes,,Paul Skenes,,Paul Skenes,,Paul Skenes,,Paul Skenes,,Paul Skenes,,Paul Skenes,,Paul Skenes,,Paul Skenes,,Paul Skenes,,Paul Skenes,
,Pavin Smith,,Pavin Smith,,Pavin Smith,,Pavin Smith,,Pavin Smith,,Pavin Smith,,Pavin Smith,,Pavin Smith,,Pavin Smith,,Pavin Smith,,Pavin Smith,,Pavin Smith,
,Paxton Schultz,,Paxton Schultz,,Paxton Schultz,,Paxton Schultz,,Paxton Schultz,,Paxton Schultz,,Paxton Schultz,,Paxton Schultz,,Paxton Schultz,,Paxton Schultz,,Paxton Schultz,,Paxton Schultz,
,Payton Eeles,,Payton Eeles,,Payton Eeles,,Payton Eeles,,Payton Eeles,,Payton Eeles,,Payton Eeles,,Payton Eeles,,Payton Eeles,,Payton Eeles,,Payton Eeles,,Payton Eeles,
,Payton Tolle,,Payton Tolle,,Payton Tolle,,Payton Tolle,,Payton Tolle,,Payton Tolle,,Payton Tolle,,Payton Tolle,,Payton Tolle,,Payton Tolle,,Payton Tolle,,Payton Tolle,
,Pedro Avila,,Pedro Avila,,Pedro Avila,,Pedro Avila,,Pedro Avila,,Pedro Avila,,Pedro Avila,,Pedro Avila,,Pedro Avila,,Pedro Avila,,Pedro Avila,,Pedro Avila,
,Pedro Leon,,Pedro Leon,,Pedro Leon,,Pedro Leon,,Pedro Leon,,Pedro Leon,,Pedro Leon,,Pedro Leon,,Pedro Leon,,Pedro Leon,,Pedro Leon,,Pedro Leon,
,Pedro Pages,,Pedro Pages,,Pedro Pages,,Pedro Pages,,Pedro Pages,,Pedro Pages,,Pedro Pages,,Pedro Pages,,Pedro Pages,,Pedro Pages,,Pedro Pages,,Pedro Pages,
,Pete Alonso,,Pete Alonso,,Pete Alonso,,Pete Alonso,,Pete Alonso,,Pete Alonso,,Pete Alonso,,Pete Alonso,,Pete Alonso,,Pete Alonso,,Pete Alonso,,Pete Alonso,
,Pete Crow-Armstrong,,Pete Crow-Armstrong,,Pete Crow-Armstrong,,Pete Crow-Armstrong,,Pete Crow-Armstrong,,Pete Crow-Armstrong,,Pete Crow-Armstrong,,Pete Crow-Armstrong,,Pete Crow-Armstrong,,Pete Crow-Armstrong,,Pete Crow-Armstrong,,Pete Crow-Armstrong,
,Pete Fairbanks,,Pete Fairbanks,,Pete Fairbanks,,Pete Fairbanks,,Pete Fairbanks,,Pete Fairbanks,,Pete Fairbanks,,Pete Fairbanks,,Pete Fairbanks,,Pete Fairbanks,,Pete Fairbanks,,Pete Fairbanks,
,Petey Halpin,,Petey Halpin,,Petey Halpin,,Petey Halpin,,Petey Halpin,,Petey Halpin,,Petey Halpin,,Petey Halpin,,Petey Halpin,,Petey Halpin,,Petey Halpin,,Petey Halpin,
,Phil Maton,,Phil Maton,,Phil Maton,,Phil Maton,,Phil Maton,,Phil Maton,,Phil Maton,,Phil Maton,,Phil Maton,,Phil Maton,,Phil Maton,,Phil Maton,
,Philip Abner,,Philip Abner,,Philip Abner,,Philip Abner,,Philip Abner,,Philip Abner,,Philip Abner,,Philip Abner,,Philip Abner,,Philip Abner,,Philip Abner,,Philip Abner,
,Pierce Johnson,,Pierce Johnson,,Pierce Johnson,,Pierce Johnson,,Pierce Johnson,,Pierce Johnson,,Pierce Johnson,,Pierce Johnson,,Pierce Johnson,,Pierce Johnson,,Pierce Johnson,,Pierce Johnson,
,PJ Poulin,,PJ Poulin,,PJ Poulin,,PJ Poulin,,PJ Poulin,,PJ Poulin,,PJ Poulin,,PJ Poulin,,PJ Poulin,,PJ Poulin,,PJ Poulin,,PJ Poulin,
,Porter Hodge,,Porter Hodge,,Porter Hodge,,Porter Hodge,,Porter Hodge,,Porter Hodge,,Porter Hodge,,Porter Hodge,,Porter Hodge,,Porter Hodge,,Porter Hodge,,Porter Hodge,
,Prelander Berroa,,Prelander Berroa,,Prelander Berroa,,Prelander Berroa,,Prelander Berroa,,Prelander Berroa,,Prelander Berroa,,Prelander Berroa,,Prelander Berroa,,Prelander Berroa,,Prelander Berroa,,Prelander Berroa,
,Quinn Mathews,,Quinn Mathews,,Quinn Mathews,,Quinn Mathews,,Quinn Mathews,,Quinn Mathews,,Quinn Mathews,,Quinn Mathews,,Quinn Mathews,,Quinn Mathews,,Quinn Mathews,,Quinn Mathews,
,Quinn Priester,,Quinn Priester,,Quinn Priester,,Quinn Priester,,Quinn Priester,,Quinn Priester,,Quinn Priester,,Quinn Priester,,Quinn Priester,,Quinn Priester,,Quinn Priester,,Quinn Priester,
,Rafael Devers,,Rafael Devers,,Rafael Devers,,Rafael Devers,,Rafael Devers,,Rafael Devers,,Rafael Devers,,Rafael Devers,,Rafael Devers,,Rafael Devers,,Rafael Devers,,Rafael Devers,
,Rafael Flores,,Rafael Flores,,Rafael Flores,,Rafael Flores,,Rafael Flores,,Rafael Flores,,Rafael Flores,,Rafael Flores,,Rafael Flores,,Rafael Flores,,Rafael Flores,,Rafael Flores,
,Rafael Lantigua,,Rafael Lantigua,,Rafael Lantigua,,Rafael Lantigua,,Rafael Lantigua,,Rafael Lantigua,,Rafael Lantigua,,Rafael Lantigua,,Rafael Lantigua,,Rafael Lantigua,,Rafael Lantigua,,Rafael Lantigua,
,Rafael Marchan,,Rafael Marchan,,Rafael Marchan,,Rafael Marchan,,Rafael Marchan,,Rafael Marchan,,Rafael Marchan,,Rafael Marchan,,Rafael Marchan,,Rafael Marchan,,Rafael Marchan,,Rafael Marchan,
,Rafael Montero,,Rafael Montero,,Rafael Montero,,Rafael Montero,,Rafael Montero,,Rafael Montero,,Rafael Montero,,Rafael Montero,,Rafael Montero,,Rafael Montero,,Rafael Montero,,Rafael Montero,
,Raisel Iglesias,,Raisel Iglesias,,Raisel Iglesias,,Raisel Iglesias,,Raisel Iglesias,,Raisel Iglesias,,Raisel Iglesias,,Raisel Iglesias,,Raisel Iglesias,,Raisel Iglesias,,Raisel Iglesias,,Raisel Iglesias,
,Ralphy Velazquez,,Ralphy Velazquez,,Ralphy Velazquez,,Ralphy Velazquez,,Ralphy Velazquez,,Ralphy Velazquez,,Ralphy Velazquez,,Ralphy Velazquez,,Ralphy Velazquez,,Ralphy Velazquez,,Ralphy Velazquez,,Ralphy Velazquez,
,Ramon Laureano,,Ramon Laureano,,Ramon Laureano,,Ramon Laureano,,Ramon Laureano,,Ramon Laureano,,Ramon Laureano,,Ramon Laureano,,Ramon Laureano,,Ramon Laureano,,Ramon Laureano,,Ramon Laureano,
,Ramon Urias,,Ramon Urias,,Ramon Urias,,Ramon Urias,,Ramon Urias,,Ramon Urias,,Ramon Urias,,Ramon Urias,,Ramon Urias,,Ramon Urias,,Ramon Urias,,Ramon Urias,
,Randal Grichuk,,Randal Grichuk,,Randal Grichuk,,Randal Grichuk,,Randal Grichuk,,Randal Grichuk,,Randal Grichuk,,Randal Grichuk,,Randal Grichuk,,Randal Grichuk,,Randal Grichuk,,Randal Grichuk,
,Randy Arozarena,,Randy Arozarena,,Randy Arozarena,,Randy Arozarena,,Randy Arozarena,,Randy Arozarena,,Randy Arozarena,,Randy Arozarena,,Randy Arozarena,,Randy Arozarena,,Randy Arozarena,,Randy Arozarena,
,Randy Dobnak,,Randy Dobnak,,Randy Dobnak,,Randy Dobnak,,Randy Dobnak,,Randy Dobnak,,Randy Dobnak,,Randy Dobnak,,Randy Dobnak,,Randy Dobnak,,Randy Dobnak,,Randy Dobnak,
,Randy Vasquez,,Randy Vasquez,,Randy Vasquez,,Randy Vasquez,,Randy Vasquez,,Randy Vasquez,,Randy Vasquez,,Randy Vasquez,,Randy Vasquez,,Randy Vasquez,,Randy Vasquez,,Randy Vasquez,
,Ranger Suarez,,Ranger Suarez,,Ranger Suarez,,Ranger Suarez,,Ranger Suarez,,Ranger Suarez,,Ranger Suarez,,Ranger Suarez,,Ranger Suarez,,Ranger Suarez,,Ranger Suarez,,Ranger Suarez,
,Raynel Delgado,,Raynel Delgado,,Raynel Delgado,,Raynel Delgado,,Raynel Delgado,,Raynel Delgado,,Raynel Delgado,,Raynel Delgado,,Raynel Delgado,,Raynel Delgado,,Raynel Delgado,,Raynel Delgado,
,Rece Hinds,,Rece Hinds,,Rece Hinds,,Rece Hinds,,Rece Hinds,,Rece Hinds,,Rece Hinds,,Rece Hinds,,Rece Hinds,,Rece Hinds,,Rece Hinds,,Rece Hinds,
,Reese McGuire,,Reese McGuire,,Reese McGuire,,Reese McGuire,,Reese McGuire,,Reese McGuire,,Reese McGuire,,Reese McGuire,,Reese McGuire,,Reese McGuire,,Reese McGuire,,Reese McGuire,
,Reid Detmers,,Reid Detmers,,Reid Detmers,,Reid Detmers,,Reid Detmers,,Reid Detmers,,Reid Detmers,,Reid Detmers,,Reid Detmers,,Reid Detmers,,Reid Detmers,,Reid Detmers,
,Reiver Sanmartin,,Reiver Sanmartin,,Reiver Sanmartin,,Reiver Sanmartin,,Reiver Sanmartin,,Reiver Sanmartin,,Reiver Sanmartin,,Reiver Sanmartin,,Reiver Sanmartin,,Reiver Sanmartin,,Reiver Sanmartin,,Reiver Sanmartin,
,Reynaldo Lopez,,Reynaldo Lopez,,Reynaldo Lopez,,Reynaldo Lopez,,Reynaldo Lopez,,Reynaldo Lopez,,Reynaldo Lopez,,Reynaldo Lopez,,Reynaldo Lopez,,Reynaldo Lopez,,Reynaldo Lopez,,Reynaldo Lopez,
,Rhett Lowder,,Rhett Lowder,,Rhett Lowder,,Rhett Lowder,,Rhett Lowder,,Rhett Lowder,,Rhett Lowder,,Rhett Lowder,,Rhett Lowder,,Rhett Lowder,,Rhett Lowder,,Rhett Lowder,
,Rhylan Thomas,,Rhylan Thomas,,Rhylan Thomas,,Rhylan Thomas,,Rhylan Thomas,,Rhylan Thomas,,Rhylan Thomas,,Rhylan Thomas,,Rhylan Thomas,,Rhylan Thomas,,Rhylan Thomas,,Rhylan Thomas,
,Rhys Hoskins,,Rhys Hoskins,,Rhys Hoskins,,Rhys Hoskins,,Rhys Hoskins,,Rhys Hoskins,,Rhys Hoskins,,Rhys Hoskins,,Rhys Hoskins,,Rhys Hoskins,,Rhys Hoskins,,Rhys Hoskins,
,Richard Fitts,,Richard Fitts,,Richard Fitts,,Richard Fitts,,Richard Fitts,,Richard Fitts,,Richard Fitts,,Richard Fitts,,Richard Fitts,,Richard Fitts,,Richard Fitts,,Richard Fitts,
,Richard Lovelady,,Richard Lovelady,,Richard Lovelady,,Richard Lovelady,,Richard Lovelady,,Richard Lovelady,,Richard Lovelady,,Richard Lovelady,,Richard Lovelady,,Richard Lovelady,,Richard Lovelady,,Richard Lovelady,
,Richie Martin,,Richie Martin,,Richie Martin,,Richie Martin,,Richie Martin,,Richie Martin,,Richie Martin,,Richie Martin,,Richie Martin,,Richie Martin,,Richie Martin,,Richie Martin,
,Richie Palacios,,Richie Palacios,,Richie Palacios,,Richie Palacios,,Richie Palacios,,Richie Palacios,,Richie Palacios,,Richie Palacios,,Richie Palacios,,Richie Palacios,,Richie Palacios,,Richie Palacios,
,Ricky Tiedemann,,Ricky Tiedemann,,Ricky Tiedemann,,Ricky Tiedemann,,Ricky Tiedemann,,Ricky Tiedemann,,Ricky Tiedemann,,Ricky Tiedemann,,Ricky Tiedemann,,Ricky Tiedemann,,Ricky Tiedemann,,Ricky Tiedemann,
,Rico Garcia,,Rico Garcia,,Rico Garcia,,Rico Garcia,,Rico Garcia,,Rico Garcia,,Rico Garcia,,Rico Garcia,,Rico Garcia,,Rico Garcia,,Rico Garcia,,Rico Garcia,
,Riley Adams,,Riley Adams,,Riley Adams,,Riley Adams,,Riley Adams,,Riley Adams,,Riley Adams,,Riley Adams,,Riley Adams,,Riley Adams,,Riley Adams,,Riley Adams,
,Riley Greene,,Riley Greene,,Riley Greene,,Riley Greene,,Riley Greene,,Riley Greene,,Riley Greene,,Riley Greene,,Riley Greene,,Riley Greene,,Riley Greene,,Riley Greene,
,Riley O'Brien,,Riley O'Brien,,Riley O'Brien,,Riley O'Brien,,Riley O'Brien,,Riley O'Brien,,Riley O'Brien,,Riley O'Brien,,Riley O'Brien,,Riley O'Brien,,Riley O'Brien,,Riley O'Brien,
,River Ryan,,River Ryan,,River Ryan,,River Ryan,,River Ryan,,River Ryan,,River Ryan,,River Ryan,,River Ryan,,River Ryan,,River Ryan,,River Ryan,
,RJ Petit,,RJ Petit,,RJ Petit,,RJ Petit,,RJ Petit,,RJ Petit,,RJ Petit,,RJ Petit,,RJ Petit,,RJ Petit,,RJ Petit,,RJ Petit,
,RJ Schreck,,RJ Schreck,,RJ Schreck,,RJ Schreck,,RJ Schreck,,RJ Schreck,,RJ Schreck,,RJ Schreck,,RJ Schreck,,RJ Schreck,,RJ Schreck,,RJ Schreck,
,Roansy Contreras,,Roansy Contreras,,Roansy Contreras,,Roansy Contreras,,Roansy Contreras,,Roansy Contreras,,Roansy Contreras,,Roansy Contreras,,Roansy Contreras,,Roansy Contreras,,Roansy Contreras,,Roansy Contreras,
,Rob Refsnyder,,Rob Refsnyder,,Rob Refsnyder,,Rob Refsnyder,,Rob Refsnyder,,Rob Refsnyder,,Rob Refsnyder,,Rob Refsnyder,,Rob Refsnyder,,Rob Refsnyder,,Rob Refsnyder,,Rob Refsnyder,
,Rob Zastryzny,,Rob Zastryzny,,Rob Zastryzny,,Rob Zastryzny,,Rob Zastryzny,,Rob Zastryzny,,Rob Zastryzny,,Rob Zastryzny,,Rob Zastryzny,,Rob Zastryzny,,Rob Zastryzny,,Rob Zastryzny,
,Robbie Ray,,Robbie Ray,,Robbie Ray,,Robbie Ray,,Robbie Ray,,Robbie Ray,,Robbie Ray,,Robbie Ray,,Robbie Ray,,Robbie Ray,,Robbie Ray,,Robbie Ray,
,Robby Snelling,,Robby Snelling,,Robby Snelling,,Robby Snelling,,Robby Snelling,,Robby Snelling,,Robby Snelling,,Robby Snelling,,Robby Snelling,,Robby Snelling,,Robby Snelling,,Robby Snelling,
,Robert Garcia,,Robert Garcia,,Robert Garcia,,Robert Garcia,,Robert Garcia,,Robert Garcia,,Robert Garcia,,Robert Garcia,,Robert Garcia,,Robert Garcia,,Robert Garcia,,Robert Garcia,
,Robert Gasser,,Robert Gasser,,Robert Gasser,,Robert Gasser,,Robert Gasser,,Robert Gasser,,Robert Gasser,,Robert Gasser,,Robert Gasser,,Robert Gasser,,Robert Gasser,,Robert Gasser,
,Robert Hassell III,,Robert Hassell III,,Robert Hassell III,,Robert Hassell III,,Robert Hassell III,,Robert Hassell III,,Robert Hassell III,,Robert Hassell III,,Robert Hassell III,,Robert Hassell III,,Robert Hassell III,,Robert Hassell III,
,Robert Stephenson,,Robert Stephenson,,Robert Stephenson,,Robert Stephenson,,Robert Stephenson,,Robert Stephenson,,Robert Stephenson,,Robert Stephenson,,Robert Stephenson,,Robert Stephenson,,Robert Stephenson,,Robert Stephenson,
,Robert Stock,,Robert Stock,,Robert Stock,,Robert Stock,,Robert Stock,,Robert Stock,,Robert Stock,,Robert Stock,,Robert Stock,,Robert Stock,,Robert Stock,,Robert Stock,
,Robert Suarez,,Robert Suarez,,Robert Suarez,,Robert Suarez,,Robert Suarez,,Robert Suarez,,Robert Suarez,,Robert Suarez,,Robert Suarez,,Robert Suarez,,Robert Suarez,,Robert Suarez,
,Robinson Ortiz,,Robinson Ortiz,,Robinson Ortiz,,Robinson Ortiz,,Robinson Ortiz,,Robinson Ortiz,,Robinson Ortiz,,Robinson Ortiz,,Robinson Ortiz,,Robinson Ortiz,,Robinson Ortiz,,Robinson Ortiz,
,Robinson Pina,,Robinson Pina,,Robinson Pina,,Robinson Pina,,Robinson Pina,,Robinson Pina,,Robinson Pina,,Robinson Pina,,Robinson Pina,,Robinson Pina,,Robinson Pina,,Robinson Pina,
,Roddery Munoz,,Roddery Munoz,,Roddery Munoz,,Roddery Munoz,,Roddery Munoz,,Roddery Munoz,,Roddery Munoz,,Roddery Munoz,,Roddery Munoz,,Roddery Munoz,,Roddery Munoz,,Roddery Munoz,
,Roki Sasaki,,Roki Sasaki,,Roki Sasaki,,Roki Sasaki,,Roki Sasaki,,Roki Sasaki,,Roki Sasaki,,Roki Sasaki,,Roki Sasaki,,Roki Sasaki,,Roki Sasaki,,Roki Sasaki,
,Rolddy Munoz,,Rolddy Munoz,,Rolddy Munoz,,Rolddy Munoz,,Rolddy Munoz,,Rolddy Munoz,,Rolddy Munoz,,Rolddy Munoz,,Rolddy Munoz,,Rolddy Munoz,,Rolddy Munoz,,Rolddy Munoz,
,Roman Anthony,,Roman Anthony,,Roman Anthony,,Roman Anthony,,Roman Anthony,,Roman Anthony,,Roman Anthony,,Roman Anthony,,Roman Anthony,,Roman Anthony,,Roman Anthony,,Roman Anthony,
,Romy Gonzalez,,Romy Gonzalez,,Romy Gonzalez,,Romy Gonzalez,,Romy Gonzalez,,Romy Gonzalez,,Romy Gonzalez,,Romy Gonzalez,,Romy Gonzalez,,Romy Gonzalez,,Romy Gonzalez,,Romy Gonzalez,
,Ron Marinaccio,,Ron Marinaccio,,Ron Marinaccio,,Ron Marinaccio,,Ron Marinaccio,,Ron Marinaccio,,Ron Marinaccio,,Ron Marinaccio,,Ron Marinaccio,,Ron Marinaccio,,Ron Marinaccio,,Ron Marinaccio,
,Ronald Acuna Jr.,,Ronald Acuna Jr.,,Ronald Acuna Jr.,,Ronald Acuna Jr.,,Ronald Acuna Jr.,,Ronald Acuna Jr.,,Ronald Acuna Jr.,,Ronald Acuna Jr.,,Ronald Acuna Jr.,,Ronald Acuna Jr.,,Ronald Acuna Jr.,,Ronald Acuna Jr.,
,Ronel Blanco,,Ronel Blanco,,Ronel Blanco,,Ronel Blanco,,Ronel Blanco,,Ronel Blanco,,Ronel Blanco,,Ronel Blanco,,Ronel Blanco,,Ronel Blanco,,Ronel Blanco,,Ronel Blanco,
,Ronny Mauricio,,Ronny Mauricio,,Ronny Mauricio,,Ronny Mauricio,,Ronny Mauricio,,Ronny Mauricio,,Ronny Mauricio,,Ronny Mauricio,,Ronny Mauricio,,Ronny Mauricio,,Ronny Mauricio,,Ronny Mauricio,
,Ronny Simon,,Ronny Simon,,Ronny Simon,,Ronny Simon,,Ronny Simon,,Ronny Simon,,Ronny Simon,,Ronny Simon,,Ronny Simon,,Ronny Simon,,Ronny Simon,,Ronny Simon,
,Rowdy Tellez,,Rowdy Tellez,,Rowdy Tellez,,Rowdy Tellez,,Rowdy Tellez,,Rowdy Tellez,,Rowdy Tellez,,Rowdy Tellez,,Rowdy Tellez,,Rowdy Tellez,,Rowdy Tellez,,Rowdy Tellez,
,Royce Lewis,,Royce Lewis,,Royce Lewis,,Royce Lewis,,Royce Lewis,,Royce Lewis,,Royce Lewis,,Royce Lewis,,Royce Lewis,,Royce Lewis,,Royce Lewis,,Royce Lewis,
,Ryan Bergert,,Ryan Bergert,,Ryan Bergert,,Ryan Bergert,,Ryan Bergert,,Ryan Bergert,,Ryan Bergert,,Ryan Bergert,,Ryan Bergert,,Ryan Bergert,,Ryan Bergert,,Ryan Bergert,
,Ryan Bliss,,Ryan Bliss,,Ryan Bliss,,Ryan Bliss,,Ryan Bliss,,Ryan Bliss,,Ryan Bliss,,Ryan Bliss,,Ryan Bliss,,Ryan Bliss,,Ryan Bliss,,Ryan Bliss,
,Ryan Borucki,,Ryan Borucki,,Ryan Borucki,,Ryan Borucki,,Ryan Borucki,,Ryan Borucki,,Ryan Borucki,,Ryan Borucki,,Ryan Borucki,,Ryan Borucki,,Ryan Borucki,,Ryan Borucki,
,Ryan Brasier,,Ryan Brasier,,Ryan Brasier,,Ryan Brasier,,Ryan Brasier,,Ryan Brasier,,Ryan Brasier,,Ryan Brasier,,Ryan Brasier,,Ryan Brasier,,Ryan Brasier,,Ryan Brasier,
,Ryan Burr,,Ryan Burr,,Ryan Burr,,Ryan Burr,,Ryan Burr,,Ryan Burr,,Ryan Burr,,Ryan Burr,,Ryan Burr,,Ryan Burr,,Ryan Burr,,Ryan Burr,
,Ryan Clifford,,Ryan Clifford,,Ryan Clifford,,Ryan Clifford,,Ryan Clifford,,Ryan Clifford,,Ryan Clifford,,Ryan Clifford,,Ryan Clifford,,Ryan Clifford,,Ryan Clifford,,Ryan Clifford,
,Ryan Feltner,,Ryan Feltner,,Ryan Feltner,,Ryan Feltner,,Ryan Feltner,,Ryan Feltner,,Ryan Feltner,,Ryan Feltner,,Ryan Feltner,,Ryan Feltner,,Ryan Feltner,,Ryan Feltner,
,Ryan Fernandez,,Ryan Fernandez,,Ryan Fernandez,,Ryan Fernandez,,Ryan Fernandez,,Ryan Fernandez,,Ryan Fernandez,,Ryan Fernandez,,Ryan Fernandez,,Ryan Fernandez,,Ryan Fernandez,,Ryan Fernandez,
,Ryan Fitzgerald,,Ryan Fitzgerald,,Ryan Fitzgerald,,Ryan Fitzgerald,,Ryan Fitzgerald,,Ryan Fitzgerald,,Ryan Fitzgerald,,Ryan Fitzgerald,,Ryan Fitzgerald,,Ryan Fitzgerald,,Ryan Fitzgerald,,Ryan Fitzgerald,
,Ryan Gusto,,Ryan Gusto,,Ryan Gusto,,Ryan Gusto,,Ryan Gusto,,Ryan Gusto,,Ryan Gusto,,Ryan Gusto,,Ryan Gusto,,Ryan Gusto,,Ryan Gusto,,Ryan Gusto,
,Ryan Helsley,,Ryan Helsley,,Ryan Helsley,,Ryan Helsley,,Ryan Helsley,,Ryan Helsley,,Ryan Helsley,,Ryan Helsley,,Ryan Helsley,,Ryan Helsley,,Ryan Helsley,,Ryan Helsley,
,Ryan Jeffers,,Ryan Jeffers,,Ryan Jeffers,,Ryan Jeffers,,Ryan Jeffers,,Ryan Jeffers,,Ryan Jeffers,,Ryan Jeffers,,Ryan Jeffers,,Ryan Jeffers,,Ryan Jeffers,,Ryan Jeffers,
,Ryan Johnson,,Ryan Johnson,,Ryan Johnson,,Ryan Johnson,,Ryan Johnson,,Ryan Johnson,,Ryan Johnson,,Ryan Johnson,,Ryan Johnson,,Ryan Johnson,,Ryan Johnson,,Ryan Johnson,
,Ryan Kreidler,,Ryan Kreidler,,Ryan Kreidler,,Ryan Kreidler,,Ryan Kreidler,,Ryan Kreidler,,Ryan Kreidler,,Ryan Kreidler,,Ryan Kreidler,,Ryan Kreidler,,Ryan Kreidler,,Ryan Kreidler,
,Ryan Loutos,,Ryan Loutos,,Ryan Loutos,,Ryan Loutos,,Ryan Loutos,,Ryan Loutos,,Ryan Loutos,,Ryan Loutos,,Ryan Loutos,,Ryan Loutos,,Ryan Loutos,,Ryan Loutos,
,Ryan McMahon,,Ryan McMahon,,Ryan McMahon,,Ryan McMahon,,Ryan McMahon,,Ryan McMahon,,Ryan McMahon,,Ryan McMahon,,Ryan McMahon,,Ryan McMahon,,Ryan McMahon,,Ryan McMahon,
,Ryan Mountcastle,,Ryan Mountcastle,,Ryan Mountcastle,,Ryan Mountcastle,,Ryan Mountcastle,,Ryan Mountcastle,,Ryan Mountcastle,,Ryan Mountcastle,,Ryan Mountcastle,,Ryan Mountcastle,,Ryan Mountcastle,,Ryan Mountcastle,
,Ryan Noda,,Ryan Noda,,Ryan Noda,,Ryan Noda,,Ryan Noda,,Ryan Noda,,Ryan Noda,,Ryan Noda,,Ryan Noda,,Ryan Noda,,Ryan Noda,,Ryan Noda,
,Ryan O'Hearn,,Ryan O'Hearn,,Ryan O'Hearn,,Ryan O'Hearn,,Ryan O'Hearn,,Ryan O'Hearn,,Ryan O'Hearn,,Ryan O'Hearn,,Ryan O'Hearn,,Ryan O'Hearn,,Ryan O'Hearn,,Ryan O'Hearn,
,Ryan Pepiot,,Ryan Pepiot,,Ryan Pepiot,,Ryan Pepiot,,Ryan Pepiot,,Ryan Pepiot,,Ryan Pepiot,,Ryan Pepiot,,Ryan Pepiot,,Ryan Pepiot,,Ryan Pepiot,,Ryan Pepiot,
,Ryan Ritter,,Ryan Ritter,,Ryan Ritter,,Ryan Ritter,,Ryan Ritter,,Ryan Ritter,,Ryan Ritter,,Ryan Ritter,,Ryan Ritter,,Ryan Ritter,,Ryan Ritter,,Ryan Ritter,
,Ryan Rolison,,Ryan Rolison,,Ryan Rolison,,Ryan Rolison,,Ryan Rolison,,Ryan Rolison,,Ryan Rolison,,Ryan Rolison,,Ryan Rolison,,Ryan Rolison,,Ryan Rolison,,Ryan Rolison,
,Ryan Thompson,,Ryan Thompson,,Ryan Thompson,,Ryan Thompson,,Ryan Thompson,,Ryan Thompson,,Ryan Thompson,,Ryan Thompson,,Ryan Thompson,,Ryan Thompson,,Ryan Thompson,,Ryan Thompson,
,Ryan Vilade,,Ryan Vilade,,Ryan Vilade,,Ryan Vilade,,Ryan Vilade,,Ryan Vilade,,Ryan Vilade,,Ryan Vilade,,Ryan Vilade,,Ryan Vilade,,Ryan Vilade,,Ryan Vilade,
,Ryan Waldschmidt,,Ryan Waldschmidt,,Ryan Waldschmidt,,Ryan Waldschmidt,,Ryan Waldschmidt,,Ryan Waldschmidt,,Ryan Waldschmidt,,Ryan Waldschmidt,,Ryan Waldschmidt,,Ryan Waldschmidt,,Ryan Waldschmidt,,Ryan Waldschmidt,
,Ryan Walker,,Ryan Walker,,Ryan Walker,,Ryan Walker,,Ryan Walker,,Ryan Walker,,Ryan Walker,,Ryan Walker,,Ryan Walker,,Ryan Walker,,Ryan Walker,,Ryan Walker,
,Ryan Weathers,,Ryan Weathers,,Ryan Weathers,,Ryan Weathers,,Ryan Weathers,,Ryan Weathers,,Ryan Weathers,,Ryan Weathers,,Ryan Weathers,,Ryan Weathers,,Ryan Weathers,,Ryan Weathers,
,Ryan Weiss,,Ryan Weiss,,Ryan Weiss,,Ryan Weiss,,Ryan Weiss,,Ryan Weiss,,Ryan Weiss,,Ryan Weiss,,Ryan Weiss,,Ryan Weiss,,Ryan Weiss,,Ryan Weiss,
,Ryan Yarbrough,,Ryan Yarbrough,,Ryan Yarbrough,,Ryan Yarbrough,,Ryan Yarbrough,,Ryan Yarbrough,,Ryan Yarbrough,,Ryan Yarbrough,,Ryan Yarbrough,,Ryan Yarbrough,,Ryan Yarbrough,,Ryan Yarbrough,
,Ryan Zeferjahn,,Ryan Zeferjahn,,Ryan Zeferjahn,,Ryan Zeferjahn,,Ryan Zeferjahn,,Ryan Zeferjahn,,Ryan Zeferjahn,,Ryan Zeferjahn,,Ryan Zeferjahn,,Ryan Zeferjahn,,Ryan Zeferjahn,,Ryan Zeferjahn,
,Ryne Nelson,,Ryne Nelson,,Ryne Nelson,,Ryne Nelson,,Ryne Nelson,,Ryne Nelson,,Ryne Nelson,,Ryne Nelson,,Ryne Nelson,,Ryne Nelson,,Ryne Nelson,,Ryne Nelson,
,Ryne Stanek,,Ryne Stanek,,Ryne Stanek,,Ryne Stanek,,Ryne Stanek,,Ryne Stanek,,Ryne Stanek,,Ryne Stanek,,Ryne Stanek,,Ryne Stanek,,Ryne Stanek,,Ryne Stanek,
,Sal Frelick,,Sal Frelick,,Sal Frelick,,Sal Frelick,,Sal Frelick,,Sal Frelick,,Sal Frelick,,Sal Frelick,,Sal Frelick,,Sal Frelick,,Sal Frelick,,Sal Frelick,
,Sal Stewart,,Sal Stewart,,Sal Stewart,,Sal Stewart,,Sal Stewart,,Sal Stewart,,Sal Stewart,,Sal Stewart,,Sal Stewart,,Sal Stewart,,Sal Stewart,,Sal Stewart,
,Salvador Perez,,Salvador Perez,,Salvador Perez,,Salvador Perez,,Salvador Perez,,Salvador Perez,,Salvador Perez,,Salvador Perez,,Salvador Perez,,Salvador Perez,,Salvador Perez,,Salvador Perez,
,Sam Aldegheri,,Sam Aldegheri,,Sam Aldegheri,,Sam Aldegheri,,Sam Aldegheri,,Sam Aldegheri,,Sam Aldegheri,,Sam Aldegheri,,Sam Aldegheri,,Sam Aldegheri,,Sam Aldegheri,,Sam Aldegheri,
,Sam Bachman,,Sam Bachman,,Sam Bachman,,Sam Bachman,,Sam Bachman,,Sam Bachman,,Sam Bachman,,Sam Bachman,,Sam Bachman,,Sam Bachman,,Sam Bachman,,Sam Bachman,
,Sam Benschoter,,Sam Benschoter,,Sam Benschoter,,Sam Benschoter,,Sam Benschoter,,Sam Benschoter,,Sam Benschoter,,Sam Benschoter,,Sam Benschoter,,Sam Benschoter,,Sam Benschoter,,Sam Benschoter,
,Sam Haggerty,,Sam Haggerty,,Sam Haggerty,,Sam Haggerty,,Sam Haggerty,,Sam Haggerty,,Sam Haggerty,,Sam Haggerty,,Sam Haggerty,,Sam Haggerty,,Sam Haggerty,,Sam Haggerty,
,Sam Hentges,,Sam Hentges,,Sam Hentges,,Sam Hentges,,Sam Hentges,,Sam Hentges,,Sam Hentges,,Sam Hentges,,Sam Hentges,,Sam Hentges,,Sam Hentges,,Sam Hentges,
,Sam Long,,Sam Long,,Sam Long,,Sam Long,,Sam Long,,Sam Long,,Sam Long,,Sam Long,,Sam Long,,Sam Long,,Sam Long,,Sam Long,
,Sam Moll,,Sam Moll,,Sam Moll,,Sam Moll,,Sam Moll,,Sam Moll,,Sam Moll,,Sam Moll,,Sam Moll,,Sam Moll,,Sam Moll,,Sam Moll,
,Samad Taylor,,Samad Taylor,,Samad Taylor,,Samad Taylor,,Samad Taylor,,Samad Taylor,,Samad Taylor,,Samad Taylor,,Samad Taylor,,Samad Taylor,,Samad Taylor,,Samad Taylor,
,Sammy Peralta,,Sammy Peralta,,Sammy Peralta,,Sammy Peralta,,Sammy Peralta,,Sammy Peralta,,Sammy Peralta,,Sammy Peralta,,Sammy Peralta,,Sammy Peralta,,Sammy Peralta,,Sammy Peralta,
,Samuel Basallo,,Samuel Basallo,,Samuel Basallo,,Samuel Basallo,,Samuel Basallo,,Samuel Basallo,,Samuel Basallo,,Samuel Basallo,,Samuel Basallo,,Samuel Basallo,,Samuel Basallo,,Samuel Basallo,
,Sandy Alcantara,,Sandy Alcantara,,Sandy Alcantara,,Sandy Alcantara,,Sandy Alcantara,,Sandy Alcantara,,Sandy Alcantara,,Sandy Alcantara,,Sandy Alcantara,,Sandy Alcantara,,Sandy Alcantara,,Sandy Alcantara,
,Sandy Leon,,Sandy Leon,,Sandy Leon,,Sandy Leon,,Sandy Leon,,Sandy Leon,,Sandy Leon,,Sandy Leon,,Sandy Leon,,Sandy Leon,,Sandy Leon,,Sandy Leon,
,Santiago Espinal,,Santiago Espinal,,Santiago Espinal,,Santiago Espinal,,Santiago Espinal,,Santiago Espinal,,Santiago Espinal,,Santiago Espinal,,Santiago Espinal,,Santiago Espinal,,Santiago Espinal,,Santiago Espinal,
,Sauryn Lao,,Sauryn Lao,,Sauryn Lao,,Sauryn Lao,,Sauryn Lao,,Sauryn Lao,,Sauryn Lao,,Sauryn Lao,,Sauryn Lao,,Sauryn Lao,,Sauryn Lao,,Sauryn Lao,
,Sawyer Gipson-Long,,Sawyer Gipson-Long,,Sawyer Gipson-Long,,Sawyer Gipson-Long,,Sawyer Gipson-Long,,Sawyer Gipson-Long,,Sawyer Gipson-Long,,Sawyer Gipson-Long,,Sawyer Gipson-Long,,Sawyer Gipson-Long,,Sawyer Gipson-Long,,Sawyer Gipson-Long,
,Scott Alexander,,Scott Alexander,,Scott Alexander,,Scott Alexander,,Scott Alexander,,Scott Alexander,,Scott Alexander,,Scott Alexander,,Scott Alexander,,Scott Alexander,,Scott Alexander,,Scott Alexander,
,Scott Barlow,,Scott Barlow,,Scott Barlow,,Scott Barlow,,Scott Barlow,,Scott Barlow,,Scott Barlow,,Scott Barlow,,Scott Barlow,,Scott Barlow,,Scott Barlow,,Scott Barlow,
,Scott Blewett,,Scott Blewett,,Scott Blewett,,Scott Blewett,,Scott Blewett,,Scott Blewett,,Scott Blewett,,Scott Blewett,,Scott Blewett,,Scott Blewett,,Scott Blewett,,Scott Blewett,
,Scott Effross,,Scott Effross,,Scott Effross,,Scott Effross,,Scott Effross,,Scott Effross,,Scott Effross,,Scott Effross,,Scott Effross,,Scott Effross,,Scott Effross,,Scott Effross,
,Scott McGough,,Scott McGough,,Scott McGough,,Scott McGough,,Scott McGough,,Scott McGough,,Scott McGough,,Scott McGough,,Scott McGough,,Scott McGough,,Scott McGough,,Scott McGough,
,Sean Burke,,Sean Burke,,Sean Burke,,Sean Burke,,Sean Burke,,Sean Burke,,Sean Burke,,Sean Burke,,Sean Burke,,Sean Burke,,Sean Burke,,Sean Burke,
,Sean Guenther,,Sean Guenther,,Sean Guenther,,Sean Guenther,,Sean Guenther,,Sean Guenther,,Sean Guenther,,Sean Guenther,,Sean Guenther,,Sean Guenther,,Sean Guenther,,Sean Guenther,
,Sean Manaea,,Sean Manaea,,Sean Manaea,,Sean Manaea,,Sean Manaea,,Sean Manaea,,Sean Manaea,,Sean Manaea,,Sean Manaea,,Sean Manaea,,Sean Manaea,,Sean Manaea,
,Sean Murphy,,Sean Murphy,,Sean Murphy,,Sean Murphy,,Sean Murphy,,Sean Murphy,,Sean Murphy,,Sean Murphy,,Sean Murphy,,Sean Murphy,,Sean Murphy,,Sean Murphy,
,Sean Newcomb,,Sean Newcomb,,Sean Newcomb,,Sean Newcomb,,Sean Newcomb,,Sean Newcomb,,Sean Newcomb,,Sean Newcomb,,Sean Newcomb,,Sean Newcomb,,Sean Newcomb,,Sean Newcomb,
,Sean Reynolds,,Sean Reynolds,,Sean Reynolds,,Sean Reynolds,,Sean Reynolds,,Sean Reynolds,,Sean Reynolds,,Sean Reynolds,,Sean Reynolds,,Sean Reynolds,,Sean Reynolds,,Sean Reynolds,
,Sebastian Rivero,,Sebastian Rivero,,Sebastian Rivero,,Sebastian Rivero,,Sebastian Rivero,,Sebastian Rivero,,Sebastian Rivero,,Sebastian Rivero,,Sebastian Rivero,,Sebastian Rivero,,Sebastian Rivero,,Sebastian Rivero,
,Seiya Suzuki,,Seiya Suzuki,,Seiya Suzuki,,Seiya Suzuki,,Seiya Suzuki,,Seiya Suzuki,,Seiya Suzuki,,Seiya Suzuki,,Seiya Suzuki,,Seiya Suzuki,,Seiya Suzuki,,Seiya Suzuki,
,Sem Robberse,,Sem Robberse,,Sem Robberse,,Sem Robberse,,Sem Robberse,,Sem Robberse,,Sem Robberse,,Sem Robberse,,Sem Robberse,,Sem Robberse,,Sem Robberse,,Sem Robberse,
,Seranthony Dominguez,,Seranthony Dominguez,,Seranthony Dominguez,,Seranthony Dominguez,,Seranthony Dominguez,,Seranthony Dominguez,,Seranthony Dominguez,,Seranthony Dominguez,,Seranthony Dominguez,,Seranthony Dominguez,,Seranthony Dominguez,,Seranthony Dominguez,
,Seth Brown,,Seth Brown,,Seth Brown,,Seth Brown,,Seth Brown,,Seth Brown,,Seth Brown,,Seth Brown,,Seth Brown,,Seth Brown,,Seth Brown,,Seth Brown,
,Seth Halvorsen,,Seth Halvorsen,,Seth Halvorsen,,Seth Halvorsen,,Seth Halvorsen,,Seth Halvorsen,,Seth Halvorsen,,Seth Halvorsen,,Seth Halvorsen,,Seth Halvorsen,,Seth Halvorsen,,Seth Halvorsen,
,Seth Johnson,,Seth Johnson,,Seth Johnson,,Seth Johnson,,Seth Johnson,,Seth Johnson,,Seth Johnson,,Seth Johnson,,Seth Johnson,,Seth Johnson,,Seth Johnson,,Seth Johnson,
,Seth Lugo,,Seth Lugo,,Seth Lugo,,Seth Lugo,,Seth Lugo,,Seth Lugo,,Seth Lugo,,Seth Lugo,,Seth Lugo,,Seth Lugo,,Seth Lugo,,Seth Lugo,
,Shane Baz,,Shane Baz,,Shane Baz,,Shane Baz,,Shane Baz,,Shane Baz,,Shane Baz,,Shane Baz,,Shane Baz,,Shane Baz,,Shane Baz,,Shane Baz,
,Shane Bieber,,Shane Bieber,,Shane Bieber,,Shane Bieber,,Shane Bieber,,Shane Bieber,,Shane Bieber,,Shane Bieber,,Shane Bieber,,Shane Bieber,,Shane Bieber,,Shane Bieber,
,Shane Drohan,,Shane Drohan,,Shane Drohan,,Shane Drohan,,Shane Drohan,,Shane Drohan,,Shane Drohan,,Shane Drohan,,Shane Drohan,,Shane Drohan,,Shane Drohan,,Shane Drohan,
,Shane McClanahan,,Shane McClanahan,,Shane McClanahan,,Shane McClanahan,,Shane McClanahan,,Shane McClanahan,,Shane McClanahan,,Shane McClanahan,,Shane McClanahan,,Shane McClanahan,,Shane McClanahan,,Shane McClanahan,
,Shane Smith,,Shane Smith,,Shane Smith,,Shane Smith,,Shane Smith,,Shane Smith,,Shane Smith,,Shane Smith,,Shane Smith,,Shane Smith,,Shane Smith,,Shane Smith,
,Shawn Armstrong,,Shawn Armstrong,,Shawn Armstrong,,Shawn Armstrong,,Shawn Armstrong,,Shawn Armstrong,,Shawn Armstrong,,Shawn Armstrong,,Shawn Armstrong,,Shawn Armstrong,,Shawn Armstrong,,Shawn Armstrong,
,Shawn Dubin,,Shawn Dubin,,Shawn Dubin,,Shawn Dubin,,Shawn Dubin,,Shawn Dubin,,Shawn Dubin,,Shawn Dubin,,Shawn Dubin,,Shawn Dubin,,Shawn Dubin,,Shawn Dubin,
,Shay Whitcomb,,Shay Whitcomb,,Shay Whitcomb,,Shay Whitcomb,,Shay Whitcomb,,Shay Whitcomb,,Shay Whitcomb,,Shay Whitcomb,,Shay Whitcomb,,Shay Whitcomb,,Shay Whitcomb,,Shay Whitcomb,
,Shea Langeliers,,Shea Langeliers,,Shea Langeliers,,Shea Langeliers,,Shea Langeliers,,Shea Langeliers,,Shea Langeliers,,Shea Langeliers,,Shea Langeliers,,Shea Langeliers,,Shea Langeliers,,Shea Langeliers,
,Shinnosuke Ogasawara,,Shinnosuke Ogasawara,,Shinnosuke Ogasawara,,Shinnosuke Ogasawara,,Shinnosuke Ogasawara,,Shinnosuke Ogasawara,,Shinnosuke Ogasawara,,Shinnosuke Ogasawara,,Shinnosuke Ogasawara,,Shinnosuke Ogasawara,,Shinnosuke Ogasawara,,Shinnosuke Ogasawara,
,Shohei Ohtani,,Shohei Ohtani,,Shohei Ohtani,,Shohei Ohtani,,Shohei Ohtani,,Shohei Ohtani,,Shohei Ohtani,,Shohei Ohtani,,Shohei Ohtani,,Shohei Ohtani,,Shohei Ohtani,,Shohei Ohtani,
,Shohei Ohtani,,Shohei Ohtani,,Shohei Ohtani,,Shohei Ohtani,,Shohei Ohtani,,Shohei Ohtani,,Shohei Ohtani,,Shohei Ohtani,,Shohei Ohtani,,Shohei Ohtani,,Shohei Ohtani,,Shohei Ohtani,
,Shota Imanaga,,Shota Imanaga,,Shota Imanaga,,Shota Imanaga,,Shota Imanaga,,Shota Imanaga,,Shota Imanaga,,Shota Imanaga,,Shota Imanaga,,Shota Imanaga,,Shota Imanaga,,Shota Imanaga,
,Simeon Woods Richardson,,Simeon Woods Richardson,,Simeon Woods Richardson,,Simeon Woods Richardson,,Simeon Woods Richardson,,Simeon Woods Richardson,,Simeon Woods Richardson,,Simeon Woods Richardson,,Simeon Woods Richardson,,Simeon Woods Richardson,,Simeon Woods Richardson,,Simeon Woods Richardson,
,Slade Cecconi,,Slade Cecconi,,Slade Cecconi,,Slade Cecconi,,Slade Cecconi,,Slade Cecconi,,Slade Cecconi,,Slade Cecconi,,Slade Cecconi,,Slade Cecconi,,Slade Cecconi,,Slade Cecconi,
,Sonny Gray,,Sonny Gray,,Sonny Gray,,Sonny Gray,,Sonny Gray,,Sonny Gray,,Sonny Gray,,Sonny Gray,,Sonny Gray,,Sonny Gray,,Sonny Gray,,Sonny Gray,
,Spencer Arrighetti,,Spencer Arrighetti,,Spencer Arrighetti,,Spencer Arrighetti,,Spencer Arrighetti,,Spencer Arrighetti,,Spencer Arrighetti,,Spencer Arrighetti,,Spencer Arrighetti,,Spencer Arrighetti,,Spencer Arrighetti,,Spencer Arrighetti,
,Spencer Bivens,,Spencer Bivens,,Spencer Bivens,,Spencer Bivens,,Spencer Bivens,,Spencer Bivens,,Spencer Bivens,,Spencer Bivens,,Spencer Bivens,,Spencer Bivens,,Spencer Bivens,,Spencer Bivens,
,Spencer Horwitz,,Spencer Horwitz,,Spencer Horwitz,,Spencer Horwitz,,Spencer Horwitz,,Spencer Horwitz,,Spencer Horwitz,,Spencer Horwitz,,Spencer Horwitz,,Spencer Horwitz,,Spencer Horwitz,,Spencer Horwitz,
,Spencer Jones,,Spencer Jones,,Spencer Jones,,Spencer Jones,,Spencer Jones,,Spencer Jones,,Spencer Jones,,Spencer Jones,,Spencer Jones,,Spencer Jones,,Spencer Jones,,Spencer Jones,
,Spencer Schwellenbach,,Spencer Schwellenbach,,Spencer Schwellenbach,,Spencer Schwellenbach,,Spencer Schwellenbach,,Spencer Schwellenbach,,Spencer Schwellenbach,,Spencer Schwellenbach,,Spencer Schwellenbach,,Spencer Schwellenbach,,Spencer Schwellenbach,,Spencer Schwellenbach,
,Spencer Steer,,Spencer Steer,,Spencer Steer,,Spencer Steer,,Spencer Steer,,Spencer Steer,,Spencer Steer,,Spencer Steer,,Spencer Steer,,Spencer Steer,,Spencer Steer,,Spencer Steer,
,Spencer Strider,,Spencer Strider,,Spencer Strider,,Spencer Strider,,Spencer Strider,,Spencer Strider,,Spencer Strider,,Spencer Strider,,Spencer Strider,,Spencer Strider,,Spencer Strider,,Spencer Strider,
,Spencer Torkelson,,Spencer Torkelson,,Spencer Torkelson,,Spencer Torkelson,,Spencer Torkelson,,Spencer Torkelson,,Spencer Torkelson,,Spencer Torkelson,,Spencer Torkelson,,Spencer Torkelson,,Spencer Torkelson,,Spencer Torkelson,
,Spencer Turnbull,,Spencer Turnbull,,Spencer Turnbull,,Spencer Turnbull,,Spencer Turnbull,,Spencer Turnbull,,Spencer Turnbull,,Spencer Turnbull,,Spencer Turnbull,,Spencer Turnbull,,Spencer Turnbull,,Spencer Turnbull,
,Starling Marte,,Starling Marte,,Starling Marte,,Starling Marte,,Starling Marte,,Starling Marte,,Starling Marte,,Starling Marte,,Starling Marte,,Starling Marte,,Starling Marte,,Starling Marte,
,Stephen Kolek,,Stephen Kolek,,Stephen Kolek,,Stephen Kolek,,Stephen Kolek,,Stephen Kolek,,Stephen Kolek,,Stephen Kolek,,Stephen Kolek,,Stephen Kolek,,Stephen Kolek,,Stephen Kolek,
,Sterlin Thompson,,Sterlin Thompson,,Sterlin Thompson,,Sterlin Thompson,,Sterlin Thompson,,Sterlin Thompson,,Sterlin Thompson,,Sterlin Thompson,,Sterlin Thompson,,Sterlin Thompson,,Sterlin Thompson,,Sterlin Thompson,
,Steven Cruz,,Steven Cruz,,Steven Cruz,,Steven Cruz,,Steven Cruz,,Steven Cruz,,Steven Cruz,,Steven Cruz,,Steven Cruz,,Steven Cruz,,Steven Cruz,,Steven Cruz,
,Steven Kwan,,Steven Kwan,,Steven Kwan,,Steven Kwan,,Steven Kwan,,Steven Kwan,,Steven Kwan,,Steven Kwan,,Steven Kwan,,Steven Kwan,,Steven Kwan,,Steven Kwan,
,Steven Matz,,Steven Matz,,Steven Matz,,Steven Matz,,Steven Matz,,Steven Matz,,Steven Matz,,Steven Matz,,Steven Matz,,Steven Matz,,Steven Matz,,Steven Matz,
,Steven Okert,,Steven Okert,,Steven Okert,,Steven Okert,,Steven Okert,,Steven Okert,,Steven Okert,,Steven Okert,,Steven Okert,,Steven Okert,,Steven Okert,,Steven Okert,
,Steven Wilson,,Steven Wilson,,Steven Wilson,,Steven Wilson,,Steven Wilson,,Steven Wilson,,Steven Wilson,,Steven Wilson,,Steven Wilson,,Steven Wilson,,Steven Wilson,,Steven Wilson,
,Steward Berroa,,Steward Berroa,,Steward Berroa,,Steward Berroa,,Steward Berroa,,Steward Berroa,,Steward Berroa,,Steward Berroa,,Steward Berroa,,Steward Berroa,,Steward Berroa,,Steward Berroa,
,Stuart Fairchild,,Stuart Fairchild,,Stuart Fairchild,,Stuart Fairchild,,Stuart Fairchild,,Stuart Fairchild,,Stuart Fairchild,,Stuart Fairchild,,Stuart Fairchild,,Stuart Fairchild,,Stuart Fairchild,,Stuart Fairchild,
,Sung-moon Song,,Sung-moon Song,,Sung-moon Song,,Sung-moon Song,,Sung-moon Song,,Sung-moon Song,,Sung-moon Song,,Sung-moon Song,,Sung-moon Song,,Sung-moon Song,,Sung-moon Song,,Sung-moon Song,
,T.J. McFarland,,T.J. McFarland,,T.J. McFarland,,T.J. McFarland,,T.J. McFarland,,T.J. McFarland,,T.J. McFarland,,T.J. McFarland,,T.J. McFarland,,T.J. McFarland,,T.J. McFarland,,T.J. McFarland,
,T.J. Rumfield,,T.J. Rumfield,,T.J. Rumfield,,T.J. Rumfield,,T.J. Rumfield,,T.J. Rumfield,,T.J. Rumfield,,T.J. Rumfield,,T.J. Rumfield,,T.J. Rumfield,,T.J. Rumfield,,T.J. Rumfield,
,Taijuan Walker,,Taijuan Walker,,Taijuan Walker,,Taijuan Walker,,Taijuan Walker,,Taijuan Walker,,Taijuan Walker,,Taijuan Walker,,Taijuan Walker,,Taijuan Walker,,Taijuan Walker,,Taijuan Walker,
,Taj Bradley,,Taj Bradley,,Taj Bradley,,Taj Bradley,,Taj Bradley,,Taj Bradley,,Taj Bradley,,Taj Bradley,,Taj Bradley,,Taj Bradley,,Taj Bradley,,Taj Bradley,
,Tanner Banks,,Tanner Banks,,Tanner Banks,,Tanner Banks,,Tanner Banks,,Tanner Banks,,Tanner Banks,,Tanner Banks,,Tanner Banks,,Tanner Banks,,Tanner Banks,,Tanner Banks,
,Tanner Bibee,,Tanner Bibee,,Tanner Bibee,,Tanner Bibee,,Tanner Bibee,,Tanner Bibee,,Tanner Bibee,,Tanner Bibee,,Tanner Bibee,,Tanner Bibee,,Tanner Bibee,,Tanner Bibee,
,Tanner Gordon,,Tanner Gordon,,Tanner Gordon,,Tanner Gordon,,Tanner Gordon,,Tanner Gordon,,Tanner Gordon,,Tanner Gordon,,Tanner Gordon,,Tanner Gordon,,Tanner Gordon,,Tanner Gordon,
,Tanner Houck,,Tanner Houck,,Tanner Houck,,Tanner Houck,,Tanner Houck,,Tanner Houck,,Tanner Houck,,Tanner Houck,,Tanner Houck,,Tanner Houck,,Tanner Houck,,Tanner Houck,
,Tanner McDougal,,Tanner McDougal,,Tanner McDougal,,Tanner McDougal,,Tanner McDougal,,Tanner McDougal,,Tanner McDougal,,Tanner McDougal,,Tanner McDougal,,Tanner McDougal,,Tanner McDougal,,Tanner McDougal,
,Tanner Murray,,Tanner Murray,,Tanner Murray,,Tanner Murray,,Tanner Murray,,Tanner Murray,,Tanner Murray,,Tanner Murray,,Tanner Murray,,Tanner Murray,,Tanner Murray,,Tanner Murray,
,Tanner Rainey,,Tanner Rainey,,Tanner Rainey,,Tanner Rainey,,Tanner Rainey,,Tanner Rainey,,Tanner Rainey,,Tanner Rainey,,Tanner Rainey,,Tanner Rainey,,Tanner Rainey,,Tanner Rainey,
,Tanner Scott,,Tanner Scott,,Tanner Scott,,Tanner Scott,,Tanner Scott,,Tanner Scott,,Tanner Scott,,Tanner Scott,,Tanner Scott,,Tanner Scott,,Tanner Scott,,Tanner Scott,
,Tarik Skubal,,Tarik Skubal,,Tarik Skubal,,Tarik Skubal,,Tarik Skubal,,Tarik Skubal,,Tarik Skubal,,Tarik Skubal,,Tarik Skubal,,Tarik Skubal,,Tarik Skubal,,Tarik Skubal,
,Tatsuya Imai,,Tatsuya Imai,,Tatsuya Imai,,Tatsuya Imai,,Tatsuya Imai,,Tatsuya Imai,,Tatsuya Imai,,Tatsuya Imai,,Tatsuya Imai,,Tatsuya Imai,,Tatsuya Imai,,Tatsuya Imai,
,Tayler Saucedo,,Tayler Saucedo,,Tayler Saucedo,,Tayler Saucedo,,Tayler Saucedo,,Tayler Saucedo,,Tayler Saucedo,,Tayler Saucedo,,Tayler Saucedo,,Tayler Saucedo,,Tayler Saucedo,,Tayler Saucedo,
,Tayler Scott,,Tayler Scott,,Tayler Scott,,Tayler Scott,,Tayler Scott,,Tayler Scott,,Tayler Scott,,Tayler Scott,,Tayler Scott,,Tayler Scott,,Tayler Scott,,Tayler Scott,
,Taylor Clarke,,Taylor Clarke,,Taylor Clarke,,Taylor Clarke,,Taylor Clarke,,Taylor Clarke,,Taylor Clarke,,Taylor Clarke,,Taylor Clarke,,Taylor Clarke,,Taylor Clarke,,Taylor Clarke,
,Taylor Rashi,,Taylor Rashi,,Taylor Rashi,,Taylor Rashi,,Taylor Rashi,,Taylor Rashi,,Taylor Rashi,,Taylor Rashi,,Taylor Rashi,,Taylor Rashi,,Taylor Rashi,,Taylor Rashi,
,Taylor Rogers,,Taylor Rogers,,Taylor Rogers,,Taylor Rogers,,Taylor Rogers,,Taylor Rogers,,Taylor Rogers,,Taylor Rogers,,Taylor Rogers,,Taylor Rogers,,Taylor Rogers,,Taylor Rogers,
,Taylor Trammell,,Taylor Trammell,,Taylor Trammell,,Taylor Trammell,,Taylor Trammell,,Taylor Trammell,,Taylor Trammell,,Taylor Trammell,,Taylor Trammell,,Taylor Trammell,,Taylor Trammell,,Taylor Trammell,
,Taylor Walls,,Taylor Walls,,Taylor Walls,,Taylor Walls,,Taylor Walls,,Taylor Walls,,Taylor Walls,,Taylor Walls,,Taylor Walls,,Taylor Walls,,Taylor Walls,,Taylor Walls,
,Taylor Ward,,Taylor Ward,,Taylor Ward,,Taylor Ward,,Taylor Ward,,Taylor Ward,,Taylor Ward,,Taylor Ward,,Taylor Ward,,Taylor Ward,,Taylor Ward,,Taylor Ward,
,Teoscar Hernandez,,Teoscar Hernandez,,Teoscar Hernandez,,Teoscar Hernandez,,Teoscar Hernandez,,Teoscar Hernandez,,Teoscar Hernandez,,Teoscar Hernandez,,Teoscar Hernandez,,Teoscar Hernandez,,Teoscar Hernandez,,Teoscar Hernandez,
,Thairo Estrada,,Thairo Estrada,,Thairo Estrada,,Thairo Estrada,,Thairo Estrada,,Thairo Estrada,,Thairo Estrada,,Thairo Estrada,,Thairo Estrada,,Thairo Estrada,,Thairo Estrada,,Thairo Estrada,
,Thomas Harrington,,Thomas Harrington,,Thomas Harrington,,Thomas Harrington,,Thomas Harrington,,Thomas Harrington,,Thomas Harrington,,Thomas Harrington,,Thomas Harrington,,Thomas Harrington,,Thomas Harrington,,Thomas Harrington,
,Thomas Hatch,,Thomas Hatch,,Thomas Hatch,,Thomas Hatch,,Thomas Hatch,,Thomas Hatch,,Thomas Hatch,,Thomas Hatch,,Thomas Hatch,,Thomas Hatch,,Thomas Hatch,,Thomas Hatch,
,Thomas Saggese,,Thomas Saggese,,Thomas Saggese,,Thomas Saggese,,Thomas Saggese,,Thomas Saggese,,Thomas Saggese,,Thomas Saggese,,Thomas Saggese,,Thomas Saggese,,Thomas Saggese,,Thomas Saggese,
,Thomas White,,Thomas White,,Thomas White,,Thomas White,,Thomas White,,Thomas White,,Thomas White,,Thomas White,,Thomas White,,Thomas White,,Thomas White,,Thomas White,
,Tim Anderson,,Tim Anderson,,Tim Anderson,,Tim Anderson,,Tim Anderson,,Tim Anderson,,Tim Anderson,,Tim Anderson,,Tim Anderson,,Tim Anderson,,Tim Anderson,,Tim Anderson,
,Tim Elko,,Tim Elko,,Tim Elko,,Tim Elko,,Tim Elko,,Tim Elko,,Tim Elko,,Tim Elko,,Tim Elko,,Tim Elko,,Tim Elko,,Tim Elko,
,Tim Herrin,,Tim Herrin,,Tim Herrin,,Tim Herrin,,Tim Herrin,,Tim Herrin,,Tim Herrin,,Tim Herrin,,Tim Herrin,,Tim Herrin,,Tim Herrin,,Tim Herrin,
,Tim Hill,,Tim Hill,,Tim Hill,,Tim Hill,,Tim Hill,,Tim Hill,,Tim Hill,,Tim Hill,,Tim Hill,,Tim Hill,,Tim Hill,,Tim Hill,
,Tim Mayza,,Tim Mayza,,Tim Mayza,,Tim Mayza,,Tim Mayza,,Tim Mayza,,Tim Mayza,,Tim Mayza,,Tim Mayza,,Tim Mayza,,Tim Mayza,,Tim Mayza,
,Tim Tawa,,Tim Tawa,,Tim Tawa,,Tim Tawa,,Tim Tawa,,Tim Tawa,,Tim Tawa,,Tim Tawa,,Tim Tawa,,Tim Tawa,,Tim Tawa,,Tim Tawa,
,Tink Hence,,Tink Hence,,Tink Hence,,Tink Hence,,Tink Hence,,Tink Hence,,Tink Hence,,Tink Hence,,Tink Hence,,Tink Hence,,Tink Hence,,Tink Hence,
,Tirso Ornelas,,Tirso Ornelas,,Tirso Ornelas,,Tirso Ornelas,,Tirso Ornelas,,Tirso Ornelas,,Tirso Ornelas,,Tirso Ornelas,,Tirso Ornelas,,Tirso Ornelas,,Tirso Ornelas,,Tirso Ornelas,
,TJ Friedl,,TJ Friedl,,TJ Friedl,,TJ Friedl,,TJ Friedl,,TJ Friedl,,TJ Friedl,,TJ Friedl,,TJ Friedl,,TJ Friedl,,TJ Friedl,,TJ Friedl,
,Tobias Myers,,Tobias Myers,,Tobias Myers,,Tobias Myers,,Tobias Myers,,Tobias Myers,,Tobias Myers,,Tobias Myers,,Tobias Myers,,Tobias Myers,,Tobias Myers,,Tobias Myers,
,Tom Cosgrove,,Tom Cosgrove,,Tom Cosgrove,,Tom Cosgrove,,Tom Cosgrove,,Tom Cosgrove,,Tom Cosgrove,,Tom Cosgrove,,Tom Cosgrove,,Tom Cosgrove,,Tom Cosgrove,,Tom Cosgrove,
,Tom Murphy,,Tom Murphy,,Tom Murphy,,Tom Murphy,,Tom Murphy,,Tom Murphy,,Tom Murphy,,Tom Murphy,,Tom Murphy,,Tom Murphy,,Tom Murphy,,Tom Murphy,
,Tomas Nido,,Tomas Nido,,Tomas Nido,,Tomas Nido,,Tomas Nido,,Tomas Nido,,Tomas Nido,,Tomas Nido,,Tomas Nido,,Tomas Nido,,Tomas Nido,,Tomas Nido,
,Tommy Edman,,Tommy Edman,,Tommy Edman,,Tommy Edman,,Tommy Edman,,Tommy Edman,,Tommy Edman,,Tommy Edman,,Tommy Edman,,Tommy Edman,,Tommy Edman,,Tommy Edman,
,Tommy Henry,,Tommy Henry,,Tommy Henry,,Tommy Henry,,Tommy Henry,,Tommy Henry,,Tommy Henry,,Tommy Henry,,Tommy Henry,,Tommy Henry,,Tommy Henry,,Tommy Henry,
,Tommy Kahnle,,Tommy Kahnle,,Tommy Kahnle,,Tommy Kahnle,,Tommy Kahnle,,Tommy Kahnle,,Tommy Kahnle,,Tommy Kahnle,,Tommy Kahnle,,Tommy Kahnle,,Tommy Kahnle,,Tommy Kahnle,
,Tommy Nance,,Tommy Nance,,Tommy Nance,,Tommy Nance,,Tommy Nance,,Tommy Nance,,Tommy Nance,,Tommy Nance,,Tommy Nance,,Tommy Nance,,Tommy Nance,,Tommy Nance,
,Tommy Pham,,Tommy Pham,,Tommy Pham,,Tommy Pham,,Tommy Pham,,Tommy Pham,,Tommy Pham,,Tommy Pham,,Tommy Pham,,Tommy Pham,,Tommy Pham,,Tommy Pham,
,Tommy Troy,,Tommy Troy,,Tommy Troy,,Tommy Troy,,Tommy Troy,,Tommy Troy,,Tommy Troy,,Tommy Troy,,Tommy Troy,,Tommy Troy,,Tommy Troy,,Tommy Troy,
,Tomoyuki Sugano,,Tomoyuki Sugano,,Tomoyuki Sugano,,Tomoyuki Sugano,,Tomoyuki Sugano,,Tomoyuki Sugano,,Tomoyuki Sugano,,Tomoyuki Sugano,,Tomoyuki Sugano,,Tomoyuki Sugano,,Tomoyuki Sugano,,Tomoyuki Sugano,
,Tony Gonsolin,,Tony Gonsolin,,Tony Gonsolin,,Tony Gonsolin,,Tony Gonsolin,,Tony Gonsolin,,Tony Gonsolin,,Tony Gonsolin,,Tony Gonsolin,,Tony Gonsolin,,Tony Gonsolin,,Tony Gonsolin,
,Tony Santillan,,Tony Santillan,,Tony Santillan,,Tony Santillan,,Tony Santillan,,Tony Santillan,,Tony Santillan,,Tony Santillan,,Tony Santillan,,Tony Santillan,,Tony Santillan,,Tony Santillan,
,Travis Adams,,Travis Adams,,Travis Adams,,Travis Adams,,Travis Adams,,Travis Adams,,Travis Adams,,Travis Adams,,Travis Adams,,Travis Adams,,Travis Adams,,Travis Adams,
,Travis Bazzana,,Travis Bazzana,,Travis Bazzana,,Travis Bazzana,,Travis Bazzana,,Travis Bazzana,,Travis Bazzana,,Travis Bazzana,,Travis Bazzana,,Travis Bazzana,,Travis Bazzana,,Travis Bazzana,
,Travis d'Arnaud,,Travis d'Arnaud,,Travis d'Arnaud,,Travis d'Arnaud,,Travis d'Arnaud,,Travis d'Arnaud,,Travis d'Arnaud,,Travis d'Arnaud,,Travis d'Arnaud,,Travis d'Arnaud,,Travis d'Arnaud,,Travis d'Arnaud,
,Travis Jankowski,,Travis Jankowski,,Travis Jankowski,,Travis Jankowski,,Travis Jankowski,,Travis Jankowski,,Travis Jankowski,,Travis Jankowski,,Travis Jankowski,,Travis Jankowski,,Travis Jankowski,,Travis Jankowski,
,Tre' Morgan,,Tre' Morgan,,Tre' Morgan,,Tre' Morgan,,Tre' Morgan,,Tre' Morgan,,Tre' Morgan,,Tre' Morgan,,Tre' Morgan,,Tre' Morgan,,Tre' Morgan,,Tre' Morgan,
,Trea Turner,,Trea Turner,,Trea Turner,,Trea Turner,,Trea Turner,,Trea Turner,,Trea Turner,,Trea Turner,,Trea Turner,,Trea Turner,,Trea Turner,,Trea Turner,
,Trent Grisham,,Trent Grisham,,Trent Grisham,,Trent Grisham,,Trent Grisham,,Trent Grisham,,Trent Grisham,,Trent Grisham,,Trent Grisham,,Trent Grisham,,Trent Grisham,,Trent Grisham,
,Trent Thornton,,Trent Thornton,,Trent Thornton,,Trent Thornton,,Trent Thornton,,Trent Thornton,,Trent Thornton,,Trent Thornton,,Trent Thornton,,Trent Thornton,,Trent Thornton,,Trent Thornton,
,Trevor Larnach,,Trevor Larnach,,Trevor Larnach,,Trevor Larnach,,Trevor Larnach,,Trevor Larnach,,Trevor Larnach,,Trevor Larnach,,Trevor Larnach,,Trevor Larnach,,Trevor Larnach,,Trevor Larnach,
,Trevor McDonald,,Trevor McDonald,,Trevor McDonald,,Trevor McDonald,,Trevor McDonald,,Trevor McDonald,,Trevor McDonald,,Trevor McDonald,,Trevor McDonald,,Trevor McDonald,,Trevor McDonald,,Trevor McDonald,
,Trevor Megill,,Trevor Megill,,Trevor Megill,,Trevor Megill,,Trevor Megill,,Trevor Megill,,Trevor Megill,,Trevor Megill,,Trevor Megill,,Trevor Megill,,Trevor Megill,,Trevor Megill,
,Trevor Rogers,,Trevor Rogers,,Trevor Rogers,,Trevor Rogers,,Trevor Rogers,,Trevor Rogers,,Trevor Rogers,,Trevor Rogers,,Trevor Rogers,,Trevor Rogers,,Trevor Rogers,,Trevor Rogers,
,Trevor Story,,Trevor Story,,Trevor Story,,Trevor Story,,Trevor Story,,Trevor Story,,Trevor Story,,Trevor Story,,Trevor Story,,Trevor Story,,Trevor Story,,Trevor Story,
,Trevor Williams,,Trevor Williams,,Trevor Williams,,Trevor Williams,,Trevor Williams,,Trevor Williams,,Trevor Williams,,Trevor Williams,,Trevor Williams,,Trevor Williams,,Trevor Williams,,Trevor Williams,
,Trey Gibson,,Trey Gibson,,Trey Gibson,,Trey Gibson,,Trey Gibson,,Trey Gibson,,Trey Gibson,,Trey Gibson,,Trey Gibson,,Trey Gibson,,Trey Gibson,,Trey Gibson,
,Trey Lipscomb,,Trey Lipscomb,,Trey Lipscomb,,Trey Lipscomb,,Trey Lipscomb,,Trey Lipscomb,,Trey Lipscomb,,Trey Lipscomb,,Trey Lipscomb,,Trey Lipscomb,,Trey Lipscomb,,Trey Lipscomb,
,Trey Mancini,,Trey Mancini,,Trey Mancini,,Trey Mancini,,Trey Mancini,,Trey Mancini,,Trey Mancini,,Trey Mancini,,Trey Mancini,,Trey Mancini,,Trey Mancini,,Trey Mancini,
,Trey Sweeney,,Trey Sweeney,,Trey Sweeney,,Trey Sweeney,,Trey Sweeney,,Trey Sweeney,,Trey Sweeney,,Trey Sweeney,,Trey Sweeney,,Trey Sweeney,,Trey Sweeney,,Trey Sweeney,
,Trey Yesavage,,Trey Yesavage,,Trey Yesavage,,Trey Yesavage,,Trey Yesavage,,Trey Yesavage,,Trey Yesavage,,Trey Yesavage,,Trey Yesavage,,Trey Yesavage,,Trey Yesavage,,Trey Yesavage,
,Tristan Beck,,Tristan Beck,,Tristan Beck,,Tristan Beck,,Tristan Beck,,Tristan Beck,,Tristan Beck,,Tristan Beck,,Tristan Beck,,Tristan Beck,,Tristan Beck,,Tristan Beck,
,Tristan Gray,,Tristan Gray,,Tristan Gray,,Tristan Gray,,Tristan Gray,,Tristan Gray,,Tristan Gray,,Tristan Gray,,Tristan Gray,,Tristan Gray,,Tristan Gray,,Tristan Gray,
,Tristan Peters,,Tristan Peters,,Tristan Peters,,Tristan Peters,,Tristan Peters,,Tristan Peters,,Tristan Peters,,Tristan Peters,,Tristan Peters,,Tristan Peters,,Tristan Peters,,Tristan Peters,
,Triston Casas,,Triston Casas,,Triston Casas,,Triston Casas,,Triston Casas,,Triston Casas,,Triston Casas,,Triston Casas,,Triston Casas,,Triston Casas,,Triston Casas,,Triston Casas,
,Troy Johnston,,Troy Johnston,,Troy Johnston,,Troy Johnston,,Troy Johnston,,Troy Johnston,,Troy Johnston,,Troy Johnston,,Troy Johnston,,Troy Johnston,,Troy Johnston,,Troy Johnston,
,Troy Melton,,Troy Melton,,Troy Melton,,Troy Melton,,Troy Melton,,Troy Melton,,Troy Melton,,Troy Melton,,Troy Melton,,Troy Melton,,Troy Melton,,Troy Melton,
,Troy Taylor,,Troy Taylor,,Troy Taylor,,Troy Taylor,,Troy Taylor,,Troy Taylor,,Troy Taylor,,Troy Taylor,,Troy Taylor,,Troy Taylor,,Troy Taylor,,Troy Taylor,
,Tsung-Che Cheng,,Tsung-Che Cheng,,Tsung-Che Cheng,,Tsung-Che Cheng,,Tsung-Che Cheng,,Tsung-Che Cheng,,Tsung-Che Cheng,,Tsung-Che Cheng,,Tsung-Che Cheng,,Tsung-Che Cheng,,Tsung-Che Cheng,,Tsung-Che Cheng,
,Ty Adcock,,Ty Adcock,,Ty Adcock,,Ty Adcock,,Ty Adcock,,Ty Adcock,,Ty Adcock,,Ty Adcock,,Ty Adcock,,Ty Adcock,,Ty Adcock,,Ty Adcock,
,Ty France,,Ty France,,Ty France,,Ty France,,Ty France,,Ty France,,Ty France,,Ty France,,Ty France,,Ty France,,Ty France,,Ty France,
,Ty Johnson,,Ty Johnson,,Ty Johnson,,Ty Johnson,,Ty Johnson,,Ty Johnson,,Ty Johnson,,Ty Johnson,,Ty Johnson,,Ty Johnson,,Ty Johnson,,Ty Johnson,
,Ty Madden,,Ty Madden,,Ty Madden,,Ty Madden,,Ty Madden,,Ty Madden,,Ty Madden,,Ty Madden,,Ty Madden,,Ty Madden,,Ty Madden,,Ty Madden,
,Tyler Alexander,,Tyler Alexander,,Tyler Alexander,,Tyler Alexander,,Tyler Alexander,,Tyler Alexander,,Tyler Alexander,,Tyler Alexander,,Tyler Alexander,,Tyler Alexander,,Tyler Alexander,,Tyler Alexander,
,Tyler Anderson,,Tyler Anderson,,Tyler Anderson,,Tyler Anderson,,Tyler Anderson,,Tyler Anderson,,Tyler Anderson,,Tyler Anderson,,Tyler Anderson,,Tyler Anderson,,Tyler Anderson,,Tyler Anderson,
,Tyler Austin,,Tyler Austin,,Tyler Austin,,Tyler Austin,,Tyler Austin,,Tyler Austin,,Tyler Austin,,Tyler Austin,,Tyler Austin,,Tyler Austin,,Tyler Austin,,Tyler Austin,
,Tyler Black,,Tyler Black,,Tyler Black,,Tyler Black,,Tyler Black,,Tyler Black,,Tyler Black,,Tyler Black,,Tyler Black,,Tyler Black,,Tyler Black,,Tyler Black,
,Tyler Callihan,,Tyler Callihan,,Tyler Callihan,,Tyler Callihan,,Tyler Callihan,,Tyler Callihan,,Tyler Callihan,,Tyler Callihan,,Tyler Callihan,,Tyler Callihan,,Tyler Callihan,,Tyler Callihan,
,Tyler Ferguson,,Tyler Ferguson,,Tyler Ferguson,,Tyler Ferguson,,Tyler Ferguson,,Tyler Ferguson,,Tyler Ferguson,,Tyler Ferguson,,Tyler Ferguson,,Tyler Ferguson,,Tyler Ferguson,,Tyler Ferguson,
,Tyler Fitzgerald,,Tyler Fitzgerald,,Tyler Fitzgerald,,Tyler Fitzgerald,,Tyler Fitzgerald,,Tyler Fitzgerald,,Tyler Fitzgerald,,Tyler Fitzgerald,,Tyler Fitzgerald,,Tyler Fitzgerald,,Tyler Fitzgerald,,Tyler Fitzgerald,
,Tyler Freeman,,Tyler Freeman,,Tyler Freeman,,Tyler Freeman,,Tyler Freeman,,Tyler Freeman,,Tyler Freeman,,Tyler Freeman,,Tyler Freeman,,Tyler Freeman,,Tyler Freeman,,Tyler Freeman,
,Tyler Gilbert,,Tyler Gilbert,,Tyler Gilbert,,Tyler Gilbert,,Tyler Gilbert,,Tyler Gilbert,,Tyler Gilbert,,Tyler Gilbert,,Tyler Gilbert,,Tyler Gilbert,,Tyler Gilbert,,Tyler Gilbert,
,Tyler Glasnow,,Tyler Glasnow,,Tyler Glasnow,,Tyler Glasnow,,Tyler Glasnow,,Tyler Glasnow,,Tyler Glasnow,,Tyler Glasnow,,Tyler Glasnow,,Tyler Glasnow,,Tyler Glasnow,,Tyler Glasnow,
,Tyler Heineman,,Tyler Heineman,,Tyler Heineman,,Tyler Heineman,,Tyler Heineman,,Tyler Heineman,,Tyler Heineman,,Tyler Heineman,,Tyler Heineman,,Tyler Heineman,,Tyler Heineman,,Tyler Heineman,
,Tyler Holton,,Tyler Holton,,Tyler Holton,,Tyler Holton,,Tyler Holton,,Tyler Holton,,Tyler Holton,,Tyler Holton,,Tyler Holton,,Tyler Holton,,Tyler Holton,,Tyler Holton,
,Tyler Kinley,,Tyler Kinley,,Tyler Kinley,,Tyler Kinley,,Tyler Kinley,,Tyler Kinley,,Tyler Kinley,,Tyler Kinley,,Tyler Kinley,,Tyler Kinley,,Tyler Kinley,,Tyler Kinley,
,Tyler Locklear,,Tyler Locklear,,Tyler Locklear,,Tyler Locklear,,Tyler Locklear,,Tyler Locklear,,Tyler Locklear,,Tyler Locklear,,Tyler Locklear,,Tyler Locklear,,Tyler Locklear,,Tyler Locklear,
,Tyler Mahle,,Tyler Mahle,,Tyler Mahle,,Tyler Mahle,,Tyler Mahle,,Tyler Mahle,,Tyler Mahle,,Tyler Mahle,,Tyler Mahle,,Tyler Mahle,,Tyler Mahle,,Tyler Mahle,
,Tyler Mattison,,Tyler Mattison,,Tyler Mattison,,Tyler Mattison,,Tyler Mattison,,Tyler Mattison,,Tyler Mattison,,Tyler Mattison,,Tyler Mattison,,Tyler Mattison,,Tyler Mattison,,Tyler Mattison,
,Tyler O'Neill,,Tyler O'Neill,,Tyler O'Neill,,Tyler O'Neill,,Tyler O'Neill,,Tyler O'Neill,,Tyler O'Neill,,Tyler O'Neill,,Tyler O'Neill,,Tyler O'Neill,,Tyler O'Neill,,Tyler O'Neill,
,Tyler Phillips,,Tyler Phillips,,Tyler Phillips,,Tyler Phillips,,Tyler Phillips,,Tyler Phillips,,Tyler Phillips,,Tyler Phillips,,Tyler Phillips,,Tyler Phillips,,Tyler Phillips,,Tyler Phillips,
,Tyler Rogers,,Tyler Rogers,,Tyler Rogers,,Tyler Rogers,,Tyler Rogers,,Tyler Rogers,,Tyler Rogers,,Tyler Rogers,,Tyler Rogers,,Tyler Rogers,,Tyler Rogers,,Tyler Rogers,
,Tyler Soderstrom,,Tyler Soderstrom,,Tyler Soderstrom,,Tyler Soderstrom,,Tyler Soderstrom,,Tyler Soderstrom,,Tyler Soderstrom,,Tyler Soderstrom,,Tyler Soderstrom,,Tyler Soderstrom,,Tyler Soderstrom,,Tyler Soderstrom,
,Tyler Stephenson,,Tyler Stephenson,,Tyler Stephenson,,Tyler Stephenson,,Tyler Stephenson,,Tyler Stephenson,,Tyler Stephenson,,Tyler Stephenson,,Tyler Stephenson,,Tyler Stephenson,,Tyler Stephenson,,Tyler Stephenson,
,Tyler Tolbert,,Tyler Tolbert,,Tyler Tolbert,,Tyler Tolbert,,Tyler Tolbert,,Tyler Tolbert,,Tyler Tolbert,,Tyler Tolbert,,Tyler Tolbert,,Tyler Tolbert,,Tyler Tolbert,,Tyler Tolbert,
,Tyler Wade,,Tyler Wade,,Tyler Wade,,Tyler Wade,,Tyler Wade,,Tyler Wade,,Tyler Wade,,Tyler Wade,,Tyler Wade,,Tyler Wade,,Tyler Wade,,Tyler Wade,
,Tyler Wells,,Tyler Wells,,Tyler Wells,,Tyler Wells,,Tyler Wells,,Tyler Wells,,Tyler Wells,,Tyler Wells,,Tyler Wells,,Tyler Wells,,Tyler Wells,,Tyler Wells,
,Tyler Zuber,,Tyler Zuber,,Tyler Zuber,,Tyler Zuber,,Tyler Zuber,,Tyler Zuber,,Tyler Zuber,,Tyler Zuber,,Tyler Zuber,,Tyler Zuber,,Tyler Zuber,,Tyler Zuber,
,Tyrone Taylor,,Tyrone Taylor,,Tyrone Taylor,,Tyrone Taylor,,Tyrone Taylor,,Tyrone Taylor,,Tyrone Taylor,,Tyrone Taylor,,Tyrone Taylor,,Tyrone Taylor,,Tyrone Taylor,,Tyrone Taylor,
,Tyson Miller,,Tyson Miller,,Tyson Miller,,Tyson Miller,,Tyson Miller,,Tyson Miller,,Tyson Miller,,Tyson Miller,,Tyson Miller,,Tyson Miller,,Tyson Miller,,Tyson Miller,
,Tyson Neighbors,,Tyson Neighbors,,Tyson Neighbors,,Tyson Neighbors,,Tyson Neighbors,,Tyson Neighbors,,Tyson Neighbors,,Tyson Neighbors,,Tyson Neighbors,,Tyson Neighbors,,Tyson Neighbors,,Tyson Neighbors,
,Valente Bellozo,,Valente Bellozo,,Valente Bellozo,,Valente Bellozo,,Valente Bellozo,,Valente Bellozo,,Valente Bellozo,,Valente Bellozo,,Valente Bellozo,,Valente Bellozo,,Valente Bellozo,,Valente Bellozo,
,Vaughn Grissom,,Vaughn Grissom,,Vaughn Grissom,,Vaughn Grissom,,Vaughn Grissom,,Vaughn Grissom,,Vaughn Grissom,,Vaughn Grissom,,Vaughn Grissom,,Vaughn Grissom,,Vaughn Grissom,,Vaughn Grissom,
,Victor Caratini,,Victor Caratini,,Victor Caratini,,Victor Caratini,,Victor Caratini,,Victor Caratini,,Victor Caratini,,Victor Caratini,,Victor Caratini,,Victor Caratini,,Victor Caratini,,Victor Caratini,
,Victor Mederos,,Victor Mederos,,Victor Mederos,,Victor Mederos,,Victor Mederos,,Victor Mederos,,Victor Mederos,,Victor Mederos,,Victor Mederos,,Victor Mederos,,Victor Mederos,,Victor Mederos,
,Victor Mesa Jr.,,Victor Mesa Jr.,,Victor Mesa Jr.,,Victor Mesa Jr.,,Victor Mesa Jr.,,Victor Mesa Jr.,,Victor Mesa Jr.,,Victor Mesa Jr.,,Victor Mesa Jr.,,Victor Mesa Jr.,,Victor Mesa Jr.,,Victor Mesa Jr.,
,Victor Robles,,Victor Robles,,Victor Robles,,Victor Robles,,Victor Robles,,Victor Robles,,Victor Robles,,Victor Robles,,Victor Robles,,Victor Robles,,Victor Robles,,Victor Robles,
,Victor Scott II,,Victor Scott II,,Victor Scott II,,Victor Scott II,,Victor Scott II,,Victor Scott II,,Victor Scott II,,Victor Scott II,,Victor Scott II,,Victor Scott II,,Victor Scott II,,Victor Scott II,
,Victor Vodnik,,Victor Vodnik,,Victor Vodnik,,Victor Vodnik,,Victor Vodnik,,Victor Vodnik,,Victor Vodnik,,Victor Vodnik,,Victor Vodnik,,Victor Vodnik,,Victor Vodnik,,Victor Vodnik,
,Vidal Brujan,,Vidal Brujan,,Vidal Brujan,,Vidal Brujan,,Vidal Brujan,,Vidal Brujan,,Vidal Brujan,,Vidal Brujan,,Vidal Brujan,,Vidal Brujan,,Vidal Brujan,,Vidal Brujan,
,Vince Velasquez,,Vince Velasquez,,Vince Velasquez,,Vince Velasquez,,Vince Velasquez,,Vince Velasquez,,Vince Velasquez,,Vince Velasquez,,Vince Velasquez,,Vince Velasquez,,Vince Velasquez,,Vince Velasquez,
,Vinnie Pasquantino,,Vinnie Pasquantino,,Vinnie Pasquantino,,Vinnie Pasquantino,,Vinnie Pasquantino,,Vinnie Pasquantino,,Vinnie Pasquantino,,Vinnie Pasquantino,,Vinnie Pasquantino,,Vinnie Pasquantino,,Vinnie Pasquantino,,Vinnie Pasquantino,
,Vinny Nittoli,,Vinny Nittoli,,Vinny Nittoli,,Vinny Nittoli,,Vinny Nittoli,,Vinny Nittoli,,Vinny Nittoli,,Vinny Nittoli,,Vinny Nittoli,,Vinny Nittoli,,Vinny Nittoli,,Vinny Nittoli,
,Vladimir Guerrero Jr.,,Vladimir Guerrero Jr.,,Vladimir Guerrero Jr.,,Vladimir Guerrero Jr.,,Vladimir Guerrero Jr.,,Vladimir Guerrero Jr.,,Vladimir Guerrero Jr.,,Vladimir Guerrero Jr.,,Vladimir Guerrero Jr.,,Vladimir Guerrero Jr.,,Vladimir Guerrero Jr.,,Vladimir Guerrero Jr.,
,Wade Meckler,,Wade Meckler,,Wade Meckler,,Wade Meckler,,Wade Meckler,,Wade Meckler,,Wade Meckler,,Wade Meckler,,Wade Meckler,,Wade Meckler,,Wade Meckler,,Wade Meckler,
,Wade Miley,,Wade Miley,,Wade Miley,,Wade Miley,,Wade Miley,,Wade Miley,,Wade Miley,,Wade Miley,,Wade Miley,,Wade Miley,,Wade Miley,,Wade Miley,
,Walker Buehler,,Walker Buehler,,Walker Buehler,,Walker Buehler,,Walker Buehler,,Walker Buehler,,Walker Buehler,,Walker Buehler,,Walker Buehler,,Walker Buehler,,Walker Buehler,,Walker Buehler,
,Walker Jenkins,,Walker Jenkins,,Walker Jenkins,,Walker Jenkins,,Walker Jenkins,,Walker Jenkins,,Walker Jenkins,,Walker Jenkins,,Walker Jenkins,,Walker Jenkins,,Walker Jenkins,,Walker Jenkins,
,Wandy Peralta,,Wandy Peralta,,Wandy Peralta,,Wandy Peralta,,Wandy Peralta,,Wandy Peralta,,Wandy Peralta,,Wandy Peralta,,Wandy Peralta,,Wandy Peralta,,Wandy Peralta,,Wandy Peralta,
,Warming Bernabel,,Warming Bernabel,,Warming Bernabel,,Warming Bernabel,,Warming Bernabel,,Warming Bernabel,,Warming Bernabel,,Warming Bernabel,,Warming Bernabel,,Warming Bernabel,,Warming Bernabel,,Warming Bernabel,
,Wenceel Perez,,Wenceel Perez,,Wenceel Perez,,Wenceel Perez,,Wenceel Perez,,Wenceel Perez,,Wenceel Perez,,Wenceel Perez,,Wenceel Perez,,Wenceel Perez,,Wenceel Perez,,Wenceel Perez,
,Weston Wilson,,Weston Wilson,,Weston Wilson,,Weston Wilson,,Weston Wilson,,Weston Wilson,,Weston Wilson,,Weston Wilson,,Weston Wilson,,Weston Wilson,,Weston Wilson,,Weston Wilson,
,Wikelman Gonzalez,,Wikelman Gonzalez,,Wikelman Gonzalez,,Wikelman Gonzalez,,Wikelman Gonzalez,,Wikelman Gonzalez,,Wikelman Gonzalez,,Wikelman Gonzalez,,Wikelman Gonzalez,,Wikelman Gonzalez,,Wikelman Gonzalez,,Wikelman Gonzalez,
,Will Banfield,,Will Banfield,,Will Banfield,,Will Banfield,,Will Banfield,,Will Banfield,,Will Banfield,,Will Banfield,,Will Banfield,,Will Banfield,,Will Banfield,,Will Banfield,
,Will Benson,,Will Benson,,Will Benson,,Will Benson,,Will Benson,,Will Benson,,Will Benson,,Will Benson,,Will Benson,,Will Benson,,Will Benson,,Will Benson,
,Will Brennan,,Will Brennan,,Will Brennan,,Will Brennan,,Will Brennan,,Will Brennan,,Will Brennan,,Will Brennan,,Will Brennan,,Will Brennan,,Will Brennan,,Will Brennan,
,Will Klein,,Will Klein,,Will Klein,,Will Klein,,Will Klein,,Will Klein,,Will Klein,,Will Klein,,Will Klein,,Will Klein,,Will Klein,,Will Klein,
,Will Robertson,,Will Robertson,,Will Robertson,,Will Robertson,,Will Robertson,,Will Robertson,,Will Robertson,,Will Robertson,,Will Robertson,,Will Robertson,,Will Robertson,,Will Robertson,
,Will Smith,,Will Smith,,Will Smith,,Will Smith,,Will Smith,,Will Smith,,Will Smith,,Will Smith,,Will Smith,,Will Smith,,Will Smith,,Will Smith,
,Will Vest,,Will Vest,,Will Vest,,Will Vest,,Will Vest,,Will Vest,,Will Vest,,Will Vest,,Will Vest,,Will Vest,,Will Vest,,Will Vest,
,Will Wagner,,Will Wagner,,Will Wagner,,Will Wagner,,Will Wagner,,Will Wagner,,Will Wagner,,Will Wagner,,Will Wagner,,Will Wagner,,Will Wagner,,Will Wagner,
,Will Warren,,Will Warren,,Will Warren,,Will Warren,,Will Warren,,Will Warren,,Will Warren,,Will Warren,,Will Warren,,Will Warren,,Will Warren,,Will Warren,
,Will Wilson,,Will Wilson,,Will Wilson,,Will Wilson,,Will Wilson,,Will Wilson,,Will Wilson,,Will Wilson,,Will Wilson,,Will Wilson,,Will Wilson,,Will Wilson,
,Willi Castro,,Willi Castro,,Willi Castro,,Willi Castro,,Willi Castro,,Willi Castro,,Willi Castro,,Willi Castro,,Willi Castro,,Willi Castro,,Willi Castro,,Willi Castro,
,William Contreras,,William Contreras,,William Contreras,,William Contreras,,William Contreras,,William Contreras,,William Contreras,,William Contreras,,William Contreras,,William Contreras,,William Contreras,,William Contreras,
,Willie MacIver,,Willie MacIver,,Willie MacIver,,Willie MacIver,,Willie MacIver,,Willie MacIver,,Willie MacIver,,Willie MacIver,,Willie MacIver,,Willie MacIver,,Willie MacIver,,Willie MacIver,
,Willson Contreras,,Willson Contreras,,Willson Contreras,,Willson Contreras,,Willson Contreras,,Willson Contreras,,Willson Contreras,,Willson Contreras,,Willson Contreras,,Willson Contreras,,Willson Contreras,,Willson Contreras,
,Willy Adames,,Willy Adames,,Willy Adames,,Willy Adames,,Willy Adames,,Willy Adames,,Willy Adames,,Willy Adames,,Willy Adames,,Willy Adames,,Willy Adames,,Willy Adames,
,Wilmer Flores,,Wilmer Flores,,Wilmer Flores,,Wilmer Flores,,Wilmer Flores,,Wilmer Flores,,Wilmer Flores,,Wilmer Flores,,Wilmer Flores,,Wilmer Flores,,Wilmer Flores,,Wilmer Flores,
,Wilyer Abreu,,Wilyer Abreu,,Wilyer Abreu,,Wilyer Abreu,,Wilyer Abreu,,Wilyer Abreu,,Wilyer Abreu,,Wilyer Abreu,,Wilyer Abreu,,Wilyer Abreu,,Wilyer Abreu,,Wilyer Abreu,
,Winston Santos,,Winston Santos,,Winston Santos,,Winston Santos,,Winston Santos,,Winston Santos,,Winston Santos,,Winston Santos,,Winston Santos,,Winston Santos,,Winston Santos,,Winston Santos,
,Wyatt Langford,,Wyatt Langford,,Wyatt Langford,,Wyatt Langford,,Wyatt Langford,,Wyatt Langford,,Wyatt Langford,,Wyatt Langford,,Wyatt Langford,,Wyatt Langford,,Wyatt Langford,,Wyatt Langford,
,Xander Bogaerts,,Xander Bogaerts,,Xander Bogaerts,,Xander Bogaerts,,Xander Bogaerts,,Xander Bogaerts,,Xander Bogaerts,,Xander Bogaerts,,Xander Bogaerts,,Xander Bogaerts,,Xander Bogaerts,,Xander Bogaerts,
,Xavier Edwards,,Xavier Edwards,,Xavier Edwards,,Xavier Edwards,,Xavier Edwards,,Xavier Edwards,,Xavier Edwards,,Xavier Edwards,,Xavier Edwards,,Xavier Edwards,,Xavier Edwards,,Xavier Edwards,
,Yainer Diaz,,Yainer Diaz,,Yainer Diaz,,Yainer Diaz,,Yainer Diaz,,Yainer Diaz,,Yainer Diaz,,Yainer Diaz,,Yainer Diaz,,Yainer Diaz,,Yainer Diaz,,Yainer Diaz,
,Yandy Diaz,,Yandy Diaz,,Yandy Diaz,,Yandy Diaz,,Yandy Diaz,,Yandy Diaz,,Yandy Diaz,,Yandy Diaz,,Yandy Diaz,,Yandy Diaz,,Yandy Diaz,,Yandy Diaz,
,Yanquiel Fernandez,,Yanquiel Fernandez,,Yanquiel Fernandez,,Yanquiel Fernandez,,Yanquiel Fernandez,,Yanquiel Fernandez,,Yanquiel Fernandez,,Yanquiel Fernandez,,Yanquiel Fernandez,,Yanquiel Fernandez,,Yanquiel Fernandez,,Yanquiel Fernandez,
,Yaramil Hiraldo,,Yaramil Hiraldo,,Yaramil Hiraldo,,Yaramil Hiraldo,,Yaramil Hiraldo,,Yaramil Hiraldo,,Yaramil Hiraldo,,Yaramil Hiraldo,,Yaramil Hiraldo,,Yaramil Hiraldo,,Yaramil Hiraldo,,Yaramil Hiraldo,
,Yariel Rodriguez,,Yariel Rodriguez,,Yariel Rodriguez,,Yariel Rodriguez,,Yariel Rodriguez,,Yariel Rodriguez,,Yariel Rodriguez,,Yariel Rodriguez,,Yariel Rodriguez,,Yariel Rodriguez,,Yariel Rodriguez,,Yariel Rodriguez,
,Yennier Cano,,Yennier Cano,,Yennier Cano,,Yennier Cano,,Yennier Cano,,Yennier Cano,,Yennier Cano,,Yennier Cano,,Yennier Cano,,Yennier Cano,,Yennier Cano,,Yennier Cano,
,Yerry De Los Santos,,Yerry De Los Santos,,Yerry De Los Santos,,Yerry De Los Santos,,Yerry De Los Santos,,Yerry De Los Santos,,Yerry De Los Santos,,Yerry De Los Santos,,Yerry De Los Santos,,Yerry De Los Santos,,Yerry De Los Santos,,Yerry De Los Santos,
,Yilber Diaz,,Yilber Diaz,,Yilber Diaz,,Yilber Diaz,,Yilber Diaz,,Yilber Diaz,,Yilber Diaz,,Yilber Diaz,,Yilber Diaz,,Yilber Diaz,,Yilber Diaz,,Yilber Diaz,
,Yimi Garcia,,Yimi Garcia,,Yimi Garcia,,Yimi Garcia,,Yimi Garcia,,Yimi Garcia,,Yimi Garcia,,Yimi Garcia,,Yimi Garcia,,Yimi Garcia,,Yimi Garcia,,Yimi Garcia,
,Yoan Moncada,,Yoan Moncada,,Yoan Moncada,,Yoan Moncada,,Yoan Moncada,,Yoan Moncada,,Yoan Moncada,,Yoan Moncada,,Yoan Moncada,,Yoan Moncada,,Yoan Moncada,,Yoan Moncada,
,Yoendrys Gomez,,Yoendrys Gomez,,Yoendrys Gomez,,Yoendrys Gomez,,Yoendrys Gomez,,Yoendrys Gomez,,Yoendrys Gomez,,Yoendrys Gomez,,Yoendrys Gomez,,Yoendrys Gomez,,Yoendrys Gomez,,Yoendrys Gomez,
,Yohan Ramirez,,Yohan Ramirez,,Yohan Ramirez,,Yohan Ramirez,,Yohan Ramirez,,Yohan Ramirez,,Yohan Ramirez,,Yohan Ramirez,,Yohan Ramirez,,Yohan Ramirez,,Yohan Ramirez,,Yohan Ramirez,
,Yohel Pozo,,Yohel Pozo,,Yohel Pozo,,Yohel Pozo,,Yohel Pozo,,Yohel Pozo,,Yohel Pozo,,Yohel Pozo,,Yohel Pozo,,Yohel Pozo,,Yohel Pozo,,Yohel Pozo,
,Yohendrick Pinango,,Yohendrick Pinango,,Yohendrick Pinango,,Yohendrick Pinango,,Yohendrick Pinango,,Yohendrick Pinango,,Yohendrick Pinango,,Yohendrick Pinango,,Yohendrick Pinango,,Yohendrick Pinango,,Yohendrick Pinango,,Yohendrick Pinango,
,Yoniel Curet,,Yoniel Curet,,Yoniel Curet,,Yoniel Curet,,Yoniel Curet,,Yoniel Curet,,Yoniel Curet,,Yoniel Curet,,Yoniel Curet,,Yoniel Curet,,Yoniel Curet,,Yoniel Curet,
,Yordan Alvarez,,Yordan Alvarez,,Yordan Alvarez,,Yordan Alvarez,,Yordan Alvarez,,Yordan Alvarez,,Yordan Alvarez,,Yordan Alvarez,,Yordan Alvarez,,Yordan Alvarez,,Yordan Alvarez,,Yordan Alvarez,
,Yoshinobu Yamamoto,,Yoshinobu Yamamoto,,Yoshinobu Yamamoto,,Yoshinobu Yamamoto,,Yoshinobu Yamamoto,,Yoshinobu Yamamoto,,Yoshinobu Yamamoto,,Yoshinobu Yamamoto,,Yoshinobu Yamamoto,,Yoshinobu Yamamoto,,Yoshinobu Yamamoto,,Yoshinobu Yamamoto,
,Yosver Zulueta,,Yosver Zulueta,,Yosver Zulueta,,Yosver Zulueta,,Yosver Zulueta,,Yosver Zulueta,,Yosver Zulueta,,Yosver Zulueta,,Yosver Zulueta,,Yosver Zulueta,,Yosver Zulueta,,Yosver Zulueta,
,Yuki Matsui,,Yuki Matsui,,Yuki Matsui,,Yuki Matsui,,Yuki Matsui,,Yuki Matsui,,Yuki Matsui,,Yuki Matsui,,Yuki Matsui,,Yuki Matsui,,Yuki Matsui,,Yuki Matsui,
,Yuli Gurriel,,Yuli Gurriel,,Yuli Gurriel,,Yuli Gurriel,,Yuli Gurriel,,Yuli Gurriel,,Yuli Gurriel,,Yuli Gurriel,,Yuli Gurriel,,Yuli Gurriel,,Yuli Gurriel,,Yuli Gurriel,
,Yusei Kikuchi,,Yusei Kikuchi,,Yusei Kikuchi,,Yusei Kikuchi,,Yusei Kikuchi,,Yusei Kikuchi,,Yusei Kikuchi,,Yusei Kikuchi,,Yusei Kikuchi,,Yusei Kikuchi,,Yusei Kikuchi,,Yusei Kikuchi,
,Zac Gallen,,Zac Gallen,,Zac Gallen,,Zac Gallen,,Zac Gallen,,Zac Gallen,,Zac Gallen,,Zac Gallen,,Zac Gallen,,Zac Gallen,,Zac Gallen,,Zac Gallen,
,Zac Veen,,Zac Veen,,Zac Veen,,Zac Veen,,Zac Veen,,Zac Veen,,Zac Veen,,Zac Veen,,Zac Veen,,Zac Veen,,Zac Veen,,Zac Veen,
,Zach Agnos,,Zach Agnos,,Zach Agnos,,Zach Agnos,,Zach Agnos,,Zach Agnos,,Zach Agnos,,Zach Agnos,,Zach Agnos,,Zach Agnos,,Zach Agnos,,Zach Agnos,
,Zach Brzykcy,,Zach Brzykcy,,Zach Brzykcy,,Zach Brzykcy,,Zach Brzykcy,,Zach Brzykcy,,Zach Brzykcy,,Zach Brzykcy,,Zach Brzykcy,,Zach Brzykcy,,Zach Brzykcy,,Zach Brzykcy,
,Zach Cole,,Zach Cole,,Zach Cole,,Zach Cole,,Zach Cole,,Zach Cole,,Zach Cole,,Zach Cole,,Zach Cole,,Zach Cole,,Zach Cole,,Zach Cole,
,Zach Dezenzo,,Zach Dezenzo,,Zach Dezenzo,,Zach Dezenzo,,Zach Dezenzo,,Zach Dezenzo,,Zach Dezenzo,,Zach Dezenzo,,Zach Dezenzo,,Zach Dezenzo,,Zach Dezenzo,,Zach Dezenzo,
,Zach Eflin,,Zach Eflin,,Zach Eflin,,Zach Eflin,,Zach Eflin,,Zach Eflin,,Zach Eflin,,Zach Eflin,,Zach Eflin,,Zach Eflin,,Zach Eflin,,Zach Eflin,
,Zach Maxwell,,Zach Maxwell,,Zach Maxwell,,Zach Maxwell,,Zach Maxwell,,Zach Maxwell,,Zach Maxwell,,Zach Maxwell,,Zach Maxwell,,Zach Maxwell,,Zach Maxwell,,Zach Maxwell,
,Zach McKinstry,,Zach McKinstry,,Zach McKinstry,,Zach McKinstry,,Zach McKinstry,,Zach McKinstry,,Zach McKinstry,,Zach McKinstry,,Zach McKinstry,,Zach McKinstry,,Zach McKinstry,,Zach McKinstry,
,Zach Neto,,Zach Neto,,Zach Neto,,Zach Neto,,Zach Neto,,Zach Neto,,Zach Neto,,Zach Neto,,Zach Neto,,Zach Neto,,Zach Neto,,Zach Neto,
,Zach Pop,,Zach Pop,,Zach Pop,,Zach Pop,,Zach Pop,,Zach Pop,,Zach Pop,,Zach Pop,,Zach Pop,,Zach Pop,,Zach Pop,,Zach Pop,
,Zack Gelof,,Zack Gelof,,Zack Gelof,,Zack Gelof,,Zack Gelof,,Zack Gelof,,Zack Gelof,,Zack Gelof,,Zack Gelof,,Zack Gelof,,Zack Gelof,,Zack Gelof,
,Zack Kelly,,Zack Kelly,,Zack Kelly,,Zack Kelly,,Zack Kelly,,Zack Kelly,,Zack Kelly,,Zack Kelly,,Zack Kelly,,Zack Kelly,,Zack Kelly,,Zack Kelly,
,Zack Littell,,Zack Littell,,Zack Littell,,Zack Littell,,Zack Littell,,Zack Littell,,Zack Littell,,Zack Littell,,Zack Littell,,Zack Littell,,Zack Littell,,Zack Littell,
,Zack Thompson,,Zack Thompson,,Zack Thompson,,Zack Thompson,,Zack Thompson,,Zack Thompson,,Zack Thompson,,Zack Thompson,,Zack Thompson,,Zack Thompson,,Zack Thompson,,Zack Thompson,
,Zack Wheeler,,Zack Wheeler,,Zack Wheeler,,Zack Wheeler,,Zack Wheeler,,Zack Wheeler,,Zack Wheeler,,Zack Wheeler,,Zack Wheeler,,Zack Wheeler,,Zack Wheeler,,Zack Wheeler,
,Zak Kent,,Zak Kent,,Zak Kent,,Zak Kent,,Zak Kent,,Zak Kent,,Zak Kent,,Zak Kent,,Zak Kent,,Zak Kent,,Zak Kent,,Zak Kent,
,Zebby Matthews,,Zebby Matthews,,Zebby Matthews,,Zebby Matthews,,Zebby Matthews,,Zebby Matthews,,Zebby Matthews,,Zebby Matthews,,Zebby Matthews,,Zebby Matthews,,Zebby Matthews,,Zebby Matthews,