year,league,team,player_name,player_id,mlb_team,position,salary,status,roster_section,eligibility,ab,g,r,hr,rbi,sb,so,bb,avg,obp,slg,gp_dh,gp_c,gp_1b,gp_2b,gp_3b,gp_ss,gp_of
2015,mixed,Fred Zinkie,Joey Votto,345,Cin,1B,31,act,active,"1B,CI",165,51,35,10,29,5,52,56,0.509,0.333,0.588,0,0,156,0,0,0,0
2015,mixed,Fred Zinkie,Jason Kipnis,2727,Cle,2B,22,act,active,"2B,MI",160,40,20,3,13,1,38,10,0.292,0.35,0.388,16,0,0,124,0,0,0
2015,mixed,Fred Zinkie,Carlos Correa,4010,Hou,SS,5,act,active,SS,132,33,17,7,25,3,23,14,0.345,0.286,0.5,0,0,0,0,0,99,0
2015,mixed,Fred Zinkie,Alex Rodriguez,1012,NYY,3B,4,act,active,3B,326,91,49,21,56,4,94,51,0.338,0.357,0.463,136,0,2,0,4,0,0
2015,mixed,Fred Zinkie,Lorenzo Cain,2002,KC,OF,3,act,active,OF,176,43,31,5,24,8,30,10,0.356,0.294,0.443,3,0,0,0,0,0,137
2015,mixed,Fred Zinkie,Chris Davis,1544,Bal,OF,23,act,active,"1B,3B,CI",230,65,51,25,57,2,87,43,0.416,0.533,0.678,22,0,111,0,0,0,30
2015,mixed,Fred Zinkie,Enrique Hernandez,4992,LAD,OF,0,act,active,"UT,OF,SS",26,8,0,0,0,0,8,0,0.192,0.1,0.231,0,0,0,20,1,16,34
2015,mixed,Fred Zinkie,Alex Gordon,681,KC,OF,4,act,active,OF,96,26,8,2,10,1,29,10,0.336,0.4,0.375,2,0,0,0,0,0,101
2015,mixed,Fred Zinkie,David Peralta,4980,Ari,OF,0,act,active,OF,66,23,7,2,7,4,15,8,0.427,0.7,0.545,0,0,0,0,0,0,131
2015,mixed,Fred Zinkie,A.J. Ellis,817,LAD,C,0,act,active,C,34,12,6,2,6,0,7,6,0.39,0.545,0.529,0,62,0,0,0,0,0
2015,mixed,Fred Zinkie,Brian McCann,73,NYY,C,15,act,active,"C,1B,CI",465,135,68,26,94,0,97,52,0.32,0.187,0.437,4,126,10,0,0,0,0
2015,mixed,Fred Zinkie,David Freese,1432,LAA,UT,0,act,active,"UT,3B,CI",207,60,30,6,26,0,52,21,0.332,0.367,0.391,6,0,0,0,113,0,0
2015,mixed,Fred Zinkie,Lucas Duda,3305,NYM,CI,13,act,active,"1B,CI",471,135,67,27,73,0,138,66,0.352,0.294,0.486,0,0,129,0,0,0,0
2015,mixed,Fred Zinkie,Steve Pearce,1196,Bal,MI,1,act,active,"1B,OF,CI",47,13,5,2,6,0,10,4,0.255,0.25,0.404,1,0,28,18,0,0,49
2015,mixed,Fred Zinkie,Omar Infante,77,KC,2B,0,trd,previously_active,,23,6,1,0,2,0,2,0,0.174,0.0,0.217,0,0,0,124,0,0,0
2015,mixed,Fred Zinkie,Jose Altuve,3776,Hou,2B,31,trd,previously_active,,325,79,43,5,27,19,36,12,0.341,0.0,0.4,1,0,0,153,0,0,0
2015,mixed,Fred Zinkie,Brett Lawrie,2186,Oak,2B,3,trd,previously_active,,94,25,5,1,7,1,30,3,0.26,0.0,0.287,1,0,0,42,109,0,0
2015,mixed,Fred Zinkie,Troy Tulowitzki,461,Tor,SS,28,trd,previously_active,,42,10,8,0,3,0,11,4,0.292,0.0,0.238,1,0,0,0,0,121,0
2015,mixed,Fred Zinkie,Chase Headley,1252,NYY,3B,9,res,previously_active,"3B,CI,1B",515,138,71,11,57,0,123,44,0.329,0.0,0.384,0,0,1,0,155,0,0
2015,mixed,Fred Zinkie,Kevin Pillar,4578,Tor,OF,1,trd,previously_active,,67,19,4,0,2,2,7,5,0.257,0.0,0.209,0,0,0,0,0,0,158
2015,mixed,Fred Zinkie,Yoenis Cespedes,3837,NYM,OF,15,trd,previously_active,,166,43,30,5,21,2,37,9,0.339,0.0,0.476,3,0,0,0,0,0,153
2015,mixed,Fred Zinkie,Nolan Reimold,2013,Bal,OF,1,res,previously_active,OF,15,4,1,0,0,0,8,0,0.2,0.0,0.267,4,0,0,0,0,0,51
2015,mixed,Fred Zinkie,David DeJesus,689,LAA,OF,2,rel,previously_active,,58,19,2,0,4,1,13,4,0.231,0.0,0.207,22,0,0,0,0,0,68
2015,mixed,Fred Zinkie,Wil Myers,3153,SD,OF,5,trd,previously_active,,134,32,28,5,19,3,26,9,0.34,0.0,0.493,0,0,22,0,0,0,42
2015,mixed,Fred Zinkie,Curtis Granderson,517,NYM,OF,3,trd,previously_active,,129,38,21,5,13,3,30,23,0.359,0.0,0.403,1,0,0,0,0,0,150
2015,mixed,Fred Zinkie,Khris Davis,4217,Mil,OF,5,rel,previously_active,,79,23,7,0,5,0,22,9,0.337,0.0,0.342,0,0,0,0,0,0,108
2015,mixed,Fred Zinkie,Michael Taylor,4060,Was,OF,1,res,previously_active,OF,40,11,4,1,6,0,12,3,0.233,0.0,0.275,0,0,0,0,0,0,132
2015,mixed,Fred Zinkie,Brandon Guyer,2683,TB,OF,3,rel,previously_active,,20,5,2,0,0,0,2,0,0.2,0.0,0.35,5,0,0,0,0,0,110
2015,mixed,Fred Zinkie,Gregor Blanco,84,SF,OF,2,rel,previously_active,,53,17,9,0,1,1,10,9,0.371,0.0,0.283,0,0,0,0,0,0,93
2015,mixed,Fred Zinkie,Jason Heyward,1968,StL,OF,21,trd,previously_active,,118,36,20,3,13,5,25,10,0.328,0.0,0.39,0,0,0,0,0,0,147
2015,mixed,Fred Zinkie,Shin-Soo Choo,405,Tex,OF,18,trd,previously_active,,33,10,3,1,5,0,10,2,0.243,0.0,0.273,1,0,0,0,0,0,148
2015,mixed,Fred Zinkie,*Billy Hamilton,3576,Cin,OF,16,trd,previously_active,,140,34,22,3,8,17,27,10,0.263,0.0,0.336,0,0,0,0,0,0,110
2015,mixed,Fred Zinkie,Michael Brantley,2212,Cle,OF,29,rel,previously_active,,390,101,48,11,58,8,42,40,0.372,0.0,0.469,18,0,0,0,0,0,118
2015,mixed,Fred Zinkie,Starling Marte,2908,Pit,OF,24,trd,previously_active,,201,53,30,2,19,12,41,7,0.359,0.0,0.413,0,0,0,0,0,0,151
2015,mixed,Fred Zinkie,Danny Valencia,2398,Oak,OF,0,rel,previously_active,,20,6,2,1,5,0,8,1,0.238,0.0,0.4,3,0,5,3,55,0,37
2015,mixed,Fred Zinkie,Christian Yelich,3314,Mia,OF,26,trd,previously_active,,71,19,5,1,5,0,17,4,0.307,0.0,0.338,0,0,0,0,0,0,124
2015,mixed,Fred Zinkie,Billy Burns,4652,Oak,OF,1,trd,previously_active,,51,12,11,1,5,1,8,1,0.346,0.0,0.471,0,0,0,0,0,0,125
2015,mixed,Fred Zinkie,Kole Calhoun,3983,LAA,OF,18,trd,previously_active,,129,31,14,5,22,0,31,7,0.304,0.0,0.434,0,0,1,0,0,0,157
2015,mixed,Fred Zinkie,Ender Inciarte,4264,Ari,OF,15,trd,previously_active,,293,73,40,3,23,10,39,13,0.318,0.0,0.379,0,0,0,0,0,0,122
2015,mixed,Fred Zinkie,Matt Holliday,464,StL,OF,20,trd,previously_active,,80,26,7,1,10,0,16,13,0.367,0.0,0.375,4,0,0,0,0,0,64
2015,mixed,Fred Zinkie,Evan Gattis,3959,Hou,C,15,trd,previously_active,,416,111,46,17,60,0,90,17,0.265,0.0,0.433,136,0,0,0,0,0,11
2015,mixed,Fred Zinkie,*Nick Hundley,1268,Col,C,1,rel,previously_active,,33,11,2,0,1,0,9,4,0.405,0.0,0.485,0,102,0,0,0,0,0
2015,mixed,Fred Zinkie,Steve Clevenger,2435,Bal,C,0,rel,previously_active,,3,1,0,0,1,0,1,0,0.0,0.0,0.333,18,9,1,0,0,0,0
2015,mixed,Fred Zinkie,Norichika Aoki,2041,SF,UT,1,trd,previously_active,,25,6,3,1,1,1,2,2,0.259,0.0,0.44,1,0,0,0,0,0,87
2015,mixed,Fred Zinkie,Albert Pujols,1411,LAA,CI,20,trd,previously_active,,134,35,16,6,14,1,18,9,0.283,0.0,0.403,62,0,95,0,1,0,0
2015,mixed,Fred Zinkie,David Ortiz,190,Bos,CI,19,trd,previously_active,,175,47,22,9,25,0,32,26,0.345,0.0,0.457,134,0,9,0,0,0,0
2015,mixed,Fred Zinkie,Anthony Rendon,3205,Was,MI,26,trd,previously_active,,116,31,13,1,7,0,18,16,0.353,0.0,0.345,0,0,0,59,28,0,0
2015,mixed,Fred Zinkie,Ryan Goins,3946,Tor,MI,1,rel,previously_active,,24,6,1,0,1,0,7,0,0.125,0.0,0.125,0,0,0,66,2,58,4
2015,mixed,Fred Zinkie,Kelby Tomlinson,5196,SF,MI,0,rel,previously_active,,24,7,2,0,0,1,7,2,0.308,0.0,0.292,0,0,0,50,0,1,0
2015,mixed,Fred Zinkie,Adeiny Hechavarria,3146,Mia,MI,1,rel,previously_active,,46,13,2,0,2,1,5,2,0.347,0.0,0.413,0,0,0,0,0,130,0
2015,mixed,Fred Zinkie,Kelly Johnson,78,NYM,MI,0,rel,previously_active,,3,3,0,0,0,0,2,1,0.5,0.0,0.333,1,0,25,28,12,1,37
2015,mixed,Fred Zinkie,Erick Aybar,735,LAA,MI,5,trd,previously_active,,329,86,48,2,27,9,41,14,0.323,0.0,0.365,1,0,0,0,0,154,0
2015,mixed,Fred Zinkie,Jimmy Paredes,3350,Bal,MI,12,trd,previously_active,,31,9,1,0,1,0,11,2,0.212,0.0,0.161,81,0,0,6,8,0,3
2015,mixed,Fred Zinkie,Brian Dozier,3489,Min,MI,22,trd,previously_active,,166,42,34,9,24,3,38,19,0.335,0.0,0.506,0,0,0,157,0,0,0
2015,mixed,Fred Zinkie,Jose Ramirez,4602,Cle,MI,8,rel,previously_active,,98,29,11,1,4,3,18,6,0.229,0.0,0.255,1,0,0,33,13,46,2
2015,mixed,Fred Zinkie,Chase Headley,1252,NYY,3B,9,res,reserved,"3B,CI,1B",65,18,3,0,5,0,12,7,0.288,0.25,0.246,0,0,1,0,155,0,0
2015,mixed,Fred Zinkie,Michael Taylor,4060,Was,OF,1,res,reserved,OF,53,16,6,0,2,1,18,6,0.254,0.263,0.189,0,0,0,0,0,0,132
2015,mixed,Fred Zinkie,Nolan Reimold,2013,Bal,OF,1,res,reserved,OF,33,11,5,1,5,0,8,6,0.375,0.455,0.364,4,0,0,0,0,0,51
2015,mixed,Fred Zinkie,Omar Infante,77,KC,2B,0,trd,previously_reserved,,50,14,2,0,7,0,8,2,0.302,0.0,0.38,0,0,0,124,0,0,0
2015,mixed,Fred Zinkie,Brett Lawrie,2186,Oak,2B,3,trd,previously_reserved,,23,6,4,1,6,0,5,1,0.375,0.0,0.522,1,0,0,42,109,0,0
2015,mixed,Fred Zinkie,Alex Rodriguez,1012,NYY,3B,4,act,previously_reserved,3B,11,6,2,1,2,0,4,4,0.4,0.0,0.545,136,0,2,0,4,0,0
2015,mixed,Fred Zinkie,Danny Santana,4232,Min,OF,14,rel,previously_reserved,,40,15,2,0,4,1,10,2,0.238,0.0,0.275,5,0,0,0,0,66,5
2015,mixed,Fred Zinkie,Khris Davis,4217,Mil,OF,5,rel,previously_reserved,,69,23,9,5,11,0,19,10,0.338,0.0,0.565,0,0,0,0,0,0,108
2015,mixed,Fred Zinkie,David DeJesus,689,LAA,OF,2,rel,previously_reserved,,29,10,5,0,2,1,4,2,0.323,0.0,0.379,22,0,0,0,0,0,68
2015,mixed,Fred Zinkie,Kevin Pillar,4578,Tor,OF,1,trd,previously_reserved,,20,6,2,0,1,0,1,0,0.286,0.0,0.3,0,0,0,0,0,0,158
2015,mixed,Fred Zinkie,Ender Inciarte,4264,Ari,OF,15,trd,previously_reserved,,18,5,1,0,1,0,1,0,0.389,0.0,0.444,0,0,0,0,0,0,122
2015,mixed,Fred Zinkie,David Peralta,4980,Ari,OF,0,act,previously_reserved,OF,21,5,4,1,1,0,4,0,0.286,0.0,0.476,0,0,0,0,0,0,131
2015,mixed,Fred Zinkie,Shin-Soo Choo,405,Tex,OF,18,trd,previously_reserved,,15,5,1,0,0,0,3,5,0.318,0.0,0.0,1,0,0,0,0,0,148
2015,mixed,Fred Zinkie,Enrique Hernandez,4992,LAD,OF,0,act,previously_reserved,"UT,OF,SS",26,8,2,1,4,0,3,0,0.462,0.571,0.615,0,0,0,20,1,16,34
2015,mixed,Fred Zinkie,Gregor Blanco,84,SF,OF,2,rel,previously_reserved,,30,9,5,2,2,1,3,1,0.29,0.0,0.467,0,0,0,0,0,0,93
2015,mixed,Fred Zinkie,*Nick Hundley,1268,Col,C,1,rel,previously_reserved,,19,5,2,1,2,0,3,0,0.211,0.0,0.421,0,102,0,0,0,0,0
2015,mixed,Fred Zinkie,David Freese,1432,LAA,UT,0,act,previously_reserved,"UT,3B,CI",217,61,23,8,30,1,55,10,0.315,0.0,0.447,6,0,0,0,113,0,0
2015,mixed,Fred Zinkie,Adeiny Hechavarria,3146,Mia,MI,1,rel,previously_reserved,,33,9,4,0,2,0,6,1,0.206,0.0,0.212,0,0,0,0,0,130,0
2015,mixed,Fred Zinkie,Anthony Rendon,3205,Was,MI,26,trd,previously_reserved,,4,1,0,0,0,0,2,0,0.5,0.0,0.75,0,0,0,59,28,0,0
2015,mixed,Fred Zinkie,Jose Ramirez,4602,Cle,MI,8,rel,previously_reserved,,49,15,8,0,4,5,5,7,0.293,0.0,0.224,1,0,0,33,13,46,2
2015,mixed,Scott Swanay,Jose Abreu,4038,CWS,1B,36,act,active,"1B,CI",613,154,88,30,101,0,140,39,0.347,0.333,0.502,39,0,115,0,0,0,0
2015,mixed,Scott Swanay,Robinson Cano,1008,Sea,2B,29,act,active,"2B,MI",624,156,82,21,79,2,107,43,0.334,0.444,0.446,6,0,0,149,0,0,0
2015,mixed,Scott Swanay,J.J. Hardy,853,Bal,SS,0,act,active,"SS,MI",19,5,2,0,2,0,3,1,0.35,0.35,0.368,0,0,0,0,0,114,0
2015,mixed,Scott Swanay,Miguel Sano,3148,Min,3B,1,act,active,3B,261,75,45,18,50,1,113,50,0.382,0.333,0.536,69,0,2,0,9,0,0
2015,mixed,Scott Swanay,Gregory Polanco,4166,Pit,OF,15,act,active,OF,593,153,83,9,52,27,121,55,0.32,0.357,0.381,0,0,0,0,0,0,149
2015,mixed,Scott Swanay,Joc Pederson,4090,LAD,OF,10,act,active,OF,480,151,67,26,54,4,170,92,0.346,0.4,0.417,0,0,0,0,0,0,147
2015,mixed,Scott Swanay,Charlie Blackmon,2620,Col,OF,14,act,active,OF,614,157,93,17,58,43,112,46,0.347,0.24,0.45,0,0,0,0,0,0,155
2015,mixed,Scott Swanay,Rusney Castillo,4815,Bos,OF,13,act,active,OF,237,70,29,4,25,3,50,12,0.283,0.067,0.346,2,0,0,0,0,0,75
2015,mixed,Scott Swanay,Alejandro De Aza,570,SF,OF,1,act,active,OF,20,10,4,0,2,1,5,7,0.464,0.556,0.35,1,0,0,0,0,0,96
2015,mixed,Scott Swanay,Kyle Schwarber,4901,ChC,C,14,act,active,C,210,63,46,15,37,3,69,35,0.352,0.409,0.476,6,21,0,0,0,0,43
2015,mixed,Scott Swanay,John Jaso,1461,TB,C,5,act,active,"UT,C",163,63,19,4,19,1,35,24,0.365,0.5,0.436,48,0,0,0,0,0,8
2015,mixed,Scott Swanay,Lonnie Chisenhall,2627,Cle,UT,1,act,active,"UT,3B,1B,CI",142,50,16,2,24,3,33,14,0.344,0.353,0.38,4,0,0,0,50,0,51
2015,mixed,Scott Swanay,Kris Bryant,4434,ChC,CI,16,act,active,OF,549,148,87,26,98,13,195,74,0.366,0.286,0.49,1,0,1,0,144,0,19
2015,mixed,Scott Swanay,Matt Duffy,4893,SF,MI,6,act,active,"UT,2B,SS,MI",472,117,70,10,58,11,74,25,0.336,0.276,0.434,0,0,1,9,134,3,0
2015,mixed,Scott Swanay,Brad Miller,4310,Sea,SS,2,rel,previously_active,,323,106,36,9,31,11,76,36,0.325,0.0,0.402,10,0,0,11,2,89,35
2015,mixed,Scott Swanay,Chris Owings,3271,Ari,SS,1,rel,previously_active,,101,31,12,1,8,6,33,8,0.273,0.0,0.307,0,0,0,115,0,35,0
2015,mixed,Scott Swanay,Erick Aybar,735,LAA,SS,5,res,previously_active,"SS,MI",119,31,15,0,3,3,12,3,0.276,0.0,0.328,1,0,0,0,0,154,0
2015,mixed,Scott Swanay,Mark Canha,4430,Oak,OF,13,rel,previously_active,,197,64,20,6,26,5,51,17,0.269,0.0,0.33,2,0,75,0,1,0,61
2015,mixed,Scott Swanay,Jon Jay,2475,StL,OF,1,rel,previously_active,,18,7,0,0,0,0,6,0,0.056,0.0,0.056,0,0,0,0,0,0,64
2015,mixed,Scott Swanay,Ezequiel Carrera,2982,Tor,OF,1,rel,previously_active,,27,12,4,0,5,1,5,3,0.303,0.0,0.259,0,0,0,0,0,0,81
2015,mixed,Scott Swanay,Robinson Chirinos,3011,Tex,C,1,trd,previously_active,,178,55,25,8,27,0,46,19,0.305,0.0,0.438,0,78,0,0,0,0,0
2015,mixed,Scott Swanay,Francisco Cervelli,1004,Pit,C,2,trd,previously_active,,235,68,27,4,30,1,51,21,0.366,0.0,0.4,1,128,0,0,0,0,0
2015,mixed,Scott Swanay,Mark Reynolds,34,StL,UT,0,rel,previously_active,,22,9,2,1,2,0,4,6,0.379,0.0,0.364,3,0,100,1,22,0,6
2015,mixed,Scott Swanay,Jonny Gomes,1477,KC,UT,1,rel,previously_active,,67,25,9,3,9,0,21,7,0.299,0.0,0.388,5,0,0,0,0,0,65
2015,mixed,Scott Swanay,Steve Pearce,1196,Bal,UT,4,rel,previously_active,,72,24,9,3,9,0,21,4,0.312,0.0,0.458,1,0,28,18,0,0,49
2015,mixed,Scott Swanay,Matt Adams,3755,StL,UT,7,rel,previously_active,,137,41,11,4,19,1,32,7,0.276,0.0,0.372,0,0,46,0,0,0,0
2015,mixed,Scott Swanay,Ryan Rua,4932,Tex,UT,0,rel,previously_active,,17,5,1,0,0,0,9,1,0.278,0.0,0.294,0,0,4,0,0,0,25
2015,mixed,Scott Swanay,Darin Ruf,4191,Phi,UT,0,rel,previously_active,,28,10,2,1,2,0,11,3,0.187,0.0,0.25,0,0,66,0,0,0,22
2015,mixed,Scott Swanay,Ben Paulsen,3560,Col,CI,1,rel,previously_active,,142,43,15,3,19,0,51,6,0.289,0.0,0.401,0,0,91,0,0,0,20
2015,mixed,Scott Swanay,Josh Harrison,3747,Pit,CI,9,res,previously_active,"3B,OF,2B,CI,SS,MI",305,75,39,4,22,9,48,11,0.313,0.0,0.384,0,0,0,37,72,0,22
2015,mixed,Scott Swanay,Ryan Howard,1129,Phi,CI,1,rel,previously_active,,3,1,1,1,1,0,1,0,0.333,0.0,1.33,6,0,116,0,0,0,0
2015,mixed,Scott Swanay,Tim Beckham,2143,TB,MI,12,rel,previously_active,,23,9,2,1,3,0,9,1,0.16,0.0,0.261,12,0,0,38,1,28,0
2015,mixed,Scott Swanay,Rougned Odor,4026,Tex,MI,1,rel,previously_active,,66,23,7,1,8,1,19,6,0.269,0.0,0.227,0,0,0,119,0,0,0
2015,mixed,Scott Swanay,Erick Aybar,735,LAA,SS,5,res,reserved,"SS,MI",31,7,4,1,6,2,5,1,0.312,0.312,0.516,1,0,0,0,0,154,0
2015,mixed,Scott Swanay,Josh Harrison,3747,Pit,CI,9,res,reserved,"3B,OF,2B,CI,SS,MI",113,39,18,0,6,1,23,8,0.366,0.429,0.407,0,0,0,37,72,0,22
2015,mixed,Scott Swanay,Brad Miller,4310,Sea,SS,2,rel,previously_reserved,,23,7,0,0,5,0,5,3,0.31,0.0,0.304,10,0,0,11,2,89,35
2015,mixed,Scott Swanay,Chris Owings,3271,Ari,SS,1,rel,previously_reserved,,89,26,9,1,11,1,22,3,0.28,0.0,0.371,0,0,0,115,0,35,0
2015,mixed,Scott Swanay,Miguel Sano,3148,Min,3B,1,act,previously_reserved,3B,18,5,1,0,2,0,6,3,0.429,0.0,0.444,69,0,2,0,9,0,0
2015,mixed,Scott Swanay,Mark Canha,4430,Oak,OF,13,rel,previously_reserved,,26,9,7,1,3,0,3,1,0.393,0.0,0.577,2,0,75,0,1,0,61
2015,mixed,Scott Swanay,Jon Jay,2475,StL,OF,1,rel,previously_reserved,,25,11,5,1,4,0,5,5,0.375,0.0,0.44,0,0,0,0,0,0,64
2015,mixed,Scott Swanay,Rusney Castillo,4815,Bos,OF,13,act,previously_reserved,OF,36,10,6,1,4,1,4,1,0.324,0.0,0.444,2,0,0,0,0,0,75
2015,mixed,Scott Swanay,Francisco Cervelli,1004,Pit,C,2,trd,previously_reserved,,102,29,16,2,7,0,18,8,0.384,0.0,0.48,1,128,0,0,0,0,0
2015,mixed,Scott Swanay,John Jaso,1461,TB,C,5,act,previously_reserved,"UT,C",22,7,4,1,3,0,4,4,0.481,0.0,0.636,48,0,0,0,0,0,8
2015,mixed,Scott Swanay,Jonny Gomes,1477,KC,UT,1,rel,previously_reserved,,54,22,9,0,2,1,24,6,0.279,0.0,0.241,5,0,0,0,0,0,65
2015,mixed,Scott Swanay,Steve Pearce,1196,Bal,UT,4,rel,previously_reserved,,45,14,6,2,2,1,10,3,0.314,0.0,0.422,1,0,28,18,0,0,49
2015,mixed,Scott Swanay,Matt Adams,3755,StL,UT,7,rel,previously_reserved,,26,15,3,1,4,0,7,3,0.379,0.0,0.5,0,0,46,0,0,0,0
2015,mixed,Scott Swanay,Ryan Rua,4932,Tex,UT,0,rel,previously_reserved,,27,7,2,1,1,0,10,0,0.148,0.0,0.296,0,0,4,0,0,0,25
2015,mixed,Scott Swanay,Darin Ruf,4191,Phi,UT,0,rel,previously_reserved,,6,4,0,0,0,0,0,0,0.333,0.0,0.667,0,0,66,0,0,0,22
2015,mixed,Scott Swanay,Ben Paulsen,3560,Col,CI,1,rel,previously_reserved,,13,10,3,0,3,1,5,2,0.333,0.0,0.231,0,0,91,0,0,0,20
2015,mixed,Scott Swanay,Kris Bryant,4434,ChC,CI,16,act,previously_reserved,OF,10,3,0,0,1,0,4,3,0.5,0.0,0.4,1,0,1,0,144,0,19
2015,mixed,Scott Swanay,Tim Beckham,2143,TB,MI,12,rel,previously_reserved,,19,6,1,1,3,1,2,1,0.19,0.0,0.421,12,0,0,38,1,28,0
2015,mixed,Scott Swanay,Rougned Odor,4026,Tex,MI,1,rel,previously_reserved,,24,6,1,0,1,0,6,1,0.2,0.0,0.25,0,0,0,119,0,0,0
2015,mixed,Tim Heaney,Carlos Santana,2181,Cle,1B,25,act,active,"1B,3B,CI,C",527,147,69,18,81,9,119,105,0.353,0.345,0.383,21,0,132,0,0,0,0
2015,mixed,Tim Heaney,Brian Dozier,3489,Min,2B,22,act,active,"2B,MI",462,115,67,19,53,9,110,42,0.296,0.115,0.422,0,0,0,157,0,0,0
2015,mixed,Tim Heaney,Jordy Mercer,3871,Pit,SS,0,act,active,"UT,SS,MI",22,6,1,0,4,0,6,1,0.217,0.217,0.227,0,0,0,0,0,115,0
2015,mixed,Tim Heaney,Adrian Beltre,1355,Tex,3B,27,act,active,"3B,CI",523,132,78,17,80,1,56,40,0.34,0.484,0.459,1,0,0,0,142,0,0
2015,mixed,Tim Heaney,Jayson Werth,1139,Was,OF,13,act,active,OF,184,49,28,10,27,0,46,22,0.301,0.1,0.435,1,0,0,0,0,0,86
2015,mixed,Tim Heaney,Carl Crawford,1472,LAD,OF,0,act,active,OF,99,31,8,2,7,4,16,6,0.314,0.222,0.424,3,0,0,0,0,0,51
2015,mixed,Tim Heaney,Yoenis Cespedes,3837,NYM,OF,15,act,active,OF,318,78,55,25,61,4,68,19,0.336,0.333,0.604,3,0,0,0,0,0,153
2015,mixed,Tim Heaney,Jason Heyward,1968,StL,OF,21,act,active,OF,341,96,51,8,42,17,48,43,0.391,0.467,0.469,0,0,0,0,0,0,147
2015,mixed,Tim Heaney,Franklin Gutierrez,408,Sea,OF,0,act,active,OF,60,20,7,4,9,0,22,6,0.324,0.187,0.483,6,0,0,0,0,0,46
2015,mixed,Tim Heaney,Jacob Realmuto,4028,Mia,C,7,act,active,C,409,115,44,10,45,8,67,16,0.286,0.375,0.408,0,118,0,0,0,0,0
2015,mixed,Tim Heaney,Yasmani Grandal,3311,LAD,C,8,act,active,"C,1B,CI",338,110,42,15,43,0,89,63,0.358,0.176,0.405,0,107,6,0,0,0,0
2015,mixed,Tim Heaney,Gregory Bird,4379,NYY,UT,1,act,active,1B,63,20,12,3,11,0,20,9,0.365,0.417,0.476,0,0,46,0,0,0,0
2015,mixed,Tim Heaney,Adam Lind,1587,Mil,CI,3,act,active,"1B,CI",482,143,71,19,86,0,92,64,0.365,0.1,0.467,1,0,138,0,0,0,0
2015,mixed,Tim Heaney,Jonathan Schoop,4005,Bal,MI,0,act,active,"2B,3B,CI,MI",233,65,24,7,24,1,59,5,0.296,0.455,0.429,0,0,0,84,0,0,0
2015,mixed,Tim Heaney,Danny Espinosa,2765,Was,2B,0,rel,previously_active,,56,16,13,3,9,0,17,8,0.344,0.0,0.464,0,0,5,81,16,8,5
2015,mixed,Tim Heaney,Justin Turner,2415,LAD,SS,1,res,previously_active,"UT,SS,3B,2B,CI,MI",255,76,30,5,28,4,53,26,0.364,0.0,0.416,0,0,10,5,100,1,0
2015,mixed,Tim Heaney,Javier Baez,3804,ChC,SS,1,res,previously_active,"SS,2B,MI",38,11,3,1,3,0,9,2,0.325,0.0,0.421,0,0,1,17,11,8,0
2015,mixed,Tim Heaney,Starlin Castro,2724,ChC,SS,11,rel,previously_active,,268,68,21,3,28,4,43,14,0.294,0.0,0.31,0,0,0,38,0,109,0
2015,mixed,Tim Heaney,*Billy Hamilton,3576,Cin,OF,16,rel,previously_active,,195,57,26,1,11,31,38,13,0.28,0.0,0.272,0,0,0,0,0,0,110
2015,mixed,Tim Heaney,Chris Young,40,NYY,OF,7,rel,previously_active,,36,17,3,2,2,0,11,3,0.256,0.0,0.417,2,0,0,0,0,0,129
2015,mixed,Tim Heaney,Delino DeShields,3357,Tex,OF,10,trd,previously_active,,163,43,27,0,10,6,40,20,0.346,0.0,0.374,7,0,0,1,0,0,113
2015,mixed,Tim Heaney,Michael Brantley,2212,Cle,OF,29,trd,previously_active,,139,36,20,4,26,7,9,20,0.398,0.0,0.511,18,0,0,0,0,0,118
2015,mixed,Tim Heaney,Carlos Gomez,902,Hou,OF,39,res,previously_active,OF,423,110,57,12,54,12,100,31,0.312,0.0,0.409,2,0,0,1,0,0,111
2015,mixed,Tim Heaney,Dexter Fowler,484,ChC,OF,6,trd,previously_active,,213,54,40,6,15,11,54,24,0.325,0.0,0.394,0,0,0,0,0,0,152
2015,mixed,Tim Heaney,Eric Young Jr.,2059,NYM,OF,0,rel,previously_active,,46,17,4,0,3,2,11,5,0.255,0.0,0.283,0,0,0,0,0,0,29
2015,mixed,Tim Heaney,Ben Paulsen,3560,Col,OF,1,rel,previously_active,,16,5,1,0,3,0,0,2,0.278,0.0,0.187,0,0,91,0,0,0,20
2015,mixed,Tim Heaney,Andre Ethier,797,LAD,OF,2,trd,previously_active,,18,5,4,2,3,0,2,4,0.409,0.0,0.667,1,0,0,0,0,0,127
2015,mixed,Tim Heaney,Hank Conger,758,Hou,C,0,rel,previously_active,,12,4,1,0,1,0,3,0,0.25,0.0,0.333,0,69,0,0,0,0,1
2015,mixed,Tim Heaney,A.J. Ellis,817,LAD,C,1,rel,previously_active,,11,4,2,0,1,0,4,3,0.357,0.0,0.273,0,62,0,0,0,0,0
2015,mixed,Tim Heaney,Rene Rivera,818,TB,C,1,rel,previously_active,,42,13,2,0,2,0,13,1,0.159,0.0,0.167,1,107,7,0,0,0,0
2015,mixed,Tim Heaney,Will Venable,1278,Tex,UT,7,trd,previously_active,,50,13,5,1,7,1,13,5,0.273,0.0,0.3,0,0,0,0,0,0,110
2015,mixed,Tim Heaney,Chris Carter,2028,Hou,UT,20,rel,previously_active,,83,24,9,4,10,0,32,10,0.232,0.0,0.325,8,0,115,0,0,0,0
2015,mixed,Tim Heaney,Mark Trumbo,2262,Sea,UT,9,trd,previously_active,,319,87,37,14,38,0,80,22,0.278,0.0,0.42,30,0,23,0,0,0,88
2015,mixed,Tim Heaney,Chris Colabello,4272,Tor,UT,1,trd,previously_active,,188,50,32,7,28,1,52,13,0.351,0.0,0.468,12,0,34,0,0,0,46
2015,mixed,Tim Heaney,Eddie Rosario,3889,Min,UT,1,rel,previously_active,,23,6,3,0,1,1,6,0,0.261,0.0,0.348,0,0,0,0,0,0,118
2015,mixed,Tim Heaney,Jake Lamb,4537,Ari,UT,0,trd,previously_active,,18,6,2,0,2,1,2,4,0.545,0.0,0.667,0,0,8,0,95,0,0
2015,mixed,Tim Heaney,Jean Segura,3177,Mil,UT,11,trd,previously_active,,166,43,20,3,14,7,22,5,0.316,0.0,0.386,0,0,0,0,0,140,0
2015,mixed,Tim Heaney,Jed Lowrie,201,Hou,UT,4,trd,previously_active,,33,10,5,1,7,0,4,5,0.359,0.0,0.455,2,0,0,0,47,17,0
2015,mixed,Tim Heaney,Eric Campbell,2017,NYM,UT,1,rel,previously_active,,18,6,4,1,2,0,2,4,0.391,0.0,0.5,0,0,5,0,48,0,4
2015,mixed,Tim Heaney,Aramis Ramirez,286,Pit,UT,5,res,previously_active,"3B,CI",198,54,13,2,20,0,27,9,0.236,0.0,0.308,2,0,5,0,122,0,0
2015,mixed,Tim Heaney,Maikel Franco,4021,Phi,CI,19,trd,previously_active,,50,13,6,1,5,1,5,4,0.382,0.0,0.46,0,0,2,0,75,0,0
2015,mixed,Tim Heaney,Everth Cabrera,2297,FA,MI,0,rel,previously_active,,6,2,0,0,0,0,0,0,0.143,0.0,0.0,0,0,0,2,0,27,0
2015,mixed,Tim Heaney,Johnny Giavotella,2750,LAA,MI,1,rel,previously_active,,121,40,14,1,13,0,18,12,0.326,0.0,0.322,0,0,0,128,0,1,0
2015,mixed,Tim Heaney,Javier Baez,3804,ChC,SS,1,res,reserved,"SS,2B,MI",38,17,1,0,1,1,15,2,0.325,0.385,0.395,0,0,1,17,11,8,0
2015,mixed,Tim Heaney,Justin Turner,2415,LAD,SS,1,res,reserved,"UT,SS,3B,2B,CI,MI",50,15,13,6,15,0,5,2,0.393,0.375,0.78,0,0,10,5,100,1,0
2015,mixed,Tim Heaney,Carlos Gomez,902,Hou,OF,39,res,reserved,OF,12,5,4,0,2,5,1,0,0.417,0.5,0.417,2,0,0,1,0,0,111
2015,mixed,Tim Heaney,Aramis Ramirez,286,Pit,UT,5,res,reserved,"3B,CI",277,83,30,15,55,1,41,22,0.338,0.353,0.505,2,0,5,0,122,0,0
2015,mixed,Tim Heaney,Carlos Santana,2181,Cle,1B,25,act,previously_reserved,"1B,3B,CI,C",23,7,3,1,4,2,3,3,0.462,0.0,0.652,21,0,132,0,0,0,0
2015,mixed,Tim Heaney,Danny Espinosa,2765,Was,2B,0,rel,previously_reserved,,114,35,12,2,10,3,30,10,0.326,0.0,0.368,0,0,5,81,16,8,5
2015,mixed,Tim Heaney,Starlin Castro,2724,ChC,SS,11,rel,previously_reserved,,143,36,13,2,18,0,30,4,0.228,0.0,0.294,0,0,0,38,0,109,0
2015,mixed,Tim Heaney,Adrian Beltre,1355,Tex,3B,27,act,previously_reserved,"3B,CI",44,11,5,1,3,0,9,1,0.261,0.0,0.386,1,0,0,0,142,0,0
2015,mixed,Tim Heaney,Jayson Werth,1139,Was,OF,13,act,previously_reserved,OF,25,6,5,0,3,0,7,3,0.393,0.0,0.52,1,0,0,0,0,0,86
2015,mixed,Tim Heaney,Franklin Gutierrez,408,Sea,OF,0,act,previously_reserved,OF,28,8,8,4,8,0,9,3,0.437,0.0,0.821,6,0,0,0,0,0,46
2015,mixed,Tim Heaney,*Billy Hamilton,3576,Cin,OF,16,rel,previously_reserved,,23,7,2,0,0,3,5,3,0.308,0.0,0.261,0,0,0,0,0,0,110
2015,mixed,Tim Heaney,Delino DeShields,3357,Tex,OF,10,trd,previously_reserved,,4,1,2,0,0,0,0,1,0.6,0.0,1.0,7,0,0,1,0,0,113
2015,mixed,Tim Heaney,Chris Young,40,NYY,OF,7,rel,previously_reserved,,26,11,2,0,1,0,9,1,0.111,0.0,0.077,2,0,0,0,0,0,129
2015,mixed,Tim Heaney,Carl Crawford,1472,LAD,OF,0,act,previously_reserved,OF,37,16,5,1,2,2,10,0,0.189,0.0,0.324,3,0,0,0,0,0,51
2015,mixed,Tim Heaney,Andre Ethier,797,LAD,OF,2,trd,previously_reserved,,56,18,7,1,6,0,10,7,0.365,0.0,0.411,1,0,0,0,0,0,127
2015,mixed,Tim Heaney,Eric Young Jr.,2059,NYM,OF,0,rel,previously_reserved,,21,8,3,0,2,1,3,1,0.182,0.0,0.286,0,0,0,0,0,0,29
2015,mixed,Tim Heaney,Yasmani Grandal,3311,LAD,C,8,act,previously_reserved,"C,1B,CI",17,5,1,1,4,0,3,2,0.25,0.0,0.353,0,107,6,0,0,0,0
2015,mixed,Tim Heaney,Jarrod Saltalamacchia,1516,Ari,C,1,rel,previously_reserved,,8,2,0,0,0,0,5,2,0.364,0.0,0.125,2,47,4,0,0,0,0
2015,mixed,Tim Heaney,Jacob Realmuto,4028,Mia,C,7,act,previously_reserved,C,18,5,2,0,0,0,1,2,0.35,0.0,0.333,0,118,0,0,0,0,0
2015,mixed,Tim Heaney,Mark Trumbo,2262,Sea,UT,9,trd,previously_reserved,,85,25,10,3,10,0,27,6,0.374,0.0,0.494,30,0,23,0,0,0,88
2015,mixed,Tim Heaney,Chris Carter,2028,Hou,UT,20,rel,previously_reserved,,61,28,8,3,11,0,23,10,0.288,0.0,0.344,8,0,115,0,0,0,0
2015,mixed,Tim Heaney,Chris Colabello,4272,Tor,UT,1,trd,previously_reserved,,17,7,2,1,6,0,3,2,0.3,0.0,0.471,12,0,34,0,0,0,46
2015,mixed,Tim Heaney,Will Venable,1278,Tex,UT,7,trd,previously_reserved,,27,7,5,1,2,2,5,1,0.357,0.0,0.556,0,0,0,0,0,0,110
2015,mixed,Tim Heaney,Gregory Bird,4379,NYY,UT,1,act,previously_reserved,1B,61,17,10,6,14,0,22,8,0.333,0.0,0.607,0,0,46,0,0,0,0
2015,mixed,Tim Heaney,Eric Campbell,2017,NYM,UT,1,rel,previously_reserved,,16,5,0,0,0,1,3,2,0.222,0.0,0.187,0,0,5,0,48,0,4
2015,mixed,Tim Heaney,Jean Segura,3177,Mil,UT,11,trd,previously_reserved,,27,6,4,0,3,1,8,1,0.321,0.0,0.444,0,0,0,0,0,140,0
2015,mixed,Tim Heaney,Jake Lamb,4537,Ari,UT,0,trd,previously_reserved,,70,21,7,2,11,1,20,5,0.303,0.0,0.386,0,0,8,0,95,0,0
2015,mixed,Tim Heaney,Adam Lind,1587,Mil,CI,3,act,previously_reserved,"1B,CI",20,6,1,1,1,0,8,2,0.227,0.0,0.3,1,0,138,0,0,0,0
2015,mixed,Tim Heaney,Maikel Franco,4021,Phi,CI,19,trd,previously_reserved,,48,12,7,4,9,0,9,1,0.265,0.0,0.562,0,0,2,0,75,0,0
2015,mixed,Tim Heaney,Jonathan Schoop,4005,Bal,MI,0,act,previously_reserved,"2B,3B,CI,MI",72,21,10,8,15,1,20,4,0.338,0.0,0.653,0,0,0,84,0,0,0
2015,mixed,Tim Heaney,Johnny Giavotella,2750,LAA,MI,1,rel,previously_reserved,,10,3,2,0,2,0,1,0,0.182,0.0,0.2,0,0,0,128,0,1,0
2015,mixed,Tim Heaney,Everth Cabrera,2297,FA,MI,0,rel,previously_reserved,,79,22,6,0,4,2,18,4,0.259,0.0,0.253,0,0,0,2,0,27,0
2015,mixed,Zach Steinhorn,Anthony Rizzo,3156,ChC,1B,40,act,active,"1B,CI",586,160,94,31,101,17,105,78,0.387,0.357,0.512,0,0,160,0,0,0,0
2015,mixed,Zach Steinhorn,Kolten Wong,3771,StL,2B,17,act,active,"2B,MI",557,150,71,11,61,15,95,36,0.321,0.25,0.386,0,0,0,147,0,0,0
2015,mixed,Zach Steinhorn,Elvis Andrus,1543,Tex,SS,15,act,active,"SS,MI",596,160,69,7,62,25,78,46,0.309,0.31,0.357,0,0,0,0,0,160,0
2015,mixed,Zach Steinhorn,Kyle Seager,3774,Sea,3B,22,act,active,"3B,CI",623,161,85,26,74,6,98,54,0.328,0.259,0.451,0,0,0,0,160,1,0
2015,mixed,Zach Steinhorn,Cameron Maybin,573,Atl,OF,15,act,active,OF,429,115,52,8,45,18,87,33,0.312,0.333,0.357,0,0,0,0,0,0,139
2015,mixed,Zach Steinhorn,Justin Upton,39,SD,OF,27,act,active,OF,542,150,85,26,81,19,159,68,0.336,0.25,0.454,1,0,0,0,0,0,146
2015,mixed,Zach Steinhorn,Josh Reddick,2163,Oak,OF,1,act,active,OF,521,148,66,20,76,10,65,49,0.332,0.333,0.447,2,0,0,0,0,0,143
2015,mixed,Zach Steinhorn,Colby Rasmus,1436,Hou,OF,0,act,active,OF,121,40,17,7,17,0,42,11,0.296,0.529,0.471,0,0,0,0,0,0,131
2015,mixed,Zach Steinhorn,Khris Davis,4217,Mil,OF,2,act,active,OF,211,64,36,21,46,5,69,21,0.321,0.333,0.583,0,0,0,0,0,0,108
2015,mixed,Zach Steinhorn,Caleb Joseph,3041,Bal,C,1,act,active,C,112,34,11,3,15,0,22,5,0.254,0.143,0.366,3,94,1,0,0,0,0
2015,mixed,Zach Steinhorn,Wilson Ramos,2170,Was,C,10,act,active,C,475,128,41,15,68,0,101,21,0.258,0.167,0.358,1,125,0,0,0,0,0
2015,mixed,Zach Steinhorn,Francisco Lindor,3668,Cle,UT,0,act,active,SS,174,45,25,7,27,9,30,13,0.384,0.3,0.58,1,0,0,0,0,98,0
2015,mixed,Zach Steinhorn,Kendrys Morales,741,KC,CI,3,act,active,"1B,CI",569,158,81,22,106,0,103,58,0.362,0.5,0.485,141,0,9,0,0,0,0
2015,mixed,Zach Steinhorn,Neil Walker,1221,Pit,MI,10,act,active,"2B,MI",543,151,69,16,71,4,110,44,0.328,0.312,0.427,0,0,0,146,0,0,0
2015,mixed,Zach Steinhorn,Brandon Moss,187,StL,OF,17,res,previously_active,"1B,OF,CI",458,139,47,19,58,0,144,47,0.3,0.0,0.404,5,0,42,0,0,0,92
2015,mixed,Zach Steinhorn,*Denard Span,907,Was,OF,4,rel,previously_active,,232,58,36,5,22,11,24,24,0.371,0.0,0.435,0,0,0,0,0,0,61
2015,mixed,Zach Steinhorn,Oswaldo Arcia,3617,Min,OF,7,rel,previously_active,,58,19,6,2,8,0,15,4,0.338,0.0,0.379,0,0,0,0,0,0,19
2015,mixed,Zach Steinhorn,Dustin Ackley,2586,NYY,OF,0,trd,previously_active,,14,4,4,2,2,0,2,1,0.4,0.0,0.857,4,0,4,10,0,0,82
2015,mixed,Zach Steinhorn,Carlos Ruiz,1123,Phi,C,1,rel,previously_active,,214,65,18,2,18,0,32,24,0.306,0.0,0.294,0,83,0,0,0,0,0
2015,mixed,Zach Steinhorn,Rajai Davis,1311,Det,UT,1,rel,previously_active,,19,8,3,1,3,2,9,1,0.095,0.0,0.211,8,0,0,0,0,0,91
2015,mixed,Zach Steinhorn,Mike Moustakas,2004,KC,UT,0,trd,previously_active,,311,82,35,8,37,0,39,20,0.333,0.0,0.412,0,0,0,0,146,0,0
2015,mixed,Zach Steinhorn,Brandon Moss,187,StL,OF,17,res,reserved,"1B,OF,CI",11,6,0,0,0,0,4,2,0.462,0.462,0.545,5,0,42,0,0,0,92
2015,mixed,Zach Steinhorn,Cameron Maybin,573,Atl,OF,15,act,previously_reserved,OF,76,26,13,2,14,5,15,12,0.404,0.0,0.447,0,0,0,0,0,0,139
2015,mixed,Zach Steinhorn,*Michael Saunders,2161,Tor,OF,3,trd,previously_reserved,,27,8,2,0,3,0,10,5,0.344,0.0,0.222,0,0,0,0,0,0,9
2015,mixed,Zach Steinhorn,*Denard Span,907,Was,OF,4,rel,previously_reserved,,14,3,2,0,0,0,2,1,0.267,0.0,0.357,0,0,0,0,0,0,61
2015,mixed,Zach Steinhorn,Josh Reddick,2163,Oak,OF,1,act,previously_reserved,OF,5,1,1,0,1,0,0,0,0.4,0.0,0.6,2,0,0,0,0,0,143
2015,mixed,Zach Steinhorn,Colby Rasmus,1436,Hou,OF,0,act,previously_reserved,OF,311,97,50,18,44,2,112,36,0.321,0.0,0.476,0,0,0,0,0,0,131
2015,mixed,Zach Steinhorn,Khris Davis,4217,Mil,OF,2,act,previously_reserved,OF,22,7,0,0,2,1,9,3,0.28,0.0,0.182,0,0,0,0,0,0,108
2015,mixed,Zach Steinhorn,Dustin Ackley,2586,NYY,OF,0,trd,previously_reserved,,36,12,2,1,1,0,7,2,0.184,0.0,0.222,4,0,4,10,0,0,82
2015,mixed,Zach Steinhorn,Rajai Davis,1311,Det,UT,1,rel,previously_reserved,,60,20,11,4,9,1,16,2,0.292,0.0,0.517,8,0,0,0,0,0,91
2015,mixed,Zach Steinhorn,Francisco Lindor,3668,Cle,UT,0,act,previously_reserved,SS,216,54,25,5,24,3,39,14,0.328,0.0,0.403,1,0,0,0,0,98,0
2015,mixed,Zach Steinhorn,Mike Moustakas,2004,KC,UT,0,trd,previously_reserved,,46,12,10,2,2,1,5,4,0.407,0.0,0.478,0,0,0,0,146,0,0
2015,mixed,Cory Schwartz,Edwin Encarnacion,339,Tor,1B,35,act,active,"1B,CI",528,146,94,39,111,3,98,77,0.372,0.5,0.557,85,0,59,0,0,0,0
2015,mixed,Cory Schwartz,Rougned Odor,4026,Tex,2B,1,act,active,"2B,MI",298,79,44,13,43,1,50,13,0.32,0.154,0.513,0,0,0,119,0,0,0
2015,mixed,Cory Schwartz,Starlin Castro,2724,ChC,SS,4,act,active,"SS,MI",41,12,4,1,8,0,5,1,0.341,0.308,0.585,0,0,0,38,0,109,0
2015,mixed,Cory Schwartz,Josh Donaldson,2107,Tor,3B,32,act,active,"3B,CI",620,158,122,41,123,6,133,73,0.371,0.304,0.568,7,0,0,0,150,0,0
2015,mixed,Cory Schwartz,Mookie Betts,4670,Bos,OF,18,act,active,"UT,OF,2B",597,145,92,18,77,21,82,46,0.339,0.303,0.477,1,0,0,0,0,0,144
2015,mixed,Cory Schwartz,Chris Coghlan,599,ChC,OF,1,act,active,OF,390,133,59,13,36,9,83,55,0.341,0.333,0.428,0,0,5,15,3,0,119
2015,mixed,Cory Schwartz,Jacoby Ellsbury,186,NYY,OF,25,act,active,OF,169,42,21,1,8,7,33,9,0.287,0.25,0.302,0,0,0,0,0,0,110
2015,mixed,Cory Schwartz,Carlos Beltran,956,NYY,OF,5,act,active,OF,165,45,25,7,27,0,28,17,0.349,0.385,0.473,8,0,0,0,0,0,123
2015,mixed,Cory Schwartz,A.J. Pollock,2837,Ari,OF,9,act,active,OF,609,157,111,20,76,39,89,53,0.367,0.357,0.498,0,0,0,0,0,0,151
2015,mixed,Cory Schwartz,A.J. Pierzynski,230,Atl,C,0,act,active,C,336,95,34,5,38,0,34,18,0.345,0.636,0.42,1,107,0,0,0,0,0
2015,mixed,Cory Schwartz,Derek Norris,2623,SD,C,11,act,active,C,515,147,65,14,62,4,131,35,0.305,0.437,0.404,1,128,17,0,0,0,0
2015,mixed,Cory Schwartz,Brad Miller,4310,Sea,UT,4,act,active,"UT,SS,2B,MI",58,21,5,2,5,1,11,3,0.311,0.294,0.448,10,0,0,11,2,89,35
2015,mixed,Cory Schwartz,Logan Forsythe,2920,TB,CI,1,act,active,"UT,2B,MI,3B",459,129,61,15,59,7,98,47,0.349,1.0,0.434,7,0,26,126,9,0,0
2015,mixed,Cory Schwartz,Howie Kendrick,739,LAD,MI,0,act,active,"2B,MI",271,68,38,5,28,4,48,13,0.325,0.353,0.395,0,0,0,113,0,0,0
2015,mixed,Cory Schwartz,Brandon Belt,3336,SF,1B,14,res,previously_active,"1B,CI",311,85,46,11,42,7,94,36,0.347,0.0,0.457,0,0,120,0,0,0,14
2015,mixed,Cory Schwartz,*Yonder Alonso,2142,SD,1B,1,trd,previously_active,,47,14,5,0,6,1,6,5,0.4,0.0,0.404,0,0,102,0,2,0,0
2015,mixed,Cory Schwartz,Scooter Gennett,3277,Mil,2B,1,trd,previously_active,,34,12,2,0,1,0,12,2,0.289,0.0,0.206,0,0,0,108,0,0,0
2015,mixed,Cory Schwartz,Mike Aviles,708,Cle,SS,0,rel,previously_active,,19,6,1,0,0,0,2,3,0.409,0.0,0.316,1,0,0,11,28,23,39
2015,mixed,Cory Schwartz,Jed Lowrie,201,Hou,SS,4,trd,previously_active,,60,18,11,4,10,1,15,12,0.432,0.0,0.567,2,0,0,0,47,17,0
2015,mixed,Cory Schwartz,Chris Owings,3271,Ari,SS,1,rel,previously_active,,65,18,5,0,4,1,16,3,0.232,0.0,0.231,0,0,0,115,0,35,0
2015,mixed,Cory Schwartz,Jean Segura,3177,Mil,SS,11,trd,previously_active,,46,12,2,0,4,2,8,1,0.167,0.0,0.152,0,0,0,0,0,140,0
2015,mixed,Cory Schwartz,Jose Reyes,952,Col,SS,18,res,previously_active,"UT,SS,MI",264,64,30,4,26,13,31,14,0.312,0.0,0.383,0,0,0,0,0,116,0
2015,mixed,Cory Schwartz,Cody Asche,4188,Phi,3B,1,rel,previously_active,,14,5,1,0,1,0,4,2,0.5,0.0,0.429,0,0,0,0,51,0,63
2015,mixed,Cory Schwartz,Maikel Franco,4021,Phi,3B,19,dis,previously_active,"3B,1B,CI",186,49,27,7,32,0,34,19,0.349,0.0,0.468,0,0,2,0,75,0,0
2015,mixed,Cory Schwartz,Jayson Werth,1139,Was,OF,13,trd,previously_active,,101,27,17,2,12,0,25,12,0.294,0.0,0.287,1,0,0,0,0,0,86
2015,mixed,Cory Schwartz,Kole Calhoun,3983,LAA,OF,18,trd,previously_active,,203,54,23,5,25,4,47,19,0.329,0.0,0.389,0,0,1,0,0,0,157
2015,mixed,Cory Schwartz,Eddie Rosario,3889,Min,OF,1,rel,previously_active,,94,25,13,3,6,2,24,2,0.271,0.0,0.5,0,0,0,0,0,0,118
2015,mixed,Cory Schwartz,Yasiel Puig,4153,LAD,OF,31,dis,previously_active,OF,270,75,28,11,37,3,62,26,0.321,0.0,0.437,0,0,0,0,0,0,78
2015,mixed,Cory Schwartz,Andre Ethier,797,LAD,OF,2,trd,previously_active,,44,13,4,2,7,1,7,4,0.292,0.0,0.432,1,0,0,0,0,0,127
2015,mixed,Cory Schwartz,Jason Heyward,1968,StL,OF,21,trd,previously_active,,16,5,1,0,1,0,3,1,0.412,0.0,0.5,0,0,0,0,0,0,147
2015,mixed,Cory Schwartz,Tyler Flowers,2355,CWS,C,0,rel,previously_active,,23,9,2,1,4,0,5,1,0.333,0.0,0.522,1,110,2,0,0,0,0
2015,mixed,Cory Schwartz,*Andrew Susac,3930,SF,C,1,rel,previously_active,,16,6,1,0,0,0,7,0,0.118,0.0,0.062,0,40,0,0,0,0,0
2015,mixed,Cory Schwartz,Cameron Rupp,4651,Phi,C,1,rel,previously_active,,30,10,1,0,1,0,7,1,0.156,0.0,0.1,0,80,0,0,0,0,0
2015,mixed,Cory Schwartz,Peter Bourjos,2154,StL,UT,1,rel,previously_active,,30,11,3,0,1,0,4,1,0.258,0.0,0.233,0,0,0,0,0,0,93
2015,mixed,Cory Schwartz,Chris Carter,2028,Hou,UT,20,trd,previously_active,,204,62,25,11,31,1,83,34,0.327,0.0,0.402,8,0,115,0,0,0,0
2015,mixed,Cory Schwartz,Justin Turner,2415,LAD,UT,1,trd,previously_active,,12,5,1,0,1,0,2,0,0.25,0.0,0.333,0,0,10,5,100,1,0
2015,mixed,Cory Schwartz,Will Venable,1278,Tex,UT,7,trd,previously_active,,48,16,5,0,3,1,15,6,0.333,0.0,0.333,0,0,0,0,0,0,110
2015,mixed,Cory Schwartz,Addison Russell,4162,ChC,UT,1,trd,previously_active,,184,52,22,5,19,1,67,14,0.305,0.0,0.397,0,0,0,86,0,61,0
2015,mixed,Cory Schwartz,Ryan Howard,1129,Phi,CI,1,rel,previously_active,,18,5,1,0,0,0,6,3,0.19,0.0,0.056,6,0,116,0,0,0,0
2015,mixed,Cory Schwartz,Dilson Herrera,3355,NYM,MI,0,rel,previously_active,,13,4,1,1,3,0,0,1,0.429,0.0,0.692,0,0,0,29,0,0,0
2015,mixed,Cory Schwartz,Brandon Belt,3336,SF,1B,14,res,reserved,"1B,CI",0,0,0,0,0,0,0,0,0.0,0.0,0.0,0,0,120,0,0,0,14
2015,mixed,Cory Schwartz,Jose Reyes,952,Col,SS,18,res,reserved,"UT,SS,MI",23,5,3,0,2,1,3,1,0.333,0.333,0.348,0,0,0,0,0,116,0
2015,mixed,Cory Schwartz,Maikel Franco,4021,Phi,3B,19,dis,reserved,"3B,1B,CI",8,3,2,1,2,0,2,1,0.444,0.444,0.75,0,0,2,0,75,0,0
2015,mixed,Cory Schwartz,Yasiel Puig,4153,LAD,OF,31,dis,reserved,OF,12,4,2,0,1,0,4,0,0.333,0.2,0.417,0,0,0,0,0,0,78
2015,mixed,Cory Schwartz,*Yonder Alonso,2142,SD,1B,1,trd,previously_reserved,,59,17,10,2,10,1,8,9,0.464,0.0,0.508,0,0,102,0,2,0,0
2015,mixed,Cory Schwartz,Scooter Gennett,3277,Mil,2B,1,trd,previously_reserved,,31,9,1,1,2,0,7,0,0.097,0.0,0.194,0,0,0,108,0,0,0
2015,mixed,Cory Schwartz,Jed Lowrie,201,Hou,SS,4,trd,previously_reserved,,11,3,3,0,0,0,1,1,0.25,0.0,0.273,2,0,0,0,47,17,0
2015,mixed,Cory Schwartz,Chris Owings,3271,Ari,SS,1,rel,previously_reserved,,127,31,18,2,10,6,34,2,0.287,0.0,0.394,0,0,0,115,0,35,0
2015,mixed,Cory Schwartz,Brandon Crawford,3051,SF,SS,0,rel,previously_reserved,,26,7,3,1,3,0,7,0,0.222,0.0,0.308,0,0,0,0,0,140,0
2015,mixed,Cory Schwartz,Chris Coghlan,599,ChC,OF,1,act,previously_reserved,OF,46,14,5,3,5,2,10,3,0.347,0.0,0.565,0,0,5,15,3,0,119
2015,mixed,Cory Schwartz,Shane Victorino,1138,LAA,OF,0,rel,previously_reserved,,27,9,3,0,2,1,3,6,0.324,0.0,0.148,0,0,0,0,0,0,65
2015,mixed,Cory Schwartz,Melvin Upton,1476,SD,OF,0,rel,previously_reserved,,9,6,2,0,0,1,3,1,0.1,0.0,0.0,0,0,0,0,0,0,63
2015,mixed,Cory Schwartz,Delino DeShields,3357,Tex,OF,10,trd,previously_reserved,,25,6,5,0,3,2,11,4,0.276,0.0,0.24,7,0,0,1,0,0,113
2015,mixed,Cory Schwartz,Jayson Werth,1139,Was,OF,13,trd,previously_reserved,,21,6,1,0,0,0,6,1,0.227,0.0,0.238,1,0,0,0,0,0,86
2015,mixed,Cory Schwartz,Eddie Rosario,3889,Min,OF,1,rel,previously_reserved,,8,2,3,0,0,0,2,0,0.375,0.0,0.875,0,0,0,0,0,0,118
2015,mixed,Cory Schwartz,Cameron Rupp,4651,Phi,C,1,rel,previously_reserved,,13,4,2,1,1,0,3,2,0.4,0.0,0.538,0,80,0,0,0,0,0
2015,mixed,Cory Schwartz,*Andrew Susac,3930,SF,C,1,rel,previously_reserved,,16,6,2,1,3,0,8,0,0.187,0.0,0.5,0,40,0,0,0,0,0
2015,mixed,Cory Schwartz,A.J. Pierzynski,230,Atl,C,0,act,previously_reserved,C,51,13,1,1,6,0,1,0,0.288,0.0,0.373,1,107,0,0,0,0,0
2015,mixed,Cory Schwartz,Addison Russell,4162,ChC,UT,1,trd,previously_reserved,,26,7,2,0,2,0,7,3,0.31,0.0,0.308,0,0,0,86,0,61,0
2015,mixed,Cory Schwartz,Logan Forsythe,2920,TB,CI,1,act,previously_reserved,"UT,2B,MI,3B",39,11,3,0,4,1,6,3,0.512,0.0,0.538,7,0,26,126,9,0,0
2015,mixed,Cory Schwartz,Ryan Howard,1129,Phi,CI,1,rel,previously_reserved,,17,5,5,2,5,0,3,2,0.421,0.0,0.706,6,0,116,0,0,0,0
2015,mixed,Cory Schwartz,Howie Kendrick,739,LAD,MI,0,act,previously_reserved,"2B,MI",25,6,2,0,4,0,5,1,0.346,0.0,0.36,0,0,0,113,0,0,0
2015,mixed,Scott Pianowski,Billy Butler,677,Oak,1B,2,act,active,"1B,CI",93,25,12,5,14,0,17,9,0.33,0.318,0.452,136,0,7,0,0,0,0
2015,mixed,Scott Pianowski,Kelby Tomlinson,5196,SF,2B,0,act,active,2B,29,7,4,1,3,0,6,2,0.387,0.387,0.552,0,0,0,50,0,1,0
2015,mixed,Scott Pianowski,Alcides Escobar,850,KC,SS,6,act,active,"SS,MI",546,132,65,2,37,14,68,22,0.284,0.233,0.31,0,0,0,0,0,148,0
2015,mixed,Scott Pianowski,Nick Castellanos,3217,Det,3B,8,act,active,"UT,3B,CI",214,59,16,5,26,0,65,15,0.316,0.227,0.449,7,0,0,0,145,0,0
2015,mixed,Scott Pianowski,Dexter Fowler,484,ChC,OF,6,act,active,OF,369,98,60,11,29,8,98,57,0.355,0.364,0.423,0,0,0,0,0,0,152
2015,mixed,Scott Pianowski,Gerardo Parra,2000,Bal,OF,1,act,active,OF,367,94,60,10,34,13,54,19,0.336,0.4,0.458,0,0,0,0,0,0,144
2015,mixed,Scott Pianowski,Brett Gardner,1038,NYY,OF,14,act,active,OF,571,151,94,16,66,20,135,68,0.343,0.24,0.399,0,0,0,0,0,0,150
2015,mixed,Scott Pianowski,Kole Calhoun,3983,LAA,OF,18,act,active,OF,298,74,41,16,36,0,86,19,0.296,0.187,0.44,0,0,1,0,0,0,157
2015,mixed,Scott Pianowski,Michael Conforto,4911,NYM,OF,1,act,active,OF,104,31,11,6,13,0,23,6,0.279,0.176,0.471,0,0,0,0,0,0,50
2015,mixed,Scott Pianowski,Buster Posey,2187,SF,C,27,act,active,"C,1B,CI",557,150,74,19,95,2,52,56,0.379,0.15,0.47,3,106,42,0,0,0,0
2015,mixed,Scott Pianowski,Salvador Perez,3457,KC,C,10,act,active,C,343,91,36,13,43,0,56,10,0.277,0.304,0.411,2,139,1,0,0,0,0
2015,mixed,Scott Pianowski,Tommy Pham,5041,StL,UT,3,act,active,OF,28,11,5,0,2,0,10,3,0.312,0.273,0.357,0,0,0,0,0,0,44
2015,mixed,Scott Pianowski,Trevor Plouffe,2276,Min,CI,0,act,active,"3B,CI",465,122,58,16,65,2,99,32,0.282,0.292,0.415,0,0,17,0,140,0,0
2015,mixed,Scott Pianowski,Alexei Ramirez,236,CWS,MI,12,act,active,"SS,MI",417,110,43,8,51,10,49,24,0.3,0.28,0.384,1,0,0,0,0,152,0
2015,mixed,Scott Pianowski,*Yonder Alonso,2142,SD,1B,1,rel,previously_active,,199,57,27,2,10,0,29,25,0.311,0.0,0.312,0,0,102,0,2,0,0
2015,mixed,Scott Pianowski,James Loney,795,TB,1B,0,rel,previously_active,,60,17,2,1,5,1,5,7,0.284,0.0,0.267,1,0,101,0,0,0,0
2015,mixed,Scott Pianowski,Miguel Cabrera,509,Det,1B,39,trd,previously_active,,277,77,43,15,54,1,55,53,0.456,0.0,0.578,11,0,107,0,0,0,0
2015,mixed,Scott Pianowski,Odubel Herrera,5084,Phi,2B,11,res,previously_active,"UT,2B",243,69,30,3,13,9,76,18,0.331,0.0,0.342,0,0,0,0,0,0,136
2015,mixed,Scott Pianowski,*Joe Panik,3800,SF,2B,1,rel,previously_active,,118,29,20,1,9,1,8,10,0.374,0.0,0.407,0,0,0,99,0,0,0
2015,mixed,Scott Pianowski,*Cesar Hernandez,3413,Phi,2B,1,rel,previously_active,,98,23,8,0,6,2,24,9,0.29,0.0,0.265,0,0,0,88,10,12,0
2015,mixed,Scott Pianowski,Martin Prado,80,Mia,2B,1,trd,previously_active,,203,50,18,3,17,0,25,9,0.319,0.0,0.365,0,0,0,11,124,0,0
2015,mixed,Scott Pianowski,Luis Valbuena,2200,Hou,2B,1,trd,previously_active,,177,49,26,9,18,1,46,23,0.317,0.0,0.407,2,0,31,1,99,0,0
2015,mixed,Scott Pianowski,Didi Gregorius,3599,NYY,SS,4,res,previously_active,"SS,MI,2B",18,6,0,0,0,0,4,1,0.35,0.0,0.278,0,0,0,0,0,155,0
2015,mixed,Scott Pianowski,Brandon Crawford,3051,SF,SS,9,trd,previously_active,,139,38,15,3,19,1,28,7,0.322,0.0,0.41,0,0,0,0,0,140,0
2015,mixed,Scott Pianowski,Matt Carpenter,3510,StL,3B,16,trd,previously_active,,179,45,34,8,27,1,38,24,0.398,0.0,0.559,0,0,3,11,146,0,0
2015,mixed,Scott Pianowski,Andre Ethier,797,LAD,OF,2,trd,previously_active,,137,46,18,5,17,1,24,14,0.357,0.0,0.445,1,0,0,0,0,0,127
2015,mixed,Scott Pianowski,Matt Holliday,464,StL,OF,20,trd,previously_active,,122,35,16,3,21,2,27,26,0.45,0.0,0.467,4,0,0,0,0,0,64
2015,mixed,Scott Pianowski,Alejandro De Aza,570,SF,OF,1,rel,previously_active,,61,21,7,0,8,2,15,4,0.343,0.0,0.41,1,0,0,0,0,0,96
2015,mixed,Scott Pianowski,Alexi Amarista,3084,SD,OF,1,rel,previously_active,,10,3,0,0,0,0,1,0,0.0,0.0,0.0,0,0,0,11,2,85,18
2015,mixed,Scott Pianowski,*Billy Hamilton,3576,Cin,OF,16,trd,previously_active,,54,16,6,0,9,6,5,2,0.268,0.0,0.241,0,0,0,0,0,0,110
2015,mixed,Scott Pianowski,Grady Sizemore,410,TB,OF,0,rel,previously_active,,16,5,0,0,2,0,6,0,0.0,0.0,0.0,10,0,0,0,0,0,74
2015,mixed,Scott Pianowski,Michael Cuddyer,901,NYM,OF,4,rel,previously_active,,238,64,28,4,25,1,61,16,0.305,0.0,0.361,5,0,18,0,0,0,75
2015,mixed,Scott Pianowski,Avisail Garcia,3485,CWS,OF,8,trd,previously_active,,177,47,24,6,23,1,45,11,0.346,0.0,0.435,17,0,0,0,0,0,130
2015,mixed,Scott Pianowski,Alex Gordon,681,KC,OF,15,rel,previously_active,,258,78,32,11,39,1,63,39,0.394,0.0,0.457,2,0,0,0,0,0,101
2015,mixed,Scott Pianowski,James McCann,3906,Det,C,7,trd,previously_active,,19,6,1,0,1,0,4,0,0.263,0.0,0.368,1,112,0,0,0,0,0
2015,mixed,Scott Pianowski,*Curt Casali,3905,TB,C,0,rel,previously_active,,3,1,1,1,1,0,1,0,0.333,0.0,1.33,1,37,0,0,0,0,0
2015,mixed,Scott Pianowski,*Tuffy Gosewisch,2348,Ari,C,2,rel,previously_active,,45,14,4,1,4,1,8,5,0.255,0.0,0.289,0,37,0,0,0,0,0
2015,mixed,Scott Pianowski,Alex Avila,2369,Det,C,2,rel,previously_active,,60,22,10,2,8,0,21,13,0.342,0.0,0.317,1,44,23,0,0,0,0
2015,mixed,Scott Pianowski,Jordan Schafer,97,FA,UT,0,rel,previously_active,,19,6,0,0,2,0,6,0,0.211,0.0,0.263,0,0,0,0,0,0,27
2015,mixed,Scott Pianowski,Brock Holt,4192,Bos,UT,5,res,previously_active,"3B,OF,SS,1B,2B,CI",90,27,6,1,7,2,18,10,0.304,0.0,0.3,1,0,8,58,33,11,35
2015,mixed,Scott Pianowski,Matt Joyce,2074,LAA,UT,4,rel,previously_active,,20,6,2,0,0,0,8,1,0.238,0.0,0.3,17,0,0,0,0,0,65
2015,mixed,Scott Pianowski,Jimmy Paredes,3350,Bal,CI,12,trd,previously_active,,105,28,13,1,8,2,30,7,0.312,0.0,0.362,81,0,0,6,8,0,3
2015,mixed,Scott Pianowski,Yangervis Solarte,3899,SD,CI,1,rel,previously_active,,18,7,3,1,2,0,2,2,0.25,0.0,0.333,1,0,28,19,92,0,0
2015,mixed,Scott Pianowski,J.P. Arencibia,2422,TB,CI,0,res,previously_active,"C,1B,CI",29,10,5,3,6,0,10,1,0.333,0.0,0.655,1,23,0,0,0,0,0
2015,mixed,Scott Pianowski,Brett Lawrie,2186,Oak,CI,3,trd,previously_active,,28,7,2,0,1,0,8,2,0.333,0.0,0.357,1,0,0,42,109,0,0
2015,mixed,Scott Pianowski,Odubel Herrera,5084,Phi,2B,11,res,reserved,"UT,2B",209,65,28,5,25,4,43,6,0.356,0.619,0.488,0,0,0,0,0,0,136
2015,mixed,Scott Pianowski,Didi Gregorius,3599,NYY,SS,4,res,reserved,"SS,MI,2B",217,63,22,4,26,2,36,14,0.314,0.346,0.373,0,0,0,0,0,155,0
2015,mixed,Scott Pianowski,Brock Holt,4192,Bos,UT,5,res,reserved,"3B,OF,SS,1B,2B,CI",76,23,12,0,8,0,17,6,0.337,0.25,0.408,1,0,8,58,33,11,35
2015,mixed,Scott Pianowski,J.P. Arencibia,2422,TB,CI,0,res,reserved,"C,1B,CI",19,5,1,1,2,0,3,0,0.263,0.375,0.421,1,23,0,0,0,0,0
2015,mixed,Scott Pianowski,James Loney,795,TB,1B,0,rel,previously_reserved,,282,82,22,3,27,1,26,15,0.329,0.0,0.379,1,0,101,0,0,0,0
2015,mixed,Scott Pianowski,Logan Morrison,2111,Sea,1B,0,rel,previously_reserved,,41,11,2,0,0,1,5,3,0.25,0.0,0.195,0,0,140,0,0,0,4
2015,mixed,Scott Pianowski,*Yonder Alonso,2142,SD,1B,1,rel,previously_reserved,,49,15,8,1,5,0,5,3,0.396,0.0,0.49,0,0,102,0,2,0,0
2015,mixed,Scott Pianowski,Billy Butler,677,Oak,1B,2,act,previously_reserved,"1B,CI",64,21,8,1,4,0,15,11,0.413,0.0,0.453,136,0,7,0,0,0,0
2015,mixed,Scott Pianowski,Martin Prado,80,Mia,2B,1,trd,previously_reserved,,26,6,3,0,6,0,6,1,0.333,0.0,0.423,0,0,0,11,124,0,0
2015,mixed,Scott Pianowski,Luis Valbuena,2200,Hou,2B,1,trd,previously_reserved,,165,45,24,12,25,0,38,13,0.273,0.0,0.461,2,0,31,1,99,0,0
2015,mixed,Scott Pianowski,*Cesar Hernandez,3413,Phi,2B,1,rel,previously_reserved,,25,7,3,0,3,0,5,0,0.32,0.0,0.44,0,0,0,88,10,12,0
2015,mixed,Scott Pianowski,*Joe Panik,3800,SF,2B,1,rel,previously_reserved,,7,3,3,1,2,0,0,1,0.556,0.0,1.14,0,0,0,99,0,0,0
2015,mixed,Scott Pianowski,Brandon Crawford,3051,SF,SS,9,trd,previously_reserved,,24,6,7,1,9,1,3,1,0.481,0.0,0.708,0,0,0,0,0,140,0
2015,mixed,Scott Pianowski,Alcides Escobar,850,KC,SS,6,act,previously_reserved,"SS,MI",66,16,11,1,10,3,7,4,0.37,0.0,0.409,0,0,0,0,0,148,0
2015,mixed,Scott Pianowski,Alejandro De Aza,570,SF,OF,1,rel,previously_reserved,,34,17,8,1,6,0,5,4,0.421,0.0,0.559,1,0,0,0,0,0,96
2015,mixed,Scott Pianowski,Michael Cuddyer,901,NYM,OF,4,rel,previously_reserved,,54,18,7,4,5,0,12,4,0.293,0.0,0.463,5,0,18,0,0,0,75
2015,mixed,Scott Pianowski,Grady Sizemore,410,TB,OF,0,rel,previously_reserved,,10,3,2,1,1,0,2,1,0.364,0.0,0.6,10,0,0,0,0,0,74
2015,mixed,Scott Pianowski,Dexter Fowler,484,ChC,OF,6,act,previously_reserved,OF,14,4,2,0,2,1,2,3,0.412,0.0,0.357,0,0,0,0,0,0,152
2015,mixed,Scott Pianowski,Alex Avila,2369,Det,C,2,rel,previously_reserved,,67,21,7,1,3,0,27,12,0.278,0.0,0.209,1,44,23,0,0,0,0
2015,mixed,Scott Pianowski,Matt Joyce,2074,LAA,UT,4,rel,previously_reserved,,42,18,3,0,1,0,11,9,0.314,0.0,0.238,17,0,0,0,0,0,65
2015,mixed,Scott Pianowski,Jordan Schafer,97,FA,UT,0,rel,previously_reserved,,9,4,1,0,0,0,4,1,0.1,0.0,0.0,0,0,0,0,0,0,27
2015,mixed,Scott Pianowski,Trevor Plouffe,2276,Min,CI,0,act,previously_reserved,"3B,CI",108,30,16,6,21,0,25,18,0.409,0.0,0.519,0,0,17,0,140,0,0
2015,mixed,Scott Pianowski,Jimmy Paredes,3350,Bal,CI,12,trd,previously_reserved,,101,26,14,6,21,0,28,4,0.336,0.0,0.525,81,0,0,6,8,0,3
2015,mixed,Scott Pianowski,Alexei Ramirez,236,CWS,MI,12,act,previously_reserved,"SS,MI",166,44,11,2,11,7,19,7,0.247,0.0,0.289,1,0,0,0,0,152,0
2015,mixed,Ray Flowers,Freddie Freeman,2466,Atl,1B,25,act,active,"1B,CI",394,111,61,18,64,3,95,53,0.368,0.167,0.48,1,0,117,0,0,0,0
2015,mixed,Ray Flowers,Asdrubal Cabrera,400,TB,2B,1,act,active,"UT,SS,2B,MI",293,87,38,11,38,4,60,21,0.307,0.333,0.427,4,0,0,0,0,136,0
2015,mixed,Ray Flowers,Jean Segura,3177,Mil,SS,11,act,active,"UT,SS,MI",321,81,31,3,29,15,55,6,0.275,0.211,0.327,0,0,0,0,0,140,0
2015,mixed,Ray Flowers,Eduardo Escobar,3138,Min,3B,1,act,active,"3B,SS,MI,2B,CI",140,40,14,4,19,0,27,10,0.309,0.318,0.436,7,0,0,11,5,71,36
2015,mixed,Ray Flowers,Jarrett Parker,3715,SF,OF,2,act,active,OF,19,6,2,0,2,0,8,2,0.333,0.333,0.316,0,0,0,0,0,0,15
2015,mixed,Ray Flowers,Christian Yelich,3314,Mia,OF,26,act,active,OF,324,85,51,5,32,12,60,35,0.4,0.56,0.472,0,0,0,0,0,0,124
2015,mixed,Ray Flowers,Shin-Soo Choo,405,Tex,OF,18,act,active,OF,507,134,90,21,77,4,134,69,0.385,0.375,0.489,1,0,0,0,0,0,148
2015,mixed,Ray Flowers,Carlos Gonzalez,1077,Col,OF,26,act,active,OF,413,113,70,36,84,1,100,30,0.339,0.35,0.613,0,0,0,0,0,0,151
2015,mixed,Ray Flowers,Adam Eaton,3588,CWS,OF,12,act,active,OF,585,147,94,13,51,16,127,56,0.362,0.478,0.426,7,0,0,0,0,0,145
2015,mixed,Ray Flowers,Matt Wieters,146,Bal,C,11,act,active,C,173,51,17,6,20,0,41,13,0.342,0.667,0.462,12,55,3,0,0,0,0
2015,mixed,Ray Flowers,Jarrod Saltalamacchia,1516,Ari,C,1,act,active,C,78,36,9,5,13,0,23,7,0.341,0.4,0.577,2,47,4,0,0,0,0
2015,mixed,Ray Flowers,Mitch Moreland,3033,Tex,UT,0,act,active,"1B,CI",350,96,41,17,62,1,84,22,0.324,0.273,0.483,7,0,120,0,0,0,0
2015,mixed,Ray Flowers,Eric Hosmer,2563,KC,CI,13,act,active,"1B,CI",584,153,97,18,92,7,105,58,0.364,0.344,0.464,1,0,154,0,0,0,1
2015,mixed,Ray Flowers,Addison Russell,4162,ChC,MI,1,act,active,"UT,SS",195,60,27,5,23,3,47,17,0.322,0.375,0.405,0,0,0,86,0,61,0
2015,mixed,Ray Flowers,Mark Reynolds,34,StL,1B,1,rel,previously_active,,13,5,0,0,1,0,2,2,0.333,0.0,0.231,3,0,100,1,22,0,6
2015,mixed,Ray Flowers,Howie Kendrick,739,LAD,2B,16,trd,previously_active,,140,36,21,4,17,2,25,13,0.37,0.0,0.479,0,0,0,113,0,0,0
2015,mixed,Ray Flowers,Carlos Sanchez,4299,CWS,2B,1,rel,previously_active,,85,26,9,1,11,1,15,4,0.311,0.0,0.388,1,0,0,117,0,0,0
2015,mixed,Ray Flowers,Adeiny Hechavarria,3146,Mia,SS,1,rel,previously_active,,108,30,10,0,4,0,20,5,0.313,0.0,0.324,0,0,0,0,0,130,0
2015,mixed,Ray Flowers,Tyler Saladino,4001,CWS,3B,1,rel,previously_active,,78,18,15,2,6,2,21,6,0.271,0.0,0.321,0,0,1,0,60,11,0
2015,mixed,Ray Flowers,Chris Davis,1544,Bal,3B,23,trd,previously_active,,320,89,45,19,53,0,114,39,0.32,0.0,0.463,22,0,111,0,0,0,30
2015,mixed,Ray Flowers,David DeJesus,689,LAA,OF,2,trd,previously_active,,21,10,3,1,2,0,5,3,0.36,0.0,0.429,22,0,0,0,0,0,68
2015,mixed,Ray Flowers,Jason Heyward,1968,StL,OF,21,trd,previously_active,,72,17,7,2,4,1,14,2,0.23,0.0,0.361,0,0,0,0,0,0,147
2015,mixed,Ray Flowers,Matt Holliday,464,StL,OF,20,rel,previously_active,,5,2,0,0,0,0,1,0,0.0,0.0,0.0,4,0,0,0,0,0,64
2015,mixed,Ray Flowers,Mark Canha,4430,Oak,OF,9,res,previously_active,OF,128,30,19,5,22,2,30,9,0.3,0.0,0.406,2,0,75,0,1,0,61
2015,mixed,Ray Flowers,Jorge Soler,3918,ChC,OF,15,trd,previously_active,,75,20,8,1,7,0,22,6,0.349,0.0,0.413,1,0,0,0,0,0,95
2015,mixed,Ray Flowers,*Desmond Jennings,2005,TB,OF,3,dis,previously_active,OF,87,25,8,1,6,5,15,8,0.306,0.0,0.299,1,0,0,0,0,0,26
2015,mixed,Ray Flowers,Alejandro De Aza,570,SF,OF,1,rel,previously_active,,64,16,10,2,4,2,21,3,0.265,0.0,0.375,1,0,0,0,0,0,96
2015,mixed,Ray Flowers,Domonic Brown,2066,Phi,OF,1,rel,previously_active,,34,14,3,2,6,0,7,5,0.256,0.0,0.324,0,0,0,0,0,0,50
2015,mixed,Ray Flowers,Starling Marte,2908,Pit,OF,24,trd,previously_active,,203,55,31,11,39,10,55,14,0.317,0.0,0.473,0,0,0,0,0,0,151
2015,mixed,Ray Flowers,Kelly Johnson,78,NYM,OF,4,rel,previously_active,,21,8,1,1,5,0,3,2,0.348,0.0,0.476,1,0,25,28,12,1,37
2015,mixed,Ray Flowers,Ryan Hanigan,334,Bos,C,1,rel,previously_active,,30,10,6,0,0,0,4,1,0.364,0.0,0.367,0,53,0,0,0,0,0
2015,mixed,Ray Flowers,Christian Bethancourt,3224,Atl,C,2,rel,previously_active,,11,3,1,0,0,1,4,1,0.167,0.0,0.091,0,42,0,0,0,0,0
2015,mixed,Ray Flowers,Stephen Vogt,3569,Oak,C,3,res,previously_active,"C,1B,OF,CI",411,126,54,18,67,0,89,52,0.349,0.0,0.465,8,100,25,0,0,0,0
2015,mixed,Ray Flowers,Blake Swihart,3794,Bos,C,21,trd,previously_active,,79,24,9,1,8,1,21,2,0.235,0.0,0.304,0,83,0,0,0,0,0
2015,mixed,Ray Flowers,Omar Infante,77,KC,UT,0,rel,previously_active,,22,6,1,0,4,0,5,0,0.217,0.0,0.455,0,0,0,124,0,0,0
2015,mixed,Ray Flowers,Lorenzo Cain,2002,KC,UT,3,trd,previously_active,,90,23,18,3,13,6,18,7,0.402,0.0,0.5,3,0,0,0,0,0,137
2015,mixed,Ray Flowers,Erick Aybar,735,LAA,UT,5,trd,previously_active,,69,19,3,0,5,0,11,6,0.276,0.0,0.217,1,0,0,0,0,154,0
2015,mixed,Ray Flowers,David Murphy,1531,LAA,UT,1,rel,previously_active,,97,41,13,2,13,0,20,9,0.327,0.0,0.423,41,0,0,0,0,0,69
2015,mixed,Ray Flowers,Pablo Sandoval,2182,Bos,UT,12,rel,previously_active,,124,34,10,1,8,0,16,5,0.282,0.0,0.323,0,0,0,0,123,0,0
2015,mixed,Ray Flowers,Corey Seager,4154,LAD,MI,1,res,previously_active,SS,40,11,5,2,6,0,9,4,0.356,0.0,0.55,0,0,0,0,6,21,0
2015,mixed,Ray Flowers,Andrelton Simmons,3717,Atl,MI,0,rel,previously_active,,271,73,40,3,19,1,20,22,0.321,0.0,0.328,0,0,0,0,0,147,0
2015,mixed,Ray Flowers,Andres Blanco,303,Phi,MI,1,res,previously_active,"3B,CI,SS,2B",15,4,2,0,2,0,3,1,0.312,0.0,0.333,0,0,1,22,36,10,0
2015,mixed,Ray Flowers,Yangervis Solarte,3899,SD,MI,3,rel,previously_active,,101,26,17,5,13,0,7,8,0.296,0.0,0.406,1,0,28,19,92,0,0
2015,mixed,Ray Flowers,Jose Reyes,952,Col,MI,18,trd,previously_active,,171,41,21,3,23,8,23,11,0.328,0.0,0.409,0,0,0,0,0,116,0
2015,mixed,Ray Flowers,Mark Canha,4430,Oak,OF,9,res,reserved,OF,20,5,3,1,2,0,4,3,0.4,0.4,0.5,2,0,75,0,1,0,61
2015,mixed,Ray Flowers,*Desmond Jennings,2005,TB,OF,3,dis,reserved,OF,10,3,1,0,1,0,2,0,0.5,0.0,0.7,1,0,0,0,0,0,26
2015,mixed,Ray Flowers,Stephen Vogt,3569,Oak,C,3,res,reserved,"C,1B,OF,CI",34,10,4,0,4,0,8,4,0.237,0.333,0.176,8,100,25,0,0,0,0
2015,mixed,Ray Flowers,*Michael Saunders,2161,Tor,UT,3,dis,reserved,OF,4,1,0,0,0,0,0,0,0.0,0.0,0.0,0,0,0,0,0,0,9
2015,mixed,Ray Flowers,Corey Seager,4154,LAD,MI,1,res,reserved,SS,58,16,12,2,11,2,10,10,0.471,0.385,0.569,0,0,0,0,6,21,0
2015,mixed,Ray Flowers,Andres Blanco,303,Phi,MI,1,res,reserved,"3B,CI,SS,2B",65,23,9,2,7,1,13,5,0.324,0.455,0.462,0,0,1,22,36,10,0
2015,mixed,Ray Flowers,Mark Reynolds,34,StL,1B,1,rel,previously_reserved,,82,22,5,2,13,1,27,8,0.286,0.0,0.354,3,0,100,1,22,0,6
2015,mixed,Ray Flowers,Freddie Freeman,2466,Atl,1B,25,act,previously_reserved,"1B,CI",22,7,1,0,2,0,3,3,0.407,0.0,0.318,1,0,117,0,0,0,0
2015,mixed,Ray Flowers,Asdrubal Cabrera,400,TB,2B,1,act,previously_reserved,"UT,SS,2B,MI",71,18,16,3,10,1,11,5,0.442,0.0,0.648,4,0,0,0,0,136,0
2015,mixed,Ray Flowers,Tyler Saladino,4001,CWS,3B,1,rel,previously_reserved,,74,19,8,0,8,3,16,3,0.269,0.0,0.284,0,0,1,0,60,11,0
2015,mixed,Ray Flowers,Chris Davis,1544,Bal,3B,23,trd,previously_reserved,,23,6,4,3,7,0,7,2,0.36,0.0,0.783,22,0,111,0,0,0,30
2015,mixed,Ray Flowers,Christian Yelich,3314,Mia,OF,26,act,previously_reserved,OF,8,3,1,0,1,0,1,0,0.375,0.0,0.5,0,0,0,0,0,0,124
2015,mixed,Ray Flowers,Kelly Johnson,78,NYM,OF,4,rel,previously_reserved,,52,17,2,0,4,0,16,1,0.278,0.0,0.288,1,0,25,28,12,1,37
2015,mixed,Ray Flowers,Adam Eaton,3588,CWS,OF,12,act,previously_reserved,OF,25,6,4,1,5,2,4,2,0.333,0.0,0.56,7,0,0,0,0,0,145
2015,mixed,Ray Flowers,Matt Holliday,464,StL,OF,20,rel,previously_reserved,,13,7,1,0,3,0,4,0,0.286,0.0,0.462,4,0,0,0,0,0,64
2015,mixed,Ray Flowers,Ryan Hanigan,334,Bos,C,1,rel,previously_reserved,,41,13,5,0,4,0,7,8,0.347,0.0,0.244,0,53,0,0,0,0,0
2015,mixed,Ray Flowers,Matt Wieters,146,Bal,C,11,act,previously_reserved,C,85,24,7,2,5,0,26,8,0.274,0.0,0.341,12,55,3,0,0,0,0
2015,mixed,Ray Flowers,Erick Aybar,735,LAA,UT,5,trd,previously_reserved,,24,6,3,0,3,0,3,1,0.24,0.0,0.25,1,0,0,0,0,154,0
2015,mixed,Ray Flowers,David Murphy,1531,LAA,UT,1,rel,previously_reserved,,15,5,2,0,0,0,1,1,0.25,0.0,0.2,41,0,0,0,0,0,69
2015,mixed,Ray Flowers,Mitch Moreland,3033,Tex,UT,0,act,previously_reserved,"1B,CI",121,36,10,6,23,0,28,10,0.345,0.0,0.479,7,0,120,0,0,0,0
2015,mixed,Ray Flowers,Pablo Sandoval,2182,Bos,UT,12,rel,previously_reserved,,212,56,16,4,23,0,34,10,0.267,0.0,0.358,0,0,0,0,123,0,0
2015,mixed,Ray Flowers,Omar Infante,77,KC,UT,0,rel,previously_reserved,,27,7,5,0,3,0,3,0,0.286,0.0,0.444,0,0,0,124,0,0,0
2015,mixed,Ray Flowers,Eric Hosmer,2563,KC,CI,13,act,previously_reserved,"1B,CI",15,5,1,0,1,0,3,3,0.333,0.0,0.267,1,0,154,0,0,0,1
2015,mixed,Ray Flowers,Yangervis Solarte,3899,SD,MI,3,rel,previously_reserved,,62,19,9,1,7,0,2,4,0.418,0.0,0.565,1,0,28,19,92,0,0
2015,mixed,Ray Flowers,Jose Reyes,952,Col,MI,18,trd,previously_reserved,,23,6,3,0,2,2,5,0,0.125,0.0,0.13,0,0,0,0,0,116,0
2015,mixed,Ray Flowers,Addison Russell,4162,ChC,MI,1,act,previously_reserved,"UT,SS",70,23,9,3,10,0,28,8,0.266,0.0,0.357,0,0,0,86,0,61,0
2015,mixed,Ray Flowers,Andrelton Simmons,3717,Atl,MI,0,rel,previously_reserved,,139,40,12,0,13,2,11,11,0.331,0.0,0.353,0,0,0,0,0,147,0
2015,mixed,Patrick Davitt,Paul Goldschmidt,3159,Ari,1B,44,act,active,"1B,CI",567,159,103,33,110,21,151,118,0.435,0.542,0.57,2,0,157,0,0,0,0
2015,mixed,Patrick Davitt,Ben Zobrist,1470,KC,2B,17,act,active,"2B,SS,OF,MI",447,120,74,13,54,3,53,61,0.362,0.235,0.454,6,0,0,69,4,0,49
2015,mixed,Patrick Davitt,Ian Desmond,1671,Was,SS,29,act,active,"UT,SS,MI",583,156,69,19,62,13,187,45,0.29,0.316,0.384,0,0,0,0,0,155,0
2015,mixed,Patrick Davitt,Evan Longoria,1489,TB,3B,22,act,active,"3B,CI",604,160,74,21,73,3,132,51,0.328,0.348,0.435,11,0,0,0,148,0,0
2015,mixed,Patrick Davitt,J.D. Martinez,3567,Det,OF,15,act,active,OF,596,158,93,38,102,3,178,53,0.344,0.36,0.535,10,0,0,0,0,0,148
2015,mixed,Patrick Davitt,Kevin Kiermaier,4671,TB,OF,1,act,active,OF,318,91,37,6,26,13,60,15,0.301,0.214,0.418,0,0,0,0,0,0,149
2015,mixed,Patrick Davitt,Delino DeShields,3357,Tex,OF,10,act,active,OF,180,47,34,2,15,7,36,18,0.33,0.423,0.372,7,0,0,1,0,0,113
2015,mixed,Patrick Davitt,Jay Bruce,371,Cin,OF,15,act,active,OF,580,157,72,26,87,9,145,58,0.294,0.222,0.434,2,0,0,0,0,0,150
2015,mixed,Patrick Davitt,Austin Jackson,1039,ChC,OF,7,act,active,OF,440,122,52,8,41,16,114,26,0.318,0.444,0.395,0,0,0,0,0,0,135
2015,mixed,Patrick Davitt,Dioner Navarro,1462,Tor,C,1,act,active,C,167,53,17,5,20,0,28,17,0.309,0.375,0.377,11,39,0,0,0,0,0
2015,mixed,Patrick Davitt,Russell Martin,787,Tor,C,19,act,active,C,441,129,76,23,77,4,106,53,0.329,0.429,0.458,5,117,0,2,0,0,0
2015,mixed,Patrick Davitt,Torii Hunter,749,Min,UT,1,act,active,OF,478,127,60,19,74,2,98,33,0.29,0.217,0.397,14,0,0,0,0,0,123
2015,mixed,Patrick Davitt,Pedro Alvarez,2050,Pit,CI,6,act,active,"3B,CI,1B",437,150,60,27,77,2,131,48,0.318,0.462,0.469,5,0,124,0,0,0,0
2015,mixed,Patrick Davitt,Sean Rodriguez,743,Pit,MI,1,act,active,"3B,2B,OF,1B,CI,MI",8,11,1,0,4,0,3,0,0.25,0.0,0.5,0,0,102,7,8,3,29
2015,mixed,Patrick Davitt,Emilio Bonifacio,27,ChC,2B,1,rel,previously_active,,51,28,3,0,3,0,17,2,0.226,0.0,0.196,7,0,0,17,1,0,5
2015,mixed,Patrick Davitt,Jarrod Dyson,2961,KC,OF,0,res,previously_active,OF,114,46,16,1,9,16,23,11,0.31,0.0,0.351,2,0,0,0,0,0,79
2015,mixed,Patrick Davitt,Nelson Cruz,1529,Sea,OF,14,trd,previously_active,,338,90,44,21,53,2,88,35,0.372,0.0,0.536,72,0,0,0,0,0,80
2015,mixed,Patrick Davitt,Carlos Beltran,956,NYY,OF,5,trd,previously_active,,127,33,10,3,17,0,20,7,0.287,0.0,0.394,8,0,0,0,0,0,123
2015,mixed,Patrick Davitt,Carlos Corporan,2345,Tex,C,0,rel,previously_active,,51,15,3,1,8,0,21,1,0.204,0.0,0.255,1,31,0,0,0,0,0
2015,mixed,Patrick Davitt,Byron Buxton,4014,Min,UT,46,res,previously_active,OF,33,10,4,0,0,1,13,2,0.257,0.0,0.303,0,0,0,0,0,0,44
2015,mixed,Patrick Davitt,*Jung-ho Kang,5052,Pit,MI,0,rel,previously_active,,401,115,59,15,54,5,95,27,0.362,0.0,0.471,0,0,0,0,77,60,0
2015,mixed,Patrick Davitt,Jarrod Dyson,2961,KC,OF,0,res,reserved,OF,86,44,15,1,9,10,14,3,0.311,0.4,0.419,2,0,0,0,0,0,79
2015,mixed,Patrick Davitt,Byron Buxton,4014,Min,UT,46,res,reserved,OF,92,35,11,2,6,1,29,4,0.258,0.333,0.348,0,0,0,0,0,0,44
2015,mixed,Patrick Davitt,Ben Zobrist,1470,KC,2B,17,act,previously_reserved,"2B,SS,OF,MI",20,6,2,0,2,0,3,1,0.286,0.0,0.35,6,0,0,69,4,0,49
2015,mixed,Patrick Davitt,Emilio Bonifacio,27,ChC,2B,1,rel,previously_reserved,,15,8,1,0,0,0,7,0,0.067,0.0,0.133,7,0,0,17,1,0,5
2015,mixed,Patrick Davitt,Austin Jackson,1039,ChC,OF,7,act,previously_reserved,OF,51,14,4,1,7,1,12,3,0.255,0.0,0.294,0,0,0,0,0,0,135
2015,mixed,Patrick Davitt,Carlos Beltran,956,NYY,OF,5,trd,previously_reserved,,186,55,22,9,23,0,37,21,0.359,0.0,0.522,8,0,0,0,0,0,123
2015,mixed,Patrick Davitt,Dioner Navarro,1462,Tor,C,1,act,previously_reserved,C,4,1,0,0,0,0,1,0,0.25,0.0,0.25,11,39,0,0,0,0,0
2015,mixed,Patrick Davitt,Torii Hunter,749,Min,UT,1,act,previously_reserved,OF,43,12,7,3,7,0,7,2,0.319,0.0,0.535,14,0,0,0,0,0,123
2015,mixed,Patrick Davitt,*Jung-ho Kang,5052,Pit,MI,0,rel,previously_reserved,,20,11,1,0,4,0,4,1,0.227,0.0,0.25,0,0,0,0,77,60,0
2015,mixed,Scott Engel,Prince Fielder,851,Tex,1B,27,act,active,"1B,CI",613,158,78,23,98,0,88,64,0.378,0.433,0.463,139,0,18,0,0,0,0
2015,mixed,Scott Engel,D.J. LeMahieu,3275,Col,2B,1,act,active,"2B,MI,3B",454,119,71,4,49,20,82,39,0.343,0.176,0.372,0,0,0,149,0,0,0
2015,mixed,Scott Engel,Wilmer Flores,2527,NYM,SS,1,act,active,"UT,2B,SS,MI",440,124,48,15,54,0,54,16,0.292,0.5,0.402,0,0,0,37,0,103,0
2015,mixed,Scott Engel,Mike Moustakas,2004,KC,3B,0,act,active,"3B,CI",192,53,28,12,43,0,32,19,0.355,0.414,0.562,0,0,0,0,146,0,0
2015,mixed,Scott Engel,Marlon Byrd,1527,SF,OF,5,act,active,OF,455,120,47,19,68,2,136,24,0.283,0.176,0.442,2,0,0,0,0,0,129
2015,mixed,Scott Engel,Anthony Gose,3189,Det,OF,1,act,active,"OF,UT",347,100,50,2,14,17,104,32,0.331,0.333,0.366,0,0,0,0,0,0,137
2015,mixed,Scott Engel,Stephen Piscotty,4095,StL,OF,1,act,active,OF,221,58,28,7,37,2,54,19,0.36,0.143,0.498,0,0,11,0,0,0,61
2015,mixed,Scott Engel,Curtis Granderson,517,NYM,OF,3,act,active,OF,451,119,77,21,57,8,121,68,0.365,0.368,0.472,1,0,0,0,0,0,150
2015,mixed,Scott Engel,Adam Jones,133,Bal,OF,26,act,active,OF,546,137,74,27,82,3,102,24,0.308,0.0,0.474,3,0,0,0,0,0,134
2015,mixed,Scott Engel,Welington Castillo,2434,Ari,C,1,act,active,C,268,78,33,16,48,0,71,20,0.318,0.263,0.493,2,88,0,0,0,0,0
2015,mixed,Scott Engel,Travis D'Arnaud,2621,NYM,C,13,act,active,C,215,61,26,11,37,0,41,21,0.347,0.312,0.493,0,64,0,0,0,0,0
2015,mixed,Scott Engel,Justin Bour,4965,Mia,UT,6,act,active,"1B,CI",191,54,18,10,36,0,54,12,0.294,0.182,0.461,1,0,111,0,0,0,0
2015,mixed,Scott Engel,Travis Shaw,4819,Bos,CI,3,act,active,1B,49,13,5,3,9,0,16,1,0.24,0.3,0.429,0,0,55,0,8,0,1
2015,mixed,Scott Engel,Dee Gordon,2693,Mia,MI,18,act,active,"UT,2B,MI",615,145,88,4,46,58,91,25,0.359,0.407,0.418,0,0,0,145,0,0,0
2015,mixed,Scott Engel,Lonnie Chisenhall,2627,Cle,3B,1,rel,previously_active,,100,29,9,1,10,0,16,4,0.252,0.0,0.31,4,0,0,0,50,0,51
2015,mixed,Scott Engel,Cory Spangenberg,3756,SD,3B,1,rel,previously_active,,79,24,7,2,5,1,24,5,0.221,0.0,0.266,1,0,0,70,19,0,4
2015,mixed,Scott Engel,Ruben Tejada,2638,NYM,3B,1,rel,previously_active,,58,15,3,0,1,0,18,2,0.219,0.0,0.19,0,0,0,13,19,81,0
2015,mixed,Scott Engel,*Hanley Ramirez,566,Bos,OF,31,dis,previously_active,"UT,SS,MI",381,100,53,16,48,6,68,19,0.292,0.0,0.409,11,0,0,0,1,0,92
2015,mixed,Scott Engel,Clint Robinson,3397,Was,OF,1,rel,previously_active,,57,19,9,2,7,0,6,8,0.379,0.0,0.439,3,0,44,0,0,0,37
2015,mixed,Scott Engel,Ichiro Suzuki,1368,Mia,OF,1,rel,previously_active,,21,6,2,1,3,2,1,2,0.261,0.0,0.333,2,0,0,0,0,0,109
2015,mixed,Scott Engel,Christian Yelich,3314,Mia,OF,26,trd,previously_active,,62,16,5,1,6,2,18,6,0.275,0.0,0.258,0,0,0,0,0,0,124
2015,mixed,Scott Engel,Justin Maxwell,1646,SF,OF,1,rel,previously_active,,53,16,3,1,2,0,19,1,0.148,0.0,0.226,0,0,0,0,0,0,79
2015,mixed,Scott Engel,Matt Joyce,2074,LAA,OF,1,rel,previously_active,,18,5,1,0,0,0,5,0,0.167,0.0,0.222,17,0,0,0,0,0,65
2015,mixed,Scott Engel,Mike Aviles,708,Cle,OF,1,rel,previously_active,,7,2,2,0,1,0,2,0,0.5,0.0,0.429,1,0,0,11,28,23,39
2015,mixed,Scott Engel,Paulo Orlando,2752,KC,OF,1,rel,previously_active,,15,4,0,0,0,1,2,0,0.133,0.0,0.133,2,0,0,0,0,0,79
2015,mixed,Scott Engel,Rajai Davis,1311,Det,OF,1,trd,previously_active,,175,58,30,2,11,10,35,12,0.328,0.0,0.44,8,0,0,0,0,0,91
2015,mixed,Scott Engel,Wilin Rosario,2499,Col,C,5,rel,previously_active,,99,38,10,1,9,1,27,2,0.228,0.0,0.333,6,2,53,0,0,0,0
2015,mixed,Scott Engel,*Tuffy Gosewisch,2348,Ari,C,0,rel,previously_active,,21,5,2,0,2,0,3,1,0.261,0.0,0.19,0,37,0,0,0,0,0
2015,mixed,Scott Engel,Kevin Plawecki,4517,NYM,C,12,rel,previously_active,,77,23,8,2,13,0,21,6,0.274,0.0,0.364,0,70,0,0,0,0,0
2015,mixed,Scott Engel,Kurt Suzuki,1063,Min,C,1,rel,previously_active,,121,35,10,0,11,0,12,9,0.313,0.0,0.306,0,130,0,0,0,0,0
2015,mixed,Scott Engel,Ryan Howard,1129,Phi,UT,1,trd,previously_active,,327,88,30,14,43,0,102,16,0.256,0.0,0.41,6,0,116,0,0,0,0
2015,mixed,Scott Engel,Chris Colabello,4272,Tor,UT,1,res,previously_active,"1B,OF,CI",48,17,6,3,7,0,12,1,0.373,0.0,0.562,12,0,34,0,0,0,46
2015,mixed,Scott Engel,Michael Taylor,4060,Was,UT,0,rel,previously_active,,48,12,3,2,8,2,19,3,0.314,0.0,0.5,0,0,0,0,0,0,132
2015,mixed,Scott Engel,Jon Jay,2475,StL,UT,0,rel,previously_active,,29,11,3,0,2,0,5,0,0.286,0.0,0.172,0,0,0,0,0,0,64
2015,mixed,Scott Engel,Juan Uribe,238,NYM,CI,1,res,previously_active,"3B,CI",103,31,10,5,13,0,26,10,0.265,0.0,0.369,1,0,0,8,92,0,0
2015,mixed,Scott Engel,C.J. Cron,3696,LAA,CI,7,res,previously_active,"1B,CI",157,45,17,9,24,2,35,7,0.265,0.0,0.459,50,0,58,0,0,0,0
2015,mixed,Scott Engel,Yangervis Solarte,3899,SD,MI,12,rel,previously_active,,32,10,2,0,1,1,5,1,0.212,0.0,0.25,1,0,28,19,92,0,0
2015,mixed,Scott Engel,Rob Refsnyder,4986,NYY,MI,14,rel,previously_active,,5,2,0,0,0,0,2,0,0.0,0.0,0.0,0,0,0,15,0,0,0
2015,mixed,Scott Engel,*Hanley Ramirez,566,Bos,OF,31,dis,reserved,"UT,SS,MI",20,5,6,3,5,0,3,2,0.273,0.0,0.75,11,0,0,0,1,0,92
2015,mixed,Scott Engel,Chris Colabello,4272,Tor,UT,1,res,reserved,"1B,OF,CI",62,22,10,3,9,0,23,5,0.368,0.318,0.565,12,0,34,0,0,0,46
2015,mixed,Scott Engel,Juan Uribe,238,NYM,CI,1,res,reserved,"3B,CI",63,25,9,2,11,0,15,9,0.37,0.0,0.476,1,0,0,8,92,0,0
2015,mixed,Scott Engel,C.J. Cron,3696,LAA,CI,7,res,reserved,"1B,CI",76,23,7,2,9,1,15,7,0.381,0.267,0.434,50,0,58,0,0,0,0
2015,mixed,Scott Engel,D.J. LeMahieu,3275,Col,2B,1,act,previously_reserved,"2B,MI,3B",69,19,11,1,4,2,19,9,0.385,0.0,0.377,0,0,0,149,0,0,0
2015,mixed,Scott Engel,Wilmer Flores,2527,NYM,SS,1,act,previously_reserved,"UT,2B,SS,MI",43,13,7,1,5,0,9,3,0.326,0.0,0.465,0,0,0,37,0,103,0
2015,mixed,Scott Engel,Ruben Tejada,2638,NYM,3B,1,rel,previously_reserved,,43,12,6,1,3,0,7,5,0.333,0.0,0.395,0,0,0,13,19,81,0
2015,mixed,Scott Engel,Lonnie Chisenhall,2627,Cle,3B,1,rel,previously_reserved,,77,23,10,3,9,0,16,3,0.225,0.0,0.39,4,0,0,0,50,0,51
2015,mixed,Scott Engel,Cory Spangenberg,3756,SD,3B,1,rel,previously_reserved,,56,20,8,0,5,3,9,4,0.393,0.0,0.464,1,0,0,70,19,0,4
2015,mixed,Scott Engel,Marlon Byrd,1527,SF,OF,5,act,previously_reserved,OF,51,15,11,4,5,0,9,5,0.357,0.0,0.549,2,0,0,0,0,0,129
2015,mixed,Scott Engel,Rajai Davis,1311,Det,OF,1,trd,previously_reserved,,50,16,6,0,3,5,6,5,0.273,0.0,0.34,8,0,0,0,0,0,91
2015,mixed,Scott Engel,Paulo Orlando,2752,KC,OF,1,rel,previously_reserved,,7,3,0,0,0,0,0,0,0.143,0.0,0.143,2,0,0,0,0,0,79
2015,mixed,Scott Engel,Matt Joyce,2074,LAA,OF,1,rel,previously_reserved,,39,12,0,0,5,0,9,3,0.186,0.0,0.179,17,0,0,0,0,0,65
2015,mixed,Scott Engel,Justin Maxwell,1646,SF,OF,1,rel,previously_reserved,,65,21,7,0,7,1,19,5,0.282,0.0,0.262,0,0,0,0,0,0,79
2015,mixed,Scott Engel,Christian Yelich,3314,Mia,OF,26,trd,previously_reserved,,11,3,1,0,0,2,5,2,0.231,0.0,0.091,0,0,0,0,0,0,124
2015,mixed,Scott Engel,Anthony Gose,3189,Det,OF,1,act,previously_reserved,"OF,UT",138,40,23,3,12,6,41,13,0.296,0.0,0.37,0,0,0,0,0,0,137
2015,mixed,Scott Engel,Clint Robinson,3397,Was,OF,1,rel,previously_reserved,,33,10,5,0,3,0,8,5,0.359,0.0,0.333,3,0,44,0,0,0,37
2015,mixed,Scott Engel,Kurt Suzuki,1063,Min,C,1,rel,previously_reserved,,19,5,0,0,0,0,3,0,0.053,0.0,0.053,0,130,0,0,0,0,0
2015,mixed,Scott Engel,Kevin Plawecki,4517,NYM,C,12,rel,previously_reserved,,32,10,0,0,0,0,10,0,0.212,0.0,0.187,0,70,0,0,0,0,0
2015,mixed,Scott Engel,Wilin Rosario,2499,Col,C,5,rel,previously_reserved,,84,31,9,4,13,1,17,2,0.368,0.0,0.536,6,2,53,0,0,0,0
2015,mixed,Scott Engel,Travis D'Arnaud,2621,NYM,C,13,act,previously_reserved,C,24,6,5,1,4,0,8,2,0.269,0.0,0.417,0,64,0,0,0,0,0
2015,mixed,Scott Engel,Jon Jay,2475,StL,UT,0,rel,previously_reserved,,72,19,8,0,4,0,7,7,0.35,0.0,0.306,0,0,0,0,0,0,64
2015,mixed,Scott Engel,Ryan Howard,1129,Phi,UT,1,trd,previously_reserved,,77,23,13,5,24,0,21,6,0.4,0.0,0.623,6,0,116,0,0,0,0
2015,mixed,Scott Engel,Justin Bour,4965,Mia,UT,6,act,previously_reserved,"1B,CI",170,51,19,11,32,0,39,17,0.317,0.0,0.476,1,0,111,0,0,0,0
2015,mixed,Scott Engel,Travis Shaw,4819,Bos,CI,3,act,previously_reserved,1B,97,25,8,4,14,0,26,11,0.318,0.0,0.402,0,0,55,0,8,0,1
2015,mixed,Scott Engel,Yangervis Solarte,3899,SD,MI,12,rel,previously_reserved,,105,31,8,0,8,0,14,8,0.281,0.0,0.286,1,0,28,19,92,0,0
2015,mixed,Al Melchior,Clint Robinson,3397,Was,1B,1,act,active,"1B,CI",70,19,5,3,3,0,9,5,0.32,0.333,0.429,3,0,44,0,0,0,37
2015,mixed,Al Melchior,Scooter Gennett,3277,Mil,2B,1,act,active,"2B,MI",296,89,38,5,24,1,47,9,0.309,0.333,0.412,0,0,0,108,0,0,0
2015,mixed,Al Melchior,Marcus Semien,4300,Oak,SS,6,act,active,"2B,3B,MI,CI",556,155,65,15,45,11,132,42,0.31,0.318,0.405,0,0,0,0,0,152,0
2015,mixed,Al Melchior,Matt Carpenter,3510,StL,3B,16,act,active,"3B,CI",395,109,67,20,57,3,113,57,0.351,0.533,0.481,0,0,3,11,146,0,0
2015,mixed,Al Melchior,Ben Revere,2085,Tor,OF,6,act,active,OF,592,152,84,2,45,31,64,32,0.342,0.32,0.377,0,0,0,0,0,0,147
2015,mixed,Al Melchior,Darin Ruf,4191,Phi,OF,1,act,active,"1B,OF,CI",20,6,3,2,7,0,8,3,0.333,0.333,0.55,0,0,66,0,0,0,22
2015,mixed,Al Melchior,Corey Dickerson,3661,Col,OF,25,act,active,OF,170,46,28,9,29,0,39,8,0.343,0.238,0.565,2,0,0,0,0,0,55
2015,mixed,Al Melchior,Billy Burns,4652,Oak,OF,1,act,active,UT,83,19,10,2,11,1,11,4,0.31,0.273,0.41,0,0,0,0,0,0,125
2015,mixed,Al Melchior,Abraham Almonte,4385,Cle,OF,1,act,active,OF,169,49,26,3,16,6,32,16,0.31,0.4,0.402,1,0,0,0,0,0,64
2015,mixed,Al Melchior,Dustin Garneau,4808,Col,C,1,act,active,C,22,7,1,0,0,0,4,1,0.13,0.167,0.091,0,22,0,0,0,0,0
2015,mixed,Al Melchior,Cameron Rupp,4651,Phi,C,1,act,active,C,15,4,2,0,0,0,2,1,0.25,0.25,0.267,0,80,0,0,0,0,0
2015,mixed,Al Melchior,George Springer,3575,Hou,UT,31,act,active,OF,363,95,55,14,38,16,98,46,0.374,0.548,0.463,0,0,0,0,0,0,102
2015,mixed,Al Melchior,Derek Dietrich,3699,Mia,CI,2,act,active,"2B,MI",156,50,21,4,15,0,41,14,0.341,0.167,0.423,1,0,2,2,26,0,46
2015,mixed,Al Melchior,Ketel Marte,4847,Sea,MI,1,act,active,2B,207,54,23,2,17,8,42,22,0.346,0.37,0.406,0,0,0,4,0,51,2
2015,mixed,Al Melchior,Adam LaRoche,1187,CWS,1B,16,res,previously_active,"1B,CI",418,124,41,12,44,0,130,49,0.298,0.0,0.347,74,0,48,0,0,0,0
2015,mixed,Al Melchior,Asdrubal Cabrera,400,TB,SS,6,rel,previously_active,,72,19,6,0,6,0,17,4,0.25,0.0,0.278,4,0,0,0,0,136,0
2015,mixed,Al Melchior,*Zack Cozart,3043,Cin,SS,1,rel,previously_active,,128,35,19,5,19,2,17,12,0.301,0.0,0.414,0,0,0,0,0,52,0
2015,mixed,Al Melchior,Nick Castellanos,3217,Det,3B,2,trd,previously_active,,184,51,11,4,21,0,51,13,0.275,0.0,0.364,7,0,0,0,145,0,0
2015,mixed,Al Melchior,David Peralta,4980,Ari,OF,0,trd,previously_active,,326,104,40,12,60,4,80,31,0.363,0.0,0.509,0,0,0,0,0,0,131
2015,mixed,Al Melchior,Michael Taylor,4060,Was,OF,1,trd,previously_active,,311,91,35,11,46,12,102,21,0.287,0.0,0.379,0,0,0,0,0,0,132
2015,mixed,Al Melchior,Chris Young,40,NYY,OF,5,rel,previously_active,,63,25,13,3,10,0,14,6,0.324,0.0,0.492,2,0,0,0,0,0,129
2015,mixed,Al Melchior,Tommy Pham,5041,StL,OF,1,rel,previously_active,,24,7,1,0,0,0,5,4,0.286,0.0,0.25,0,0,0,0,0,0,44
2015,mixed,Al Melchior,Norichika Aoki,2041,SF,OF,1,res,previously_active,OF,8,3,1,0,0,0,1,1,0.111,0.0,0.0,1,0,0,0,0,0,87
2015,mixed,Al Melchior,*Giancarlo Stanton,2378,Mia,OF,40,dis,previously_active,OF,279,74,47,27,67,4,95,34,0.346,0.0,0.606,3,0,0,0,0,0,71
2015,mixed,Al Melchior,Dustin Ackley,2586,NYY,OF,1,rel,previously_active,,17,5,1,0,0,0,4,1,0.222,0.0,0.235,4,0,4,10,0,0,82
2015,mixed,Al Melchior,Jake Marisnick,3197,Hou,OF,0,res,previously_active,OF,184,70,24,4,16,10,57,11,0.281,0.0,0.364,1,0,0,0,0,0,126
2015,mixed,Al Melchior,*Devin Mesoraco,1987,Cin,C,20,rel,previously_active,,34,16,2,0,1,1,8,4,0.231,0.0,0.176,4,6,0,0,0,0,0
2015,mixed,Al Melchior,A.J. Ellis,817,LAD,C,1,rel,previously_active,,18,5,2,0,0,0,5,1,0.211,0.0,0.222,0,62,0,0,0,0,0
2015,mixed,Al Melchior,James McCann,3906,Det,C,7,trd,previously_active,,56,17,5,1,7,0,13,4,0.323,0.0,0.411,1,112,0,0,0,0,0
2015,mixed,Al Melchior,Carlos Perez,3622,LAA,C,15,rel,previously_active,,62,20,2,0,2,1,13,2,0.25,0.0,0.258,1,80,2,0,0,0,0
2015,mixed,Al Melchior,Brayan Pena,74,Cin,C,1,rel,previously_active,,243,78,14,0,16,2,19,22,0.337,0.0,0.325,1,86,5,0,0,0,0
2015,mixed,Al Melchior,Josh Phegley,3029,Oak,C,1,rel,previously_active,,138,44,22,6,24,0,40,7,0.272,0.0,0.42,0,68,0,0,0,0,0
2015,mixed,Al Melchior,Kennys Vargas,4610,Min,UT,3,rel,previously_active,,72,19,6,2,5,0,21,5,0.26,0.0,0.306,29,0,18,0,0,0,0
2015,mixed,Al Melchior,Giovanny Urshela,5061,Cle,CI,1,res,previously_active,3B,225,66,21,5,17,0,51,15,0.277,0.0,0.329,0,0,0,0,80,0,0
2015,mixed,Al Melchior,*Ike Davis,2618,Oak,CI,1,rel,previously_active,,103,33,15,2,11,0,16,11,0.348,0.0,0.427,1,0,65,0,0,0,0
2015,mixed,Al Melchior,Yasmany Tomas,4952,Ari,CI,5,trd,previously_active,,111,27,11,1,17,2,29,5,0.371,0.0,0.432,3,0,4,0,31,0,63
2015,mixed,Al Melchior,*Mark Teixeira,81,NYY,CI,2,rel,previously_active,,229,63,32,17,44,1,59,30,0.358,0.0,0.546,3,0,108,0,0,0,0
2015,mixed,Al Melchior,Jace Peterson,4427,Atl,MI,1,rel,previously_active,,49,13,2,1,8,1,13,7,0.293,0.0,0.347,0,0,0,144,0,0,0
2015,mixed,Al Melchior,Chris Taylor,4604,Sea,MI,1,rel,previously_active,,12,5,1,0,0,0,8,0,0.0,0.0,0.0,2,0,0,4,1,28,0
2015,mixed,Al Melchior,Trea Turner,4555,Was,MI,1,rel,previously_active,,5,3,0,0,0,0,1,0,0.0,0.0,0.0,0,0,0,12,0,6,0
2015,mixed,Al Melchior,*Devon Travis,4603,Tor,MI,0,dis,previously_active,2B,207,59,36,8,34,3,41,18,0.368,0.0,0.507,0,0,0,62,0,0,0
2015,mixed,Al Melchior,Hanser Alberto,5076,Tex,MI,1,rel,previously_active,,16,5,3,0,0,0,2,1,0.294,0.0,0.312,3,0,0,24,7,8,0
2015,mixed,Al Melchior,Adam LaRoche,1187,CWS,1B,16,res,reserved,"1B,CI",11,3,0,0,0,0,3,0,0.091,0.0,0.091,74,0,48,0,0,0,0
2015,mixed,Al Melchior,Norichika Aoki,2041,SF,OF,1,res,reserved,OF,0,0,0,0,0,0,0,0,0.0,0.0,0.0,1,0,0,0,0,0,87
2015,mixed,Al Melchior,Jake Marisnick,3197,Hou,OF,0,res,reserved,OF,155,63,22,5,20,14,48,7,0.281,0.308,0.406,1,0,0,0,0,0,126
2015,mixed,Al Melchior,*Giancarlo Stanton,2378,Mia,OF,40,dis,reserved,OF,0,0,0,0,0,0,0,0,0.0,0.0,0.0,3,0,0,0,0,0,71
2015,mixed,Al Melchior,Giovanny Urshela,5061,Cle,CI,1,res,reserved,3B,26,9,1,0,1,0,5,1,0.259,0.3,0.269,0,0,0,0,80,0,0
2015,mixed,Al Melchior,*Devon Travis,4603,Tor,MI,0,dis,reserved,2B,10,3,2,0,1,0,2,0,0.2,0.0,0.3,0,0,0,62,0,0,0
2015,mixed,Al Melchior,Asdrubal Cabrera,400,TB,SS,6,rel,previously_reserved,,45,12,3,1,3,0,14,4,0.265,0.0,0.356,4,0,0,0,0,136,0
2015,mixed,Al Melchior,David Peralta,4980,Ari,OF,0,trd,previously_reserved,,49,17,10,2,10,1,8,5,0.382,0.0,0.592,0,0,0,0,0,0,131
2015,mixed,Al Melchior,Corey Dickerson,3661,Col,OF,25,act,previously_reserved,OF,54,19,2,1,2,0,17,2,0.321,0.0,0.463,2,0,0,0,0,0,55
2015,mixed,Al Melchior,Chris Young,40,NYY,OF,5,rel,previously_reserved,,59,32,10,1,5,1,14,9,0.304,0.0,0.288,2,0,0,0,0,0,129
2015,mixed,Al Melchior,Tommy Pham,5041,StL,OF,1,rel,previously_reserved,,9,3,1,0,0,0,3,1,0.2,0.0,0.111,0,0,0,0,0,0,44
2015,mixed,Al Melchior,Billy Burns,4652,Oak,OF,1,act,previously_reserved,UT,10,3,0,0,0,0,1,0,0.364,0.0,0.4,0,0,0,0,0,0,125
2015,mixed,Al Melchior,Dustin Ackley,2586,NYY,OF,1,rel,previously_reserved,,42,23,5,1,4,0,13,7,0.32,0.0,0.286,4,0,4,10,0,0,82
2015,mixed,Al Melchior,*Devin Mesoraco,1987,Cin,C,20,rel,previously_reserved,,11,7,0,0,1,0,1,1,0.417,0.0,0.455,4,6,0,0,0,0,0
2015,mixed,Al Melchior,Carlos Perez,3622,LAA,C,15,rel,previously_reserved,,60,23,5,1,4,1,9,6,0.254,0.0,0.283,1,80,2,0,0,0,0
2015,mixed,Al Melchior,Brayan Pena,74,Cin,C,1,rel,previously_reserved,,31,8,2,0,0,0,5,1,0.344,0.0,0.355,1,86,5,0,0,0,0
2015,mixed,Al Melchior,George Springer,3575,Hou,UT,31,act,previously_reserved,OF,25,7,4,2,3,0,11,4,0.276,0.0,0.4,0,0,0,0,0,0,102
2015,mixed,Al Melchior,Kennys Vargas,4610,Min,UT,3,rel,previously_reserved,,33,10,6,1,5,0,9,2,0.371,0.0,0.485,29,0,18,0,0,0,0
2015,mixed,Al Melchior,*Ike Davis,2618,Oak,CI,1,rel,previously_reserved,,37,13,2,1,5,0,8,4,0.286,0.0,0.378,1,0,65,0,0,0,0
2015,mixed,Al Melchior,Yasmany Tomas,4952,Ari,CI,5,trd,previously_reserved,,50,19,4,1,6,1,6,4,0.352,0.0,0.4,3,0,4,0,31,0,63
2015,mixed,Al Melchior,Jace Peterson,4427,Atl,MI,1,rel,previously_reserved,,175,51,18,2,17,3,47,16,0.278,0.0,0.286,0,0,0,144,0,0,0
2015,mixed,Al Melchior,Trea Turner,4555,Was,MI,1,rel,previously_reserved,,3,8,1,0,0,2,1,1,0.5,0.0,0.333,0,0,0,12,0,6,0
2015,mixed,Al Melchior,Hanser Alberto,5076,Tex,MI,1,rel,previously_reserved,,17,8,1,0,0,0,4,1,0.222,0.0,0.176,3,0,0,24,7,8,0
2015,mixed,Al Melchior,Alexi Amarista,3084,SD,MI,1,rel,previously_reserved,,10,6,0,0,1,0,3,4,0.5,0.0,0.5,0,0,0,11,2,85,18
2015,mixed,David Gonos,Albert Pujols,1411,LAA,1B,20,act,active,"1B,CI",237,62,26,11,33,3,29,20,0.284,0.419,0.392,62,0,95,0,1,0,0
2015,mixed,David Gonos,Chase Utley,1132,LAD,2B,4,act,active,"2B,MI",363,104,35,8,37,4,63,32,0.283,0.118,0.333,3,0,6,88,3,0,0
2015,mixed,David Gonos,Jhonny Peralta,404,StL,SS,7,act,active,"UT,SS,MI",579,155,64,17,71,1,111,50,0.334,0.4,0.411,2,0,0,0,0,148,0
2015,mixed,David Gonos,Cody Asche,4188,Phi,3B,1,act,active,"UT,3B,CI",57,17,8,3,8,1,16,2,0.317,0.235,0.544,0,0,0,0,51,0,63
2015,mixed,David Gonos,Matt Kemp,799,SD,OF,24,act,active,OF,596,154,80,23,100,12,147,39,0.312,0.5,0.443,3,0,0,0,0,0,149
2015,mixed,David Gonos,Alex Rios,1588,KC,OF,12,act,active,OF,302,83,30,2,26,8,54,13,0.268,0.167,0.305,0,0,0,0,0,0,105
2015,mixed,David Gonos,Jackie Bradley,3595,Bos,OF,1,act,active,OF,136,44,25,6,26,2,44,15,0.331,0.346,0.5,0,0,0,0,0,0,73
2015,mixed,David Gonos,Nelson Cruz,1529,Sea,OF,14,act,active,"UT,OF",252,62,46,23,40,1,76,24,0.367,0.182,0.607,72,0,0,0,0,0,80
2015,mixed,David Gonos,Andrew McCutchen,1222,Pit,OF,44,act,active,OF,566,157,91,23,96,11,133,98,0.401,0.36,0.488,3,0,0,0,0,0,152
2015,mixed,David Gonos,Chris Iannetta,451,LAA,C,2,act,active,C,242,81,27,10,33,0,76,37,0.291,0.333,0.347,1,85,2,0,0,0,0
2015,mixed,David Gonos,Blake Swihart,3794,Bos,C,21,act,active,OF,188,54,34,4,22,3,49,14,0.36,0.353,0.436,0,83,0,0,0,0,0
2015,mixed,David Gonos,Mark Trumbo,2262,Sea,UT,9,act,active,"OF,1B,CI",104,30,15,5,16,0,25,8,0.357,0.364,0.5,30,0,23,0,0,0,88
2015,mixed,David Gonos,Mike Napoli,733,Tex,CI,8,act,active,"1B,CI",396,129,44,16,47,3,117,56,0.318,0.429,0.394,3,0,111,0,0,0,11
2015,mixed,David Gonos,Yunel Escobar,76,Was,MI,1,act,active,"SS,MI",227,60,26,4,20,1,37,12,0.343,0.222,0.405,3,0,0,0,134,0,0
2015,mixed,David Gonos,Joey Votto,345,Cin,1B,31,trd,previously_active,,346,95,53,18,48,6,74,68,0.42,0.0,0.52,0,0,156,0,0,0,0
2015,mixed,David Gonos,Stephen Drew,30,NYY,2B,1,res,previously_active,"SS,2B,MI",25,11,3,1,1,0,5,3,0.25,0.0,0.32,0,0,0,123,4,15,0
2015,mixed,David Gonos,Jimmy Paredes,3350,Bal,2B,12,rel,previously_active,,51,14,6,0,2,0,21,2,0.226,0.0,0.255,81,0,0,6,8,0,3
2015,mixed,David Gonos,Ryan Zimmerman,1638,Was,3B,18,res,previously_active,"1B,3B,OF,CI",346,95,43,16,73,1,79,33,0.308,0.0,0.465,0,0,93,0,0,0,1
2015,mixed,David Gonos,Grady Sizemore,410,TB,OF,1,res,previously_active,OF,74,24,5,1,5,1,14,10,0.318,0.0,0.311,10,0,0,0,0,0,74
2015,mixed,David Gonos,Dalton Pompey,4977,Tor,OF,6,rel,previously_active,,83,23,10,2,6,2,22,6,0.264,0.0,0.337,3,0,0,0,0,0,27
2015,mixed,David Gonos,Steven Souza,4623,TB,OF,10,res,previously_active,OF,311,93,45,13,30,10,124,40,0.303,0.0,0.37,3,0,0,0,0,0,103
2015,mixed,David Gonos,Kevin Pillar,4578,Tor,OF,1,trd,previously_active,,281,76,35,3,27,12,45,14,0.305,0.0,0.374,0,0,0,0,0,0,158
2015,mixed,David Gonos,Jarrod Saltalamacchia,1516,Ari,C,3,rel,previously_active,,25,8,2,1,1,0,12,3,0.179,0.0,0.24,2,47,4,0,0,0,0
2015,mixed,David Gonos,Robinson Chirinos,3011,Tex,C,1,rel,previously_active,,33,11,3,1,6,0,10,5,0.395,0.0,0.455,0,78,0,0,0,0,0
2015,mixed,David Gonos,Caleb Joseph,3041,Bal,C,2,rel,previously_active,,141,45,17,5,19,0,35,11,0.266,0.0,0.348,3,94,1,0,0,0,0
2015,mixed,David Gonos,Jed Lowrie,201,Hou,UT,4,res,previously_active,"UT,SS,MI",38,11,1,0,0,0,9,3,0.122,0.0,0.079,2,0,0,0,47,17,0
2015,mixed,David Gonos,Brandon Guyer,2683,TB,UT,1,rel,previously_active,,121,48,17,3,11,6,20,9,0.338,0.0,0.38,5,0,0,0,0,0,110
2015,mixed,David Gonos,*Mark Teixeira,81,NYY,UT,2,trd,previously_active,,143,42,23,13,30,1,21,26,0.372,0.0,0.573,3,0,108,0,0,0,0
2015,mixed,David Gonos,Kelly Johnson,78,NYM,UT,1,rel,previously_active,,33,10,4,1,2,1,12,2,0.286,0.0,0.364,1,0,25,28,12,1,37
2015,mixed,David Gonos,Jose Iglesias,2913,Det,MI,1,res,previously_active,2B,397,114,40,2,22,9,44,24,0.337,0.0,0.36,0,0,0,0,0,119,0
2015,mixed,David Gonos,Stephen Drew,30,NYY,2B,1,res,reserved,"SS,2B,MI",134,51,17,5,19,0,25,11,0.301,0.0,0.403,0,0,0,123,4,15,0
2015,mixed,David Gonos,Ryan Zimmerman,1638,Was,3B,18,res,reserved,"1B,3B,OF,CI",0,0,0,0,0,0,0,0,0.0,0.0,0.0,0,0,93,0,0,0,1
2015,mixed,David Gonos,Grady Sizemore,410,TB,OF,1,res,reserved,OF,28,12,5,0,10,1,6,3,0.5,0.417,0.607,10,0,0,0,0,0,74
2015,mixed,David Gonos,Steven Souza,4623,TB,OF,10,res,reserved,OF,62,17,14,3,10,2,20,6,0.391,0.381,0.548,3,0,0,0,0,0,103
2015,mixed,David Gonos,Jed Lowrie,201,Hou,UT,4,res,reserved,"UT,SS,MI",88,27,15,4,13,0,14,7,0.289,0.273,0.42,2,0,0,0,47,17,0
2015,mixed,David Gonos,Jose Iglesias,2913,Det,MI,1,res,reserved,2B,0,0,0,0,0,0,0,0,0.0,0.0,0.0,0,0,0,0,0,119,0
2015,mixed,David Gonos,Garrett Jones,903,FA,1B,0,rel,previously_reserved,,38,16,1,0,1,0,9,1,0.179,0.0,0.237,4,0,21,0,0,0,27
2015,mixed,David Gonos,Jimmy Paredes,3350,Bal,2B,12,rel,previously_reserved,,9,4,0,0,0,0,4,1,0.2,0.0,0.222,81,0,0,6,8,0,3
2015,mixed,David Gonos,Chase Utley,1132,LAD,2B,4,act,previously_reserved,"2B,MI",10,3,2,0,2,0,1,0,0.4,0.0,0.7,3,0,6,88,3,0,0
2015,mixed,David Gonos,Cody Asche,4188,Phi,3B,1,act,previously_reserved,"UT,3B,CI",70,25,6,3,10,0,18,8,0.287,0.0,0.357,0,0,0,0,51,0,63
2015,mixed,David Gonos,Kevin Pillar,4578,Tor,OF,1,trd,previously_reserved,,40,11,9,3,8,0,8,2,0.333,0.0,0.575,0,0,0,0,0,0,158
2015,mixed,David Gonos,Alex Rios,1588,KC,OF,12,act,previously_reserved,OF,83,22,10,2,6,1,13,2,0.36,0.0,0.53,0,0,0,0,0,0,105
2015,mixed,David Gonos,Robinson Chirinos,3011,Tex,C,1,rel,previously_reserved,,1,2,0,0,0,0,1,1,0.667,0.0,0.0,0,78,0,0,0,0,0
2015,mixed,David Gonos,Blake Swihart,3794,Bos,C,21,act,previously_reserved,OF,14,4,3,0,1,0,3,1,0.267,0.0,0.429,0,83,0,0,0,0,0
2015,mixed,David Gonos,Caleb Joseph,3041,Bal,C,2,rel,previously_reserved,,27,8,2,1,7,0,7,2,0.31,0.0,0.407,3,94,1,0,0,0,0
2015,mixed,David Gonos,Chris Iannetta,451,LAA,C,2,act,previously_reserved,C,30,11,1,0,1,0,7,4,0.314,0.0,0.233,1,85,2,0,0,0,0
2015,mixed,David Gonos,Brandon Guyer,2683,TB,UT,1,rel,previously_reserved,,15,7,1,0,2,2,2,1,0.421,0.0,0.267,5,0,0,0,0,0,110
2015,mixed,David Gonos,Nick Franklin,2845,TB,UT,1,rel,previously_reserved,,40,14,4,1,2,0,9,4,0.159,0.0,0.175,3,0,10,17,0,11,0
2015,mixed,David Gonos,Kelly Johnson,78,NYM,UT,1,rel,previously_reserved,,55,18,6,2,5,0,17,4,0.271,0.0,0.4,1,0,25,28,12,1,37
2015,mixed,David Gonos,*Mark Teixeira,81,NYY,UT,2,trd,previously_reserved,,20,6,2,1,5,0,5,3,0.24,0.0,0.4,3,0,108,0,0,0,0
2015,mixed,David Gonos,Mike Napoli,733,Tex,CI,8,act,previously_reserved,"1B,CI",11,4,2,2,3,0,1,1,0.538,0.0,1.0,3,0,111,0,0,0,11
2015,mixed,David Gonos,Yunel Escobar,76,Was,MI,1,act,previously_reserved,"SS,MI",285,73,47,5,36,1,33,30,0.398,0.0,0.425,3,0,0,0,134,0,0
2015,mixed,Joe Pisapia,Todd Frazier,1979,Cin,1B,21,act,active,"1B,3B,CI",600,152,81,35,88,13,131,43,0.307,0.174,0.502,0,0,0,0,155,0,0
2015,mixed,Joe Pisapia,Ian Kinsler,1520,Det,2B,17,act,active,"2B,MI",624,154,94,11,73,10,80,43,0.342,0.143,0.428,1,0,0,153,0,0,0
2015,mixed,Joe Pisapia,Jimmy Rollins,1131,LAD,SS,14,act,active,"SS,MI",517,144,71,13,41,12,86,44,0.285,0.222,0.358,0,0,0,0,0,134,0
2015,mixed,Joe Pisapia,Nolan Arenado,3214,Col,3B,19,act,active,"3B,CI",616,157,97,42,130,2,110,34,0.323,0.423,0.575,0,0,0,0,157,0,0
2015,mixed,Joe Pisapia,Melky Cabrera,1014,CWS,OF,10,act,active,OF,608,152,70,12,73,3,85,38,0.31,0.238,0.391,8,0,0,0,0,0,150
2015,mixed,Joe Pisapia,*Hunter Pence,639,SF,OF,12,act,active,OF,178,45,24,7,31,4,38,15,0.321,0.0,0.455,1,0,0,0,0,0,51
2015,mixed,Joe Pisapia,Angel Pagan,959,SF,OF,0,act,active,OF,488,126,52,3,35,12,89,28,0.298,0.292,0.322,1,0,0,0,0,0,124
2015,mixed,Joe Pisapia,Jose Bautista,1184,Tor,OF,36,act,active,"OF,1B",543,153,108,40,114,8,106,110,0.377,0.455,0.536,33,0,0,0,0,0,118
2015,mixed,Joe Pisapia,Aaron Hicks,2591,Min,OF,1,act,active,OF,310,84,44,10,30,12,58,32,0.333,0.3,0.406,0,0,0,0,0,0,97
2015,mixed,Joe Pisapia,Jonathan Lucroy,2346,Mil,C,20,act,active,"C,1B,CI",371,103,51,7,43,1,64,36,0.326,0.0,0.391,1,86,7,0,0,0,0
2015,mixed,Joe Pisapia,Jason Castro,2343,Hou,C,1,act,active,C,337,104,38,11,31,0,115,33,0.283,0.238,0.365,0,103,0,0,0,0,0
2015,mixed,Joe Pisapia,Michael Bourn,636,Atl,UT,1,act,active,OF,330,108,26,0,21,14,84,34,0.29,0.292,0.258,1,0,0,0,0,0,131
2015,mixed,Joe Pisapia,Manny Machado,3216,Bal,CI,12,act,active,"3B,CI",633,162,102,35,86,20,111,70,0.359,0.3,0.502,0,0,0,0,156,7,0
2015,mixed,Joe Pisapia,Brandon Phillips,344,Cin,MI,1,act,active,"2B,MI",588,148,69,12,70,23,68,27,0.328,0.429,0.395,0,0,0,141,0,1,0
2015,mixed,Joe Pisapia,Nick Markakis,134,Atl,OF,1,res,previously_active,OF,308,81,34,0,25,1,44,43,0.384,0.0,0.351,3,0,0,0,0,0,153
2015,mixed,Joe Pisapia,Seth Smith,465,Sea,OF,0,res,previously_active,OF,100,30,8,3,9,0,24,7,0.339,0.0,0.47,20,0,0,0,0,0,110
2015,mixed,Joe Pisapia,Martin Maldonado,2347,Mil,C,1,rel,previously_active,,97,28,11,2,8,0,23,10,0.259,0.0,0.268,0,74,1,0,0,0,0
2015,mixed,Joe Pisapia,Jonathan Singleton,3245,Hou,UT,1,res,previously_active,"1B,CI",31,11,3,0,4,1,12,6,0.316,0.0,0.226,4,0,14,0,0,0,0
2015,mixed,Joe Pisapia,*Kyle Blanks,1270,Tex,UT,1,dis,previously_active,"1B,CI",28,7,5,1,1,0,8,1,0.31,0.0,0.429,1,0,13,0,0,0,3
2015,mixed,Joe Pisapia,C.J. Cron,3696,LAA,UT,0,rel,previously_active,,54,14,5,1,5,0,13,1,0.309,0.0,0.426,50,0,58,0,0,0,0
2015,mixed,Joe Pisapia,Micah Johnson,4562,CWS,MI,3,rel,previously_active,,16,6,0,0,0,0,4,0,0.187,0.0,0.25,0,0,0,33,0,0,0
2015,mixed,Joe Pisapia,Nick Markakis,134,Atl,OF,1,res,reserved,OF,304,75,39,3,28,1,39,27,0.356,0.3,0.401,3,0,0,0,0,0,153
2015,mixed,Joe Pisapia,Seth Smith,465,Sea,OF,0,res,reserved,OF,295,106,46,9,33,0,75,40,0.327,0.429,0.434,20,0,0,0,0,0,110
2015,mixed,Joe Pisapia,Jonathan Singleton,3245,Hou,UT,1,res,reserved,"1B,CI",16,8,3,1,2,0,5,4,0.35,0.667,0.437,4,0,14,0,0,0,0
2015,mixed,Joe Pisapia,*Kyle Blanks,1270,Tex,UT,1,dis,reserved,"1B,CI",24,7,2,0,1,0,6,1,0.36,0.0,0.458,1,0,13,0,0,0,3
2015,mixed,Joe Pisapia,Todd Frazier,1979,Cin,1B,21,act,previously_reserved,"1B,3B,CI",19,5,1,0,1,0,6,1,0.35,0.0,0.368,0,0,0,0,155,0,0
2015,mixed,Joe Pisapia,Aaron Hicks,2591,Min,OF,1,act,previously_reserved,OF,21,7,2,1,3,1,2,2,0.25,0.0,0.381,0,0,0,0,0,0,97
2015,mixed,Joe Pisapia,Melky Cabrera,1014,CWS,OF,10,act,previously_reserved,OF,21,6,0,0,4,0,3,2,0.435,0.0,0.476,8,0,0,0,0,0,150
2015,mixed,Joe Pisapia,*Hunter Pence,639,SF,OF,12,act,previously_reserved,OF,29,7,6,2,9,0,10,1,0.367,0.0,0.621,1,0,0,0,0,0,51
2015,mixed,Joe Pisapia,Angel Pagan,959,SF,OF,0,act,previously_reserved,OF,24,7,3,0,2,0,4,4,0.393,0.0,0.542,1,0,0,0,0,0,124
2015,mixed,Joe Pisapia,Michael Bourn,636,Atl,UT,1,act,previously_reserved,OF,95,33,13,0,9,3,23,12,0.38,0.0,0.368,1,0,0,0,0,0,131
2015,mixed,Joe Pisapia,C.J. Cron,3696,LAA,UT,0,rel,previously_reserved,,35,13,0,0,1,0,9,1,0.132,0.0,0.086,50,0,58,0,0,0,0
2015,mixed,Joe Pisapia,Micah Johnson,4562,CWS,MI,3,rel,previously_reserved,,58,21,8,0,3,3,13,5,0.369,0.0,0.31,0,0,0,33,0,0,0
2015,mixed,Derek Van Riper,Adrian Gonzalez,1250,LAD,1B,22,act,active,"1B,CI",571,156,76,28,90,0,107,62,0.35,0.304,0.48,3,0,149,0,0,0,0
2015,mixed,Derek Van Riper,Daniel Murphy,2100,NYM,2B,7,act,active,"UT,3B,2B,MI,CI",450,119,54,14,70,2,35,31,0.329,0.158,0.462,1,0,17,69,42,0,0
2015,mixed,Derek Van Riper,Eugenio Suarez,4330,Cin,SS,1,act,active,"UT,SS,MI",296,76,33,10,35,1,75,11,0.306,0.214,0.449,0,0,0,0,1,96,0
2015,mixed,Derek Van Riper,David Wright,953,NYM,3B,15,act,active,"3B,CI",129,33,18,4,16,2,32,18,0.374,0.389,0.434,0,0,0,0,38,0,0
2015,mixed,Derek Van Riper,Aaron Altherr,3660,Phi,OF,0,act,active,OF,102,29,18,3,14,5,30,14,0.347,0.37,0.451,0,0,0,0,0,0,37
2015,mixed,Derek Van Riper,Domingo Santana,3213,Mil,OF,0,act,active,OF,112,35,12,5,16,2,44,18,0.348,0.222,0.402,0,0,0,0,0,0,49
2015,mixed,Derek Van Riper,Marcell Ozuna,3280,Mia,OF,0,act,active,OF,154,42,19,6,18,1,34,9,0.329,0.4,0.487,0,0,0,0,0,0,122
2015,mixed,Derek Van Riper,Mike Trout,2844,LAA,OF,48,act,active,OF,575,159,104,41,90,11,158,92,0.402,0.484,0.59,4,0,0,0,0,0,156
2015,mixed,Derek Van Riper,Ryan Braun,858,Mil,OF,25,act,active,OF,506,140,87,25,84,24,115,54,0.356,0.0,0.498,4,0,0,0,0,0,130
2015,mixed,Derek Van Riper,Yadier Molina,1404,StL,C,12,act,active,C,488,136,34,4,61,3,59,32,0.31,0.0,0.35,1,134,0,0,0,0,0
2015,mixed,Derek Van Riper,Miguel Montero,25,ChC,C,5,act,active,C,342,111,35,15,52,1,103,47,0.343,0.353,0.412,1,109,0,0,0,0,0
2015,mixed,Derek Van Riper,Hector Olivera,5202,Atl,UT,1,act,active,OF,39,12,3,1,4,0,2,1,0.31,0.25,0.487,0,0,0,0,21,0,0
2015,mixed,Derek Van Riper,Joe Mauer,889,Min,CI,5,act,active,"1B,CI",592,158,69,10,66,2,112,67,0.338,0.32,0.38,20,0,137,0,0,0,0
2015,mixed,Derek Van Riper,Dustin Pedroia,182,Bos,MI,14,act,active,"2B,MI",340,83,42,11,38,2,45,36,0.373,0.292,0.456,1,0,0,92,0,0,0
2015,mixed,Derek Van Riper,Brock Holt,4192,Bos,2B,1,rel,previously_active,,166,45,19,1,12,4,38,20,0.36,0.0,0.386,1,0,8,58,33,11,35
2015,mixed,Derek Van Riper,Danny Espinosa,2765,Was,2B,1,rel,previously_active,,13,6,5,0,0,0,4,2,0.312,0.0,0.231,0,0,5,81,16,8,5
2015,mixed,Derek Van Riper,Derek Dietrich,3699,Mia,2B,3,rel,previously_active,,25,11,2,0,0,0,7,2,0.185,0.0,0.12,1,0,2,2,26,0,46
2015,mixed,Derek Van Riper,Stephen Drew,30,NYY,SS,1,rel,previously_active,,71,22,7,4,10,0,17,9,0.244,0.0,0.366,0,0,0,123,4,15,0
2015,mixed,Derek Van Riper,J.J. Hardy,853,Bal,SS,2,rel,previously_active,,283,79,30,5,28,0,61,13,0.26,0.0,0.314,0,0,0,0,0,114,0
2015,mixed,Derek Van Riper,Freddy Galvis,3005,Phi,SS,1,rel,previously_active,,70,18,10,0,3,5,15,8,0.354,0.0,0.286,0,0,0,4,0,146,0
2015,mixed,Derek Van Riper,Joey Gallo,4121,Tex,3B,27,res,previously_active,1B,63,19,8,3,8,1,30,8,0.282,0.0,0.397,2,0,0,0,15,0,19
2015,mixed,Derek Van Riper,Cody Asche,4188,Phi,3B,1,rel,previously_active,,62,17,3,1,2,0,20,2,0.185,0.0,0.258,0,0,0,0,51,0,63
2015,mixed,Derek Van Riper,Jacoby Ellsbury,186,NYY,OF,25,trd,previously_active,,261,64,42,5,21,14,49,25,0.338,0.0,0.368,0,0,0,0,0,0,110
2015,mixed,Derek Van Riper,David DeJesus,689,LAA,OF,2,rel,previously_active,,30,11,2,0,0,0,7,2,0.182,0.0,0.1,22,0,0,0,0,0,68
2015,mixed,Derek Van Riper,Randal Grichuk,2843,StL,OF,1,res,previously_active,OF,245,70,41,14,38,4,85,17,0.342,0.0,0.567,0,0,0,0,0,0,85
2015,mixed,Derek Van Riper,Coco Crisp,184,Oak,OF,3,rel,previously_active,,30,8,3,0,0,1,5,6,0.222,0.0,0.1,0,0,0,0,0,0,37
2015,mixed,Derek Van Riper,Joey Butler,4388,TB,OF,9,rel,previously_active,,84,23,9,2,10,2,28,8,0.326,0.0,0.369,43,0,0,0,0,0,34
2015,mixed,Derek Van Riper,Preston Tucker,4496,Hou,OF,1,rel,previously_active,,226,67,25,10,22,0,46,13,0.288,0.0,0.429,3,0,0,0,0,0,90
2015,mixed,Derek Van Riper,Melvin Upton,1476,SD,OF,1,rel,previously_active,,42,15,6,1,3,1,18,3,0.311,0.0,0.405,0,0,0,0,0,0,63
2015,mixed,Derek Van Riper,Michael Morse,1362,Pit,OF,1,rel,previously_active,,138,40,6,3,10,0,45,10,0.273,0.0,0.297,1,0,58,0,0,0,6
2015,mixed,Derek Van Riper,Drew Stubbs,1989,Tex,OF,0,rel,previously_active,,9,6,1,0,0,1,6,0,0.0,0.0,0.0,0,0,0,0,0,0,64
2015,mixed,Derek Van Riper,*Curt Casali,3905,TB,C,0,rel,previously_active,,9,4,1,0,0,0,5,1,0.2,0.0,0.111,1,37,0,0,0,0,0
2015,mixed,Derek Van Riper,Kurt Suzuki,1063,Min,C,0,rel,previously_active,,35,11,0,0,5,0,1,3,0.316,0.0,0.286,0,130,0,0,0,0,0
2015,mixed,Derek Van Riper,Aaron Hill,1578,Ari,UT,6,rel,previously_active,,77,31,5,0,7,2,15,7,0.279,0.0,0.247,2,0,0,47,38,0,0
2015,mixed,Derek Van Riper,Eddie Rosario,3889,Min,UT,0,res,previously_active,OF,21,6,1,1,2,1,9,0,0.227,0.0,0.524,0,0,0,0,0,0,118
2015,mixed,Derek Van Riper,Nick Swisher,243,Atl,UT,1,res,previously_active,"OF,1B,CI",45,16,5,4,10,0,15,3,0.306,0.0,0.578,28,0,12,0,0,0,27
2015,mixed,Derek Van Riper,Danny Valencia,2398,Oak,UT,0,res,previously_active,"3B,1B,2B,CI",105,26,17,5,23,0,22,8,0.298,0.0,0.457,3,0,5,3,55,0,37
2015,mixed,Derek Van Riper,Justin Morneau,898,Col,UT,7,rel,previously_active,,100,27,10,3,9,0,10,3,0.317,0.0,0.45,1,0,44,0,0,0,0
2015,mixed,Derek Van Riper,Scott Van Slyke,2804,LAD,UT,1,rel,previously_active,,48,20,2,1,2,1,18,4,0.208,0.0,0.208,1,0,21,0,0,0,74
2015,mixed,Derek Van Riper,Jose Peraza,4468,LAD,MI,0,rel,previously_active,,6,2,0,0,0,0,1,1,0.286,0.0,0.5,0,0,0,6,0,0,1
2015,mixed,Derek Van Riper,Jose Ramirez,4602,Cle,MI,1,rel,previously_active,,85,29,12,2,5,1,9,6,0.275,0.0,0.341,1,0,0,33,13,46,2
2015,mixed,Derek Van Riper,Joey Gallo,4121,Tex,3B,27,res,reserved,1B,21,11,3,1,1,1,14,4,0.28,0.0,0.286,2,0,0,0,15,0,19
2015,mixed,Derek Van Riper,Randal Grichuk,2843,StL,OF,1,res,reserved,OF,34,18,3,2,3,0,13,3,0.289,0.214,0.441,0,0,0,0,0,0,85
2015,mixed,Derek Van Riper,Danny Valencia,2398,Oak,UT,0,res,reserved,"3B,1B,2B,CI",62,17,14,4,9,0,14,10,0.411,0.308,0.548,3,0,5,3,55,0,37
2015,mixed,Derek Van Riper,Nick Swisher,243,Atl,UT,1,res,reserved,"OF,1B,CI",114,43,5,1,10,0,23,26,0.317,0.286,0.211,28,0,12,0,0,0,27
2015,mixed,Derek Van Riper,Eddie Rosario,3889,Min,UT,0,res,reserved,OF,111,28,15,5,17,1,26,4,0.278,0.333,0.505,0,0,0,0,0,0,118
2015,mixed,Derek Van Riper,Brock Holt,4192,Bos,2B,1,rel,previously_reserved,,44,11,3,0,5,0,9,1,0.239,0.0,0.25,1,0,8,58,33,11,35
2015,mixed,Derek Van Riper,Danny Espinosa,2765,Was,2B,1,rel,previously_reserved,,41,15,7,2,7,1,16,1,0.256,0.0,0.488,0,0,5,81,16,8,5
2015,mixed,Derek Van Riper,Daniel Murphy,2100,NYM,2B,7,act,previously_reserved,"UT,3B,2B,MI,CI",49,11,2,0,3,0,3,0,0.245,0.0,0.327,1,0,17,69,42,0,0
2015,mixed,Derek Van Riper,Eugenio Suarez,4330,Cin,SS,1,act,previously_reserved,"UT,SS,MI",60,17,7,2,10,2,14,5,0.364,0.0,0.45,0,0,0,0,1,96,0
2015,mixed,Derek Van Riper,Stephen Drew,30,NYY,SS,1,rel,previously_reserved,,60,18,3,0,2,0,14,5,0.262,0.0,0.267,0,0,0,123,4,15,0
2015,mixed,Derek Van Riper,Freddy Galvis,3005,Phi,SS,1,rel,previously_reserved,,81,22,6,1,5,0,17,0,0.16,0.0,0.222,0,0,0,4,0,146,0
2015,mixed,Derek Van Riper,J.J. Hardy,853,Bal,SS,2,rel,previously_reserved,,71,19,9,2,4,0,15,3,0.189,0.0,0.282,0,0,0,0,0,114,0
2015,mixed,Derek Van Riper,David Wright,953,NYM,3B,15,act,previously_reserved,"3B,CI",23,5,6,1,1,0,4,4,0.407,0.0,0.435,0,0,0,0,38,0,0
2015,mixed,Derek Van Riper,Jacoby Ellsbury,186,NYY,OF,25,trd,previously_reserved,,22,5,3,1,4,0,4,1,0.304,0.0,0.409,0,0,0,0,0,0,110
2015,mixed,Derek Van Riper,Preston Tucker,4496,Hou,OF,1,rel,previously_reserved,,21,5,4,2,5,0,8,1,0.273,0.0,0.571,3,0,0,0,0,0,90
2015,mixed,Derek Van Riper,Coco Crisp,184,Oak,OF,3,rel,previously_reserved,,36,12,3,0,0,0,8,4,0.2,0.0,0.111,0,0,0,0,0,0,37
2015,mixed,Derek Van Riper,Michael Morse,1362,Pit,OF,1,rel,previously_reserved,,21,12,2,1,2,0,9,2,0.304,0.0,0.429,1,0,58,0,0,0,6
2015,mixed,Derek Van Riper,Drew Stubbs,1989,Tex,OF,0,rel,previously_reserved,,42,18,4,2,5,0,25,3,0.217,0.0,0.31,0,0,0,0,0,0,64
2015,mixed,Derek Van Riper,Miguel Montero,25,ChC,C,5,act,previously_reserved,C,5,2,1,0,1,0,0,2,0.429,0.0,0.2,1,109,0,0,0,0,0
2015,mixed,Derek Van Riper,Hector Olivera,5202,Atl,UT,1,act,previously_reserved,OF,40,12,1,1,7,0,10,4,0.311,0.0,0.325,0,0,0,0,21,0,0
2015,mixed,Derek Van Riper,Scott Van Slyke,2804,LAD,UT,1,rel,previously_reserved,,32,20,6,1,5,1,7,10,0.465,0.0,0.531,1,0,21,0,0,0,74
2015,mixed,Derek Van Riper,Dustin Pedroia,182,Bos,MI,14,act,previously_reserved,"2B,MI",41,10,4,1,4,0,6,2,0.209,0.0,0.317,1,0,0,92,0,0,0
2015,mixed,Nando DiFino,David Ortiz,190,Bos,1B,19,act,active,1B,353,99,51,28,83,0,63,51,0.367,0.583,0.601,134,0,9,0,0,0,0
2015,mixed,Nando DiFino,Jose Altuve,3776,Hou,2B,31,act,active,"2B,MI",313,75,43,10,39,19,31,21,0.365,0.29,0.521,1,0,0,153,0,0,0
2015,mixed,Nando DiFino,Jedd Gyorko,3700,SD,SS,7,act,active,"UT,2B,MI",303,86,23,12,44,0,71,19,0.293,0.333,0.399,1,0,1,93,0,29,0
2015,mixed,Nando DiFino,Jake Lamb,4537,Ari,3B,0,act,active,"UT,3B,CI",262,80,29,4,21,1,75,27,0.322,0.182,0.366,0,0,8,0,95,0,0
2015,mixed,Nando DiFino,Wil Myers,3153,SD,OF,5,act,active,OF,81,25,12,3,10,1,25,16,0.34,0.2,0.358,0,0,22,0,0,0,42
2015,mixed,Nando DiFino,Avisail Garcia,3485,CWS,OF,8,act,active,OF,376,101,42,7,36,6,96,25,0.293,0.286,0.332,17,0,0,0,0,0,130
2015,mixed,Nando DiFino,Dustin Ackley,2586,NYY,OF,0,act,active,"UT,OF",12,5,2,1,4,0,1,2,0.357,0.357,0.667,4,0,4,10,0,0,82
2015,mixed,Nando DiFino,Jorge Soler,3918,ChC,OF,15,act,active,OF,191,54,18,6,30,3,57,16,0.311,0.429,0.382,1,0,0,0,0,0,95
2015,mixed,Nando DiFino,Will Venable,1278,Tex,OF,7,act,active,OF,163,71,16,1,13,10,45,20,0.314,0.0,0.282,0,0,0,0,0,0,110
2015,mixed,Nando DiFino,James McCann,3906,Det,C,7,act,active,C,274,74,21,5,28,0,63,11,0.293,0.2,0.38,1,112,0,0,0,0,0
2015,mixed,Nando DiFino,Evan Gattis,3959,Hou,C,15,act,active,C,150,42,20,10,28,0,29,13,0.337,0.429,0.547,136,0,0,0,0,0,11
2015,mixed,Nando DiFino,Jesus Montero,1027,Sea,UT,0,act,active,UT,73,24,7,3,13,0,20,1,0.23,0.0,0.397,7,0,27,0,0,0,0
2015,mixed,Nando DiFino,Anthony Rendon,3205,Was,CI,26,act,active,"3B,2B,MI,CI",191,48,30,4,18,1,50,20,0.335,0.167,0.366,0,0,0,59,28,0,0
2015,mixed,Nando DiFino,Chris Owings,3271,Ari,MI,0,act,active,"SS,2B,MI",21,6,0,0,0,0,6,3,0.208,0.208,0.143,0,0,0,115,0,35,0
2015,mixed,Nando DiFino,Albert Pujols,1411,LAA,1B,20,trd,previously_active,,231,60,43,23,48,1,25,21,0.345,0.0,0.615,62,0,95,0,1,0,0
2015,mixed,Nando DiFino,Joey Votto,345,Cin,1B,31,trd,previously_active,,34,12,7,1,3,0,9,19,0.556,0.0,0.529,0,0,156,0,0,0,0
2015,mixed,Nando DiFino,Brandon Belt,3336,SF,1B,14,trd,previously_active,,181,52,27,7,26,2,53,20,0.373,0.0,0.514,0,0,120,0,0,0,14
2015,mixed,Nando DiFino,Rougned Odor,4026,Tex,2B,1,trd,previously_active,,38,12,2,2,9,4,4,3,0.442,0.0,0.632,0,0,0,119,0,0,0
2015,mixed,Nando DiFino,Jace Peterson,4427,Atl,2B,1,trd,previously_active,,140,35,20,2,21,6,23,16,0.378,0.0,0.436,0,0,0,144,0,0,0
2015,mixed,Nando DiFino,Troy Tulowitzki,461,Tor,SS,28,res,previously_active,"SS,MI",436,116,68,17,67,1,102,34,0.341,0.0,0.456,1,0,0,0,0,121,0
2015,mixed,Nando DiFino,Carlos Correa,4010,Hou,SS,5,trd,previously_active,,255,66,35,15,43,11,55,26,0.345,0.0,0.518,0,0,0,0,0,99,0
2015,mixed,Nando DiFino,Pablo Sandoval,2182,Bos,3B,12,trd,previously_active,,134,36,17,5,16,0,23,10,0.338,0.0,0.418,0,0,0,0,123,0,0
2015,mixed,Nando DiFino,Will Middlebrooks,3648,SD,3B,1,rel,previously_active,,95,32,11,3,12,2,21,6,0.235,0.0,0.337,0,0,2,0,69,8,0
2015,mixed,Nando DiFino,Alex Rodriguez,1012,NYY,3B,4,trd,previously_active,,186,54,32,11,28,0,47,29,0.386,0.0,0.522,136,0,2,0,4,0,0
2015,mixed,Nando DiFino,Yoenis Cespedes,3837,NYM,OF,15,trd,previously_active,,149,38,16,5,23,1,36,5,0.299,0.0,0.483,3,0,0,0,0,0,153
2015,mixed,Nando DiFino,Delmon Young,908,FA,OF,1,rel,previously_active,,34,9,1,0,3,0,7,0,0.265,0.0,0.324,4,0,0,0,0,0,42
2015,mixed,Nando DiFino,Carlos Peguero,3289,Bos,OF,2,rel,previously_active,,11,6,1,0,0,1,6,3,0.4,0.0,0.364,0,0,0,0,0,0,31
2015,mixed,Nando DiFino,Josh Hamilton,1530,Tex,OF,0,res,previously_active,OF,15,5,4,2,5,0,4,3,0.5,0.0,0.933,1,0,0,0,0,0,42
2015,mixed,Nando DiFino,Michael Cuddyer,901,NYM,OF,1,rel,previously_active,,40,16,7,2,7,0,7,4,0.467,0.0,0.65,5,0,18,0,0,0,75
2015,mixed,Nando DiFino,Gerardo Parra,2000,Bal,OF,1,rel,previously_active,,57,21,8,1,5,1,18,3,0.317,0.0,0.421,0,0,0,0,0,0,144
2015,mixed,Nando DiFino,Norichika Aoki,2041,SF,OF,1,trd,previously_active,,305,80,37,4,24,12,18,26,0.368,0.0,0.387,1,0,0,0,0,0,87
2015,mixed,Nando DiFino,Domingo Santana,3213,Mil,OF,0,rel,previously_active,,29,9,4,1,4,1,11,1,0.3,0.0,0.448,0,0,0,0,0,0,49
2015,mixed,Nando DiFino,Yasmany Tomas,4952,Ari,OF,5,res,previously_active,OF,204,59,20,5,18,2,67,7,0.271,0.0,0.382,3,0,4,0,31,0,63
2015,mixed,Nando DiFino,Carlos Gonzalez,1077,Col,OF,26,trd,previously_active,,141,40,17,4,13,1,33,16,0.285,0.0,0.326,0,0,0,0,0,0,151
2015,mixed,Nando DiFino,Leonys Martin,3737,Tex,OF,12,rel,previously_active,,254,79,24,5,23,13,58,13,0.256,0.0,0.311,2,0,0,0,0,0,92
2015,mixed,Nando DiFino,Ichiro Suzuki,1368,Mia,OF,1,rel,previously_active,,121,41,16,0,4,2,12,9,0.26,0.0,0.264,2,0,0,0,0,0,109
2015,mixed,Nando DiFino,Salvador Perez,3457,KC,C,10,trd,previously_active,,188,51,16,8,27,1,26,3,0.286,0.0,0.452,2,139,1,0,0,0,0
2015,mixed,Nando DiFino,*Nick Hundley,1268,Col,C,1,trd,previously_active,,314,87,41,9,40,5,64,17,0.339,0.0,0.468,0,102,0,0,0,0,0
2015,mixed,Nando DiFino,Alex Guerrero,4622,LAD,UT,0,res,previously_active,OF,93,38,8,4,15,0,26,2,0.229,0.0,0.409,4,0,0,0,22,0,29
2015,mixed,Nando DiFino,Kennys Vargas,4610,Min,CI,1,rel,previously_active,,37,12,3,1,4,0,14,0,0.27,0.0,0.351,29,0,18,0,0,0,0
2015,mixed,Nando DiFino,Brett Lawrie,2186,Oak,MI,3,trd,previously_active,,248,68,28,8,30,3,57,11,0.31,0.0,0.444,1,0,0,42,109,0,0
2015,mixed,Nando DiFino,Martin Prado,80,Mia,MI,1,rel,previously_active,,159,44,21,4,26,0,21,16,0.359,0.0,0.421,0,0,0,11,124,0,0
2015,mixed,Nando DiFino,Troy Tulowitzki,461,Tor,SS,28,res,reserved,"SS,MI",8,2,1,0,0,0,1,0,0.375,0.375,0.625,1,0,0,0,0,121,0
2015,mixed,Nando DiFino,Yasmany Tomas,4952,Ari,OF,5,res,reserved,OF,41,13,5,2,7,0,8,1,0.238,0.0,0.415,3,0,4,0,31,0,63
2015,mixed,Nando DiFino,Josh Hamilton,1530,Tex,OF,0,res,reserved,OF,35,14,4,2,4,0,15,2,0.237,0.286,0.4,1,0,0,0,0,0,42
2015,mixed,Nando DiFino,Alex Guerrero,4622,LAD,UT,0,res,reserved,OF,126,68,17,7,21,1,31,5,0.284,0.0,0.452,4,0,0,0,22,0,29
2015,mixed,Nando DiFino,Jedd Gyorko,3700,SD,SS,7,act,previously_reserved,"UT,2B,MI",118,42,11,4,13,0,36,8,0.307,0.0,0.39,1,0,1,93,0,29,0
2015,mixed,Nando DiFino,Will Middlebrooks,3648,SD,3B,1,rel,previously_reserved,,160,51,12,6,17,0,39,5,0.244,0.0,0.375,0,0,2,0,69,8,0
2015,mixed,Nando DiFino,Allen Craig,2108,Bos,OF,1,rel,previously_reserved,,37,19,5,1,2,0,10,3,0.22,0.0,0.216,9,0,6,0,0,0,16
2015,mixed,Nando DiFino,Leonys Martin,3737,Tex,OF,12,rel,previously_reserved,,33,15,2,0,2,1,10,3,0.333,0.0,0.333,2,0,0,0,0,0,92
2015,mixed,Nando DiFino,Wil Myers,3153,SD,OF,5,act,previously_reserved,OF,10,3,0,0,0,1,4,2,0.25,0.0,0.1,0,0,22,0,0,0,42
2015,mixed,Nando DiFino,Jorge Soler,3918,ChC,OF,15,act,previously_reserved,OF,7,4,2,1,1,0,4,1,0.25,0.0,0.571,1,0,0,0,0,0,95
2015,mixed,Nando DiFino,Carlos Peguero,3289,Bos,OF,2,rel,previously_reserved,,6,3,0,0,0,0,2,0,0.0,0.0,0.0,0,0,0,0,0,0,31
2015,mixed,Nando DiFino,Delmon Young,908,FA,OF,1,rel,previously_reserved,,29,9,2,0,1,0,6,2,0.226,0.0,0.207,4,0,0,0,0,0,42
2015,mixed,Nando DiFino,Norichika Aoki,2041,SF,OF,1,trd,previously_reserved,,17,4,1,0,1,1,4,1,0.333,0.0,0.353,1,0,0,0,0,0,87
2015,mixed,Nando DiFino,Gerardo Parra,2000,Bal,OF,1,rel,previously_reserved,,30,12,5,1,7,0,5,2,0.412,0.0,0.7,0,0,0,0,0,0,144
2015,mixed,Nando DiFino,Dustin Ackley,2586,NYY,OF,0,act,previously_reserved,"UT,OF",10,6,1,0,0,0,1,0,0.2,0.0,0.3,4,0,4,10,0,0,82
2015,mixed,Nando DiFino,Jesus Montero,1027,Sea,UT,0,act,previously_reserved,UT,32,11,4,2,5,0,12,1,0.273,0.0,0.5,7,0,27,0,0,0,0
2015,mixed,Nando DiFino,Kennys Vargas,4610,Min,CI,1,rel,previously_reserved,,17,6,2,1,1,0,4,0,0.176,0.0,0.412,29,0,18,0,0,0,0
2015,mixed,Nando DiFino,Martin Prado,80,Mia,MI,1,rel,previously_reserved,,93,24,9,2,12,1,15,8,0.337,0.0,0.409,0,0,0,11,124,0,0
2015,mixed,Nando DiFino,Brett Lawrie,2186,Oak,MI,3,trd,previously_reserved,,33,9,5,1,3,1,8,1,0.314,0.0,0.424,1,0,0,42,109,0,0
2015,mixed,Paul Singman,Victor Martinez,394,Det,1B,18,act,active,"1B,CI",420,113,33,10,59,0,50,30,0.297,0.667,0.357,104,0,10,0,0,0,0
2015,mixed,Paul Singman,Luis Valbuena,2200,Hou,2B,1,act,active,"3B,2B,CI,MI",92,38,12,4,13,0,22,14,0.361,0.588,0.457,2,0,31,1,99,0,0
2015,mixed,Paul Singman,Brandon Crawford,3051,SF,SS,9,act,active,"SS,MI",266,74,32,12,42,3,66,19,0.294,0.333,0.455,0,0,0,0,0,140,0
2015,mixed,Paul Singman,Xander Bogaerts,3822,Bos,3B,14,act,active,"SS,3B,MI,CI",613,156,84,7,81,10,101,32,0.355,0.333,0.421,0,0,0,0,0,156,0
2015,mixed,Paul Singman,Bryce Harper,2628,Was,OF,33,act,active,OF,521,153,118,42,99,6,131,124,0.46,0.25,0.649,1,0,0,0,0,0,151
2015,mixed,Paul Singman,Starling Marte,2908,Pit,OF,24,act,active,OF,175,45,23,6,23,8,27,6,0.333,0.37,0.446,0,0,0,0,0,0,151
2015,mixed,Paul Singman,Andre Ethier,797,LAD,OF,2,act,active,OF,102,43,13,2,14,0,23,9,0.375,0.35,0.529,1,0,0,0,0,0,127
2015,mixed,Paul Singman,Ender Inciarte,4264,Ari,OF,15,act,active,OF,161,41,21,3,15,9,15,12,0.36,0.4,0.447,0,0,0,0,0,0,122
2015,mixed,Paul Singman,Kevin Pillar,4578,Tor,OF,1,act,active,OF,134,36,16,5,15,10,20,7,0.368,0.5,0.515,0,0,0,0,0,0,158
2015,mixed,Paul Singman,Francisco Cervelli,1004,Pit,C,2,act,active,"C,1B",98,27,11,1,6,0,22,10,0.339,0.208,0.327,1,128,0,0,0,0,0
2015,mixed,Paul Singman,Yan Gomes,3945,Cle,C,15,act,active,C,344,90,37,12,44,0,98,11,0.27,0.353,0.404,4,91,0,0,0,0,0
2015,mixed,Paul Singman,Justin Smoak,2117,Tor,UT,1,act,active,"1B,CI",148,56,20,9,31,0,40,10,0.267,0.214,0.459,4,0,110,0,0,0,0
2015,mixed,Paul Singman,Miguel Cabrera,509,Det,CI,39,act,active,"1B,3B,CI",142,39,19,2,19,0,24,20,0.396,0.462,0.43,11,0,107,0,0,0,0
2015,mixed,Paul Singman,Brett Lawrie,2186,Oak,MI,3,act,active,"2B,3B,CI,MI",136,34,20,5,13,0,36,10,0.282,0.214,0.412,1,0,0,42,109,0,0
2015,mixed,Paul Singman,Steve Pearce,1196,Bal,1B,3,rel,previously_active,,40,10,7,2,3,0,11,4,0.267,0.0,0.325,1,0,28,18,0,0,49
2015,mixed,Paul Singman,Danny Santana,4232,Min,SS,14,trd,previously_active,,150,39,20,0,10,4,42,2,0.253,0.0,0.32,5,0,0,0,0,66,5
2015,mixed,Paul Singman,Nick Ahmed,3807,Ari,SS,1,rel,previously_active,,40,13,8,2,3,1,7,5,0.289,0.0,0.4,0,0,0,0,0,129,0
2015,mixed,Paul Singman,Nick Castellanos,3217,Det,3B,2,rel,previously_active,,30,10,0,0,2,0,8,0,0.161,0.0,0.167,7,0,0,0,145,0,0
2015,mixed,Paul Singman,Ben Paulsen,3560,Col,OF,7,rel,previously_active,,38,14,7,2,3,0,11,2,0.275,0.0,0.526,0,0,91,0,0,0,20
2015,mixed,Paul Singman,Sam Fuld,290,Oak,OF,1,rel,previously_active,,73,25,11,0,2,3,13,7,0.222,0.0,0.219,3,0,0,0,0,0,108
2015,mixed,Paul Singman,Carlos Peguero,3289,Bos,OF,9,rel,previously_active,,13,5,0,0,0,1,7,0,0.0,0.0,0.0,0,0,0,0,0,0,31
2015,mixed,Paul Singman,Travis Snider,1606,Pit,OF,7,rel,previously_active,,123,40,14,2,11,1,35,13,0.299,0.0,0.309,5,0,0,0,0,0,63
2015,mixed,Paul Singman,Kevin Kiermaier,4671,TB,OF,0,rel,previously_active,,105,31,9,1,4,2,21,5,0.216,0.0,0.248,0,0,0,0,0,0,149
2015,mixed,Paul Singman,Josh Hamilton,1530,Tex,OF,0,trd,previously_active,,43,11,4,1,5,0,14,1,0.311,0.0,0.395,1,0,0,0,0,0,42
2015,mixed,Paul Singman,Shane Victorino,1138,LAA,OF,1,rel,previously_active,,66,25,8,0,1,2,13,2,0.261,0.0,0.288,0,0,0,0,0,0,65
2015,mixed,Paul Singman,Juan Lagares,3868,NYM,OF,1,rel,previously_active,,166,43,20,1,10,2,36,7,0.309,0.0,0.355,0,0,0,0,0,0,139
2015,mixed,Paul Singman,Marcell Ozuna,3280,Mia,OF,14,rel,previously_active,,257,68,26,4,26,1,59,20,0.327,0.0,0.37,0,0,0,0,0,0,122
2015,mixed,Paul Singman,Billy Burns,4652,Oak,OF,1,trd,previously_active,,347,84,43,2,26,23,59,18,0.328,0.0,0.375,0,0,0,0,0,0,125
2015,mixed,Paul Singman,Lorenzo Cain,2002,KC,OF,3,trd,previously_active,,263,69,48,8,35,14,48,19,0.351,0.0,0.498,3,0,0,0,0,0,137
2015,mixed,Paul Singman,Jorge Soler,3918,ChC,OF,15,trd,previously_active,,93,23,11,2,9,0,38,9,0.337,0.0,0.409,1,0,0,0,0,0,95
2015,mixed,Paul Singman,Roberto Perez,4342,Cle,C,5,rel,previously_active,,45,18,9,2,4,0,20,12,0.328,0.0,0.311,1,69,0,0,0,0,0
2015,mixed,Paul Singman,Carlos Perez,3622,LAA,C,15,trd,previously_active,,35,11,1,1,7,0,8,1,0.27,0.0,0.4,1,80,2,0,0,0,0
2015,mixed,Paul Singman,Mike Zunino,4012,Sea,C,4,rel,previously_active,,350,112,28,11,28,0,132,21,0.23,0.0,0.3,0,112,0,0,0,0,0
2015,mixed,Paul Singman,Chris Parmelee,2040,Bal,CI,6,rel,previously_active,,38,13,4,1,2,0,14,1,0.231,0.0,0.447,0,0,25,0,0,0,8
2015,mixed,Paul Singman,Logan Morrison,2111,Sea,CI,9,res,previously_active,"1B,CI,OF",227,67,23,6,25,5,48,25,0.307,0.0,0.344,0,0,140,0,0,0,4
2015,mixed,Paul Singman,Billy Butler,677,Oak,CI,2,trd,previously_active,,340,92,35,7,40,0,62,26,0.29,0.0,0.338,136,0,7,0,0,0,0
2015,mixed,Paul Singman,Erick Aybar,735,LAA,MI,5,trd,previously_active,,25,7,1,0,0,1,1,0,0.24,0.0,0.24,1,0,0,0,0,154,0
2015,mixed,Paul Singman,*Cesar Hernandez,3413,Phi,MI,1,trd,previously_active,,138,34,22,0,11,11,32,12,0.353,0.0,0.377,0,0,0,88,10,12,0
2015,mixed,Paul Singman,Odubel Herrera,5084,Phi,MI,7,rel,previously_active,,14,6,1,0,2,1,2,2,0.312,0.0,0.286,0,0,0,0,0,0,136
2015,mixed,Paul Singman,Johnny Giavotella,2750,LAA,MI,1,rel,previously_active,,68,18,5,1,6,0,12,5,0.284,0.0,0.324,0,0,0,128,0,1,0
2015,mixed,Paul Singman,Arismendy Alcantara,4171,ChC,MI,4,rel,previously_active,,15,7,1,0,1,0,7,1,0.187,0.0,0.133,0,0,0,8,2,0,0
2015,mixed,Paul Singman,Jason Kipnis,2727,Cle,MI,22,trd,previously_active,,405,101,66,6,39,11,69,47,0.401,0.0,0.477,16,0,0,124,0,0,0
2015,mixed,Paul Singman,*Joe Panik,3800,SF,MI,1,trd,previously_active,,204,55,32,6,23,2,25,23,0.385,0.0,0.48,0,0,0,99,0,0,0
2015,mixed,Paul Singman,Logan Morrison,2111,Sea,CI,9,res,reserved,"1B,CI,OF",121,49,13,6,20,2,19,13,0.304,0.2,0.43,0,0,140,0,0,0,4
2015,mixed,Paul Singman,Steve Pearce,1196,Bal,1B,3,rel,previously_reserved,,27,11,3,0,6,0,6,3,0.281,0.0,0.222,1,0,28,18,0,0,49
2015,mixed,Paul Singman,Victor Martinez,394,Det,1B,18,act,previously_reserved,"1B,CI",20,7,6,1,5,0,2,1,0.381,0.0,0.55,104,0,10,0,0,0,0
2015,mixed,Paul Singman,Danny Santana,4232,Min,SS,14,trd,previously_reserved,,14,5,1,0,0,0,3,0,0.143,0.0,0.143,5,0,0,0,0,66,5
2015,mixed,Paul Singman,Nick Castellanos,3217,Det,3B,2,rel,previously_reserved,,21,6,2,0,3,0,4,3,0.333,0.0,0.238,7,0,0,0,145,0,0
2015,mixed,Paul Singman,Kevin Pillar,4578,Tor,OF,1,act,previously_reserved,OF,20,5,5,0,1,0,1,0,0.333,0.0,0.35,0,0,0,0,0,0,158
2015,mixed,Paul Singman,Josh Hamilton,1530,Tex,OF,0,trd,previously_reserved,,77,20,10,3,11,0,19,4,0.259,0.0,0.39,1,0,0,0,0,0,42
2015,mixed,Paul Singman,Juan Lagares,3868,NYM,OF,1,rel,previously_reserved,,70,17,5,2,6,2,15,1,0.225,0.0,0.343,0,0,0,0,0,0,139
2015,mixed,Paul Singman,Marcell Ozuna,3280,Mia,OF,14,rel,previously_reserved,,40,11,1,0,0,0,15,1,0.122,0.0,0.125,0,0,0,0,0,0,122
2015,mixed,Paul Singman,Billy Burns,4652,Oak,OF,1,trd,previously_reserved,,20,5,4,0,0,1,2,2,0.455,0.0,0.45,0,0,0,0,0,0,125
2015,mixed,Paul Singman,Lorenzo Cain,2002,KC,OF,3,trd,previously_reserved,,22,5,4,0,0,0,2,1,0.348,0.0,0.409,3,0,0,0,0,0,137
2015,mixed,Paul Singman,Travis Snider,1606,Pit,OF,7,rel,previously_reserved,,88,29,9,1,9,0,21,10,0.343,0.0,0.386,5,0,0,0,0,0,63
2015,mixed,Paul Singman,Kevin Kiermaier,4671,TB,OF,0,rel,previously_reserved,,55,17,10,2,7,0,9,3,0.362,0.0,0.618,0,0,0,0,0,0,149
2015,mixed,Paul Singman,Francisco Cervelli,1004,Pit,C,2,act,previously_reserved,"C,1B",16,6,2,0,0,0,3,7,0.478,0.0,0.375,1,128,0,0,0,0,0
2015,mixed,Paul Singman,Yan Gomes,3945,Cle,C,15,act,previously_reserved,C,19,5,1,0,1,0,6,2,0.227,0.0,0.158,4,91,0,0,0,0,0
2015,mixed,Paul Singman,Justin Smoak,2117,Tor,UT,1,act,previously_reserved,"1B,CI",53,26,11,4,8,0,15,7,0.283,0.0,0.434,4,0,110,0,0,0,0
2015,mixed,Paul Singman,Billy Butler,677,Oak,CI,2,trd,previously_reserved,,41,13,8,2,7,0,7,6,0.426,0.0,0.585,136,0,7,0,0,0,0
2015,mixed,Paul Singman,Miguel Cabrera,509,Det,CI,39,act,previously_reserved,"1B,3B,CI",10,3,2,1,3,0,3,4,0.571,0.0,0.8,11,0,107,0,0,0,0
2015,mixed,Paul Singman,Arismendy Alcantara,4171,ChC,MI,4,rel,previously_reserved,,11,4,4,0,0,1,4,4,0.267,0.0,0.0,0,0,0,8,2,0,0
