year,league,team,player_name,player_id,mlb_team,position,salary,status,roster_section,eligibility,ab,g,r,hr,rbi,sb,so,bb,avg,obp,slg,gp_dh,gp_c,gp_1b,gp_2b,gp_3b,gp_ss,gp_of
2016,mixed,Zach Steinhorn,Edwin Encarnacion,339,Cle,1B,33,act,active,"1B,CI",400,108,78,32,89,2,90,67,0.377,0.3,0.572,86,0,75,0,0,0,0
2016,mixed,Zach Steinhorn,Jose Altuve,3776,Hou,2B,31,act,active,"2B,MI",640,161,108,24,96,30,70,60,0.396,0.423,0.531,13,0,0,148,0,1,0
2016,mixed,Zach Steinhorn,Elvis Andrus,1543,Tex,SS,10,act,active,"SS,MI",506,147,75,8,69,24,70,47,0.362,0.444,0.439,0,0,0,0,0,147,0
2016,mixed,Zach Steinhorn,Todd Frazier,1979,NYY,3B,27,act,active,"1B,3B,CI",402,108,58,25,63,10,124,39,0.296,0.214,0.453,2,0,7,0,149,0,0
2016,mixed,Zach Steinhorn,Travis Jankowski,4479,SD,OF,152,act,active,OF,234,68,31,1,6,16,64,24,0.315,0.125,0.312,0,0,0,0,0,0,114
2016,mixed,Zach Steinhorn,Carlos Beltran,956,Hou,OF,2,act,active,OF,552,151,73,29,93,1,101,35,0.337,0.278,0.513,73,0,0,0,0,0,69
2016,mixed,Zach Steinhorn,Justin Upton,39,LAA,OF,30,act,active,OF,566,152,81,31,87,8,178,50,0.312,0.417,0.468,2,0,0,0,0,0,150
2016,mixed,Zach Steinhorn,Curtis Granderson,517,LAD,OF,15,act,active,OF,495,133,75,24,45,4,120,62,0.329,0.654,0.446,1,0,0,0,0,0,140
2016,mixed,Zach Steinhorn,Matt Kemp,799,Atl,OF,16,act,active,OF,318,81,51,19,55,1,81,27,0.327,0.286,0.522,2,0,0,0,0,0,151
2016,mixed,Zach Steinhorn,Yasmani Grandal,3311,LAD,C,12,act,active,C,389,125,49,27,71,1,116,64,0.34,0.357,0.478,0,115,4,0,0,0,0
2016,mixed,Zach Steinhorn,Jason Castro,2343,Min,C,2,act,active,C,329,113,41,11,32,2,123,45,0.307,0.1,0.377,0,111,3,0,0,0,0
2016,mixed,Zach Steinhorn,Khris Davis,4217,Oak,UT,5,act,active,OF,146,41,27,12,27,0,52,24,0.339,0.32,0.548,53,0,0,0,0,0,93
2016,mixed,Zach Steinhorn,Brandon Moss,187,KC,CI,2,act,active,"1B,OF,CI",287,85,38,17,40,1,101,26,0.277,0.261,0.443,0,0,64,0,0,0,72
2016,mixed,Zach Steinhorn,Trea Turner,4555,Was,MI,0,act,active,"UT,2B,OF,MI",277,65,50,13,37,30,47,13,0.373,0.517,0.578,0,0,0,30,0,2,45
2016,mixed,Zach Steinhorn,Jose Abreu,4038,CWS,1B,38,trd,previously_active,,198,50,19,6,27,0,45,15,0.312,0.0,0.394,7,0,152,0,0,0,0
2016,mixed,Zach Steinhorn,Mike Moustakas,2004,KC,3B,13,rel,previously_active,,27,8,3,1,3,0,2,3,0.3,0.0,0.37,0,0,0,0,26,0,0
2016,mixed,Zach Steinhorn,Jay Bruce,371,Cle,OF,6,trd,previously_active,,265,70,44,17,58,3,60,18,0.328,0.0,0.581,2,0,0,0,0,0,138
2016,mixed,Zach Steinhorn,Norichika Aoki,2041,FA,OF,3,rel,previously_active,,227,61,32,1,8,3,27,19,0.328,0.0,0.317,0,0,0,0,0,0,113
2016,mixed,Zach Steinhorn,A.J. Ellis,817,Mia,C,5,rel,previously_active,,17,5,2,0,5,0,5,1,0.222,0.0,0.176,0,57,0,0,0,0,0
2016,mixed,Zach Steinhorn,Trevor Plouffe,2276,TB,UT,6,rel,previously_active,,248,65,30,12,40,1,51,14,0.293,0.0,0.44,7,0,13,0,63,0,0
2016,mixed,Zach Steinhorn,Mark Teixeira,81,NYY,UT,67,rel,previously_active,,82,23,10,1,8,1,24,10,0.309,0.0,0.317,4,0,110,0,0,0,0
2016,mixed,Zach Steinhorn,Colby Rasmus,1436,TB,UT,1,trd,previously_active,,58,19,11,7,18,1,17,16,0.44,0.0,0.707,2,0,0,0,0,0,103
2016,mixed,Zach Steinhorn,Ryan Howard,1129,Col,UT,52,rel,previously_active,,23,6,2,0,2,0,7,2,0.24,0.0,0.174,9,0,83,0,0,0,0
2016,mixed,Zach Steinhorn,Brandon Drury,4055,Ari,UT,0,res,previously_active,"2B,3B,CI,OF",181,49,13,3,13,0,43,11,0.301,0.0,0.359,0,0,1,16,29,0,89
2016,mixed,Zach Steinhorn,David Freese,1432,Pit,UT,12,rel,previously_active,,67,19,5,1,8,0,23,5,0.278,0.0,0.328,0,0,58,2,78,0,0
2016,mixed,Zach Steinhorn,Pedro Alvarez,2050,Bal,CI,7,trd,previously_active,,78,27,5,2,8,1,18,13,0.315,0.0,0.346,85,0,0,0,12,0,0
2016,mixed,Zach Steinhorn,Jordy Mercer,3871,Pit,MI,22,rel,previously_active,,42,12,8,0,3,0,7,5,0.25,0.0,0.214,0,0,0,0,0,146,0
2016,mixed,Zach Steinhorn,Ketel Marte,4847,Ari,MI,7,rel,previously_active,,282,74,36,1,19,8,49,11,0.299,0.0,0.358,0,0,0,0,0,119,0
2016,mixed,Zach Steinhorn,Brandon Drury,4055,Ari,UT,0,res,reserved,"2B,3B,CI,OF",280,85,46,13,40,1,57,20,0.346,0.407,0.521,0,0,1,16,29,0,89
2016,mixed,Zach Steinhorn,Mike Moustakas,2004,KC,3B,13,rel,previously_reserved,,7,2,0,0,0,0,3,1,0.125,0.0,0.0,0,0,0,0,26,0,0
2016,mixed,Zach Steinhorn,Curtis Granderson,517,LAD,OF,15,act,previously_reserved,OF,50,17,13,6,14,0,10,12,0.385,0.0,0.64,1,0,0,0,0,0,140
2016,mixed,Zach Steinhorn,Justin Upton,39,LAA,OF,30,act,previously_reserved,OF,4,1,0,0,0,1,1,0,0.0,0.0,0.0,2,0,0,0,0,0,150
2016,mixed,Zach Steinhorn,Norichika Aoki,2041,FA,OF,3,rel,previously_reserved,,22,6,4,0,3,1,4,3,0.269,0.0,0.273,0,0,0,0,0,0,113
2016,mixed,Zach Steinhorn,Yasmani Grandal,3311,LAD,C,12,act,previously_reserved,C,1,1,0,0,1,0,0,0,0.0,0.0,0.0,0,115,4,0,0,0,0
2016,mixed,Zach Steinhorn,Trevor Plouffe,2276,TB,UT,6,rel,previously_reserved,,71,19,5,0,7,0,9,5,0.338,0.0,0.352,7,0,13,0,63,0,0
2016,mixed,Zach Steinhorn,Ryan Howard,1129,Col,UT,52,rel,previously_reserved,,86,30,7,4,10,0,34,6,0.183,0.0,0.302,9,0,83,0,0,0,0
2016,mixed,Zach Steinhorn,Mark Teixeira,81,NYY,UT,67,rel,previously_reserved,,25,8,2,2,3,0,4,4,0.276,0.0,0.44,4,0,110,0,0,0,0
2016,mixed,Zach Steinhorn,Brandon Moss,187,KC,CI,2,act,previously_reserved,"1B,OF,CI",27,6,6,4,8,0,4,2,0.483,0.0,0.963,0,0,64,0,0,0,72
2016,mixed,Zach Steinhorn,Trea Turner,4555,Was,MI,0,act,previously_reserved,"UT,2B,OF,MI",30,8,3,0,3,3,12,1,0.344,0.0,0.467,0,0,0,30,0,2,45
2016,mixed,Zach Steinhorn,Jordy Mercer,3871,Pit,MI,22,rel,previously_reserved,,62,20,7,3,7,0,11,4,0.358,0.0,0.468,0,0,0,0,0,146,0
2016,mixed,Zach Steinhorn,Ketel Marte,4847,Ari,MI,7,rel,previously_reserved,,37,10,6,0,4,0,12,3,0.244,0.0,0.216,0,0,0,0,0,119,0
2016,mixed,Fred Zinkie,Joey Votto,345,Cin,1B,38,act,active,"1B,CI",292,80,52,15,51,4,46,53,0.46,0.437,0.606,1,0,154,0,0,0,0
2016,mixed,Fred Zinkie,Joey Wendle,4608,Oak,2B,0,act,active,2B,23,7,2,0,2,0,1,1,0.25,0.25,0.261,0,0,0,28,0,0,0
2016,mixed,Fred Zinkie,Alcides Escobar,850,KC,SS,0,act,active,"SS,MI",99,24,6,0,8,4,15,3,0.233,0.095,0.263,0,0,0,0,0,162,0
2016,mixed,Fred Zinkie,Josh Donaldson,2107,Tor,3B,39,act,active,"3B,CI",426,116,88,28,78,4,83,86,0.418,0.419,0.563,19,0,0,0,136,0,0
2016,mixed,Fred Zinkie,Mookie Betts,4670,Bos,OF,32,act,active,"UT,OF",287,71,47,13,54,11,25,25,0.388,0.25,0.547,0,0,0,0,0,0,157
2016,mixed,Fred Zinkie,Terrance Gore,5027,KC,OF,0,act,active,OF,2,11,3,0,0,7,0,0,0.0,0.0,0.0,2,0,0,0,0,0,2
2016,mixed,Fred Zinkie,Cameron Maybin,573,Hou,OF,4,act,active,OF,71,18,18,1,7,0,15,6,0.359,0.24,0.479,1,0,0,0,0,0,91
2016,mixed,Fred Zinkie,Jose Bautista,1184,Tor,OF,35,act,active,OF,419,115,68,22,67,2,102,87,0.367,0.379,0.451,26,0,1,0,0,0,91
2016,mixed,Fred Zinkie,Domingo Santana,3213,Mil,OF,95,act,active,OF,81,25,8,4,13,0,29,8,0.311,0.321,0.469,0,0,0,0,0,0,67
2016,mixed,Fred Zinkie,Russell Martin,787,Tor,C,16,act,active,C,298,88,50,16,59,2,95,52,0.369,0.333,0.456,5,127,0,1,1,0,0
2016,mixed,Fred Zinkie,Gary Sanchez,3259,NYY,C,150,act,active,C,182,48,31,20,39,1,52,23,0.383,0.2,0.681,17,36,0,0,0,0,0
2016,mixed,Fred Zinkie,Paulo Orlando,2752,KC,UT,1,act,active,OF,21,6,3,0,1,0,6,1,0.435,0.435,0.524,1,0,0,0,0,0,122
2016,mixed,Fred Zinkie,Jonathan Villar,3345,Mil,CI,1,act,active,"2B,SS,3B,MI",137,38,25,9,20,14,39,17,0.327,0.464,0.518,0,0,0,11,42,108,0
2016,mixed,Fred Zinkie,Andrelton Simmons,3717,LAA,MI,1,act,active,"SS,MI",47,13,6,0,5,1,3,3,0.28,0.421,0.277,0,0,0,0,0,124,0
2016,mixed,Fred Zinkie,Albert Pujols,1411,LAA,1B,12,trd,previously_active,,178,45,26,14,48,0,23,7,0.33,0.0,0.562,123,0,28,0,0,0,0
2016,mixed,Fred Zinkie,Lucas Duda,3305,TB,1B,16,rel,previously_active,,130,39,16,7,19,0,29,11,0.297,0.0,0.431,0,0,45,0,0,0,0
2016,mixed,Fred Zinkie,Dustin Pedroia,182,Bos,2B,9,res,previously_active,"2B,MI",84,19,11,3,14,0,8,4,0.303,0.0,0.417,0,0,0,152,0,0,0
2016,mixed,Fred Zinkie,Brian Dozier,3489,Min,2B,20,trd,previously_active,,42,11,3,0,0,0,8,2,0.217,0.0,0.143,2,0,0,151,0,0,0
2016,mixed,Fred Zinkie,Chase Utley,1132,LAD,2B,0,rel,previously_active,,29,7,5,0,2,0,4,2,0.394,0.0,0.448,0,0,0,134,1,0,0
2016,mixed,Fred Zinkie,Ian Kinsler,1520,Det,2B,12,trd,previously_active,,343,85,61,15,45,10,73,26,0.333,0.0,0.461,1,0,0,151,0,0,0
2016,mixed,Fred Zinkie,Devon Travis,4603,Tor,2B,0,trd,previously_active,,84,20,10,0,13,0,16,1,0.306,0.0,0.381,3,0,0,99,0,0,0
2016,mixed,Fred Zinkie,Xander Bogaerts,3822,Bos,SS,21,res,previously_active,"SS,MI",258,63,47,9,29,2,58,22,0.323,0.0,0.403,0,0,0,0,0,157,0
2016,mixed,Fred Zinkie,Eugenio Suarez,4330,Cin,SS,2,trd,previously_active,,136,36,19,7,21,4,29,10,0.306,0.0,0.434,1,0,0,0,151,2,0
2016,mixed,Fred Zinkie,Matt Duffy,4893,TB,3B,4,trd,previously_active,,51,14,6,0,2,2,6,7,0.328,0.0,0.314,1,0,0,0,70,18,0
2016,mixed,Fred Zinkie,Charlie Blackmon,2620,Col,OF,29,trd,previously_active,,162,41,25,7,27,3,28,16,0.374,0.0,0.512,0,0,0,0,0,0,138
2016,mixed,Fred Zinkie,Alex Gordon,681,KC,OF,13,trd,previously_active,,176,51,22,5,13,3,61,20,0.314,0.0,0.324,0,0,0,0,0,0,126
2016,mixed,Fred Zinkie,Hernan Perez,3855,Mil,OF,13,trd,previously_active,,27,7,7,2,6,4,5,0,0.321,0.0,0.556,0,0,6,11,60,3,46
2016,mixed,Fred Zinkie,Ryan Braun,858,Mil,OF,22,trd,previously_active,,102,26,11,5,10,3,21,6,0.324,0.0,0.51,3,0,0,0,0,0,127
2016,mixed,Fred Zinkie,Jacoby Ellsbury,186,NYY,OF,7,trd,previously_active,,66,17,5,0,7,5,12,3,0.29,0.0,0.348,0,0,0,0,0,0,148
2016,mixed,Fred Zinkie,Max Kepler,3195,Min,OF,8,rel,previously_active,,158,41,25,8,21,3,36,17,0.326,0.0,0.462,0,0,2,0,0,0,112
2016,mixed,Fred Zinkie,Gregor Blanco,84,Ari,OF,8,rel,previously_active,,27,9,7,0,1,0,10,4,0.312,0.0,0.259,0,0,0,0,0,0,75
2016,mixed,Fred Zinkie,Gregory Polanco,4166,Pit,OF,17,trd,previously_active,,112,31,18,7,23,2,20,7,0.294,0.0,0.509,4,0,0,0,0,0,134
2016,mixed,Fred Zinkie,Mitch Haniger,4480,Sea,OF,20,rel,previously_active,,15,4,0,0,1,0,2,1,0.176,0.0,0.133,0,0,0,0,0,0,31
2016,mixed,Fred Zinkie,Christian Yelich,3314,Mia,OF,21,trd,previously_active,,33,11,2,0,4,0,5,3,0.417,0.0,0.455,1,0,0,0,0,0,149
2016,mixed,Fred Zinkie,Ryan Raburn,521,Was,OF,3,rel,previously_active,,11,4,4,1,2,0,5,2,0.5,0.0,0.909,6,0,5,0,0,0,49
2016,mixed,Fred Zinkie,Howie Kendrick,739,Was,OF,2,trd,previously_active,,40,12,5,0,0,0,9,1,0.195,0.0,0.175,1,0,11,32,17,0,94
2016,mixed,Fred Zinkie,Derek Dietrich,3699,Mia,OF,216,trd,previously_active,,18,6,0,0,2,0,4,1,0.35,0.0,0.389,0,0,16,75,13,0,8
2016,mixed,Fred Zinkie,Peter Bourjos,2154,TB,OF,15,rel,previously_active,,24,6,3,1,1,0,5,1,0.36,0.0,0.625,0,0,0,0,0,0,119
2016,mixed,Fred Zinkie,Randal Grichuk,2843,StL,OF,75,trd,previously_active,,12,3,2,1,2,0,6,1,0.308,0.0,0.667,0,0,0,0,0,0,119
2016,mixed,Fred Zinkie,Aaron Altherr,3660,Phi,OF,3,rel,previously_active,,129,33,17,4,19,6,42,10,0.289,0.0,0.341,0,0,0,0,0,0,57
2016,mixed,Fred Zinkie,Jon Jay,2475,ChC,OF,37,rel,previously_active,,65,16,4,0,5,0,18,7,0.333,0.0,0.308,0,0,0,0,0,0,86
2016,mixed,Fred Zinkie,Jason Heyward,1968,ChC,OF,21,trd,previously_active,,142,37,20,1,14,5,32,21,0.329,0.0,0.282,0,0,0,0,0,0,141
2016,mixed,Fred Zinkie,Shin-Soo Choo,405,Tex,OF,15,rel,previously_active,,149,40,22,7,17,5,38,21,0.352,0.0,0.409,4,0,0,0,0,0,43
2016,mixed,Fred Zinkie,Ezequiel Carrera,2982,Tor,OF,5,rel,previously_active,,77,20,11,1,7,2,20,12,0.319,0.0,0.312,2,0,0,0,0,0,100
2016,mixed,Fred Zinkie,Melvin Upton,1476,FA,OF,81,trd,previously_active,,193,49,32,13,30,12,59,6,0.305,0.0,0.518,1,0,0,0,0,0,145
2016,mixed,Fred Zinkie,Leonys Martin,3737,ChC,OF,1,trd,previously_active,,110,28,12,2,6,1,35,8,0.277,0.0,0.3,0,0,0,0,0,0,143
2016,mixed,Fred Zinkie,Seth Smith,465,Bal,OF,15,trd,previously_active,,53,16,8,0,5,0,13,6,0.283,0.0,0.189,12,0,0,0,0,0,109
2016,mixed,Fred Zinkie,Billy Hamilton,3576,Cin,OF,15,dis,previously_active,OF,20,6,4,0,0,5,7,3,0.348,0.0,0.25,0,0,0,0,0,0,115
2016,mixed,Fred Zinkie,Jeff Francoeur,86,Mia,OF,0,rel,previously_active,,25,8,0,0,2,0,13,1,0.154,0.0,0.16,3,0,0,0,1,0,78
2016,mixed,Fred Zinkie,Bobby Wilson,734,LAD,C,0,rel,previously_active,,23,7,3,1,2,0,4,2,0.231,0.0,0.304,0,75,0,0,0,0,0
2016,mixed,Fred Zinkie,Tony Wolters,3637,Col,C,1,rel,previously_active,,6,2,0,0,0,0,2,1,0.143,0.0,0.0,0,59,0,7,0,3,0
2016,mixed,Fred Zinkie,Christian Vazquez,4248,Bos,C,6,rel,previously_active,,38,11,4,0,6,0,7,0,0.211,0.0,0.289,0,56,0,0,0,0,0
2016,mixed,Fred Zinkie,Welington Castillo,2434,Bal,C,8,trd,previously_active,,163,42,17,7,21,2,40,10,0.312,0.0,0.454,1,107,0,0,0,0,0
2016,mixed,Fred Zinkie,Buster Posey,2187,SF,C,30,trd,previously_active,,128,35,17,4,14,1,16,12,0.331,0.0,0.43,5,123,15,0,0,0,0
2016,mixed,Fred Zinkie,Robinson Chirinos,3011,Tex,C,2,rel,previously_active,,83,32,11,7,15,0,28,7,0.269,0.0,0.482,3,54,0,0,0,0,0
2016,mixed,Fred Zinkie,Ryan Zimmerman,1638,Was,UT,0,trd,previously_active,,73,19,13,1,7,0,19,8,0.301,0.0,0.301,1,0,114,0,0,0,0
2016,mixed,Fred Zinkie,Jason Kipnis,2727,Cle,UT,16,trd,previously_active,,12,3,1,1,2,1,3,2,0.5,0.0,0.667,4,0,0,151,0,0,0
2016,mixed,Fred Zinkie,Yoan Moncada,5023,CWS,UT,105,rel,previously_active,,8,4,0,0,0,0,8,0,0.0,0.0,0.0,3,0,0,0,5,0,0
2016,mixed,Fred Zinkie,Jefry Marte,2624,LAA,UT,0,rel,previously_active,,27,9,3,0,3,1,5,5,0.333,0.0,0.185,4,0,29,0,22,0,27
2016,mixed,Fred Zinkie,Jung-ho Kang,5052,Pit,UT,10,rel,previously_active,,159,52,18,7,22,2,43,12,0.309,0.0,0.415,1,0,0,0,92,0,0
2016,mixed,Fred Zinkie,J.D. Martinez,3567,Ari,UT,26,trd,previously_active,,15,4,3,0,0,0,3,1,0.5,0.0,0.667,1,0,0,0,0,0,118
2016,mixed,Fred Zinkie,Justin Turner,2415,LAD,UT,5,res,previously_active,"UT,3B,CI",496,135,70,26,85,4,99,43,0.342,0.0,0.51,2,0,1,0,144,0,0
2016,mixed,Fred Zinkie,Kirk Nieuwenhuis,3095,Mil,UT,6,rel,previously_active,,11,3,0,0,0,0,2,0,0.273,0.0,0.364,0,0,0,0,0,0,109
2016,mixed,Fred Zinkie,Mark Teixeira,81,NYY,CI,9,trd,previously_active,,120,34,14,3,11,1,34,20,0.314,0.0,0.3,4,0,110,0,0,0,0
2016,mixed,Fred Zinkie,Carlos Santana,2181,Cle,CI,16,trd,previously_active,,250,66,41,16,37,2,43,40,0.356,0.0,0.504,92,0,64,0,0,0,0
2016,mixed,Fred Zinkie,Whit Merrifield,4419,KC,MI,5,trd,previously_active,,25,6,4,0,0,2,5,1,0.308,0.0,0.36,0,0,1,65,5,0,16
2016,mixed,Fred Zinkie,Johnny Giavotella,2750,Bal,MI,0,rel,previously_active,,25,6,2,0,1,0,6,1,0.385,0.0,0.48,0,0,0,97,0,0,0
2016,mixed,Fred Zinkie,Robinson Cano,1008,Sea,MI,28,trd,previously_active,,186,46,23,6,19,0,30,15,0.356,0.0,0.446,5,0,0,157,0,0,0
2016,mixed,Fred Zinkie,Jed Lowrie,201,Oak,MI,0,rel,previously_active,,66,18,6,0,7,0,11,6,0.356,0.0,0.364,5,0,0,82,0,2,0
2016,mixed,Fred Zinkie,Troy Tulowitzki,461,Tor,MI,23,trd,previously_active,,24,6,7,3,7,0,4,1,0.407,0.0,0.875,3,0,0,0,0,128,0
2016,mixed,Fred Zinkie,Eduardo Nunez,1033,Bos,MI,40,trd,previously_active,,15,4,1,0,0,1,2,1,0.25,0.0,0.2,5,0,0,6,81,55,0
2016,mixed,Fred Zinkie,Dustin Pedroia,182,Bos,2B,9,res,reserved,"2B,MI",22,5,3,0,2,0,1,2,0.333,0.333,0.364,0,0,0,152,0,0,0
2016,mixed,Fred Zinkie,Xander Bogaerts,3822,Bos,SS,21,res,reserved,"SS,MI",24,6,2,1,1,0,5,2,0.385,0.385,0.583,0,0,0,0,0,157,0
2016,mixed,Fred Zinkie,Billy Hamilton,3576,Cin,OF,15,dis,reserved,OF,0,0,0,0,0,0,0,0,0.0,0.0,0.0,0,0,0,0,0,0,115
2016,mixed,Fred Zinkie,Justin Turner,2415,LAD,UT,5,res,reserved,"UT,3B,CI",60,16,9,1,5,0,8,5,0.313,0.263,0.35,2,0,1,0,144,0,0
2016,mixed,Fred Zinkie,Justin Bour,4965,Mia,1B,6,trd,previously_reserved,,6,4,2,1,3,0,2,2,0.444,0.0,0.833,1,0,82,0,0,0,0
2016,mixed,Fred Zinkie,Chase Utley,1132,LAD,2B,0,rel,previously_reserved,,11,4,0,0,1,0,1,1,0.333,0.0,0.364,0,0,0,134,1,0,0
2016,mixed,Fred Zinkie,Alcides Escobar,850,KC,SS,0,act,previously_reserved,"SS,MI",98,25,8,0,5,5,17,6,0.295,0.0,0.276,0,0,0,0,0,162,0
2016,mixed,Fred Zinkie,Gregory Polanco,4166,Pit,OF,17,trd,previously_reserved,,8,2,1,1,3,0,2,0,0.125,0.0,0.5,4,0,0,0,0,0,134
2016,mixed,Fred Zinkie,Gregor Blanco,84,Ari,OF,8,rel,previously_reserved,,56,21,6,0,4,1,6,7,0.312,0.0,0.286,0,0,0,0,0,0,75
2016,mixed,Fred Zinkie,Max Kepler,3195,Min,OF,8,rel,previously_reserved,,75,21,5,1,7,0,15,7,0.253,0.0,0.253,0,0,2,0,0,0,112
2016,mixed,Fred Zinkie,Derek Dietrich,3699,Mia,OF,216,trd,previously_reserved,,19,5,1,0,1,0,3,1,0.2,0.0,0.158,0,0,16,75,13,0,8
2016,mixed,Fred Zinkie,Howie Kendrick,739,Was,OF,2,trd,previously_reserved,,36,12,5,0,3,0,9,3,0.282,0.0,0.25,1,0,11,32,17,0,94
2016,mixed,Fred Zinkie,Alex Gordon,681,KC,OF,13,trd,previously_reserved,,32,9,3,2,2,0,7,4,0.297,0.0,0.437,0,0,0,0,0,0,126
2016,mixed,Fred Zinkie,Domingo Santana,3213,Mil,OF,95,act,previously_reserved,OF,30,10,6,3,6,2,8,2,0.424,0.0,0.667,0,0,0,0,0,0,67
2016,mixed,Fred Zinkie,Charlie Blackmon,2620,Col,OF,29,trd,previously_reserved,,4,1,1,0,0,0,0,1,0.6,0.0,0.5,0,0,0,0,0,0,138
2016,mixed,Fred Zinkie,Shin-Soo Choo,405,Tex,OF,15,rel,previously_reserved,,17,5,5,0,0,1,6,4,0.5,0.0,0.471,4,0,0,0,0,0,43
2016,mixed,Fred Zinkie,Seth Smith,465,Bal,OF,15,trd,previously_reserved,,24,10,6,2,9,0,7,6,0.455,0.0,0.667,12,0,0,0,0,0,109
2016,mixed,Fred Zinkie,Melvin Upton,1476,FA,OF,81,trd,previously_reserved,,26,6,2,1,3,2,9,1,0.222,0.0,0.385,1,0,0,0,0,0,145
2016,mixed,Fred Zinkie,Ezequiel Carrera,2982,Tor,OF,5,rel,previously_reserved,,8,2,1,0,1,0,2,2,0.3,0.0,0.125,2,0,0,0,0,0,100
2016,mixed,Fred Zinkie,Aaron Altherr,3660,Phi,OF,3,rel,previously_reserved,,51,18,4,0,2,0,22,8,0.29,0.0,0.176,0,0,0,0,0,0,57
2016,mixed,Fred Zinkie,Jose Bautista,1184,Tor,OF,35,act,previously_reserved,OF,4,1,0,0,2,0,1,0,0.2,0.0,0.5,26,0,1,0,0,0,91
2016,mixed,Fred Zinkie,Tony Wolters,3637,Col,C,1,rel,previously_reserved,,33,10,6,2,7,0,10,2,0.4,0.0,0.667,0,59,0,7,0,3,0
2016,mixed,Fred Zinkie,Robinson Chirinos,3011,Tex,C,2,rel,previously_reserved,,8,4,0,0,0,0,3,3,0.273,0.0,0.0,3,54,0,0,0,0,0
2016,mixed,Fred Zinkie,Jefry Marte,2624,LAA,UT,0,rel,previously_reserved,,10,4,1,0,0,0,3,1,0.333,0.0,0.3,4,0,29,0,22,0,27
2016,mixed,Fred Zinkie,Yoan Moncada,5023,CWS,UT,105,rel,previously_reserved,,1,1,0,0,0,0,1,0,0.0,0.0,0.0,3,0,0,0,5,0,0
2016,mixed,Fred Zinkie,J.D. Martinez,3567,Ari,UT,26,trd,previously_reserved,,1,1,1,1,1,0,0,0,1.0,0.0,4.0,1,0,0,0,0,0,118
2016,mixed,Fred Zinkie,Jung-ho Kang,5052,Pit,UT,10,rel,previously_reserved,,52,17,7,3,11,1,12,8,0.361,0.0,0.5,1,0,0,0,92,0,0
2016,mixed,Fred Zinkie,Joe Mauer,889,Min,CI,0,trd,previously_reserved,,73,19,9,5,12,0,20,10,0.357,0.0,0.479,33,0,95,0,0,0,0
2016,mixed,Fred Zinkie,Johnny Giavotella,2750,Bal,MI,0,rel,previously_reserved,,144,38,20,4,11,1,11,5,0.276,0.0,0.403,0,0,0,97,0,0,0
2016,mixed,Fred Zinkie,Jed Lowrie,201,Oak,MI,0,rel,previously_reserved,,272,69,24,2,20,0,54,20,0.304,0.0,0.312,5,0,0,82,0,2,0
2016,mixed,Cory Schwartz,Brandon Belt,3336,SF,1B,11,act,active,"1B,CI",542,156,77,17,82,0,148,104,0.394,0.536,0.474,0,0,151,0,0,0,3
2016,mixed,Cory Schwartz,Jason Kipnis,2727,Cle,2B,16,act,active,"2B,MI",257,68,40,8,31,9,64,28,0.345,0.381,0.451,4,0,0,151,0,0,0
2016,mixed,Cory Schwartz,Corey Seager,4154,LAD,SS,18,act,active,"SS,MI",627,157,105,26,72,3,133,54,0.365,0.158,0.512,0,0,0,0,0,155,0
2016,mixed,Cory Schwartz,Kyle Seager,3774,Sea,3B,22,act,active,"3B,CI",597,158,89,30,99,3,108,69,0.359,0.333,0.499,2,0,0,0,156,0,0
2016,mixed,Cory Schwartz,Charlie Blackmon,2620,Col,OF,29,act,active,OF,235,58,56,17,38,5,41,15,0.411,0.429,0.677,0,0,0,0,0,0,138
2016,mixed,Cory Schwartz,Angel Pagan,959,FA,OF,56,act,active,OF,185,51,20,3,20,6,24,15,0.307,0.462,0.341,0,0,0,0,0,0,127
2016,mixed,Cory Schwartz,Wil Myers,3153,SD,OF,8,act,active,"OF,1B,CI",423,113,75,20,74,22,112,61,0.353,0.296,0.47,0,0,149,0,1,0,10
2016,mixed,Cory Schwartz,Adam Jones,133,Bal,OF,24,act,active,OF,162,40,16,6,14,1,30,10,0.284,0.2,0.364,0,0,0,0,0,0,152
2016,mixed,Cory Schwartz,Kevin Kiermaier,4671,TB,OF,1,act,active,OF,310,87,43,9,27,18,62,30,0.323,0.312,0.381,0,0,0,0,0,0,104
2016,mixed,Cory Schwartz,Jonathan Lucroy,2346,Col,C,17,act,active,"C,1B",297,89,37,15,53,3,60,29,0.343,0.278,0.475,3,126,6,0,0,0,0
2016,mixed,Cory Schwartz,Austin Hedges,4064,SD,C,1,act,active,C,13,4,1,0,0,0,3,0,0.143,0.143,0.154,0,7,0,0,0,0,0
2016,mixed,Cory Schwartz,Freddy Galvis,3005,Phi,UT,14,act,active,"SS,MI",41,11,2,0,0,3,11,0,0.286,0.25,0.317,0,0,0,0,0,156,0
2016,mixed,Cory Schwartz,Jung-ho Kang,5052,Pit,CI,94,act,active,"3B,CI,MI,SS",60,19,9,3,11,0,17,13,0.368,0.136,0.417,1,0,0,0,92,0,0
2016,mixed,Cory Schwartz,Logan Forsythe,2920,LAD,MI,10,act,active,"1B,2B,CI,MI",498,124,74,20,50,6,124,46,0.338,0.167,0.45,7,0,0,118,0,0,0
2016,mixed,Cory Schwartz,Logan Morrison,2111,TB,1B,57,rel,previously_active,,117,32,17,5,15,1,24,12,0.308,0.0,0.41,17,0,83,0,0,0,0
2016,mixed,Cory Schwartz,Nick Franklin,2845,LAA,2B,13,rel,previously_active,,18,6,2,0,0,0,5,1,0.316,0.0,0.333,6,0,9,8,0,5,25
2016,mixed,Cory Schwartz,Rougned Odor,4026,Tex,2B,18,trd,previously_active,,339,83,57,16,46,7,72,7,0.284,0.0,0.475,3,0,0,146,0,0,0
2016,mixed,Cory Schwartz,Brett Lawrie,2186,FA,2B,6,trd,previously_active,,260,71,25,7,26,5,87,26,0.311,0.0,0.381,2,0,0,92,0,0,0
2016,mixed,Cory Schwartz,Kolten Wong,3771,StL,2B,88,rel,previously_active,,16,6,0,0,0,0,1,1,0.167,0.0,0.062,0,0,0,88,0,0,17
2016,mixed,Cory Schwartz,Josh Harrison,3747,Pit,2B,6,trd,previously_active,,199,56,20,2,24,9,31,6,0.271,0.0,0.342,0,0,0,128,0,0,1
2016,mixed,Cory Schwartz,Addison Russell,4162,ChC,SS,11,trd,previously_active,,198,56,23,4,32,2,59,23,0.317,0.0,0.354,0,0,0,0,0,148,0
2016,mixed,Cory Schwartz,Didi Gregorius,3599,NYY,SS,48,res,previously_active,"SS,MI",250,64,36,9,28,3,45,6,0.293,0.0,0.468,0,0,0,0,0,153,0
2016,mixed,Cory Schwartz,Chase Headley,1252,NYY,3B,0,res,previously_active,"3B,CI",195,56,27,6,20,2,60,19,0.35,0.0,0.426,1,0,0,0,140,0,0
2016,mixed,Cory Schwartz,Melvin Upton,1476,FA,OF,81,res,previously_active,OF,167,58,16,4,19,8,55,24,0.294,0.0,0.293,1,0,0,0,0,0,145
2016,mixed,Cory Schwartz,Jake Smolinski,4544,Oak,OF,22,trd,previously_active,,36,11,2,0,0,0,7,2,0.225,0.0,0.167,1,0,0,0,0,0,93
2016,mixed,Cory Schwartz,Giancarlo Stanton,2378,Mia,OF,39,rel,previously_active,,381,103,52,25,70,0,131,45,0.329,0.0,0.496,2,0,0,0,0,0,106
2016,mixed,Cory Schwartz,Kole Calhoun,3983,LAA,OF,18,trd,previously_active,,257,68,42,9,38,1,54,29,0.363,0.0,0.455,2,0,0,0,0,0,154
2016,mixed,Cory Schwartz,Kevin Pillar,4578,Tor,OF,10,trd,previously_active,,96,25,10,1,7,2,15,2,0.307,0.0,0.375,0,0,0,0,0,0,146
2016,mixed,Cory Schwartz,Ben Revere,2085,LAA,OF,8,trd,previously_active,,2,1,0,0,0,0,1,0,0.0,0.0,0.0,0,0,0,0,0,0,87
2016,mixed,Cory Schwartz,Gregory Polanco,4166,Pit,OF,17,trd,previously_active,,56,16,6,3,11,0,16,3,0.295,0.0,0.446,4,0,0,0,0,0,134
2016,mixed,Cory Schwartz,Josh Reddick,2163,Hou,OF,5,trd,previously_active,,17,6,3,0,2,0,3,5,0.455,0.0,0.294,2,0,0,0,0,0,110
2016,mixed,Cory Schwartz,Daniel Nava,3308,Phi,OF,0,rel,previously_active,,3,3,1,0,0,0,0,0,0.333,0.0,0.333,1,0,6,0,0,0,37
2016,mixed,Cory Schwartz,Robbie Grossman,2699,Min,OF,32,rel,previously_active,,166,49,25,4,14,1,53,35,0.386,0.0,0.392,18,0,0,0,0,0,75
2016,mixed,Cory Schwartz,J.T. Realmuto,4028,Mia,C,5,trd,previously_active,,183,51,18,2,15,3,30,8,0.33,0.0,0.399,2,129,0,0,0,0,0
2016,mixed,Cory Schwartz,Derek Norris,2623,TB,C,4,res,previously_active,"C,CI,1B",350,106,45,13,37,5,110,28,0.255,0.0,0.346,0,116,3,0,0,0,0
2016,mixed,Cory Schwartz,Martin Maldonado,2347,LAA,C,0,rel,previously_active,,56,20,4,1,5,0,14,7,0.288,0.0,0.321,0,69,0,0,0,0,0
2016,mixed,Cory Schwartz,Justin Bour,4965,Mia,UT,6,trd,previously_active,,4,1,0,0,0,0,0,0,0.0,0.0,0.0,1,0,82,0,0,0,0
2016,mixed,Cory Schwartz,Didi Gregorius,3599,NYY,SS,48,res,reserved,"SS,MI",85,24,8,5,12,1,11,4,0.311,0.273,0.494,0,0,0,0,0,153,0
2016,mixed,Cory Schwartz,Chase Headley,1252,NYY,3B,0,res,reserved,"3B,CI",208,64,29,8,29,3,43,22,0.329,0.364,0.413,1,0,0,0,140,0,0
2016,mixed,Cory Schwartz,Melvin Upton,1476,FA,OF,81,res,reserved,OF,61,23,7,0,4,2,22,3,0.231,0.143,0.279,1,0,0,0,0,0,145
2016,mixed,Cory Schwartz,Derek Norris,2623,TB,C,4,res,reserved,"C,CI,1B",36,10,2,0,1,2,14,4,0.25,0.333,0.167,0,116,3,0,0,0,0
2016,mixed,Cory Schwartz,Logan Morrison,2111,TB,1B,57,rel,previously_reserved,,31,8,4,2,5,0,4,0,0.29,0.0,0.516,17,0,83,0,0,0,0
2016,mixed,Cory Schwartz,Josh Harrison,3747,Pit,2B,6,trd,previously_reserved,,18,6,3,0,1,0,4,0,0.222,0.0,0.5,0,0,0,128,0,0,1
2016,mixed,Cory Schwartz,Kolten Wong,3771,StL,2B,88,rel,previously_reserved,,13,5,1,0,0,0,3,1,0.214,0.0,0.154,0,0,0,88,0,0,17
2016,mixed,Cory Schwartz,Rougned Odor,4026,Tex,2B,18,trd,previously_reserved,,7,2,2,0,0,0,1,1,0.5,0.0,0.571,3,0,0,146,0,0,0
2016,mixed,Cory Schwartz,Brett Lawrie,2186,FA,2B,6,trd,previously_reserved,,91,23,10,5,10,2,22,4,0.305,0.0,0.505,2,0,0,92,0,0,0
2016,mixed,Cory Schwartz,Nick Franklin,2845,LAA,2B,13,rel,previously_reserved,,37,11,4,1,2,0,8,2,0.275,0.0,0.324,6,0,9,8,0,5,25
2016,mixed,Cory Schwartz,Addison Russell,4162,ChC,SS,11,trd,previously_reserved,,18,6,3,2,5,0,9,7,0.44,0.0,0.556,0,0,0,0,0,148,0
2016,mixed,Cory Schwartz,Robbie Grossman,2699,Min,OF,32,rel,previously_reserved,,80,25,13,4,11,0,22,8,0.36,0.0,0.5,18,0,0,0,0,0,75
2016,mixed,Cory Schwartz,Daniel Nava,3308,Phi,OF,0,rel,previously_reserved,,20,8,2,0,1,0,5,0,0.273,0.0,0.2,1,0,6,0,0,0,37
2016,mixed,Cory Schwartz,Angel Pagan,959,FA,OF,56,act,previously_reserved,OF,57,15,9,2,5,0,5,7,0.281,0.0,0.351,0,0,0,0,0,0,127
2016,mixed,Cory Schwartz,Wil Myers,3153,SD,OF,8,act,previously_reserved,"OF,1B,CI",24,6,2,1,3,2,8,0,0.24,0.0,0.333,0,0,149,0,1,0,10
2016,mixed,Cory Schwartz,Kevin Kiermaier,4671,TB,OF,1,act,previously_reserved,OF,56,18,12,3,10,3,12,10,0.373,0.0,0.571,0,0,0,0,0,0,104
2016,mixed,Cory Schwartz,Ben Revere,2085,LAA,OF,8,trd,previously_reserved,,15,3,2,0,0,0,3,2,0.294,0.0,0.4,0,0,0,0,0,0,87
2016,mixed,Cory Schwartz,Gerardo Parra,2000,Col,OF,11,rel,previously_reserved,,69,20,4,0,5,0,17,3,0.26,0.0,0.275,0,0,19,0,0,0,79
2016,mixed,Cory Schwartz,Jake Smolinski,4544,Oak,OF,22,trd,previously_reserved,,20,6,1,0,1,0,2,3,0.304,0.0,0.2,1,0,0,0,0,0,93
2016,mixed,Cory Schwartz,Justin Bour,4965,Mia,UT,6,trd,previously_reserved,,16,5,3,2,3,0,2,3,0.368,0.0,0.625,1,0,82,0,0,0,0
2016,mixed,Cory Schwartz,Logan Forsythe,2920,LAD,MI,10,act,previously_reserved,"1B,2B,CI,MI",13,3,2,0,2,0,3,0,0.154,0.0,0.231,7,0,0,118,0,0,0
2016,mixed,Joe Pisapia,Anthony Rizzo,3156,ChC,1B,39,act,active,"1B,CI",583,155,94,32,109,3,108,74,0.385,0.333,0.544,0,0,154,1,0,0,0
2016,mixed,Joe Pisapia,Starlin Castro,2724,NYY,2B,7,act,active,"UT,2B,SS,MI",577,151,63,21,70,4,118,24,0.3,0.176,0.433,0,0,0,150,0,3,0
2016,mixed,Joe Pisapia,Manny Machado,3216,Bal,SS,42,act,active,"3B,CI,SS",640,157,105,37,96,0,120,48,0.343,0.12,0.533,0,0,0,0,114,45,0
2016,mixed,Joe Pisapia,Jake Lamb,4537,Ari,3B,0,act,active,"3B,CI",523,151,81,29,91,6,154,64,0.332,0.429,0.509,0,0,0,0,142,0,0
2016,mixed,Joe Pisapia,Michael Saunders,2161,Tor,OF,2,act,active,OF,467,134,66,21,53,1,150,56,0.337,0.25,0.467,9,0,0,0,0,0,128
2016,mixed,Joe Pisapia,Ian Desmond,1671,Col,OF,13,act,active,"OF,MI,SS",625,156,107,22,86,21,160,44,0.335,0.316,0.446,0,0,0,0,0,0,156
2016,mixed,Joe Pisapia,Jacoby Ellsbury,186,NYY,OF,7,act,active,OF,481,129,64,9,49,15,72,51,0.335,0.56,0.378,0,0,0,0,0,0,148
2016,mixed,Joe Pisapia,Marcell Ozuna,3280,Mia,OF,7,act,active,OF,557,148,75,23,76,0,115,43,0.321,0.278,0.452,0,0,0,0,0,0,142
2016,mixed,Joe Pisapia,Jackie Bradley,3595,Bos,OF,1,act,active,OF,547,153,93,26,86,8,141,62,0.351,0.261,0.49,0,0,0,0,0,0,156
2016,mixed,Joe Pisapia,Nick Hundley,1268,SF,C,2,act,active,C,289,83,30,10,48,0,65,25,0.32,0.429,0.439,0,79,0,0,0,0,0
2016,mixed,Joe Pisapia,Yadier Molina,1404,StL,C,2,act,active,C,534,147,56,8,58,3,63,39,0.36,0.448,0.427,0,146,2,0,0,0,0
2016,mixed,Joe Pisapia,Hunter Pence,639,SF,UT,18,act,active,OF,366,98,53,11,53,1,89,39,0.355,0.333,0.44,0,0,0,0,0,0,102
2016,mixed,Joe Pisapia,Kendrys Morales,741,Tor,CI,4,act,active,"1B,OF",492,135,54,26,83,0,104,39,0.324,0.19,0.467,138,0,7,0,0,0,5
2016,mixed,Joe Pisapia,Tim Anderson,4591,CWS,MI,484,act,active,"UT,SS",330,78,46,8,27,8,95,10,0.312,0.375,0.455,0,0,0,0,0,98,0
2016,mixed,Joe Pisapia,Charlie Blackmon,2620,Col,OF,29,trd,previously_active,,27,8,6,0,3,1,2,2,0.241,0.0,0.333,0,0,0,0,0,0,138
2016,mixed,Joe Pisapia,Max Kepler,3195,Min,OF,8,trd,previously_active,,20,6,3,1,4,1,7,3,0.333,0.0,0.45,0,0,2,0,0,0,112
2016,mixed,Joe Pisapia,Cameron Maybin,573,Hou,UT,0,rel,previously_active,,213,58,38,1,24,9,37,23,0.372,0.0,0.366,1,0,0,0,0,0,91
2016,mixed,Joe Pisapia,Desmond Jennings,2005,FA,UT,0,rel,previously_active,,19,8,2,0,1,0,5,3,0.13,0.0,0.0,2,0,0,0,0,0,62
2016,mixed,Joe Pisapia,Jake Marisnick,3197,Hou,UT,22,rel,previously_active,,12,4,1,0,0,0,4,1,0.231,0.0,0.167,5,0,0,0,0,0,105
2016,mixed,Joe Pisapia,Asdrubal Cabrera,400,NYM,MI,1,res,previously_active,"SS,MI",248,69,25,6,23,0,55,17,0.322,0.0,0.383,0,0,0,0,0,135,0
2016,mixed,Joe Pisapia,Chris Herrmann,3487,Ari,C,12,res,reserved,"C,OF",42,16,3,0,5,1,10,3,0.333,0.0,0.357,0,31,2,0,0,0,9
2016,mixed,Joe Pisapia,Asdrubal Cabrera,400,NYM,MI,1,res,reserved,"SS,MI",273,72,40,17,39,5,48,21,0.349,0.346,0.557,0,0,0,0,0,135,0
2016,mixed,Joe Pisapia,Michael Saunders,2161,Tor,OF,2,act,previously_reserved,OF,23,6,4,3,4,0,7,3,0.346,0.0,0.696,9,0,0,0,0,0,128
2016,mixed,Joe Pisapia,Max Kepler,3195,Min,OF,8,trd,previously_reserved,,49,13,8,5,20,0,12,7,0.316,0.0,0.571,0,0,2,0,0,0,112
2016,mixed,Joe Pisapia,Jacoby Ellsbury,186,NYY,OF,7,act,previously_reserved,OF,4,2,2,0,0,0,0,0,0.25,0.0,0.25,0,0,0,0,0,0,148
2016,mixed,Joe Pisapia,Jackie Bradley,3595,Bos,OF,1,act,previously_reserved,OF,11,3,1,0,1,1,2,1,0.25,0.0,0.273,0,0,0,0,0,0,156
2016,mixed,Joe Pisapia,Hunter Pence,639,SF,UT,18,act,previously_reserved,OF,29,8,5,2,4,0,6,4,0.394,0.0,0.586,0,0,0,0,0,0,102
2016,mixed,Joe Pisapia,Cameron Maybin,573,Hou,UT,0,rel,previously_reserved,,42,12,8,2,12,5,9,6,0.542,0.0,0.667,1,0,0,0,0,0,91
2016,mixed,Joe Pisapia,Desmond Jennings,2005,FA,UT,0,rel,previously_reserved,,104,34,10,3,10,2,31,6,0.259,0.0,0.317,2,0,0,0,0,0,62
2016,mixed,Joe Pisapia,Peter O'Brien,4794,LAD,UT,0,trd,previously_reserved,,29,8,3,3,7,0,12,0,0.138,0.0,0.448,0,0,1,0,0,0,16
2016,mixed,Joe Pisapia,Hector Olivera,5202,FA,CI,1,rel,previously_reserved,,19,6,2,0,2,0,5,1,0.238,0.0,0.263,0,0,0,0,0,0,5
2016,mixed,Joe Pisapia,Kendrys Morales,741,Tor,CI,4,act,previously_reserved,"1B,OF",66,19,11,4,10,0,16,9,0.347,0.0,0.47,138,0,7,0,0,0,5
2016,mixed,Joe Pisapia,Tim Anderson,4591,CWS,MI,484,act,previously_reserved,"UT,SS",71,18,10,1,3,2,20,3,0.289,0.0,0.338,0,0,0,0,0,98,0
2016,mixed,Bret Sayre,Chris Carter,2028,Oak,1B,6,act,active,"1B,CI",549,160,84,41,94,3,206,76,0.321,0.407,0.499,2,0,155,0,0,0,0
2016,mixed,Bret Sayre,Ben Zobrist,1470,ChC,2B,10,act,active,"2B,OF,MI",523,147,94,18,76,6,82,96,0.386,0.421,0.446,0,0,1,119,0,1,46
2016,mixed,Bret Sayre,Alex Bregman,4907,Hou,SS,5,act,active,"3B,SS",201,49,31,8,34,2,52,15,0.313,0.4,0.478,3,0,0,3,40,6,1
2016,mixed,Bret Sayre,Yulieski Gurriel,2160,Hou,3B,2,act,active,"1B,3B",128,35,13,3,15,1,12,4,0.284,0.353,0.383,7,0,5,0,21,0,1
2016,mixed,Bret Sayre,Lorenzo Cain,2002,KC,OF,23,act,active,OF,391,101,55,9,56,13,84,30,0.34,0.0,0.414,0,0,0,0,0,0,101
2016,mixed,Bret Sayre,Andrew McCutchen,1222,Pit,OF,38,act,active,OF,598,153,81,24,79,6,143,69,0.336,0.25,0.43,0,0,0,0,0,0,151
2016,mixed,Bret Sayre,Mike Trout,2844,LAA,OF,46,act,active,OF,549,159,123,29,100,30,137,116,0.441,0.52,0.55,11,0,0,0,0,0,148
2016,mixed,Bret Sayre,David Dahl,4049,Col,OF,92,act,active,OF,222,63,42,7,24,5,59,15,0.359,0.375,0.5,0,0,0,0,0,0,59
2016,mixed,Bret Sayre,Rajai Davis,1311,Bos,OF,0,act,active,OF,354,104,64,10,37,35,78,28,0.321,0.2,0.404,1,0,0,0,0,0,128
2016,mixed,Bret Sayre,Brian McCann,73,Hou,C,18,act,active,C,429,130,56,20,58,1,99,54,0.335,0.368,0.413,31,92,3,0,0,0,0
2016,mixed,Bret Sayre,Travis D'Arnaud,2621,NYM,C,10,act,active,C,251,75,27,4,15,0,50,19,0.307,0.333,0.323,0,73,0,0,0,0,0
2016,mixed,Bret Sayre,David Ortiz,190,Bos,UT,17,act,active,UT,537,151,79,38,127,2,86,80,0.401,0.261,0.62,140,0,1,0,0,0,0
2016,mixed,Bret Sayre,Mike Napoli,733,Tex,CI,5,act,active,"1B,CI",557,150,92,34,101,5,194,78,0.335,0.263,0.465,51,0,98,0,0,0,0
2016,mixed,Bret Sayre,Danny Espinosa,2765,TB,MI,32,act,active,"2B,CI,MI,3B,SS",201,64,28,10,36,5,78,22,0.309,0.261,0.388,0,0,0,0,0,157,0
2016,mixed,Bret Sayre,Neil Walker,1221,Mil,2B,6,rel,previously_active,,390,107,54,22,50,2,84,40,0.334,0.0,0.456,0,0,0,111,0,0,0
2016,mixed,Bret Sayre,Chris Owings,3271,Ari,SS,61,rel,previously_active,,132,41,14,1,15,4,31,11,0.329,0.0,0.364,0,0,0,1,0,70,49
2016,mixed,Bret Sayre,Jordy Mercer,3871,Pit,SS,1,rel,previously_active,,42,12,5,0,2,0,5,8,0.4,0.0,0.333,0,0,0,0,0,146,0
2016,mixed,Bret Sayre,Jimmy Rollins,1131,FA,SS,1,rel,previously_active,,51,13,6,1,3,0,6,5,0.298,0.0,0.373,4,0,0,0,0,35,0
2016,mixed,Bret Sayre,Danny Valencia,2398,Sea,3B,7,res,previously_active,"3B,OF,CI,1B",349,95,52,15,43,0,84,26,0.352,0.0,0.481,6,0,18,0,68,0,38
2016,mixed,Bret Sayre,Aaron Hill,1578,FA,3B,0,rel,previously_active,,122,35,18,5,18,1,23,12,0.353,0.0,0.459,1,0,0,24,103,0,0
2016,mixed,Bret Sayre,Clint Robinson,3397,Was,OF,5,rel,previously_active,,15,3,2,0,1,0,2,0,0.2,0.0,0.2,1,0,46,0,0,0,3
2016,mixed,Bret Sayre,Billy Hamilton,3576,Cin,OF,15,trd,previously_active,,226,71,36,3,11,22,48,15,0.288,0.0,0.358,0,0,0,0,0,0,115
2016,mixed,Bret Sayre,Rene Rivera,818,ChC,C,0,rel,previously_active,,19,6,0,0,3,0,5,1,0.238,0.0,0.263,1,59,1,0,0,0,0
2016,mixed,Bret Sayre,Kevin Plawecki,4517,NYM,C,73,rel,previously_active,,70,22,4,1,5,0,15,9,0.3,0.0,0.314,0,45,0,0,0,0,0
2016,mixed,Bret Sayre,J.J. Hardy,853,Bal,MI,8,rel,previously_active,,63,18,6,0,6,0,9,5,0.333,0.0,0.333,0,0,0,0,0,115,0
2016,mixed,Bret Sayre,Danny Valencia,2398,Sea,3B,7,res,reserved,"3B,OF,CI,1B",122,35,20,2,8,1,31,15,0.331,0.263,0.344,6,0,18,0,68,0,38
2016,mixed,Bret Sayre,Pablo Sandoval,2182,SF,3B,0,dis,reserved,"CI,3B",6,3,0,0,0,0,4,1,0.143,0.0,0.0,0,0,0,0,2,0,0
2016,mixed,Bret Sayre,Neil Walker,1221,Mil,2B,6,rel,previously_reserved,,22,6,3,1,5,1,0,2,0.583,0.0,0.818,0,0,0,111,0,0,0
2016,mixed,Bret Sayre,Jordy Mercer,3871,Pit,SS,1,rel,previously_reserved,,16,5,0,0,1,0,1,3,0.263,0.0,0.125,0,0,0,0,0,146,0
2016,mixed,Bret Sayre,Chris Owings,3271,Ari,SS,61,rel,previously_reserved,,76,21,10,1,7,5,13,4,0.287,0.0,0.421,0,0,0,1,0,70,49
2016,mixed,Bret Sayre,Aaron Hill,1578,FA,3B,0,rel,previously_reserved,,139,44,16,2,9,2,21,19,0.356,0.0,0.338,1,0,0,24,103,0,0
2016,mixed,Bret Sayre,Yulieski Gurriel,2160,Hou,3B,2,act,previously_reserved,"1B,3B",2,1,0,0,0,0,0,1,0.667,0.0,0.5,7,0,5,0,21,0,1
2016,mixed,Bret Sayre,Lorenzo Cain,2002,KC,OF,23,act,previously_reserved,OF,6,2,1,0,0,1,0,1,0.25,0.0,0.0,0,0,0,0,0,0,101
2016,mixed,Bret Sayre,Billy Hamilton,3576,Cin,OF,15,trd,previously_reserved,,11,3,1,0,1,0,6,0,0.182,0.0,0.182,0,0,0,0,0,0,115
2016,mixed,Bret Sayre,Danny Espinosa,2765,TB,MI,32,act,previously_reserved,"2B,CI,MI,3B,SS",115,32,13,3,10,2,42,14,0.305,0.0,0.304,0,0,0,0,0,157,0
2016,mixed,Bret Sayre,J.J. Hardy,853,Bal,MI,8,rel,previously_reserved,,83,22,6,0,6,0,11,3,0.256,0.0,0.289,0,0,0,0,0,115,0
2016,mixed,Scott Pianowski,Eric Hosmer,2563,KC,1B,20,act,active,"1B,CI",605,158,80,25,104,5,132,57,0.328,0.294,0.433,4,0,154,0,0,0,0
2016,mixed,Scott Pianowski,Rougned Odor,4026,Tex,2B,18,act,active,"2B,MI",182,46,23,12,32,4,43,9,0.29,0.222,0.511,3,0,0,146,0,0,0
2016,mixed,Scott Pianowski,Jean Segura,3177,Sea,SS,3,act,active,"UT,SS,2B,MI",358,87,67,15,35,25,57,28,0.388,0.519,0.55,0,0,0,142,0,23,0
2016,mixed,Scott Pianowski,Daniel Murphy,2100,Was,3B,8,act,active,"1B,2B,MI,CI,3B",531,142,88,25,104,5,57,35,0.39,0.0,0.595,1,0,21,117,1,0,0
2016,mixed,Scott Pianowski,Adam Eaton,3588,Was,OF,19,act,active,OF,619,157,91,14,59,14,115,63,0.362,0.391,0.428,1,0,0,0,0,0,156
2016,mixed,Scott Pianowski,Kole Calhoun,3983,LAA,OF,18,act,active,OF,337,89,49,9,37,1,64,38,0.337,0.5,0.424,2,0,0,0,0,0,154
2016,mixed,Scott Pianowski,Hernan Perez,3855,Mil,OF,13,act,active,"2B,3B,OF,MI,1B,CI",213,56,27,6,23,16,47,10,0.293,0.385,0.413,0,0,6,11,60,3,46
2016,mixed,Scott Pianowski,Josh Reddick,2163,Hou,OF,5,act,active,OF,256,76,37,6,20,6,33,22,0.327,0.3,0.391,2,0,0,0,0,0,110
2016,mixed,Scott Pianowski,Alex Gordon,681,KC,OF,13,act,active,OF,193,56,24,5,17,5,68,21,0.276,0.158,0.326,0,0,0,0,0,0,126
2016,mixed,Scott Pianowski,Buster Posey,2187,SF,C,30,act,active,"C,1B,CI",411,111,65,10,66,5,52,52,0.371,0.429,0.436,5,123,15,0,0,0,0
2016,mixed,Scott Pianowski,Kurt Suzuki,1063,Atl,C,22,act,active,C,219,66,26,6,34,0,24,12,0.315,0.0,0.447,4,99,0,0,0,0,0
2016,mixed,Scott Pianowski,Lonnie Chisenhall,2627,Cle,UT,82,act,active,"OF,3B,CI",79,29,7,0,9,0,15,5,0.299,0.158,0.354,0,0,3,0,1,0,119
2016,mixed,Scott Pianowski,Cheslor Cuthbert,3614,KC,CI,22,act,active,"UT,3B,CI",308,83,30,4,25,1,56,24,0.32,0.222,0.386,0,0,0,0,127,0,0
2016,mixed,Scott Pianowski,Cesar Hernandez,3413,Phi,MI,15,act,active,"2B,MI",225,60,37,4,15,8,51,46,0.427,0.417,0.422,0,0,0,149,0,4,0
2016,mixed,Scott Pianowski,Xander Bogaerts,3822,Bos,SS,21,trd,previously_active,,284,67,55,9,46,10,46,23,0.401,0.0,0.518,0,0,0,0,0,157,0
2016,mixed,Scott Pianowski,Travis Shaw,4819,Mil,3B,149,res,previously_active,"1B,3B,CI",276,77,41,8,38,3,75,26,0.331,0.0,0.446,2,0,50,0,105,0,1
2016,mixed,Scott Pianowski,Josh Donaldson,2107,Tor,3B,39,trd,previously_active,,151,39,34,9,21,3,36,23,0.364,0.0,0.51,19,0,0,0,136,0,0
2016,mixed,Scott Pianowski,Rajai Davis,1311,Bos,OF,0,rel,previously_active,,12,6,1,1,6,0,0,1,0.462,0.0,0.833,1,0,0,0,0,0,128
2016,mixed,Scott Pianowski,Jon Jay,2475,ChC,OF,85,rel,previously_active,,49,13,7,0,5,0,11,2,0.34,0.0,0.408,0,0,0,0,0,0,86
2016,mixed,Scott Pianowski,Ichiro Suzuki,1368,Mia,OF,0,res,previously_active,OF,36,13,2,0,0,1,7,2,0.237,0.0,0.306,3,0,0,0,0,0,78
2016,mixed,Scott Pianowski,Daniel Descalso,2899,Ari,OF,6,rel,previously_active,,36,12,5,1,4,0,9,5,0.238,0.0,0.306,4,0,16,14,4,31,7
2016,mixed,Scott Pianowski,Khris Davis,4217,Oak,OF,5,trd,previously_active,,337,92,48,23,58,1,98,17,0.302,0.0,0.513,53,0,0,0,0,0,93
2016,mixed,Scott Pianowski,Michael Taylor,4060,Was,OF,45,rel,previously_active,,14,4,1,0,0,0,8,0,0.143,0.0,0.214,0,0,0,0,0,0,69
2016,mixed,Scott Pianowski,Gerardo Parra,2000,Col,OF,10,rel,previously_active,,218,57,27,4,25,4,33,3,0.266,0.0,0.413,0,0,19,0,0,0,79
2016,mixed,Scott Pianowski,Wil Myers,3153,SD,OF,8,trd,previously_active,,128,32,18,5,11,3,34,5,0.276,0.0,0.414,0,0,149,0,1,0,10
2016,mixed,Scott Pianowski,J.D. Martinez,3567,Ari,OF,26,trd,previously_active,,252,65,36,12,39,1,69,27,0.358,0.0,0.52,1,0,0,0,0,0,118
2016,mixed,Scott Pianowski,Travis Jankowski,4479,SD,OF,25,rel,previously_active,,2,1,1,0,0,0,1,0,0.0,0.0,0.0,0,0,0,0,0,0,114
2016,mixed,Scott Pianowski,Jeremy Hazelbaker,3697,Ari,OF,15,rel,previously_active,,35,12,4,2,6,0,11,1,0.243,0.0,0.514,0,0,0,0,0,0,73
2016,mixed,Scott Pianowski,Danny Santana,4232,Atl,OF,45,rel,previously_active,,57,17,8,1,6,3,15,5,0.258,0.0,0.281,3,0,0,3,1,3,61
2016,mixed,Scott Pianowski,Robinson Chirinos,3011,Tex,C,2,trd,previously_active,,15,5,1,1,2,0,5,0,0.312,0.0,0.6,3,54,0,0,0,0,0
2016,mixed,Scott Pianowski,Bryan Holaday,3481,Det,C,50,rel,previously_active,,21,7,3,0,2,0,5,1,0.333,0.0,0.238,1,40,0,0,1,0,1
2016,mixed,Scott Pianowski,Francisco Cervelli,1004,Pit,C,6,trd,previously_active,,167,49,19,0,21,3,35,30,0.373,0.0,0.293,1,95,2,0,0,0,0
2016,mixed,Scott Pianowski,Alex Presley,3365,Det,UT,31,rel,previously_active,,21,6,2,0,1,0,6,3,0.333,0.0,0.238,0,0,0,0,0,0,30
2016,mixed,Scott Pianowski,Jace Peterson,4427,Atl,UT,7,trd,previously_active,,19,7,1,1,2,0,5,4,0.304,0.0,0.316,0,0,0,87,1,0,16
2016,mixed,Scott Pianowski,A.J. Reed,5091,Hou,UT,7,res,previously_active,1B,22,9,1,0,0,0,8,4,0.231,0.0,0.091,9,0,35,0,0,0,0
2016,mixed,Scott Pianowski,Colby Rasmus,1436,TB,UT,1,res,previously_active,OF,139,35,7,1,16,2,44,11,0.25,0.0,0.252,2,0,0,0,0,0,103
2016,mixed,Scott Pianowski,Steven Moya,4552,Det,UT,15,rel,previously_active,,44,14,7,4,8,0,21,4,0.265,0.0,0.5,3,0,0,0,0,0,26
2016,mixed,Scott Pianowski,Alex Rodriguez,1012,FA,UT,2,rel,previously_active,,81,22,4,1,11,1,23,2,0.267,0.0,0.333,57,0,0,0,1,0,0
2016,mixed,Scott Pianowski,Joe Mauer,889,Min,UT,0,trd,previously_active,,42,13,2,0,4,0,10,9,0.333,0.0,0.238,33,0,95,0,0,0,0
2016,mixed,Scott Pianowski,Trevor Brown,5455,SF,UT,1,rel,previously_active,,31,13,3,1,2,0,8,3,0.353,0.0,0.419,2,60,0,0,1,0,0
2016,mixed,Scott Pianowski,Dae-Ho Lee,5623,FA,CI,67,rel,previously_active,,13,5,3,2,4,0,7,1,0.286,0.0,0.692,7,0,84,0,0,0,0
2016,mixed,Scott Pianowski,Mike Moustakas,2004,KC,CI,13,trd,previously_active,,46,11,6,4,5,0,6,4,0.28,0.0,0.522,0,0,0,0,26,0,0
2016,mixed,Scott Pianowski,Justin Bour,4965,Mia,CI,6,dis,previously_active,"1B,CI",97,31,18,8,24,0,19,15,0.375,0.0,0.577,1,0,82,0,0,0,0
2016,mixed,Scott Pianowski,Jonathan Schoop,4005,Bal,MI,6,trd,previously_active,,66,19,5,3,7,0,15,3,0.232,0.0,0.348,0,0,0,162,0,0,0
2016,mixed,Scott Pianowski,Marwin Gonzalez,3884,Hou,MI,54,rel,previously_active,,28,11,4,1,1,0,9,0,0.143,0.0,0.25,3,0,92,14,22,11,19
2016,mixed,Scott Pianowski,Kolten Wong,3771,StL,MI,12,trd,previously_active,,35,10,6,0,2,0,7,2,0.25,0.0,0.2,0,0,0,88,0,0,17
2016,mixed,Scott Pianowski,Alexei Ramirez,236,TB,MI,0,rel,previously_active,,190,52,18,2,21,3,24,9,0.285,0.0,0.368,1,0,0,1,0,127,3
2016,mixed,Scott Pianowski,Travis Shaw,4819,Mil,3B,149,res,reserved,"1B,3B,CI",204,68,22,8,33,2,58,17,0.271,0.0,0.387,2,0,50,0,105,0,1
2016,mixed,Scott Pianowski,Ichiro Suzuki,1368,Mia,OF,0,res,reserved,OF,110,47,18,1,10,1,17,5,0.288,0.4,0.373,3,0,0,0,0,0,78
2016,mixed,Scott Pianowski,Colby Rasmus,1436,TB,UT,1,res,reserved,OF,172,53,20,7,20,1,60,16,0.254,0.0,0.32,2,0,0,0,0,0,103
2016,mixed,Scott Pianowski,A.J. Reed,5091,Hou,UT,7,res,reserved,1B,8,4,0,0,0,0,4,0,0.0,0.0,0.0,9,0,35,0,0,0,0
2016,mixed,Scott Pianowski,Justin Bour,4965,Mia,CI,6,dis,reserved,"1B,CI",81,27,6,1,9,0,13,11,0.333,0.625,0.333,1,0,82,0,0,0,0
2016,mixed,Scott Pianowski,Chase Headley,1252,NYY,3B,0,trd,previously_reserved,,47,15,2,0,2,3,12,10,0.293,0.0,0.149,1,0,0,0,140,0,0
2016,mixed,Scott Pianowski,Khris Davis,4217,Oak,OF,5,trd,previously_reserved,,72,17,10,7,17,0,16,1,0.253,0.0,0.528,53,0,0,0,0,0,93
2016,mixed,Scott Pianowski,Jon Jay,2475,ChC,OF,85,rel,previously_reserved,,20,6,3,0,1,0,4,1,0.286,0.0,0.3,0,0,0,0,0,0,86
2016,mixed,Scott Pianowski,Alex Gordon,681,KC,OF,13,act,previously_reserved,OF,44,12,13,5,8,0,12,7,0.471,0.0,0.795,0,0,0,0,0,0,126
2016,mixed,Scott Pianowski,Josh Reddick,2163,Hou,OF,5,act,previously_reserved,OF,9,2,0,0,0,0,1,1,0.2,0.0,0.111,2,0,0,0,0,0,110
2016,mixed,Scott Pianowski,Jeremy Hazelbaker,3697,Ari,OF,15,rel,previously_reserved,,14,6,3,1,3,0,7,2,0.5,0.0,0.857,0,0,0,0,0,0,73
2016,mixed,Scott Pianowski,Danny Santana,4232,Atl,OF,45,rel,previously_reserved,,38,11,5,0,4,4,8,0,0.282,0.0,0.395,3,0,0,3,1,3,61
2016,mixed,Scott Pianowski,Gerardo Parra,2000,Col,OF,10,rel,previously_reserved,,25,6,5,1,2,2,7,1,0.346,0.0,0.52,0,0,19,0,0,0,79
2016,mixed,Scott Pianowski,Wil Myers,3153,SD,OF,8,trd,previously_reserved,,24,6,4,2,6,1,6,2,0.407,0.0,0.667,0,0,149,0,1,0,10
2016,mixed,Scott Pianowski,Rajai Davis,1311,Bos,OF,0,rel,previously_reserved,,67,19,8,1,5,8,24,4,0.268,0.0,0.313,1,0,0,0,0,0,128
2016,mixed,Scott Pianowski,Alex Rodriguez,1012,FA,UT,2,rel,previously_reserved,,62,19,5,3,6,0,22,5,0.209,0.0,0.29,57,0,0,0,1,0,0
2016,mixed,Scott Pianowski,Trevor Brown,5455,SF,UT,1,rel,previously_reserved,,13,5,1,0,1,0,2,0,0.231,0.0,0.231,2,60,0,0,1,0,0
2016,mixed,Scott Pianowski,Joe Mauer,889,Min,UT,0,trd,previously_reserved,,84,23,8,1,5,1,9,16,0.441,0.0,0.44,33,0,95,0,0,0,0
2016,mixed,Scott Pianowski,Lonnie Chisenhall,2627,Cle,UT,82,act,previously_reserved,"OF,3B,CI",85,30,10,2,19,1,18,2,0.307,0.0,0.447,0,0,3,0,1,0,119
2016,mixed,Scott Pianowski,Jace Peterson,4427,Atl,UT,7,trd,previously_reserved,,39,11,8,0,1,1,6,6,0.378,0.0,0.333,0,0,0,87,1,0,16
2016,mixed,Scott Pianowski,Mike Moustakas,2004,KC,CI,13,trd,previously_reserved,,24,6,3,2,5,0,2,1,0.4,0.0,0.75,0,0,0,0,26,0,0
2016,mixed,Scott Pianowski,Cheslor Cuthbert,3614,KC,CI,22,act,previously_reserved,"UT,3B,CI",10,3,1,1,3,0,2,0,0.3,0.0,0.7,0,0,0,0,127,0,0
2016,mixed,Scott Pianowski,Dae-Ho Lee,5623,FA,CI,67,rel,previously_reserved,,34,11,2,0,6,0,8,3,0.297,0.0,0.294,7,0,84,0,0,0,0
2016,mixed,Scott Pianowski,Mark Teixeira,81,NYY,CI,9,rel,previously_reserved,,47,14,2,0,1,0,15,1,0.146,0.0,0.17,4,0,110,0,0,0,0
2016,mixed,Scott Pianowski,Kolten Wong,3771,StL,MI,12,trd,previously_reserved,,32,18,3,1,2,2,8,5,0.342,0.0,0.312,0,0,0,88,0,0,17
2016,mixed,Scott Pianowski,Alexei Ramirez,236,TB,MI,0,rel,previously_reserved,,169,59,8,3,14,2,26,4,0.256,0.0,0.302,1,0,0,1,0,127,3
2016,mixed,Scott Pianowski,Jonathan Schoop,4005,Bal,MI,6,trd,previously_reserved,,62,17,9,4,15,0,12,2,0.359,0.0,0.645,0,0,0,162,0,0,0
2016,mixed,Ray Flowers,Albert Pujols,1411,LAA,1B,12,act,active,"1B,CI",81,20,11,2,11,0,10,4,0.306,0.0,0.395,123,0,28,0,0,0,0
2016,mixed,Ray Flowers,Devon Travis,4603,Tor,2B,0,act,active,"2B,MI",101,24,9,1,6,1,21,5,0.349,0.3,0.436,3,0,0,99,0,0,0
2016,mixed,Ray Flowers,Brad Miller,4310,TB,SS,9,act,active,"1B,SS,OF,MI",548,152,73,30,81,6,149,47,0.304,0.217,0.482,7,0,39,0,0,105,1
2016,mixed,Ray Flowers,Evan Longoria,1489,TB,3B,13,act,active,"3B,CI",633,160,81,36,98,0,144,42,0.318,0.25,0.521,8,0,0,0,152,0,0
2016,mixed,Ray Flowers,Sean Rodriguez,743,Pit,OF,4,act,active,"3B,OF,1B,SS,CI,2B",40,12,5,1,5,0,15,3,0.356,0.409,0.425,0,0,57,29,11,27,32
2016,mixed,Ray Flowers,Ryan Braun,858,Mil,OF,22,act,active,OF,409,109,69,25,81,13,77,40,0.375,0.235,0.545,3,0,0,0,0,0,127
2016,mixed,Ray Flowers,Adam Duvall,4413,Cin,OF,81,act,active,"OF,1B",505,135,80,31,98,6,147,37,0.295,0.375,0.497,0,0,5,0,3,0,142
2016,mixed,Ray Flowers,Melky Cabrera,1014,KC,OF,1,act,active,OF,291,72,32,6,45,2,35,23,0.342,0.345,0.45,3,0,0,0,0,0,147
2016,mixed,Ray Flowers,Nick Markakis,134,Atl,OF,14,act,active,OF,105,29,16,4,16,0,16,15,0.379,0.368,0.438,5,0,1,0,0,0,150
2016,mixed,Ray Flowers,Tucker Barnhart,3911,Cin,C,21,act,active,C,183,56,18,5,36,0,26,18,0.309,0.45,0.383,0,108,0,0,0,0,0
2016,mixed,Ray Flowers,Matt Wieters,146,Was,C,7,act,active,C,401,118,46,16,60,1,80,32,0.305,0.36,0.406,2,117,0,0,0,0,0
2016,mixed,Ray Flowers,J.J. Hardy,853,Bal,UT,2,act,active,"SS,MI",22,6,4,0,1,0,6,1,0.208,0.208,0.273,0,0,0,0,0,115,0
2016,mixed,Ray Flowers,Yunel Escobar,76,LAA,CI,0,act,active,"3B,CI",422,107,55,4,31,0,58,26,0.326,0.071,0.365,0,0,0,0,129,0,0
2016,mixed,Ray Flowers,Brian Dozier,3489,Min,MI,20,act,active,"2B,MI",464,116,86,38,85,16,110,46,0.358,0.158,0.621,2,0,0,151,0,0,0
2016,mixed,Ray Flowers,Carlos Santana,2181,Cle,1B,16,trd,previously_active,,78,21,11,4,12,2,11,10,0.333,0.0,0.474,92,0,64,0,0,0,0
2016,mixed,Ray Flowers,Ryan Zimmerman,1638,Was,1B,0,rel,previously_active,,190,50,27,11,30,1,43,15,0.281,0.0,0.453,1,0,114,0,0,0,0
2016,mixed,Ray Flowers,Dustin Pedroia,182,Bos,2B,9,trd,previously_active,,527,130,91,12,58,7,64,55,0.389,0.0,0.457,0,0,0,152,0,0,0
2016,mixed,Ray Flowers,Mikie Mahtook,3666,Det,OF,22,rel,previously_active,,15,5,1,0,0,0,5,1,0.125,0.0,0.067,0,0,0,0,0,0,61
2016,mixed,Ray Flowers,Paulo Orlando,2752,KC,OF,29,rel,previously_active,,78,24,5,0,2,1,23,2,0.145,0.0,0.115,1,0,0,0,0,0,122
2016,mixed,Ray Flowers,Matt Holliday,464,NYY,OF,4,dis,previously_active,"OF,1B",376,106,47,19,60,0,69,35,0.319,0.0,0.452,8,0,10,0,0,0,85
2016,mixed,Ray Flowers,Christian Yelich,3314,Mia,OF,21,trd,previously_active,,147,41,24,5,20,3,29,24,0.42,0.0,0.524,1,0,0,0,0,0,149
2016,mixed,Ray Flowers,Chris Coghlan,599,Tor,OF,2,rel,previously_active,,90,28,9,4,11,1,27,9,0.23,0.0,0.3,2,0,6,20,18,0,46
2016,mixed,Ray Flowers,Jason Heyward,1968,ChC,OF,21,trd,previously_active,,115,29,15,3,11,2,25,10,0.32,0.0,0.383,0,0,0,0,0,0,141
2016,mixed,Ray Flowers,Byron Buxton,4014,Min,OF,8,trd,previously_active,,85,29,8,1,5,3,43,4,0.178,0.0,0.259,0,0,0,0,0,0,92
2016,mixed,Ray Flowers,Josh Phegley,3029,Oak,C,22,rel,previously_active,,8,3,1,0,1,0,2,0,0.125,0.0,0.125,0,25,0,0,0,0,0
2016,mixed,Ray Flowers,Blake Swihart,3794,Bos,C,9,trd,previously_active,,18,6,2,0,1,0,3,4,0.391,0.0,0.278,0,6,0,0,0,0,13
2016,mixed,Ray Flowers,Carlos Perez,3622,LAA,C,28,rel,previously_active,,25,8,1,0,3,0,5,1,0.154,0.0,0.12,1,82,1,0,0,0,0
2016,mixed,Ray Flowers,Tyler Flowers,2355,Atl,C,13,rel,previously_active,,72,22,6,3,6,0,28,9,0.325,0.0,0.389,0,81,0,0,0,0,0
2016,mixed,Ray Flowers,Sandy Leon,3901,Bos,C,9,rel,previously_active,,10,4,3,1,5,0,2,0,0.4,0.0,0.8,2,74,0,0,0,0,0
2016,mixed,Ray Flowers,Juan Centeno,4317,Hou,C,9,rel,previously_active,,10,3,0,0,0,0,1,0,0.0,0.0,0.0,1,53,0,0,0,0,0
2016,mixed,Ray Flowers,Geovany Soto,281,CWS,C,59,dis,previously_active,C,20,6,2,0,0,0,5,1,0.286,0.0,0.35,0,23,1,0,1,0,0
2016,mixed,Ray Flowers,Jace Peterson,4427,Atl,UT,22,rel,previously_active,,20,6,2,1,1,0,2,3,0.348,0.0,0.4,0,0,0,87,1,0,16
2016,mixed,Ray Flowers,Joe Mauer,889,Min,UT,0,res,previously_active,"1B,CI",193,49,32,4,21,0,37,24,0.355,0.0,0.425,33,0,95,0,0,0,0
2016,mixed,Ray Flowers,Andrelton Simmons,3717,LAA,UT,13,rel,previously_active,,37,10,4,0,3,0,5,2,0.275,0.0,0.243,0,0,0,0,0,124,0
2016,mixed,Ray Flowers,Alex Rodriguez,1012,FA,UT,2,trd,previously_active,,58,16,6,2,6,2,20,6,0.231,0.0,0.259,57,0,0,0,1,0,0
2016,mixed,Ray Flowers,Mark Reynolds,34,Col,UT,73,rel,previously_active,,39,14,6,1,5,1,10,7,0.362,0.0,0.333,0,0,115,1,0,0,0
2016,mixed,Ray Flowers,Matt Duffy,4893,TB,UT,4,trd,previously_active,,46,12,8,0,1,2,6,4,0.26,0.0,0.261,1,0,0,0,70,18,0
2016,mixed,Ray Flowers,Howie Kendrick,739,Was,UT,2,rel,previously_active,,263,77,34,4,20,5,54,28,0.306,0.0,0.335,1,0,11,32,17,0,94
2016,mixed,Ray Flowers,Jon Jay,2475,ChC,UT,29,rel,previously_active,,20,5,2,0,0,0,5,3,0.348,0.0,0.35,0,0,0,0,0,0,86
2016,mixed,Ray Flowers,Starling Marte,2908,Pit,UT,33,res,previously_active,OF,486,126,71,9,46,47,103,23,0.362,0.0,0.457,0,0,0,0,0,0,123
2016,mixed,Ray Flowers,Kolten Wong,3771,StL,UT,49,res,previously_active,"2B,MI,OF",49,18,7,0,2,0,6,7,0.333,0.0,0.306,0,0,0,88,0,0,17
2016,mixed,Ray Flowers,Justin Smoak,2117,Tor,UT,89,rel,previously_active,,61,19,6,2,4,0,18,6,0.343,0.0,0.443,0,0,111,0,0,0,0
2016,mixed,Ray Flowers,Eduardo Escobar,3138,Min,UT,11,rel,previously_active,,10,5,0,0,0,0,3,2,0.25,0.0,0.1,1,0,0,6,23,71,2
2016,mixed,Ray Flowers,Tyler Saladino,4001,CWS,CI,11,res,previously_active,"SS,3B,2B,CI",18,5,2,0,1,0,3,1,0.421,0.0,0.444,2,0,2,41,10,32,3
2016,mixed,Ray Flowers,Casey McGehee,306,FA,CI,9,rel,previously_active,,25,7,0,0,0,0,5,2,0.259,0.0,0.2,0,0,1,0,27,0,0
2016,mixed,Ray Flowers,Jorge Polanco,4695,Min,CI,13,rel,previously_active,,21,5,4,0,1,0,7,0,0.19,0.0,0.381,1,0,0,5,9,47,0
2016,mixed,Ray Flowers,Matt Holliday,464,NYY,OF,4,dis,reserved,"OF,1B",6,4,1,1,2,0,2,0,0.5,1.0,1.0,8,0,10,0,0,0,85
2016,mixed,Ray Flowers,Geovany Soto,281,CWS,C,59,dis,reserved,C,18,6,2,1,2,0,6,1,0.263,0.0,0.5,0,23,1,0,1,0,0
2016,mixed,Ray Flowers,Starling Marte,2908,Pit,UT,33,res,reserved,OF,3,3,0,0,0,0,1,0,0.333,0.0,0.333,0,0,0,0,0,0,123
2016,mixed,Ray Flowers,Kolten Wong,3771,StL,UT,49,res,reserved,"2B,MI,OF",132,52,18,4,15,4,20,15,0.351,0.5,0.447,0,0,0,88,0,0,17
2016,mixed,Ray Flowers,Joe Mauer,889,Min,UT,0,res,reserved,"1B,CI",102,30,17,1,7,1,17,20,0.328,0.0,0.275,33,0,95,0,0,0,0
2016,mixed,Ray Flowers,Tyler Saladino,4001,CWS,CI,11,res,reserved,"SS,3B,2B,CI",8,2,0,0,0,0,2,0,0.125,0.0,0.125,2,0,2,41,10,32,3
2016,mixed,Ray Flowers,Ryan Zimmerman,1638,Was,1B,0,rel,previously_reserved,,76,20,12,1,3,2,19,2,0.235,0.0,0.289,1,0,114,0,0,0,0
2016,mixed,Ray Flowers,Chris Coghlan,599,Tor,OF,2,rel,previously_reserved,,32,10,3,1,1,0,6,1,0.212,0.0,0.312,2,0,6,20,18,0,46
2016,mixed,Ray Flowers,Byron Buxton,4014,Min,OF,8,trd,previously_reserved,,39,11,5,0,4,3,12,2,0.349,0.0,0.487,0,0,0,0,0,0,92
2016,mixed,Ray Flowers,Melky Cabrera,1014,KC,OF,1,act,previously_reserved,OF,24,6,3,0,2,0,0,1,0.36,0.0,0.375,3,0,0,0,0,0,147
2016,mixed,Ray Flowers,Mikie Mahtook,3666,Det,OF,22,rel,previously_reserved,,36,12,3,0,3,0,13,2,0.256,0.0,0.278,0,0,0,0,0,0,61
2016,mixed,Ray Flowers,Paulo Orlando,2752,KC,OF,29,rel,previously_reserved,,21,6,0,0,2,0,6,0,0.238,0.0,0.286,1,0,0,0,0,0,122
2016,mixed,Ray Flowers,Matt Wieters,146,Was,C,7,act,previously_reserved,C,22,6,2,1,6,0,5,0,0.261,0.0,0.455,2,117,0,0,0,0,0
2016,mixed,Ray Flowers,Jon Jay,2475,ChC,UT,29,rel,previously_reserved,,25,6,4,1,2,0,4,0,0.32,0.0,0.56,0,0,0,0,0,0,86
2016,mixed,Ray Flowers,Eduardo Escobar,3138,Min,UT,11,rel,previously_reserved,,15,4,1,0,2,0,6,1,0.25,0.0,0.2,1,0,0,6,23,71,2
2016,mixed,Ray Flowers,Justin Smoak,2117,Tor,UT,89,rel,previously_reserved,,73,27,8,5,11,0,27,7,0.225,0.0,0.384,0,0,111,0,0,0,0
2016,mixed,Ray Flowers,Andrelton Simmons,3717,LAA,UT,13,rel,previously_reserved,,86,24,7,0,6,2,8,4,0.341,0.0,0.337,0,0,0,0,0,124,0
2016,mixed,Ray Flowers,Howie Kendrick,739,Was,UT,2,rel,previously_reserved,,130,39,21,4,17,5,19,16,0.445,0.0,0.569,1,0,11,32,17,0,94
2016,mixed,Ray Flowers,Matt Duffy,4893,TB,UT,4,trd,previously_reserved,,53,14,4,2,8,0,8,2,0.351,0.0,0.491,1,0,0,0,70,18,0
2016,mixed,Ray Flowers,Mark Reynolds,34,Col,UT,73,rel,previously_reserved,,78,24,10,4,10,0,24,7,0.379,0.0,0.5,0,0,115,1,0,0,0
2016,mixed,Ray Flowers,Alex Rodriguez,1012,FA,UT,2,trd,previously_reserved,,14,4,4,3,6,0,0,1,0.467,0.0,1.21,57,0,0,0,1,0,0
2016,mixed,Ray Flowers,Yunel Escobar,76,LAA,CI,0,act,previously_reserved,"3B,CI",95,25,13,1,8,0,9,14,0.473,0.0,0.505,0,0,0,0,129,0,0
2016,mixed,Ray Flowers,Casey McGehee,306,FA,CI,9,rel,previously_reserved,,26,7,2,0,0,0,3,1,0.25,0.0,0.192,0,0,1,0,27,0,0
2016,mixed,Scott Swanay,Matt Adams,3755,Atl,1B,124,act,active,"1B,CI",139,55,19,9,27,0,30,15,0.344,0.125,0.554,0,0,86,0,0,0,0
2016,mixed,Scott Swanay,Stephen Drew,30,Was,2B,16,act,active,"SS,2B,MI,3B",14,5,4,1,2,0,1,2,0.278,0.278,0.429,1,0,0,21,12,12,0
2016,mixed,Scott Swanay,Jose Ramirez,4602,Cle,SS,16,act,active,"3B,SS,2B,OF,MI",452,119,69,8,59,19,51,38,0.365,0.238,0.454,0,0,0,9,117,5,48
2016,mixed,Scott Swanay,Nolan Arenado,3214,Col,3B,34,act,active,"3B,CI",331,86,63,20,70,1,66,32,0.35,0.385,0.556,0,0,0,0,160,0,0
2016,mixed,Scott Swanay,Hunter Renfroe,4558,SD,OF,34,act,active,OF,22,6,6,3,13,0,4,0,0.409,0.409,0.909,0,0,0,0,0,0,9
2016,mixed,Scott Swanay,Brett Gardner,1038,NYY,OF,12,act,active,OF,520,141,77,7,40,15,104,69,0.359,0.5,0.373,0,0,0,0,0,0,147
2016,mixed,Scott Swanay,Giancarlo Stanton,2378,Mia,OF,1,act,active,OF,25,9,3,2,3,0,4,3,0.286,0.25,0.48,2,0,0,0,0,0,106
2016,mixed,Scott Swanay,Kris Bryant,4434,ChC,OF,37,act,active,"OF,3B,CI,1B",603,155,121,39,102,8,154,75,0.385,0.263,0.554,1,0,9,0,107,1,69
2016,mixed,Scott Swanay,Miguel Sano,3148,Min,OF,27,act,active,"3B,OF",430,114,55,24,63,1,176,52,0.319,0.222,0.46,35,0,0,0,42,0,38
2016,mixed,Scott Swanay,Tom Murphy,4629,Col,C,4,act,active,C,37,18,7,4,11,1,17,4,0.31,0.333,0.595,0,12,0,0,0,0,0
2016,mixed,Scott Swanay,Bruce Maxwell,4655,Oak,C,0,act,active,C,32,11,2,1,4,0,7,2,0.353,0.316,0.531,3,29,0,0,0,0,0
2016,mixed,Scott Swanay,Hyun-soo Kim,5533,Phi,UT,4,act,active,OF,154,44,19,3,11,1,29,16,0.372,0.412,0.435,0,0,0,0,0,0,91
2016,mixed,Scott Swanay,Josh Bell,3669,Pit,CI,34,act,active,"1B,OF",122,40,15,2,14,0,18,20,0.361,0.25,0.377,0,0,23,0,0,0,16
2016,mixed,Scott Swanay,Javier Baez,3804,ChC,MI,0,act,active,"SS,2B,3B,1B,MI",374,126,41,12,52,10,96,13,0.308,0.368,0.409,0,0,6,59,62,25,2
2016,mixed,Scott Swanay,Mitch Moreland,3033,Bos,1B,17,res,previously_active,"1B,CI",397,128,44,18,52,1,103,31,0.308,0.0,0.426,5,0,139,0,0,0,0
2016,mixed,Scott Swanay,A.J. Reed,5091,Hou,1B,0,rel,previously_active,,30,11,3,2,3,0,13,3,0.242,0.0,0.367,9,0,35,0,0,0,0
2016,mixed,Scott Swanay,Brandon Phillips,344,LAA,2B,2,res,previously_active,"2B,MI",413,106,50,8,44,8,53,14,0.295,0.0,0.38,3,0,0,138,0,0,0
2016,mixed,Scott Swanay,Wilmer Flores,2527,NYM,2B,46,rel,previously_active,,206,65,20,11,33,0,27,15,0.335,0.0,0.49,0,0,27,18,51,8,0
2016,mixed,Scott Swanay,Didi Gregorius,3599,NYY,SS,3,rel,previously_active,,68,21,4,2,4,1,14,2,0.25,0.0,0.338,0,0,0,0,0,153,0
2016,mixed,Scott Swanay,Steven Souza,4623,TB,OF,3,dis,previously_active,OF,336,93,45,12,36,3,126,26,0.304,0.0,0.387,6,0,0,0,0,0,113
2016,mixed,Scott Swanay,A.J. Pollock,2837,Ari,OF,34,res,previously_active,OF,28,9,7,2,3,2,5,5,0.364,0.0,0.464,0,0,0,0,0,0,12
2016,mixed,Scott Swanay,Albert Almora,4126,ChC,OF,24,rel,previously_active,,19,6,0,0,0,0,4,1,0.2,0.0,0.211,0,0,0,0,0,0,41
2016,mixed,Scott Swanay,Joc Pederson,4090,LAD,OF,17,res,previously_active,"UT,OF",373,127,59,21,59,6,113,62,0.357,0.0,0.475,0,0,0,0,0,0,132
2016,mixed,Scott Swanay,Odubel Herrera,5084,Phi,OF,3,trd,previously_active,,253,70,39,7,24,11,52,38,0.4,0.0,0.435,0,0,0,0,0,0,155
2016,mixed,Scott Swanay,Delino DeShields,3357,Tex,OF,35,rel,previously_active,,95,28,15,2,6,3,28,11,0.321,0.0,0.326,4,0,0,0,0,0,59
2016,mixed,Scott Swanay,Christian Bethancourt,3224,SD,C,4,rel,previously_active,,27,8,4,1,3,0,10,0,0.185,0.0,0.407,2,41,0,1,0,0,12
2016,mixed,Scott Swanay,Jarrod Saltalamacchia,1516,Tor,C,8,rel,previously_active,,45,20,6,2,6,0,16,8,0.259,0.0,0.267,1,68,11,0,0,0,0
2016,mixed,Scott Swanay,Kyle Schwarber,4901,ChC,C,27,rel,previously_active,,4,2,0,0,0,0,2,1,0.2,0.0,0.0,0,0,0,0,0,0,2
2016,mixed,Scott Swanay,Alex Avila,2369,ChC,C,34,rel,previously_active,,118,39,12,5,7,0,54,22,0.355,0.0,0.398,2,54,0,0,0,0,0
2016,mixed,Scott Swanay,Chris Iannetta,451,Ari,C,2,rel,previously_active,,252,79,22,6,18,0,67,34,0.307,0.0,0.333,1,93,0,0,0,0,0
2016,mixed,Scott Swanay,Mike Zunino,4012,Sea,C,24,rel,previously_active,,3,1,0,0,0,0,1,0,0.0,0.0,0.0,2,52,0,0,0,0,0
2016,mixed,Scott Swanay,A.J. Pierzynski,230,FA,C,0,rel,previously_active,,52,14,2,0,5,0,7,0,0.222,0.0,0.288,0,64,0,0,0,0,0
2016,mixed,Scott Swanay,Joey Gallo,4121,Tex,UT,0,res,previously_active,"UT,3B,CI,OF",3,1,0,0,0,0,3,0,0.0,0.0,0.0,5,0,1,0,5,0,0
2016,mixed,Scott Swanay,Eduardo Escobar,3138,Min,UT,44,rel,previously_active,,74,21,4,0,4,0,16,4,0.244,0.0,0.216,1,0,0,6,23,71,2
2016,mixed,Scott Swanay,Byung-ho Park,5445,Min,UT,11,rel,previously_active,,190,55,25,11,22,1,72,17,0.27,0.0,0.405,36,0,24,0,0,0,0
2016,mixed,Scott Swanay,Mark Reynolds,34,Col,UT,73,trd,previously_active,,201,56,34,7,28,0,51,19,0.341,0.0,0.453,0,0,115,1,0,0,0
2016,mixed,Scott Swanay,Preston Tucker,4496,Hou,UT,9,rel,previously_active,,27,11,4,3,4,0,10,0,0.296,0.0,0.778,22,0,0,0,0,0,21
2016,mixed,Scott Swanay,Luis Valbuena,2200,LAA,UT,44,dis,previously_active,"3B,1B,CI",39,11,3,1,3,1,7,6,0.311,0.0,0.359,0,0,8,1,81,0,0
2016,mixed,Scott Swanay,Tyler Austin,4116,NYY,UT,66,rel,previously_active,,12,3,0,0,0,0,5,0,0.0,0.0,0.0,1,0,27,0,0,0,5
2016,mixed,Scott Swanay,Kennys Vargas,4610,Min,UT,74,rel,previously_active,,54,15,8,2,6,0,23,7,0.258,0.0,0.352,13,0,32,0,0,0,0
2016,mixed,Scott Swanay,Jace Peterson,4427,Atl,MI,1,rel,previously_active,,11,4,0,0,0,0,4,0,0.091,0.0,0.091,0,0,0,87,1,0,16
2016,mixed,Scott Swanay,Mitch Moreland,3033,Bos,1B,17,res,reserved,"1B,CI",41,11,3,2,5,0,11,2,0.163,0.158,0.293,5,0,139,0,0,0,0
2016,mixed,Scott Swanay,Brandon Phillips,344,LAA,2B,2,res,reserved,"2B,MI",137,35,24,3,20,6,15,4,0.396,0.444,0.526,3,0,0,138,0,0,0
2016,mixed,Scott Swanay,A.J. Pollock,2837,Ari,OF,34,res,reserved,OF,13,3,2,0,1,2,3,0,0.231,0.0,0.231,0,0,0,0,0,0,12
2016,mixed,Scott Swanay,Steven Souza,4623,TB,OF,3,dis,reserved,OF,94,27,13,5,13,4,33,5,0.3,0.0,0.489,6,0,0,0,0,0,113
2016,mixed,Scott Swanay,Joc Pederson,4090,LAD,OF,17,res,reserved,"UT,OF",33,10,5,4,9,0,17,1,0.286,0.235,0.727,0,0,0,0,0,0,132
2016,mixed,Scott Swanay,Luis Valbuena,2200,LAA,UT,44,dis,reserved,"3B,1B,CI",0,0,0,0,0,0,0,0,0.0,0.0,0.0,0,0,8,1,81,0,0
2016,mixed,Scott Swanay,Joey Gallo,4121,Tex,UT,0,res,reserved,"UT,3B,CI,OF",22,16,2,1,1,1,16,5,0.222,0.2,0.182,5,0,1,0,5,0,0
2016,mixed,Scott Swanay,A.J. Reed,5091,Hou,1B,0,rel,previously_reserved,,15,6,2,0,1,0,6,3,0.263,0.0,0.133,9,0,35,0,0,0,0
2016,mixed,Scott Swanay,Matt Adams,3755,Atl,1B,124,act,previously_reserved,"1B,CI",69,26,6,3,10,0,24,3,0.192,0.0,0.319,0,0,86,0,0,0,0
2016,mixed,Scott Swanay,Wilmer Flores,2527,NYM,2B,46,rel,previously_reserved,,31,12,9,4,13,0,7,0,0.273,0.0,0.677,0,0,27,18,51,8,0
2016,mixed,Scott Swanay,Didi Gregorius,3599,NYY,SS,3,rel,previously_reserved,,20,6,2,0,5,0,2,0,0.25,0.0,0.3,0,0,0,0,0,153,0
2016,mixed,Scott Swanay,Jose Ramirez,4602,Cle,SS,16,act,previously_reserved,"3B,SS,2B,OF,MI",42,11,6,2,5,2,4,2,0.364,0.0,0.595,0,0,0,9,117,5,48
2016,mixed,Scott Swanay,Miguel Sano,3148,Min,OF,27,act,previously_reserved,"3B,OF",7,2,2,1,3,0,2,2,0.333,0.0,0.571,35,0,0,0,42,0,38
2016,mixed,Scott Swanay,Delino DeShields,3357,Tex,OF,35,rel,previously_reserved,,40,16,6,0,2,2,14,1,0.171,0.0,0.175,4,0,0,0,0,0,59
2016,mixed,Scott Swanay,Hunter Renfroe,4558,SD,OF,34,act,previously_reserved,OF,13,5,2,1,1,0,1,1,0.357,0.0,0.615,0,0,0,0,0,0,9
2016,mixed,Scott Swanay,Brett Gardner,1038,NYY,OF,12,act,previously_reserved,OF,27,7,3,0,1,1,2,1,0.179,0.0,0.148,0,0,0,0,0,0,147
2016,mixed,Scott Swanay,Odubel Herrera,5084,Phi,OF,3,trd,previously_reserved,,22,6,2,1,3,0,6,3,0.28,0.0,0.318,0,0,0,0,0,0,155
2016,mixed,Scott Swanay,Mallex Smith,4975,TB,OF,0,rel,previously_reserved,,42,13,4,0,5,2,15,4,0.234,0.0,0.214,0,0,0,0,0,0,56
2016,mixed,Scott Swanay,Albert Almora,4126,ChC,OF,24,rel,previously_reserved,,13,6,2,1,1,0,3,1,0.5,0.0,0.769,0,0,0,0,0,0,41
2016,mixed,Scott Swanay,Chris Iannetta,451,Ari,C,2,rel,previously_reserved,,25,7,1,1,4,0,8,2,0.296,0.0,0.36,1,93,0,0,0,0,0
2016,mixed,Scott Swanay,Alex Avila,2369,ChC,C,34,rel,previously_reserved,,24,9,4,1,3,0,9,7,0.375,0.0,0.375,2,54,0,0,0,0,0
2016,mixed,Scott Swanay,Gary Sanchez,3259,NYY,C,5,rel,previously_reserved,,4,1,0,0,0,0,1,0,0.0,0.0,0.0,17,36,0,0,0,0,0
2016,mixed,Scott Swanay,Kennys Vargas,4610,Min,UT,74,rel,previously_reserved,,14,4,2,1,3,0,3,4,0.5,0.0,0.571,13,0,32,0,0,0,0
2016,mixed,Scott Swanay,Tyler Austin,4116,NYY,UT,66,rel,previously_reserved,,9,4,0,0,1,0,1,0,0.111,0.0,0.111,1,0,27,0,0,0,5
2016,mixed,Scott Swanay,Hyun-soo Kim,5533,Phi,UT,4,act,previously_reserved,OF,79,23,10,1,4,0,12,10,0.367,0.0,0.354,0,0,0,0,0,0,91
2016,mixed,Scott Swanay,Preston Tucker,4496,Hou,UT,9,rel,previously_reserved,,58,22,2,0,1,0,16,4,0.177,0.0,0.155,22,0,0,0,0,0,21
2016,mixed,Scott Swanay,Mark Reynolds,34,Col,UT,73,trd,previously_reserved,,32,9,3,1,5,0,9,2,0.353,0.0,0.469,0,0,115,1,0,0,0
2016,mixed,Scott Swanay,Byung-ho Park,5445,Min,UT,11,rel,previously_reserved,,25,7,3,1,2,0,8,4,0.31,0.0,0.44,36,0,24,0,0,0,0
2016,mixed,Scott Swanay,Eduardo Escobar,3138,Min,UT,44,rel,previously_reserved,,32,10,1,0,3,0,7,1,0.294,0.0,0.312,1,0,0,6,23,71,2
2016,mixed,Scott Swanay,Josh Bell,3669,Pit,CI,34,act,previously_reserved,"1B,OF",4,2,0,0,1,0,1,0,0.2,0.0,0.25,0,0,23,0,0,0,16
2016,mixed,Scott Swanay,Javier Baez,3804,ChC,MI,0,act,previously_reserved,"SS,2B,3B,1B,MI",47,16,9,2,7,2,12,2,0.367,0.0,0.532,0,0,6,59,62,25,2
2016,mixed,Tim Heaney,Jose Abreu,4038,CWS,1B,38,act,active,"1B,CI",426,109,48,19,73,0,80,32,0.371,0.379,0.502,7,0,152,0,0,0,0
2016,mixed,Tim Heaney,Robinson Cano,1008,Sea,2B,28,act,active,"2B,MI",211,52,36,15,33,0,32,14,0.345,0.424,0.559,5,0,0,157,0,0,0
2016,mixed,Tim Heaney,Brandon Crawford,3051,SF,SS,7,act,active,"SS,MI",520,147,65,12,84,7,103,56,0.35,0.519,0.442,0,0,0,0,0,155,0
2016,mixed,Tim Heaney,Jose Reyes,952,NYM,3B,1,act,active,"3B,SS,MI",218,51,38,5,21,8,43,20,0.335,0.308,0.431,0,0,0,0,50,13,0
2016,mixed,Tim Heaney,J.D. Martinez,3567,Ari,OF,26,act,active,OF,192,50,29,9,28,0,56,21,0.381,0.25,0.526,1,0,0,0,0,0,118
2016,mixed,Tim Heaney,Gregory Polanco,4166,Pit,OF,17,act,active,OF,107,29,10,2,10,6,26,8,0.25,0.278,0.308,4,0,0,0,0,0,134
2016,mixed,Tim Heaney,Leonys Martin,3737,ChC,OF,1,act,active,OF,263,71,38,4,21,15,70,19,0.299,0.423,0.354,0,0,0,0,0,0,143
2016,mixed,Tim Heaney,Byron Buxton,4014,Min,OF,8,act,active,OF,152,46,23,6,20,3,58,16,0.3,0.423,0.434,0,0,0,0,0,0,92
2016,mixed,Tim Heaney,Jason Heyward,1968,ChC,OF,21,act,active,OF,273,76,26,3,24,4,36,23,0.288,0.4,0.322,0,0,0,0,0,0,141
2016,mixed,Tim Heaney,Dioner Navarro,1462,FA,C,1,act,active,C,304,101,26,6,35,1,71,23,0.265,0.333,0.322,3,90,0,0,0,0,0
2016,mixed,Tim Heaney,J.T. Realmuto,4028,Mia,C,5,act,active,C,326,86,42,9,33,9,70,20,0.35,0.154,0.445,2,129,0,0,0,0,0
2016,mixed,Tim Heaney,Dansby Swanson,5276,Atl,UT,60,act,active,SS,57,18,10,1,9,2,21,7,0.369,0.435,0.456,0,0,0,0,0,37,0
2016,mixed,Tim Heaney,Carlos Santana,2181,Cle,CI,16,act,active,"1B,CI",254,71,37,14,38,1,45,49,0.386,0.5,0.5,92,0,64,0,0,0,0
2016,mixed,Tim Heaney,Ian Kinsler,1520,Det,MI,12,act,active,"2B,MI",122,32,24,6,20,1,16,9,0.385,0.44,0.541,1,0,0,151,0,0,0
2016,mixed,Tim Heaney,Edwin Encarnacion,339,Cle,1B,33,trd,previously_active,,201,52,21,10,38,0,48,20,0.314,0.0,0.443,86,0,75,0,0,0,0
2016,mixed,Tim Heaney,Devon Travis,4603,Tor,2B,0,trd,previously_active,,221,56,34,10,31,3,48,14,0.335,0.0,0.493,3,0,0,99,0,0,0
2016,mixed,Tim Heaney,Jason Kipnis,2727,Cle,2B,16,trd,previously_active,,341,85,50,14,49,5,79,30,0.335,0.0,0.475,4,0,0,151,0,0,0
2016,mixed,Tim Heaney,Todd Frazier,1979,NYY,3B,27,trd,previously_active,,188,50,31,15,35,5,39,25,0.316,0.0,0.489,2,0,7,0,149,0,0
2016,mixed,Tim Heaney,Nick Castellanos,3217,Det,3B,3,dis,previously_active,"3B,CI",340,89,45,16,48,1,89,24,0.329,0.0,0.503,1,0,0,0,108,0,0
2016,mixed,Tim Heaney,Carl Crawford,1472,FA,OF,36,rel,previously_active,,11,5,2,0,2,0,3,0,0.273,0.0,0.364,4,0,0,0,0,0,21
2016,mixed,Tim Heaney,Mookie Betts,4670,Bos,OF,32,trd,previously_active,,385,87,75,18,59,15,55,24,0.344,0.0,0.525,0,0,0,0,0,0,157
2016,mixed,Tim Heaney,Carlos Gonzalez,1077,Col,OF,20,trd,previously_active,,336,85,58,19,54,2,79,26,0.367,0.0,0.557,0,0,0,0,0,0,148
2016,mixed,Tim Heaney,Billy Burns,4652,KC,OF,6,res,previously_active,OF,260,69,28,0,12,12,30,8,0.264,0.0,0.296,4,0,0,0,0,0,87
2016,mixed,Tim Heaney,Rickie Weeks,857,FA,OF,0,rel,previously_active,,4,2,0,0,0,1,1,1,0.4,0.0,0.25,6,0,0,0,0,0,38
2016,mixed,Tim Heaney,David Peralta,4980,Ari,OF,12,rel,previously_active,,164,45,22,4,15,2,42,8,0.301,0.0,0.433,0,0,0,0,0,0,48
2016,mixed,Tim Heaney,Andrew Benintendi,5386,Bos,OF,62,dis,previously_active,OF,55,16,10,1,8,0,14,4,0.361,0.0,0.509,0,0,0,0,0,0,32
2016,mixed,Tim Heaney,Billy Hamilton,3576,Cin,OF,15,trd,previously_active,,154,39,28,0,5,31,32,18,0.372,0.0,0.344,0,0,0,0,0,0,115
2016,mixed,Tim Heaney,Melky Cabrera,1014,KC,OF,1,trd,previously_active,,235,61,29,6,31,0,27,20,0.344,0.0,0.438,3,0,0,0,0,0,147
2016,mixed,Tim Heaney,Jonathan Lucroy,2346,Col,C,17,trd,previously_active,,193,53,30,9,28,2,40,18,0.372,0.0,0.539,3,126,6,0,0,0,0
2016,mixed,Tim Heaney,Rob Refsnyder,4986,Tor,UT,16,rel,previously_active,,13,7,1,0,2,0,3,1,0.2,0.0,0.154,0,0,25,8,1,0,27
2016,mixed,Tim Heaney,Coco Crisp,184,Cle,UT,46,rel,previously_active,,281,73,34,7,39,4,43,31,0.319,0.0,0.42,14,0,0,0,0,0,101
2016,mixed,Tim Heaney,Joey Votto,345,Cin,UT,38,trd,previously_active,,69,21,19,4,13,1,12,21,0.565,0.0,0.681,1,0,154,0,0,0,0
2016,mixed,Tim Heaney,Jhonny Peralta,404,FA,UT,0,res,previously_active,"3B,SS,MI",138,38,14,3,8,0,30,10,0.293,0.0,0.384,1,0,0,0,67,7,0
2016,mixed,Tim Heaney,Luis Valbuena,2200,LAA,UT,12,rel,previously_active,,40,12,5,1,2,0,17,8,0.312,0.0,0.275,0,0,8,1,81,0,0
2016,mixed,Tim Heaney,Albert Pujols,1411,LAA,CI,12,trd,previously_active,,334,87,34,15,60,4,42,38,0.324,0.0,0.416,123,0,28,0,0,0,0
2016,mixed,Tim Heaney,Jonathan Villar,3345,Mil,MI,1,trd,previously_active,,133,34,23,4,12,17,36,19,0.388,0.0,0.466,0,0,0,11,42,108,0
2016,mixed,Tim Heaney,Nick Ahmed,3807,Ari,MI,26,rel,previously_active,,65,19,5,2,5,1,8,5,0.211,0.0,0.246,0,0,0,0,0,88,0
2016,mixed,Tim Heaney,Andrelton Simmons,3717,LAA,MI,3,rel,previously_active,,21,6,0,0,0,0,1,0,0.238,0.0,0.333,0,0,0,0,0,124,0
2016,mixed,Tim Heaney,Jimmy Rollins,1131,FA,MI,11,rel,previously_active,,56,15,12,1,4,2,16,6,0.29,0.0,0.321,4,0,0,0,0,35,0
2016,mixed,Tim Heaney,Nick Castellanos,3217,Det,3B,3,dis,reserved,"3B,CI",13,5,2,0,0,0,5,2,0.333,0.333,0.385,1,0,0,0,108,0,0
2016,mixed,Tim Heaney,Billy Burns,4652,KC,OF,6,res,reserved,OF,51,28,11,0,1,5,7,2,0.304,0.167,0.294,4,0,0,0,0,0,87
2016,mixed,Tim Heaney,Andrew Benintendi,5386,Bos,OF,62,dis,reserved,OF,37,13,5,1,4,0,8,6,0.349,0.25,0.459,0,0,0,0,0,0,32
2016,mixed,Tim Heaney,Jhonny Peralta,404,FA,UT,0,res,reserved,"3B,SS,MI",151,44,23,5,21,0,26,10,0.319,0.393,0.43,1,0,0,0,67,7,0
2016,mixed,Tim Heaney,Devon Travis,4603,Tor,2B,0,trd,previously_reserved,,4,1,1,0,0,0,2,0,0.25,0.0,0.25,3,0,0,99,0,0,0
2016,mixed,Tim Heaney,Brandon Crawford,3051,SF,SS,7,act,previously_reserved,"SS,MI",33,8,2,0,0,0,12,1,0.206,0.0,0.242,0,0,0,0,0,155,0
2016,mixed,Tim Heaney,Jose Reyes,952,NYM,3B,1,act,previously_reserved,"3B,SS,MI",37,9,7,3,3,1,6,3,0.275,0.0,0.514,0,0,0,0,50,13,0
2016,mixed,Tim Heaney,Byron Buxton,4014,Min,OF,8,act,previously_reserved,OF,22,6,8,3,9,1,5,1,0.458,0.0,0.955,0,0,0,0,0,0,92
2016,mixed,Tim Heaney,Carl Crawford,1472,FA,OF,36,rel,previously_reserved,,27,9,3,0,2,0,2,2,0.233,0.0,0.296,4,0,0,0,0,0,21
2016,mixed,Tim Heaney,Melky Cabrera,1014,KC,OF,1,trd,previously_reserved,,41,12,6,2,8,0,7,3,0.37,0.0,0.634,3,0,0,0,0,0,147
2016,mixed,Tim Heaney,David Peralta,4980,Ari,OF,12,rel,previously_reserved,,7,3,1,0,0,0,0,0,0.143,0.0,0.429,0,0,0,0,0,0,48
2016,mixed,Tim Heaney,Rickie Weeks,857,FA,OF,0,rel,previously_reserved,,3,4,0,0,0,0,3,1,0.25,0.0,0.0,6,0,0,0,0,0,38
2016,mixed,Tim Heaney,Coco Crisp,184,Cle,UT,46,rel,previously_reserved,,110,28,12,3,7,3,20,7,0.246,0.0,0.318,14,0,0,0,0,0,101
2016,mixed,Tim Heaney,Rob Refsnyder,4986,Tor,UT,16,rel,previously_reserved,,13,4,4,0,1,0,1,2,0.533,0.0,0.538,0,0,25,8,1,0,27
2016,mixed,Tim Heaney,Luis Valbuena,2200,LAA,UT,12,rel,previously_reserved,,42,14,3,0,3,0,12,6,0.312,0.0,0.286,0,0,8,1,81,0,0
2016,mixed,Al Melchior,Tommy Joseph,3178,Phi,1B,6,act,active,1B,294,101,44,19,43,0,68,21,0.31,0.286,0.497,0,0,97,0,0,0,0
2016,mixed,Al Melchior,Jonathan Schoop,4005,Bal,2B,6,act,active,"2B,MI",487,126,68,18,60,1,110,16,0.3,0.417,0.444,0,0,0,162,0,0,0
2016,mixed,Al Melchior,Aledmys Diaz,4500,StL,SS,94,act,active,SS,350,95,55,13,49,4,54,33,0.347,0.36,0.46,0,0,0,1,0,107,0
2016,mixed,Al Melchior,Matt Carpenter,3510,StL,3B,25,act,active,"1B,3B,2B,CI",467,127,81,21,68,0,107,80,0.383,0.481,0.512,1,0,45,40,54,0,0
2016,mixed,Al Melchior,Roman Quinn,4018,Phi,OF,31,act,active,OF,4,1,2,0,0,1,1,0,0.75,0.75,1.0,0,0,0,0,0,0,15
2016,mixed,Al Melchior,Dexter Fowler,484,StL,OF,14,act,active,OF,448,122,82,12,45,13,121,77,0.391,0.5,0.44,1,0,0,0,0,0,121
2016,mixed,Al Melchior,Manuel Margot,4858,SD,OF,32,act,active,OF,24,6,3,0,1,1,5,0,0.208,0.208,0.333,0,0,0,0,0,0,10
2016,mixed,Al Melchior,Christian Yelich,3314,Mia,OF,21,act,active,OF,398,103,52,16,74,6,104,45,0.356,0.481,0.47,1,0,0,0,0,0,149
2016,mixed,Al Melchior,Jay Bruce,371,Cle,OF,6,act,active,"UT,OF",263,71,27,15,40,1,63,26,0.292,0.522,0.426,2,0,0,0,0,0,138
2016,mixed,Al Melchior,Welington Castillo,2434,Bal,C,8,act,active,C,232,66,20,7,43,0,76,21,0.306,0.25,0.384,1,107,0,0,0,0,0
2016,mixed,Al Melchior,Willson Contreras,5435,ChC,C,101,act,active,"UT,C,OF",251,74,32,11,33,2,67,26,0.355,0.5,0.474,0,57,3,0,0,0,24
2016,mixed,Al Melchior,T.J. Rivera,5655,NYM,UT,38,act,active,"3B,2B",22,5,1,0,2,0,5,1,0.261,0.261,0.364,0,0,1,26,9,0,0
2016,mixed,Al Melchior,Marwin Gonzalez,3884,Hou,CI,44,act,active,"OF,3B,SS,2B,1B,CI,MI",287,79,34,9,34,4,68,14,0.289,0.381,0.415,3,0,92,14,22,11,19
2016,mixed,Al Melchior,Ryan Schimpf,4322,SD,MI,56,act,active,"UT,3B,2B",188,58,29,11,34,0,75,28,0.321,0.385,0.479,0,0,0,68,14,0,1
2016,mixed,Al Melchior,Joey Votto,345,Cin,1B,38,trd,previously_active,,195,57,30,10,33,3,62,34,0.345,0.0,0.421,1,0,154,0,0,0,0
2016,mixed,Al Melchior,Brian Dozier,3489,Min,2B,20,trd,previously_active,,109,28,15,4,14,2,20,13,0.309,0.0,0.385,2,0,0,151,0,0,0
2016,mixed,Al Melchior,Orlando Arcia,4503,Mil,SS,0,rel,previously_active,,157,44,15,4,14,6,40,12,0.272,0.0,0.369,0,0,0,0,0,53,0
2016,mixed,Al Melchior,Michael Brantley,2212,Cle,OF,17,rel,previously_active,,39,11,5,0,7,1,6,3,0.279,0.0,0.282,0,0,0,0,0,0,11
2016,mixed,Al Melchior,Angel Pagan,959,FA,OF,56,trd,previously_active,,208,51,30,6,25,7,30,18,0.37,0.0,0.486,0,0,0,0,0,0,127
2016,mixed,Al Melchior,Matt Kemp,799,Atl,OF,16,trd,previously_active,,305,75,38,16,53,0,75,9,0.278,0.0,0.475,2,0,0,0,0,0,151
2016,mixed,Al Melchior,Ryan Rua,4932,Tex,OF,43,rel,previously_active,,15,4,1,0,1,0,6,1,0.294,0.0,0.267,4,0,31,0,2,0,65
2016,mixed,Al Melchior,Kirk Nieuwenhuis,3095,Mil,OF,0,rel,previously_active,,57,20,8,2,7,0,22,10,0.353,0.0,0.351,0,0,0,0,0,0,109
2016,mixed,Al Melchior,Christian Bethancourt,3224,SD,OF,0,dis,previously_active,"C,OF",26,7,2,0,3,0,7,3,0.276,0.0,0.192,2,41,0,1,0,0,12
2016,mixed,Al Melchior,Seth Smith,465,Bal,OF,15,res,previously_active,OF,216,79,31,10,36,0,51,19,0.314,0.0,0.421,12,0,0,0,0,0,109
2016,mixed,Al Melchior,Whit Merrifield,4419,KC,OF,5,rel,previously_active,,149,38,19,2,13,2,37,9,0.291,0.0,0.362,0,0,1,65,5,0,16
2016,mixed,Al Melchior,Leonys Martin,3737,ChC,OF,1,trd,previously_active,,145,44,22,9,20,8,44,17,0.339,0.0,0.483,0,0,0,0,0,0,143
2016,mixed,Al Melchior,Josh Harrison,3747,Pit,OF,6,trd,previously_active,,116,30,14,1,17,5,18,5,0.347,0.0,0.414,0,0,0,128,0,0,1
2016,mixed,Al Melchior,Derek Dietrich,3699,Mia,OF,216,trd,previously_active,,87,25,8,1,10,0,18,8,0.392,0.0,0.437,0,0,16,75,13,0,8
2016,mixed,Al Melchior,Norichika Aoki,2041,FA,OF,0,rel,previously_active,,13,4,1,0,1,0,1,1,0.214,0.0,0.154,0,0,0,0,0,0,113
2016,mixed,Al Melchior,Blake Swihart,3794,Bos,C,9,rel,previously_active,,35,10,6,0,3,0,12,5,0.375,0.0,0.457,0,6,0,0,0,0,13
2016,mixed,Al Melchior,Hank Conger,758,FA,C,1,rel,previously_active,,16,8,0,0,0,0,5,1,0.235,0.0,0.187,0,47,0,0,0,0,0
2016,mixed,Al Melchior,Russell Martin,787,Tor,C,16,trd,previously_active,,157,49,12,4,15,0,53,12,0.264,0.0,0.287,5,127,0,1,1,0,0
2016,mixed,Al Melchior,Jarrod Saltalamacchia,1516,Tor,C,58,rel,previously_active,,77,28,11,3,8,0,38,13,0.289,0.0,0.338,1,68,11,0,0,0,0
2016,mixed,Al Melchior,Jose Ramirez,4602,Cle,UT,16,trd,previously_active,,36,9,6,1,6,1,4,1,0.243,0.0,0.389,0,0,0,9,117,5,48
2016,mixed,Al Melchior,Tyler White,5443,Hou,UT,0,rel,previously_active,,62,17,3,2,5,0,19,5,0.206,0.0,0.274,14,0,58,2,3,0,0
2016,mixed,Al Melchior,Tony Kemp,5292,Hou,UT,0,rel,previously_active,,10,4,1,0,3,0,5,2,0.385,0.0,0.5,8,0,0,5,0,0,39
2016,mixed,Al Melchior,Joey Rickard,5527,Bal,UT,113,rel,previously_active,,98,29,10,3,8,2,21,10,0.318,0.0,0.398,0,0,0,0,0,0,82
2016,mixed,Al Melchior,Tommy La Stella,4099,ChC,UT,21,rel,previously_active,,7,4,0,0,0,0,1,0,0.143,0.0,0.143,0,0,0,9,33,0,0
2016,mixed,Al Melchior,Mac Williamson,4492,SF,UT,5,rel,previously_active,,34,14,4,2,5,0,8,5,0.325,0.0,0.412,1,0,0,0,0,0,36
2016,mixed,Al Melchior,Nick Castellanos,3217,Det,CI,3,trd,previously_active,,13,4,2,0,2,0,4,0,0.357,0.0,0.462,1,0,0,0,108,0,0
2016,mixed,Al Melchior,Steve Pearce,1196,Tor,CI,36,rel,previously_active,,184,62,26,9,22,0,42,27,0.393,0.0,0.511,13,0,40,15,2,0,12
2016,mixed,Al Melchior,John Jaso,1461,Pit,CI,0,res,previously_active,"UT,1B",237,72,22,4,20,0,45,23,0.307,0.0,0.338,0,0,108,0,0,0,1
2016,mixed,Al Melchior,Trevor Story,4020,Col,MI,5,rel,previously_active,,341,88,62,25,65,8,120,33,0.351,0.0,0.581,0,0,0,0,0,96,0
2016,mixed,Al Melchior,Cory Spangenberg,3756,SD,MI,1,dis,previously_active,"3B,2B,MI,CI",47,13,6,1,8,1,13,3,0.275,0.0,0.34,0,0,0,13,0,0,0
2016,mixed,Al Melchior,Seth Smith,465,Bal,OF,15,res,reserved,OF,25,9,4,0,3,0,7,4,0.323,0.238,0.28,12,0,0,0,0,0,109
2016,mixed,Al Melchior,Christian Bethancourt,3224,SD,OF,0,dis,reserved,"C,OF",14,4,0,0,0,0,6,0,0.143,0.0,0.214,2,41,0,1,0,0,12
2016,mixed,Al Melchior,John Jaso,1461,Pit,CI,0,res,reserved,"UT,1B",143,60,23,4,22,0,29,22,0.425,0.458,0.538,0,0,108,0,0,0,1
2016,mixed,Al Melchior,Cory Spangenberg,3756,SD,MI,1,dis,reserved,"3B,2B,MI,CI",1,1,0,0,0,0,0,1,1.0,0.0,1.0,0,0,0,13,0,0,0
2016,mixed,Al Melchior,Tommy Joseph,3178,Phi,1B,6,act,previously_reserved,1B,19,5,2,2,4,1,5,0,0.286,0.0,0.684,0,0,97,0,0,0,0
2016,mixed,Al Melchior,Aledmys Diaz,4500,StL,SS,94,act,previously_reserved,SS,22,6,5,2,8,0,4,6,0.586,0.0,0.864,0,0,0,1,0,107,0
2016,mixed,Al Melchior,Orlando Arcia,4503,Mil,SS,0,rel,previously_reserved,,19,5,4,0,2,0,3,3,0.318,0.0,0.211,0,0,0,0,0,53,0
2016,mixed,Al Melchior,Matt Carpenter,3510,StL,3B,25,act,previously_reserved,"1B,3B,2B,CI",6,2,0,0,0,0,1,1,0.143,0.0,0.0,1,0,45,40,54,0,0
2016,mixed,Al Melchior,Kirk Nieuwenhuis,3095,Mil,OF,0,rel,previously_reserved,,22,8,2,1,3,0,8,3,0.24,0.0,0.318,0,0,0,0,0,0,109
2016,mixed,Al Melchior,Ryan Rua,4932,Tex,OF,43,rel,previously_reserved,,17,10,2,0,0,0,8,0,0.278,0.0,0.235,4,0,31,0,2,0,65
2016,mixed,Al Melchior,Angel Pagan,959,FA,OF,56,trd,previously_reserved,,20,5,4,0,2,1,4,0,0.25,0.0,0.35,0,0,0,0,0,0,127
2016,mixed,Al Melchior,Dexter Fowler,484,StL,OF,14,act,previously_reserved,OF,8,3,2,1,3,0,3,2,0.5,0.0,0.875,1,0,0,0,0,0,121
2016,mixed,Al Melchior,Jay Bruce,371,Cle,OF,6,act,previously_reserved,"UT,OF",11,6,3,1,1,0,3,0,0.273,0.0,0.636,2,0,0,0,0,0,138
2016,mixed,Al Melchior,Keon Broxton,3265,Mil,OF,0,rel,previously_reserved,,16,6,2,0,0,2,11,2,0.111,0.0,0.0,0,0,0,0,0,0,68
2016,mixed,Al Melchior,Hyun-soo Kim,5533,Phi,OF,1,rel,previously_reserved,,3,1,1,0,0,0,0,0,0.667,0.0,0.667,0,0,0,0,0,0,91
2016,mixed,Al Melchior,Welington Castillo,2434,Bal,C,8,act,previously_reserved,C,21,5,4,0,4,0,5,2,0.565,0.0,0.619,1,107,0,0,0,0,0
2016,mixed,Al Melchior,Jarrod Saltalamacchia,1516,Tor,C,58,rel,previously_reserved,,11,4,2,0,1,0,5,3,0.286,0.0,0.091,1,68,11,0,0,0,0
2016,mixed,Al Melchior,Blake Swihart,3794,Bos,C,9,rel,previously_reserved,,9,3,1,0,1,0,2,2,0.273,0.0,0.111,0,6,0,0,0,0,13
2016,mixed,Al Melchior,Tony Kemp,5292,Hou,UT,0,rel,previously_reserved,,3,3,0,0,0,0,1,1,0.25,0.0,0.0,8,0,0,5,0,0,39
2016,mixed,Al Melchior,Tyler White,5443,Hou,UT,0,rel,previously_reserved,,90,31,12,5,14,0,23,11,0.356,0.0,0.5,14,0,58,2,3,0,0
2016,mixed,Al Melchior,Jose Ramirez,4602,Cle,UT,16,trd,previously_reserved,,22,10,1,0,5,0,2,3,0.48,0.0,0.5,0,0,0,9,117,5,48
2016,mixed,Al Melchior,Tommy La Stella,4099,ChC,UT,21,rel,previously_reserved,,10,5,1,0,1,0,3,1,0.333,0.0,0.3,0,0,0,9,33,0,0
2016,mixed,Al Melchior,Joey Rickard,5527,Bal,UT,113,rel,previously_reserved,,83,25,13,1,3,1,20,5,0.292,0.0,0.301,0,0,0,0,0,0,82
2016,mixed,Al Melchior,Steve Pearce,1196,Tor,CI,36,rel,previously_reserved,,22,5,3,1,4,0,5,1,0.261,0.0,0.409,13,0,40,15,2,0,12
2016,mixed,Al Melchior,Nick Castellanos,3217,Det,CI,3,trd,previously_reserved,,45,12,5,2,8,0,13,2,0.34,0.0,0.489,1,0,0,0,108,0,0
2016,mixed,Al Melchior,Marwin Gonzalez,3884,Hou,CI,44,act,previously_reserved,"OF,3B,SS,2B,1B,CI,MI",27,7,2,0,4,0,5,0,0.357,0.0,0.407,3,0,92,14,22,11,19
2016,mixed,Al Melchior,Danny Espinosa,2765,TB,MI,0,rel,previously_reserved,,31,11,2,0,3,0,9,6,0.289,0.0,0.194,0,0,0,0,0,157,0
2016,mixed,Al Melchior,Trevor Story,4020,Col,MI,5,rel,previously_reserved,,31,9,5,2,7,0,10,2,0.235,0.0,0.419,0,0,0,0,0,96,0
2016,mixed,Scott Engel,Paul Goldschmidt,3159,Ari,1B,47,act,active,"1B,CI",424,113,82,16,69,27,101,67,0.41,0.321,0.505,1,0,157,0,0,0,0
2016,mixed,Scott Engel,D.J. LeMahieu,3275,Col,2B,10,act,active,"2B,MI",526,139,97,10,63,10,77,62,0.412,0.167,0.481,0,0,0,146,0,0,0
2016,mixed,Scott Engel,Eduardo Nunez,1033,Bos,SS,40,act,active,"2B,SS,3B,MI,CI",494,123,64,16,59,35,78,27,0.314,0.0,0.431,5,0,0,6,81,55,0
2016,mixed,Scott Engel,Ryon Healy,5786,Oak,3B,44,act,active,3B,258,69,35,12,34,0,58,12,0.339,0.345,0.523,0,0,0,0,72,0,0
2016,mixed,Scott Engel,Chris B. Young,40,Bos,OF,9,act,active,OF,38,14,4,1,3,1,7,2,0.341,0.375,0.447,2,0,0,0,0,0,69
2016,mixed,Scott Engel,Michael Bourn,636,FA,OF,6,act,active,OF,187,49,24,0,13,6,43,9,0.311,0.476,0.353,0,0,0,0,0,0,110
2016,mixed,Scott Engel,George Springer,3575,Hou,OF,34,act,active,OF,644,162,116,29,82,9,178,88,0.359,0.32,0.457,12,0,0,0,0,0,148
2016,mixed,Scott Engel,Carlos Gonzalez,1077,Col,OF,20,act,active,OF,248,65,29,6,46,0,50,20,0.326,0.36,0.435,0,0,0,0,0,0,148
2016,mixed,Scott Engel,Alex Dickerson,4061,SD,OF,36,act,active,OF,169,52,25,4,20,3,34,22,0.337,0.429,0.396,2,0,0,0,0,0,68
2016,mixed,Scott Engel,Jett Bandy,3981,Mil,C,5,act,active,C,168,56,18,7,16,1,35,10,0.277,0.167,0.387,1,68,0,0,0,0,0
2016,mixed,Scott Engel,Cameron Rupp,4651,Phi,C,1,act,active,C,389,105,36,16,54,1,114,24,0.303,0.238,0.447,0,104,0,0,0,0,0
2016,mixed,Scott Engel,Maikel Franco,4021,Phi,UT,21,act,active,"3B,CI",581,152,67,25,88,1,106,40,0.306,0.36,0.427,0,0,0,0,148,0,0
2016,mixed,Scott Engel,Tyler Austin,4116,NYY,CI,6,act,active,"OF,1B",25,12,2,2,5,0,14,3,0.357,0.571,0.56,1,0,27,0,0,0,5
2016,mixed,Scott Engel,Whit Merrifield,4419,KC,MI,4,act,active,"2B,OF,3B",76,20,11,0,8,3,15,7,0.349,0.346,0.408,0,0,1,65,5,0,16
2016,mixed,Scott Engel,Chris Davis,1544,Bal,1B,31,trd,previously_active,,152,42,31,10,27,0,53,25,0.352,0.0,0.48,2,0,152,0,0,0,3
2016,mixed,Scott Engel,Zack Cozart,3043,Cin,SS,0,res,previously_active,"UT,SS,MI",390,102,52,12,40,2,76,36,0.295,0.0,0.379,1,0,0,0,0,111,0
2016,mixed,Scott Engel,Jonathan Villar,3345,Mil,SS,1,trd,previously_active,,319,84,44,6,31,31,99,43,0.38,0.0,0.426,0,0,0,11,42,108,0
2016,mixed,Scott Engel,Avisail Garcia,3485,CWS,OF,0,rel,previously_active,,52,15,6,2,5,0,18,4,0.224,0.0,0.269,63,0,0,0,0,0,55
2016,mixed,Scott Engel,Brandon Nimmo,3778,NYM,OF,26,rel,previously_active,,40,13,6,1,4,0,11,3,0.341,0.0,0.35,0,0,0,0,0,0,22
2016,mixed,Scott Engel,Kirk Nieuwenhuis,3095,Mil,OF,4,rel,previously_active,,47,15,4,3,10,1,19,5,0.269,0.0,0.447,0,0,0,0,0,0,109
2016,mixed,Scott Engel,Peter Bourjos,2154,TB,OF,9,rel,previously_active,,95,29,7,1,4,2,29,3,0.257,0.0,0.337,0,0,0,0,0,0,119
2016,mixed,Scott Engel,J.B. Shuck,3494,Min,OF,5,rel,previously_active,,47,15,5,1,3,0,4,2,0.265,0.0,0.34,10,0,0,0,0,0,65
2016,mixed,Scott Engel,Ryan Raburn,521,Was,OF,7,rel,previously_active,,6,5,0,0,0,0,3,0,0.0,0.0,0.0,6,0,5,0,0,0,49
2016,mixed,Scott Engel,Jake Smolinski,4544,Oak,OF,4,rel,previously_active,,6,4,1,0,0,0,0,0,0.167,0.0,0.167,1,0,0,0,0,0,93
2016,mixed,Scott Engel,Michael Conforto,4911,NYM,OF,10,rel,previously_active,,222,71,29,10,31,2,66,24,0.298,0.0,0.419,4,0,0,0,0,0,87
2016,mixed,Scott Engel,Bryce Harper,2628,Was,OF,48,trd,previously_active,,131,43,28,11,30,7,34,48,0.451,0.0,0.565,0,0,0,0,0,0,143
2016,mixed,Scott Engel,Oswaldo Arcia,3617,Ari,OF,86,rel,previously_active,,12,3,0,0,0,0,7,0,0.0,0.0,0.0,4,0,0,0,0,0,56
2016,mixed,Scott Engel,Tommy Pham,5041,StL,OF,17,rel,previously_active,,20,10,2,1,2,0,3,7,0.519,0.0,0.55,0,0,0,0,0,0,66
2016,mixed,Scott Engel,Socrates Brito,4502,Ari,OF,1,rel,previously_active,,14,5,1,1,1,0,3,0,0.286,0.0,0.5,0,0,0,0,0,0,36
2016,mixed,Scott Engel,Nolan Reimold,2013,Bal,OF,33,rel,previously_active,,15,7,2,0,0,1,6,2,0.412,0.0,0.333,2,0,0,0,0,0,95
2016,mixed,Scott Engel,Tyler Goeddel,4976,Cin,OF,8,rel,previously_active,,75,26,8,3,6,0,18,5,0.309,0.0,0.44,0,0,0,0,0,0,77
2016,mixed,Scott Engel,Sean Rodriguez,743,Pit,OF,41,rel,previously_active,,11,6,2,1,3,0,6,0,0.182,0.0,0.636,0,0,57,29,11,27,32
2016,mixed,Scott Engel,Jimmy Paredes,3350,FA,OF,23,rel,previously_active,,17,10,0,0,0,0,5,0,0.0,0.0,0.0,1,0,0,2,2,0,37
2016,mixed,Scott Engel,Mallex Smith,4975,TB,OF,34,res,previously_active,OF,117,41,19,3,14,11,27,12,0.313,0.0,0.393,0,0,0,0,0,0,56
2016,mixed,Scott Engel,Brandon Guyer,2683,Cle,OF,57,rel,previously_active,,122,35,12,2,4,2,23,8,0.293,0.0,0.303,10,0,0,0,0,0,83
2016,mixed,Scott Engel,Curt Casali,3905,TB,C,25,rel,previously_active,,63,26,9,2,6,0,20,12,0.303,0.0,0.286,7,76,0,0,0,0,0
2016,mixed,Scott Engel,Christian Vazquez,4248,Bos,C,26,rel,previously_active,,24,7,2,0,0,0,7,2,0.192,0.0,0.167,0,56,0,0,0,0,0
2016,mixed,Scott Engel,Carlos Ruiz,1123,Sea,C,0,trd,previously_active,,10,3,1,1,1,0,2,2,0.25,0.0,0.4,1,56,0,0,0,0,0
2016,mixed,Scott Engel,Tyler Flowers,2355,Atl,C,21,rel,previously_active,,10,4,0,0,0,0,6,2,0.167,0.0,0.0,0,81,0,0,0,0,0
2016,mixed,Scott Engel,Kevin Plawecki,4517,NYM,C,4,rel,previously_active,,7,3,0,0,0,0,4,2,0.3,0.0,0.0,0,45,0,0,0,0,0
2016,mixed,Scott Engel,Michael Taylor,4060,Was,UT,0,rel,previously_active,,88,22,10,3,3,4,27,5,0.247,0.0,0.341,0,0,0,0,0,0,69
2016,mixed,Scott Engel,Anthony Gose,3189,Det,UT,1,rel,previously_active,,38,12,4,1,2,0,15,4,0.262,0.0,0.263,0,0,0,0,0,0,30
2016,mixed,Scott Engel,Trayce Thompson,3257,LAD,UT,67,dis,previously_active,OF,117,37,11,4,8,4,40,13,0.254,0.0,0.316,0,0,0,0,0,0,71
2016,mixed,Scott Engel,Justin Bour,4965,Mia,CI,6,trd,previously_active,,76,22,6,3,12,0,20,7,0.333,0.0,0.461,1,0,82,0,0,0,0
2016,mixed,Scott Engel,James Loney,795,FA,CI,4,rel,previously_active,,234,68,19,5,21,0,28,10,0.282,0.0,0.342,0,0,97,0,0,0,0
2016,mixed,Scott Engel,Cesar Hernandez,3413,Phi,MI,4,rel,previously_active,,86,24,6,0,4,2,15,4,0.3,0.0,0.337,0,0,0,149,0,4,0
2016,mixed,Scott Engel,Zack Cozart,3043,Cin,SS,0,res,reserved,"UT,SS,MI",74,19,15,4,10,2,8,1,0.377,0.0,0.662,1,0,0,0,0,111,0
2016,mixed,Scott Engel,Mallex Smith,4975,TB,OF,34,res,reserved,OF,20,14,3,0,1,2,5,3,0.348,0.25,0.25,0,0,0,0,0,0,56
2016,mixed,Scott Engel,Trayce Thompson,3257,LAD,UT,67,dis,reserved,OF,26,7,4,2,5,1,4,4,0.367,0.0,0.538,0,0,0,0,0,0,71
2016,mixed,Scott Engel,D.J. LeMahieu,3275,Col,2B,10,act,previously_reserved,"2B,MI",26,7,7,1,3,1,3,4,0.5,0.0,0.769,0,0,0,146,0,0,0
2016,mixed,Scott Engel,J.B. Shuck,3494,Min,OF,5,rel,previously_reserved,,70,25,7,0,1,2,7,5,0.224,0.0,0.157,10,0,0,0,0,0,65
2016,mixed,Scott Engel,Michael Bourn,636,FA,OF,6,act,previously_reserved,OF,71,28,8,3,10,3,16,9,0.321,0.0,0.423,0,0,0,0,0,0,110
2016,mixed,Scott Engel,Michael Conforto,4911,NYM,OF,10,rel,previously_reserved,,57,22,3,1,3,0,16,7,0.318,0.0,0.368,4,0,0,0,0,0,87
2016,mixed,Scott Engel,Kirk Nieuwenhuis,3095,Mil,OF,4,rel,previously_reserved,,21,9,1,0,1,1,9,6,0.259,0.0,0.048,0,0,0,0,0,0,109
2016,mixed,Scott Engel,Brandon Nimmo,3778,NYM,OF,26,rel,previously_reserved,,7,2,0,0,0,0,1,0,0.143,0.0,0.143,0,0,0,0,0,0,22
2016,mixed,Scott Engel,Peter Bourjos,2154,TB,OF,9,rel,previously_reserved,,12,9,3,0,0,0,1,2,0.333,0.0,0.25,0,0,0,0,0,0,119
2016,mixed,Scott Engel,Jimmy Paredes,3350,FA,OF,23,rel,previously_reserved,,14,6,1,0,2,0,1,1,0.4,0.0,0.5,1,0,0,2,2,0,37
2016,mixed,Scott Engel,Tyler Goeddel,4976,Cin,OF,8,rel,previously_reserved,,22,13,1,0,2,0,9,1,0.167,0.0,0.182,0,0,0,0,0,0,77
2016,mixed,Scott Engel,Brandon Guyer,2683,Cle,OF,57,rel,previously_reserved,,19,5,2,1,3,0,5,1,0.286,0.0,0.421,10,0,0,0,0,0,83
2016,mixed,Scott Engel,Tommy Pham,5041,StL,OF,17,rel,previously_reserved,,28,16,5,1,3,0,20,4,0.242,0.0,0.25,0,0,0,0,0,0,66
2016,mixed,Scott Engel,Oswaldo Arcia,3617,Ari,OF,86,rel,previously_reserved,,17,6,2,0,0,0,8,1,0.263,0.0,0.294,4,0,0,0,0,0,56
2016,mixed,Scott Engel,Socrates Brito,4502,Ari,OF,1,rel,previously_reserved,,17,5,2,0,1,1,5,0,0.176,0.0,0.294,0,0,0,0,0,0,36
2016,mixed,Scott Engel,Carlos Ruiz,1123,Sea,C,0,trd,previously_reserved,,16,4,4,1,3,0,3,2,0.5,0.0,0.687,1,56,0,0,0,0,0
2016,mixed,Scott Engel,Christian Vazquez,4248,Bos,C,26,rel,previously_reserved,,19,5,3,1,2,0,4,1,0.3,0.0,0.526,0,56,0,0,0,0,0
2016,mixed,Scott Engel,Curt Casali,3905,TB,C,25,rel,previously_reserved,,12,4,0,0,1,0,7,1,0.154,0.0,0.167,7,76,0,0,0,0,0
2016,mixed,Scott Engel,Michael Taylor,4060,Was,UT,0,rel,previously_reserved,,25,8,3,0,1,2,7,2,0.214,0.0,0.2,0,0,0,0,0,0,69
2016,mixed,Scott Engel,Anthony Gose,3189,Det,UT,1,rel,previously_reserved,,8,2,0,0,0,0,4,1,0.222,0.0,0.125,0,0,0,0,0,0,30
2016,mixed,Scott Engel,James Loney,795,FA,CI,4,rel,previously_reserved,,43,12,4,1,5,0,4,4,0.417,0.0,0.558,0,0,97,0,0,0,0
2016,mixed,Scott Engel,Cesar Hernandez,3413,Phi,MI,4,rel,previously_reserved,,136,43,13,2,12,1,36,11,0.291,0.0,0.338,0,0,0,149,0,4,0
2016,mixed,Gene McCaffrey,Miguel Cabrera,509,Det,1B,40,act,active,"1B,CI",595,158,92,38,108,0,116,75,0.393,0.583,0.563,8,0,147,0,1,0,0
2016,mixed,Gene McCaffrey,Jurickson Profar,3198,Tex,2B,0,act,active,"OF,3B,SS,2B,1B",231,81,25,3,17,2,55,29,0.308,0.417,0.286,6,0,17,19,25,11,14
2016,mixed,Gene McCaffrey,Carlos Correa,4010,Hou,SS,35,act,active,"SS,MI",577,153,76,20,96,13,139,75,0.361,0.333,0.451,0,0,0,0,0,153,0
2016,mixed,Gene McCaffrey,Adrian Beltre,1355,Tex,3B,15,act,active,"3B,CI",583,153,89,32,104,1,66,48,0.358,0.333,0.521,12,0,0,0,141,0,0
2016,mixed,Gene McCaffrey,Odubel Herrera,5084,Phi,OF,3,act,active,OF,308,83,46,7,22,14,76,22,0.332,0.28,0.416,0,0,0,0,0,0,155
2016,mixed,Gene McCaffrey,Yoenis Cespedes,3837,NYM,OF,22,act,active,OF,466,129,69,28,81,3,107,51,0.353,0.25,0.513,4,0,0,0,0,0,122
2016,mixed,Gene McCaffrey,Nomar Mazara,3791,Tex,OF,0,act,active,OF,512,144,58,19,63,0,112,39,0.317,0.176,0.41,1,0,0,0,0,0,143
2016,mixed,Gene McCaffrey,Tyler Naquin,4363,Cle,OF,277,act,active,OF,225,75,36,11,33,5,81,24,0.354,0.368,0.516,0,0,0,0,0,0,109
2016,mixed,Gene McCaffrey,Jose Peraza,4468,Cin,OF,2,act,active,"2B,SS,OF,MI",127,34,13,2,15,9,19,4,0.321,0.345,0.402,1,0,0,12,0,31,21
2016,mixed,Gene McCaffrey,Mike Zunino,4012,Sea,C,7,act,active,C,148,50,13,9,26,0,60,19,0.312,0.238,0.432,2,52,0,0,0,0,0
2016,mixed,Gene McCaffrey,James McCann,3906,Det,C,1,act,active,C,332,101,31,12,48,0,105,22,0.274,0.294,0.367,5,99,0,0,0,0,0
2016,mixed,Gene McCaffrey,Scooter Gennett,3277,Cin,UT,227,act,active,"2B,MI",195,56,27,5,22,1,52,16,0.296,0.25,0.395,1,0,0,127,0,0,0
2016,mixed,Gene McCaffrey,Victor Martinez,394,Det,CI,3,act,active,1B,544,150,63,25,83,0,88,49,0.352,0.154,0.469,138,0,5,0,0,0,0
2016,mixed,Gene McCaffrey,Francisco Lindor,3668,Cle,MI,17,act,active,"SS,MI",604,158,99,15,78,19,88,57,0.358,0.5,0.435,1,0,0,0,0,155,0
2016,mixed,Gene McCaffrey,Tim Beckham,2143,Bal,2B,3,rel,previously_active,,20,6,2,1,2,0,10,1,0.143,0.0,0.25,3,0,6,19,7,25,0
2016,mixed,Gene McCaffrey,Nolan Arenado,3214,Col,3B,34,trd,previously_active,,287,74,53,21,63,1,37,36,0.376,0.0,0.585,0,0,0,0,160,0,0
2016,mixed,Gene McCaffrey,Eddie Rosario,3889,Min,OF,2,rel,previously_active,,115,32,15,3,9,3,31,3,0.218,0.0,0.313,0,0,0,0,0,0,89
2016,mixed,Gene McCaffrey,Oswaldo Arcia,3617,Ari,OF,27,res,previously_active,OF,27,12,3,1,3,0,13,4,0.258,0.0,0.296,4,0,0,0,0,0,56
2016,mixed,Gene McCaffrey,Randal Grichuk,2843,StL,OF,7,rel,previously_active,,204,62,31,8,27,3,54,18,0.276,0.0,0.392,0,0,0,0,0,0,119
2016,mixed,Gene McCaffrey,Josh Reddick,2163,Hou,OF,5,trd,previously_active,,116,31,13,4,15,2,19,11,0.375,0.0,0.474,2,0,0,0,0,0,110
2016,mixed,Gene McCaffrey,Ben Revere,2085,LAA,OF,8,res,previously_active,OF,298,81,36,2,23,12,26,16,0.263,0.0,0.299,0,0,0,0,0,0,87
2016,mixed,Gene McCaffrey,Aaron Judge,4601,NYY,OF,183,dis,previously_active,OF,77,25,7,2,8,0,41,8,0.241,0.0,0.26,0,0,0,0,0,0,27
2016,mixed,Gene McCaffrey,Max Muncy,4851,LAD,OF,3,rel,previously_active,,16,6,1,1,1,0,2,1,0.176,0.0,0.312,3,0,0,21,1,0,21
2016,mixed,Gene McCaffrey,Aaron Hicks,2591,NYY,OF,1,res,previously_active,OF,81,31,10,3,7,1,16,8,0.292,0.0,0.37,2,0,0,0,0,0,119
2016,mixed,Gene McCaffrey,Tony Wolters,3637,Col,C,72,rel,previously_active,,101,34,13,0,18,1,23,12,0.31,0.0,0.337,0,59,0,7,0,3,0
2016,mixed,Gene McCaffrey,Christian Vazquez,4248,Bos,C,3,res,previously_active,C,24,8,1,0,2,0,4,2,0.259,0.0,0.208,0,56,0,0,0,0,0
2016,mixed,Gene McCaffrey,J.R. Murphy,3977,Ari,C,1,rel,previously_active,,40,11,0,0,0,0,7,2,0.119,0.0,0.1,0,25,0,0,0,0,0
2016,mixed,Gene McCaffrey,Ben Paulsen,3560,FA,UT,0,rel,previously_active,,9,5,1,0,0,0,2,2,0.364,0.0,0.444,0,0,23,0,0,0,7
2016,mixed,Gene McCaffrey,Oswaldo Arcia,3617,Ari,OF,27,res,reserved,OF,47,17,2,2,4,0,15,2,0.163,0.0,0.277,4,0,0,0,0,0,56
2016,mixed,Gene McCaffrey,Ben Revere,2085,LAA,OF,8,res,reserved,OF,35,18,6,0,1,2,4,0,0.229,0.1,0.286,0,0,0,0,0,0,87
2016,mixed,Gene McCaffrey,Aaron Judge,4601,NYY,OF,183,dis,reserved,OF,0,0,0,0,0,0,0,0,0.0,0.0,0.0,0,0,0,0,0,0,27
2016,mixed,Gene McCaffrey,Aaron Hicks,2591,NYY,OF,1,res,reserved,OF,246,92,22,5,24,2,52,22,0.277,0.308,0.325,2,0,0,0,0,0,119
2016,mixed,Gene McCaffrey,Christian Vazquez,4248,Bos,C,3,res,reserved,C,21,11,0,0,1,0,5,1,0.391,0.333,0.381,0,56,0,0,0,0,0
2016,mixed,Gene McCaffrey,Jurickson Profar,3198,Tex,2B,0,act,previously_reserved,"OF,3B,SS,2B,1B",41,9,10,2,3,0,6,1,0.405,0.0,0.634,6,0,17,19,25,11,14
2016,mixed,Gene McCaffrey,Yoenis Cespedes,3837,NYM,OF,22,act,previously_reserved,OF,13,3,3,3,5,0,1,0,0.385,0.0,1.15,4,0,0,0,0,0,122
2016,mixed,Gene McCaffrey,Nomar Mazara,3791,Tex,OF,0,act,previously_reserved,OF,4,1,1,1,1,0,0,0,0.75,0.0,1.5,1,0,0,0,0,0,143
2016,mixed,Gene McCaffrey,Jose Peraza,4468,Cin,OF,2,act,previously_reserved,"2B,SS,OF,MI",114,38,12,1,10,12,14,3,0.387,0.0,0.421,1,0,0,12,0,31,21
2016,mixed,Gene McCaffrey,Tyler Naquin,4363,Cle,OF,277,act,previously_reserved,OF,22,10,2,0,3,1,8,7,0.467,0.0,0.318,0,0,0,0,0,0,109
2016,mixed,Gene McCaffrey,James McCann,3906,Det,C,1,act,previously_reserved,C,12,4,0,0,0,0,4,1,0.214,0.0,0.083,5,99,0,0,0,0,0
2016,mixed,Gene McCaffrey,Tony Wolters,3637,Col,C,72,rel,previously_reserved,,15,6,1,1,4,0,4,1,0.25,0.0,0.467,0,59,0,7,0,3,0
2016,mixed,Gene McCaffrey,Scooter Gennett,3277,Cin,UT,227,act,previously_reserved,"2B,MI",285,74,26,6,31,7,59,18,0.318,0.0,0.393,1,0,0,127,0,0,0
2016,mixed,Gene McCaffrey,Ben Paulsen,3560,FA,UT,0,rel,previously_reserved,,57,24,5,1,10,0,16,2,0.288,0.0,0.368,0,0,23,0,0,0,7
2016,mixed,Gene McCaffrey,Victor Martinez,394,Det,CI,3,act,previously_reserved,1B,9,4,2,2,3,0,2,1,0.3,0.0,0.889,138,0,5,0,0,0,0
2016,mixed,Nando DiFino,C.J. Cron,3696,LAA,1B,0,act,active,"1B,CI",361,102,46,14,60,1,68,20,0.323,0.238,0.463,10,0,97,0,0,0,0
2016,mixed,Nando DiFino,Dee Gordon,2693,Mia,2B,22,act,active,"UT,2B,MI",321,78,47,1,14,30,54,18,0.309,0.409,0.34,0,0,0,78,0,0,0
2016,mixed,Nando DiFino,Addison Russell,4162,ChC,SS,11,act,active,"2B,SS,MI",309,89,41,15,58,3,67,25,0.315,0.238,0.45,0,0,0,0,0,148,0
2016,mixed,Nando DiFino,Josh Harrison,3747,Pit,3B,6,act,active,"3B,2B,CI,MI,OF",154,39,20,1,17,5,23,7,0.343,0.0,0.416,0,0,0,128,0,0,1
2016,mixed,Nando DiFino,Corey Dickerson,3661,TB,OF,9,act,active,OF,510,148,57,24,70,0,134,33,0.293,0.29,0.469,61,0,0,0,0,0,78
2016,mixed,Nando DiFino,Carlos Gomez,902,Tex,OF,26,act,active,OF,260,76,35,11,44,12,76,26,0.336,0.474,0.446,5,0,0,0,0,0,111
2016,mixed,Nando DiFino,Avisail Garcia,3485,CWS,OF,130,act,active,OF,252,72,32,4,26,2,71,18,0.284,0.25,0.325,63,0,0,0,0,0,55
2016,mixed,Nando DiFino,Randal Grichuk,2843,StL,OF,75,act,active,OF,195,57,28,11,29,2,73,9,0.288,0.214,0.503,0,0,0,0,0,0,119
2016,mixed,Nando DiFino,Kevin Pillar,4578,Tor,OF,10,act,active,OF,429,115,48,6,42,12,70,22,0.306,0.32,0.38,0,0,0,0,0,0,146
2016,mixed,Nando DiFino,Evan Gattis,3959,Hou,C,0,act,active,C,379,107,50,30,63,2,105,36,0.324,0.444,0.533,71,55,0,0,0,0,0
2016,mixed,Nando DiFino,Francisco Cervelli,1004,Pit,C,6,act,active,C,159,52,23,1,12,3,37,26,0.38,0.333,0.352,1,95,2,0,0,0,0
2016,mixed,Nando DiFino,Justin Morneau,898,FA,UT,1,act,active,"1B,CI",133,40,11,5,18,0,32,8,0.319,0.421,0.466,53,0,0,0,0,0,0
2016,mixed,Nando DiFino,Mark Trumbo,2262,Bal,CI,10,act,active,"OF,1B,CI",613,159,94,47,108,2,170,51,0.316,0.44,0.533,59,0,6,0,0,0,96
2016,mixed,Nando DiFino,Jace Peterson,4427,Atl,MI,7,act,active,"UT,2B,MI,OF",137,45,14,2,11,3,28,22,0.338,0.357,0.343,0,0,0,87,1,0,16
2016,mixed,Nando DiFino,Robinson Cano,1008,Sea,2B,28,trd,previously_active,,258,63,48,18,51,0,38,18,0.349,0.0,0.574,5,0,0,157,0,0,0
2016,mixed,Nando DiFino,Rougned Odor,4026,Tex,2B,18,trd,previously_active,,77,19,7,5,10,3,19,2,0.342,0.0,0.597,3,0,0,146,0,0,0
2016,mixed,Nando DiFino,Jean Segura,3177,Sea,SS,3,trd,previously_active,,279,66,35,5,29,8,44,11,0.341,0.0,0.434,0,0,0,142,0,23,0
2016,mixed,Nando DiFino,Troy Tulowitzki,461,Tor,SS,23,trd,previously_active,,111,31,9,5,13,0,36,15,0.266,0.0,0.306,3,0,0,0,0,128,0
2016,mixed,Nando DiFino,Xander Bogaerts,3822,Bos,SS,21,trd,previously_active,,86,21,11,2,13,1,14,11,0.303,0.0,0.302,0,0,0,0,0,157,0
2016,mixed,Nando DiFino,Lonnie Chisenhall,2627,Cle,3B,82,trd,previously_active,,152,44,16,6,25,3,22,9,0.362,0.0,0.533,0,0,3,0,1,0,119
2016,mixed,Nando DiFino,Brock Holt,4192,Bos,3B,34,rel,previously_active,,207,66,30,5,27,2,41,19,0.3,0.0,0.348,1,0,0,8,17,7,68
2016,mixed,Nando DiFino,Ichiro Suzuki,1368,Mia,OF,19,rel,previously_active,,43,19,5,0,3,2,8,8,0.434,0.0,0.419,3,0,0,0,0,0,78
2016,mixed,Nando DiFino,Keon Broxton,3265,Mil,OF,18,rel,previously_active,,158,55,20,7,13,16,66,27,0.368,0.0,0.443,0,0,0,0,0,0,68
2016,mixed,Nando DiFino,Hanley Ramirez,566,Bos,OF,14,trd,previously_active,,144,36,25,4,23,4,36,10,0.367,0.0,0.479,11,0,133,0,0,0,0
2016,mixed,Nando DiFino,Charlie Blackmon,2620,Col,OF,29,trd,previously_active,,150,35,23,5,14,8,31,9,0.36,0.0,0.44,0,0,0,0,0,0,138
2016,mixed,Nando DiFino,Gregory Polanco,4166,Pit,OF,17,trd,previously_active,,244,66,44,9,39,9,55,35,0.376,0.0,0.512,4,0,0,0,0,0,134
2016,mixed,Nando DiFino,Peter O'Brien,4794,LAD,OF,0,rel,previously_active,,21,7,2,1,1,0,9,2,0.217,0.0,0.286,0,0,1,0,0,0,16
2016,mixed,Nando DiFino,Tony Kemp,5292,Hou,OF,12,rel,previously_active,,10,5,1,0,0,0,2,0,0.1,0.0,0.1,8,0,0,5,0,0,39
2016,mixed,Nando DiFino,Devin Mesoraco,1987,Cin,C,7,rel,previously_active,,50,16,2,0,1,0,10,5,0.218,0.0,0.16,0,13,0,0,0,0,0
2016,mixed,Nando DiFino,Yan Gomes,3945,Cle,C,5,rel,previously_active,,249,71,21,8,32,0,69,9,0.198,0.0,0.313,1,73,0,0,0,0,0
2016,mixed,Nando DiFino,Tim Federowicz,3551,SF,C,11,rel,previously_active,,4,1,0,0,1,0,1,0,0.25,0.0,0.5,0,12,0,0,0,0,0
2016,mixed,Nando DiFino,Chris Herrmann,3487,Ari,C,12,trd,previously_active,,34,14,7,1,6,1,10,5,0.425,0.0,0.5,0,31,2,0,0,0,9
2016,mixed,Nando DiFino,Domingo Santana,3213,Mil,UT,6,rel,previously_active,,117,37,15,3,12,0,46,19,0.343,0.0,0.368,0,0,0,0,0,0,67
2016,mixed,Nando DiFino,Adonis Garcia,4052,Atl,UT,17,res,previously_active,"3B,CI",145,36,17,3,12,1,23,7,0.325,0.0,0.379,2,0,0,0,123,0,4
2016,mixed,Nando DiFino,Yonder Alonso,2142,Sea,CI,14,rel,previously_active,,24,6,2,0,2,1,6,0,0.333,0.0,0.458,3,0,145,0,7,0,0
2016,mixed,Nando DiFino,Derek Dietrich,3699,Mia,CI,216,trd,previously_active,,102,31,12,1,7,0,23,8,0.361,0.0,0.324,0,0,16,75,13,0,8
2016,mixed,Nando DiFino,Chris Colabello,4272,Mil,CI,3,rel,previously_active,,12,4,0,0,0,0,5,0,0.083,0.0,0.083,0,0,8,0,0,0,1
2016,mixed,Nando DiFino,Alcides Escobar,850,KC,MI,1,trd,previously_active,,200,46,17,0,12,4,31,4,0.266,0.0,0.3,0,0,0,0,0,162,0
2016,mixed,Nando DiFino,Nick Franklin,2845,LAA,MI,2,rel,previously_active,,1,1,0,0,1,1,0,0,1.0,0.0,2.0,6,0,9,8,0,5,25
2016,mixed,Nando DiFino,Adonis Garcia,4052,Atl,UT,17,res,reserved,"3B,CI",193,45,27,5,30,1,36,3,0.273,0.3,0.389,2,0,0,0,123,0,4
2016,mixed,Nando DiFino,Brett Lawrie,2186,FA,MI,6,dis,reserved,"2B,3B,CI,MI",0,0,0,0,0,0,0,0,0.0,0.0,0.0,2,0,0,92,0,0,0
2016,mixed,Nando DiFino,C.J. Cron,3696,LAA,1B,0,act,previously_reserved,"1B,CI",46,14,5,2,9,1,7,4,0.34,0.0,0.5,10,0,97,0,0,0,0
2016,mixed,Nando DiFino,Dee Gordon,2693,Mia,2B,22,act,previously_reserved,"UT,2B,MI",4,1,0,0,0,0,1,0,0.0,0.0,0.0,0,0,0,78,0,0,0
2016,mixed,Nando DiFino,Wilmer Flores,2527,NYM,SS,0,rel,previously_reserved,,44,17,3,1,2,0,6,4,0.229,0.0,0.273,0,0,27,18,51,8,0
2016,mixed,Nando DiFino,Brock Holt,4192,Bos,3B,34,rel,previously_reserved,,53,18,13,2,6,2,10,5,0.433,0.0,0.604,1,0,0,8,17,7,68
2016,mixed,Nando DiFino,Lonnie Chisenhall,2627,Cle,3B,82,trd,previously_reserved,,39,14,6,0,2,1,8,2,0.293,0.0,0.333,0,0,3,0,1,0,119
2016,mixed,Nando DiFino,Kevin Pillar,4578,Tor,OF,10,act,previously_reserved,OF,23,6,1,0,4,0,5,0,0.217,0.0,0.304,0,0,0,0,0,0,146
2016,mixed,Nando DiFino,Randal Grichuk,2843,StL,OF,75,act,previously_reserved,OF,13,4,2,2,6,0,6,0,0.308,0.0,0.923,0,0,0,0,0,0,119
2016,mixed,Nando DiFino,Avisail Garcia,3485,CWS,OF,130,act,previously_reserved,OF,91,28,17,5,16,2,24,10,0.379,0.0,0.538,63,0,0,0,0,0,55
2016,mixed,Nando DiFino,Carlos Gomez,902,Tex,OF,26,act,previously_reserved,OF,30,8,4,2,4,1,14,1,0.194,0.0,0.4,5,0,0,0,0,0,111
2016,mixed,Nando DiFino,Keon Broxton,3265,Mil,OF,18,rel,previously_reserved,,13,7,4,1,2,4,4,3,0.375,0.0,0.462,0,0,0,0,0,0,68
2016,mixed,Nando DiFino,Peter O'Brien,4794,LAD,OF,0,rel,previously_reserved,,7,6,0,0,0,0,4,1,0.125,0.0,0.0,0,0,1,0,0,0,16
2016,mixed,Nando DiFino,Evan Gattis,3959,Hou,C,0,act,previously_reserved,C,68,21,8,2,9,0,22,7,0.289,0.0,0.368,71,55,0,0,0,0,0
2016,mixed,Nando DiFino,Chris Herrmann,3487,Ari,C,12,trd,previously_reserved,,14,6,2,1,3,1,6,4,0.389,0.0,0.5,0,31,2,0,0,0,9
2016,mixed,Nando DiFino,Justin Morneau,898,FA,UT,1,act,previously_reserved,"1B,CI",70,18,5,1,7,0,20,4,0.27,0.0,0.357,53,0,0,0,0,0,0
2016,mixed,Nando DiFino,Domingo Santana,3213,Mil,UT,6,rel,previously_reserved,,11,3,4,1,1,0,6,2,0.385,0.0,0.636,0,0,0,0,0,0,67
2016,mixed,Nando DiFino,Yonder Alonso,2142,Sea,CI,14,rel,previously_reserved,,162,54,12,1,13,1,24,14,0.287,0.0,0.29,3,0,145,0,7,0,0
2016,mixed,Nando DiFino,Chris Colabello,4272,Mil,CI,3,rel,previously_reserved,,17,6,0,0,1,0,4,2,0.2,0.0,0.059,0,0,8,0,0,0,1
2016,mixed,Nando DiFino,Alcides Escobar,850,KC,MI,1,trd,previously_reserved,,51,15,3,1,3,1,2,4,0.345,0.0,0.412,0,0,0,0,0,162,0
2016,mixed,David Gonos,Freddie Freeman,2466,Atl,1B,20,act,active,"1B,CI",589,158,102,34,91,6,171,89,0.4,0.333,0.569,0,0,158,0,0,0,0
2016,mixed,David Gonos,Joe Panik,3800,SF,2B,5,act,active,"2B,MI",450,123,66,10,61,5,46,50,0.321,0.286,0.387,0,0,0,126,0,0,0
2016,mixed,David Gonos,Troy Tulowitzki,461,Tor,SS,23,act,active,"SS,MI",349,92,36,15,57,1,60,27,0.331,0.379,0.45,3,0,0,0,0,128,0
2016,mixed,David Gonos,Yasmany Tomas,4952,Ari,3B,0,act,active,"OF,CI,3B",477,125,65,29,76,2,122,27,0.313,0.4,0.514,0,0,1,0,0,0,137
2016,mixed,David Gonos,Stephen Piscotty,4095,StL,OF,10,act,active,OF,582,153,86,22,85,7,133,51,0.343,0.393,0.457,0,0,1,0,0,0,150
2016,mixed,David Gonos,Nelson Cruz,1529,Sea,OF,24,act,active,"UT,OF",589,155,96,43,105,2,159,62,0.36,0.379,0.555,107,0,0,0,0,0,48
2016,mixed,David Gonos,Jake Smolinski,4544,Oak,OF,22,act,active,OF,105,32,9,0,3,0,22,3,0.216,0.167,0.2,1,0,0,0,0,0,93
2016,mixed,David Gonos,Jayson Werth,1139,Was,OF,3,act,active,OF,475,130,76,18,58,5,124,70,0.347,0.222,0.417,6,0,0,0,0,0,133
2016,mixed,David Gonos,Denard Span,907,SF,OF,5,act,active,OF,572,143,70,11,53,12,79,53,0.331,0.429,0.381,0,0,0,0,0,0,137
2016,mixed,David Gonos,Salvador Perez,3457,KC,C,12,act,active,C,514,139,57,22,64,0,119,22,0.288,0.308,0.438,7,128,1,0,0,0,0
2016,mixed,David Gonos,Wilson Ramos,2170,TB,C,3,act,active,C,458,125,54,21,75,0,76,34,0.347,0.333,0.487,0,128,0,0,0,0,0
2016,mixed,David Gonos,Jarrod Dyson,2961,Sea,UT,0,act,active,OF,166,53,23,1,16,13,25,9,0.326,0.524,0.404,6,0,0,0,0,0,95
2016,mixed,David Gonos,Adrian Gonzalez,1250,LAD,CI,19,act,active,"1B,CI",568,156,69,18,90,0,117,55,0.349,0.4,0.435,2,0,151,0,0,0,0
2016,mixed,David Gonos,Yangervis Solarte,3899,SD,MI,4,act,active,"2B,3B,CI,MI,1B",263,72,34,11,43,1,42,20,0.314,0.36,0.445,0,0,2,15,96,0,0
2016,mixed,David Gonos,Ian Kinsler,1520,Det,2B,12,trd,previously_active,,153,36,32,7,18,3,26,10,0.349,0.0,0.49,1,0,0,151,0,0,0
2016,mixed,David Gonos,Jung-ho Kang,5052,Pit,SS,10,trd,previously_active,,16,5,3,2,4,0,4,1,0.421,0.0,0.812,1,0,0,0,92,0,0
2016,mixed,David Gonos,Jose Iglesias,2913,Det,SS,36,rel,previously_active,,76,23,9,0,1,3,11,6,0.268,0.0,0.237,0,0,0,0,0,136,0
2016,mixed,David Gonos,Adam Jones,133,Bal,OF,24,trd,previously_active,,457,112,70,23,69,1,85,29,0.319,0.0,0.462,0,0,0,0,0,0,152
2016,mixed,David Gonos,David Ross,335,ChC,C,85,rel,previously_active,,15,5,1,0,2,0,2,3,0.278,0.0,0.2,0,58,0,0,0,0,0
2016,mixed,David Gonos,Eddie Rosario,3889,Min,UT,95,res,previously_active,OF,110,30,16,3,14,2,36,5,0.316,0.0,0.436,0,0,0,0,0,0,89
2016,mixed,David Gonos,Chase Headley,1252,NYY,UT,0,trd,previously_active,,17,5,0,0,0,0,3,0,0.176,0.0,0.176,1,0,0,0,140,0,0
2016,mixed,David Gonos,David Wright,953,NYM,UT,2,dis,previously_active,"3B,CI",107,27,12,5,10,2,46,14,0.306,0.0,0.43,0,0,0,0,36,0,0
2016,mixed,David Gonos,Matt Joyce,2074,Oak,UT,13,rel,previously_active,,9,8,3,1,2,0,1,2,0.273,0.0,0.444,4,0,0,0,0,0,66
2016,mixed,David Gonos,Eugenio Suarez,4330,Cin,MI,2,res,previously_active,"3B,MI,SS",206,59,26,6,22,4,66,18,0.3,0.0,0.369,1,0,0,0,151,2,0
2016,mixed,David Gonos,Matt Duffy,4893,TB,MI,4,dis,previously_active,"3B,SS,CI",43,13,5,1,8,1,13,2,0.319,0.0,0.442,1,0,0,0,70,18,0
2016,mixed,David Gonos,David Wright,953,NYM,UT,2,dis,reserved,"3B,CI",30,10,6,2,4,1,9,12,0.476,0.0,0.467,0,0,0,0,36,0,0
2016,mixed,David Gonos,Eddie Rosario,3889,Min,UT,95,res,reserved,OF,53,15,9,2,2,0,16,3,0.321,0.0,0.434,0,0,0,0,0,0,89
2016,mixed,David Gonos,Eugenio Suarez,4330,Cin,MI,2,res,reserved,"3B,MI,SS",223,64,33,8,27,3,60,23,0.34,0.29,0.435,1,0,0,0,151,2,0
2016,mixed,David Gonos,Matt Duffy,4893,TB,MI,4,dis,reserved,"3B,SS,CI",140,38,18,2,9,3,20,8,0.303,0.0,0.329,1,0,0,0,70,18,0
2016,mixed,David Gonos,Joe Panik,3800,SF,2B,5,act,previously_reserved,"2B,MI",14,4,1,0,1,0,1,0,0.133,0.0,0.143,0,0,0,126,0,0,0
2016,mixed,David Gonos,Alexei Ramirez,236,TB,SS,0,trd,previously_reserved,,69,19,7,0,6,1,8,4,0.28,0.0,0.275,1,0,0,1,0,127,3
2016,mixed,David Gonos,Troy Tulowitzki,461,Tor,SS,23,act,previously_reserved,"SS,MI",8,2,2,1,2,0,1,0,0.25,0.0,0.75,3,0,0,0,0,128,0
2016,mixed,David Gonos,Jose Iglesias,2913,Det,SS,36,rel,previously_reserved,,17,6,2,1,1,0,2,1,0.222,0.0,0.353,0,0,0,0,0,136,0
2016,mixed,David Gonos,Jung-ho Kang,5052,Pit,SS,10,trd,previously_reserved,,8,3,2,2,4,0,1,0,0.222,0.0,1.0,1,0,0,0,92,0,0
2016,mixed,David Gonos,Yasmany Tomas,4952,Ari,3B,0,act,previously_reserved,"OF,CI,3B",53,15,7,2,7,0,14,4,0.31,0.0,0.453,0,0,1,0,0,0,137
2016,mixed,David Gonos,Jake Smolinski,4544,Oak,OF,22,act,previously_reserved,OF,18,5,1,1,1,0,2,2,0.35,0.0,0.444,1,0,0,0,0,0,93
2016,mixed,David Gonos,Austin Jackson,1039,Cle,OF,0,rel,previously_reserved,,144,44,18,0,14,1,35,13,0.289,0.0,0.306,0,0,0,0,0,0,54
2016,mixed,David Gonos,Jayson Werth,1139,Was,OF,3,act,previously_reserved,OF,50,13,8,3,11,0,15,1,0.208,0.0,0.42,6,0,0,0,0,0,133
2016,mixed,David Gonos,Wilson Ramos,2170,TB,C,3,act,previously_reserved,C,24,6,4,1,5,0,3,1,0.48,0.0,0.667,0,128,0,0,0,0,0
2016,mixed,David Gonos,Caleb Joseph,3041,Bal,C,0,rel,previously_reserved,,33,11,3,0,0,0,7,4,0.297,0.0,0.242,0,48,2,0,0,0,0
2016,mixed,David Gonos,David Ross,335,ChC,C,85,rel,previously_reserved,,10,4,2,1,4,0,3,2,0.385,0.0,0.6,0,58,0,0,0,0,0
2016,mixed,David Gonos,Jarrod Dyson,2961,Sea,UT,0,act,previously_reserved,OF,133,54,23,0,9,17,14,17,0.358,0.0,0.368,6,0,0,0,0,0,95
2016,mixed,David Gonos,Matt Joyce,2074,Oak,UT,13,rel,previously_reserved,,134,72,28,8,28,1,42,27,0.377,0.0,0.485,4,0,0,0,0,0,66
2016,mixed,David Gonos,Yangervis Solarte,3899,SD,MI,4,act,previously_reserved,"2B,3B,CI,MI,1B",142,37,21,4,28,0,21,10,0.391,0.0,0.507,0,0,2,15,96,0,0
2016,mixed,Derek Van Riper,Chris Davis,1544,Bal,1B,31,act,active,"1B,OF,CI",414,115,68,28,57,1,166,63,0.325,0.385,0.452,2,0,152,0,0,0,3
2016,mixed,Derek Van Riper,Jedd Gyorko,3700,StL,2B,1,act,active,"3B,SS,2B,MI,1B",139,46,15,8,15,0,32,11,0.28,0.4,0.424,0,0,11,46,39,26,0
2016,mixed,Derek Van Riper,Marcus Semien,4300,Oak,SS,7,act,active,"UT,SS,MI",568,159,72,27,75,10,139,51,0.3,0.385,0.435,0,0,0,0,0,159,0
2016,mixed,Derek Van Riper,Anthony Rendon,3205,Was,3B,19,act,active,"3B,CI,2B,MI",567,156,91,20,85,12,117,65,0.348,0.286,0.45,0,0,0,0,155,0,0
2016,mixed,Derek Van Riper,Jorge Soler,3918,KC,OF,0,act,active,OF,163,63,24,8,21,0,49,23,0.323,0.333,0.411,7,0,0,0,0,0,60
2016,mixed,Derek Van Riper,Scott Schebler,4627,Cin,OF,3,act,active,OF,171,49,29,7,29,1,31,14,0.368,0.375,0.468,0,0,0,0,0,0,67
2016,mixed,Derek Van Riper,Ender Inciarte,4264,Atl,OF,2,act,active,OF,362,91,61,2,19,10,45,34,0.371,0.238,0.395,0,0,0,0,0,0,129
2016,mixed,Derek Van Riper,Yasiel Puig,4153,LAD,OF,21,act,active,OF,309,97,39,9,41,5,71,22,0.314,0.333,0.398,0,0,0,0,0,0,95
2016,mixed,Derek Van Riper,Bryce Harper,2628,Was,OF,48,act,active,"UT,OF",375,104,56,13,56,14,83,60,0.341,0.308,0.397,0,0,0,0,0,0,143
2016,mixed,Derek Van Riper,Stephen Vogt,3569,Mil,C,9,act,active,"C,CI,1B",457,128,54,14,55,0,77,34,0.313,0.25,0.422,23,113,1,0,0,0,0
2016,mixed,Derek Van Riper,Sandy Leon,3901,Bos,C,5,act,active,C,190,57,25,5,22,0,53,18,0.33,0.25,0.405,2,74,0,0,0,0,0
2016,mixed,Derek Van Riper,Gerardo Parra,2000,Col,UT,47,act,active,"OF,1B",38,13,3,1,4,0,8,1,0.225,0.429,0.342,0,0,19,0,0,0,79
2016,mixed,Derek Van Riper,Hanley Ramirez,566,Bos,CI,14,act,active,"1B,OF",405,111,56,26,88,5,84,50,0.359,0.4,0.514,11,0,133,0,0,0,0
2016,mixed,Derek Van Riper,Chris Owings,3271,Ari,MI,11,act,active,"SS,2B,OF,MI",156,38,21,3,20,9,28,2,0.294,0.296,0.436,0,0,0,1,0,70,49
2016,mixed,Derek Van Riper,Prince Fielder,851,Tex,1B,24,rel,previously_active,,326,89,29,8,44,0,63,32,0.292,0.0,0.334,80,0,9,0,0,0,0
2016,mixed,Derek Van Riper,Paul Goldschmidt,3159,Ari,1B,47,trd,previously_active,,155,45,24,8,26,5,49,43,0.412,0.0,0.445,1,0,157,0,0,0,0
2016,mixed,Derek Van Riper,Pedro Alvarez,2050,Bal,3B,7,res,previously_active,"3B,1B,CI",203,62,29,16,35,0,60,14,0.312,0.0,0.552,85,0,0,0,12,0,0
2016,mixed,Derek Van Riper,Cody Asche,4188,CWS,3B,0,rel,previously_active,,50,15,6,1,7,0,10,6,0.339,0.0,0.42,0,0,0,0,0,0,57
2016,mixed,Derek Van Riper,Jarrett Parker,3715,SF,OF,57,rel,previously_active,,18,7,2,1,2,0,6,5,0.458,0.0,0.444,4,0,0,0,0,0,37
2016,mixed,Derek Van Riper,Brandon Moss,187,KC,OF,2,trd,previously_active,,99,37,22,7,19,0,36,11,0.316,0.0,0.475,0,0,64,0,0,0,72
2016,mixed,Derek Van Riper,Carlos Gomez,902,Tex,OF,26,trd,previously_active,,121,34,6,0,5,5,46,7,0.238,0.0,0.248,5,0,0,0,0,0,111
2016,mixed,Derek Van Riper,Travis Jankowski,4479,SD,OF,3,rel,previously_active,,8,4,0,0,0,0,3,0,0.0,0.0,0.0,0,0,0,0,0,0,114
2016,mixed,Derek Van Riper,Franklin Gutierrez,408,LAD,OF,21,rel,previously_active,,103,37,19,7,17,1,36,13,0.336,0.0,0.495,15,0,0,0,0,0,70
2016,mixed,Derek Van Riper,Martin Maldonado,2347,LAA,C,0,rel,previously_active,,15,5,1,0,0,1,6,5,0.409,0.0,0.133,0,69,0,0,0,0,0
2016,mixed,Derek Van Riper,Bruce Maxwell,4655,Oak,C,3,rel,previously_active,,4,2,0,0,0,0,0,0,0.25,0.0,0.25,3,29,0,0,0,0,0
2016,mixed,Derek Van Riper,Carlos Ruiz,1123,Sea,C,0,rel,previously_active,,23,6,2,0,0,0,5,2,0.36,0.0,0.348,1,56,0,0,0,0,0
2016,mixed,Derek Van Riper,Miguel Montero,25,Tor,C,3,rel,previously_active,,129,43,16,4,17,1,34,23,0.318,0.0,0.333,1,71,0,0,0,0,0
2016,mixed,Derek Van Riper,Tyler Flowers,2355,Atl,C,0,rel,previously_active,,13,4,1,1,4,0,3,0,0.286,0.0,0.538,0,81,0,0,0,0,0
2016,mixed,Derek Van Riper,Nick Markakis,134,Atl,UT,1,rel,previously_active,,240,64,21,4,39,0,47,36,0.34,0.0,0.363,5,0,1,0,0,0,150
2016,mixed,Derek Van Riper,Adam Lind,1587,Was,UT,1,rel,previously_active,,215,67,25,11,30,0,54,10,0.251,0.0,0.409,16,0,101,0,0,0,0
2016,mixed,Derek Van Riper,Logan Morrison,2111,TB,UT,0,res,previously_active,"1B,CI",25,8,4,2,3,0,8,2,0.414,0.0,0.64,17,0,83,0,0,0,0
2016,mixed,Derek Van Riper,Martin Prado,80,Mia,UT,1,res,previously_active,"3B,CI",202,52,21,2,26,0,17,15,0.391,0.0,0.446,1,0,0,0,150,0,0
2016,mixed,Derek Van Riper,Jeremy Hazelbaker,3697,Ari,UT,21,rel,previously_active,,24,12,3,1,4,1,7,1,0.2,0.0,0.292,0,0,0,0,0,0,73
2016,mixed,Derek Van Riper,Dae-Ho Lee,5623,FA,CI,12,rel,previously_active,,72,25,7,2,6,0,24,6,0.244,0.0,0.264,7,0,84,0,0,0,0
2016,mixed,Derek Van Riper,Chase Utley,1132,LAD,MI,21,rel,previously_active,,327,89,56,11,35,0,77,30,0.32,0.0,0.391,0,0,0,134,1,0,0
2016,mixed,Derek Van Riper,Hernan Perez,3855,Mil,MI,0,rel,previously_active,,22,8,1,0,3,0,7,0,0.174,0.0,0.273,0,0,6,11,60,3,46
2016,mixed,Derek Van Riper,Enrique Hernandez,4992,LAD,MI,77,rel,previously_active,,10,6,1,0,0,1,4,4,0.357,0.0,0.1,1,0,0,11,5,2,62
2016,mixed,Derek Van Riper,Pedro Alvarez,2050,Bal,3B,7,res,reserved,"3B,1B,CI",56,20,9,4,6,0,19,10,0.364,0.333,0.554,85,0,0,0,12,0,0
2016,mixed,Derek Van Riper,Martin Prado,80,Mia,UT,1,res,reserved,"3B,CI",398,101,49,6,49,2,52,34,0.342,0.211,0.402,1,0,0,0,150,0,0
2016,mixed,Derek Van Riper,Logan Morrison,2111,TB,UT,0,res,reserved,"1B,CI",17,7,4,2,5,0,7,2,0.45,0.0,0.882,17,0,83,0,0,0,0
2016,mixed,Derek Van Riper,Matt Adams,3755,Atl,1B,0,rel,previously_reserved,,33,18,3,1,3,0,13,1,0.286,0.0,0.394,0,0,86,0,0,0,0
2016,mixed,Derek Van Riper,Jedd Gyorko,3700,StL,2B,1,act,previously_reserved,"3B,SS,2B,MI,1B",261,82,43,22,44,0,64,26,0.319,0.0,0.533,0,0,11,46,39,26,0
2016,mixed,Derek Van Riper,Cody Asche,4188,CWS,3B,0,rel,previously_reserved,,61,21,4,1,6,0,17,5,0.246,0.0,0.279,0,0,0,0,0,0,57
2016,mixed,Derek Van Riper,Ender Inciarte,4264,Atl,OF,2,act,previously_reserved,OF,160,40,24,1,10,6,23,11,0.305,0.0,0.35,0,0,0,0,0,0,129
2016,mixed,Derek Van Riper,Jorge Soler,3918,KC,OF,0,act,previously_reserved,OF,64,23,13,4,10,0,17,8,0.36,0.0,0.5,7,0,0,0,0,0,60
2016,mixed,Derek Van Riper,Yasiel Puig,4153,LAD,OF,21,act,previously_reserved,OF,25,7,6,2,4,0,3,2,0.444,0.0,0.64,0,0,0,0,0,0,95
2016,mixed,Derek Van Riper,Travis Jankowski,4479,SD,OF,3,rel,previously_reserved,,11,7,1,1,2,1,5,0,0.364,0.0,0.636,0,0,0,0,0,0,114
2016,mixed,Derek Van Riper,Franklin Gutierrez,408,LAD,OF,21,rel,previously_reserved,,25,10,0,0,1,0,8,2,0.241,0.0,0.16,15,0,0,0,0,0,70
2016,mixed,Derek Van Riper,Miguel Montero,25,Tor,C,3,rel,previously_reserved,,4,2,1,0,0,0,2,0,0.2,0.0,0.0,1,71,0,0,0,0,0
2016,mixed,Derek Van Riper,Tyler Flowers,2355,Atl,C,0,rel,previously_reserved,,30,8,3,0,4,0,7,5,0.444,0.0,0.467,0,81,0,0,0,0,0
2016,mixed,Derek Van Riper,Stephen Vogt,3569,Mil,C,9,act,previously_reserved,"C,CI,1B",33,9,0,0,1,0,6,1,0.176,0.0,0.182,23,113,1,0,0,0,0
2016,mixed,Derek Van Riper,Nick Markakis,134,Atl,UT,1,rel,previously_reserved,,229,59,27,5,30,0,34,18,0.347,0.0,0.428,5,0,1,0,0,0,150
2016,mixed,Derek Van Riper,Adam Lind,1587,Was,UT,1,rel,previously_reserved,,131,43,17,7,22,0,25,8,0.293,0.0,0.45,16,0,101,0,0,0,0
2016,mixed,Derek Van Riper,Jeremy Hazelbaker,3697,Ari,UT,21,rel,previously_reserved,,14,6,1,0,1,0,7,0,0.143,0.0,0.143,0,0,0,0,0,0,73
2016,mixed,Derek Van Riper,Dae-Ho Lee,5623,FA,CI,12,rel,previously_reserved,,23,7,2,0,3,0,8,1,0.417,0.0,0.435,7,0,84,0,0,0,0
2016,mixed,Derek Van Riper,Chase Utley,1132,LAD,MI,21,rel,previously_reserved,,41,10,3,1,5,0,7,1,0.273,0.0,0.317,0,0,0,134,1,0,0
2016,mixed,Derek Van Riper,Hernan Perez,3855,Mil,MI,0,rel,previously_reserved,,13,5,0,0,1,2,2,1,0.214,0.0,0.154,0,0,6,11,60,3,46
2016,mixed,Derek Van Riper,Kolten Wong,3771,StL,MI,12,rel,previously_reserved,,16,5,3,0,1,0,2,1,0.389,0.0,0.562,0,0,0,88,0,0,17
2016,mixed,Derek Van Riper,Enrique Hernandez,4992,LAD,MI,77,rel,previously_reserved,,22,10,1,0,0,0,5,3,0.16,0.0,0.045,1,0,0,11,5,2,62
