year,league,team,player_name,player_id,mlb_team,position,salary,status,roster_section,eligibility,ab,h,g,r,hr,rbi,sb,so,bb,obp,slg,gp_dh,gp_c,gp_1b,gp_2b,gp_3b,gp_ss,gp_of
2017,mixed,Jeff Zimmerman,Eric Hosmer,2563,FA,1B,13,act,active,"1B,CI",516,167,138,90,23,83,6,91,55,0.388,0.514,5,0,157,0,0,0,0
2017,mixed,Jeff Zimmerman,Jose Ramirez,4602,Cle,2B,19,act,active,"3B,OF,CI,2B",585,186,152,107,29,83,17,69,52,0.374,0.583,0,0,0,71,88,0,0
2017,mixed,Jeff Zimmerman,Freddy Galvis,3005,FA,SS,55,act,active,"SS,MI",341,86,89,39,5,27,9,60,23,0.303,0.343,0,0,0,0,0,155,2
2017,mixed,Jeff Zimmerman,Jake Lamb,4537,SF,3B,14,act,active,"UT,3B,CI",536,133,149,89,30,105,6,152,87,0.357,0.487,1,0,0,0,144,0,0
2017,mixed,Jeff Zimmerman,Kevin Kiermaier,4671,LAD,OF,12,act,active,OF,368,100,95,53,14,38,16,95,31,0.334,0.44,0,0,0,0,0,0,97
2017,mixed,Jeff Zimmerman,Cody Bellinger,4954,NYY,OF,0,act,active,"OF,1B",438,113,121,76,34,83,9,138,60,0.347,0.562,1,0,93,0,0,0,46
2017,mixed,Jeff Zimmerman,Kole Calhoun,3983,FA,OF,8,act,active,OF,445,104,120,55,15,54,5,108,55,0.326,0.366,0,0,0,0,0,0,154
2017,mixed,Jeff Zimmerman,Nomar Mazara,3791,Was,OF,3,act,active,OF,302,71,82,35,11,58,0,75,33,0.313,0.391,13,0,0,0,0,0,131
2017,mixed,Jeff Zimmerman,Steven Souza,4623,Sea,OF,0,act,active,OF,475,108,135,69,27,68,16,169,76,0.342,0.44,6,0,0,0,0,0,139
2017,mixed,Jeff Zimmerman,Buster Posey,2187,SF,C,28,act,active,"C,1B,CI",494,158,140,62,12,67,6,66,61,0.4,0.462,7,99,38,0,0,0,0
2017,mixed,Jeff Zimmerman,Tucker Barnhart,3911,Tex,C,12,act,active,C,157,44,51,9,4,29,2,28,23,0.377,0.42,0,110,0,0,0,0,0
2017,mixed,Jeff Zimmerman,Chris Davis,1544,Bal,UT,27,act,active,"1B,CI",428,92,121,60,25,58,1,183,58,0.309,0.425,2,0,125,0,2,0,0
2017,mixed,Jeff Zimmerman,Anthony Rendon,3205,LAA,CI,15,act,active,"3B,CI",489,150,142,81,25,100,7,76,82,0.409,0.548,0,0,0,0,145,0,0
2017,mixed,Jeff Zimmerman,Adam Frazier,5555,Pit,MI,42,act,active,"2B,OF,MI",114,31,33,15,2,18,0,18,8,0.328,0.421,1,0,0,42,1,1,67
2017,mixed,Jeff Zimmerman,Elvis Andrus,1543,FA,SS,13,trd,previously_active,,223,68,56,34,7,32,14,38,15,0.35,0.475,1,0,0,0,0,157,0
2017,mixed,Jeff Zimmerman,Jayson Werth,1139,Sea,OF,0,rel,previously_active,,213,50,60,31,9,24,4,52,31,0.333,0.404,2,0,0,0,0,0,67
2017,mixed,Jeff Zimmerman,Denard Span,907,FA,OF,20,rel,previously_active,,66,18,16,11,2,7,1,9,5,0.333,0.455,0,0,0,0,0,0,123
2017,mixed,Jeff Zimmerman,Randal Grichuk,2843,Ari,OF,2,trd,previously_active,,23,5,6,1,1,4,0,7,1,0.25,0.391,0,0,0,0,0,0,107
2017,mixed,Jeff Zimmerman,Hunter Pence,639,SF,OF,8,res,previously_active,OF,252,63,68,25,8,36,2,50,24,0.318,0.381,1,0,0,0,0,0,125
2017,mixed,Jeff Zimmerman,Carlos Beltran,956,Hou,OF,1,trd,previously_active,,70,17,19,7,0,4,0,20,0,0.26,0.329,107,0,0,0,0,0,14
2017,mixed,Jeff Zimmerman,Stephen Vogt,3569,Oak,C,6,rel,previously_active,,174,37,61,14,6,24,0,37,18,0.285,0.374,7,81,0,0,0,0,1
2017,mixed,Jeff Zimmerman,Tom Murphy,4629,SF,C,1,rel,previously_active,,10,1,4,0,0,1,0,3,1,0.182,0.2,0,8,0,0,0,0,0
2017,mixed,Jeff Zimmerman,David Freese,1432,LAD,UT,37,trd,previously_active,,24,7,7,1,1,5,0,4,1,0.308,0.458,3,0,3,0,116,0,0
2017,mixed,Jeff Zimmerman,Erick Aybar,735,FA,UT,12,rel,previously_active,,15,2,4,3,1,1,0,3,0,0.133,0.333,0,0,0,0,0,99,0
2017,mixed,Jeff Zimmerman,Eduardo Nunez,1033,NYM,MI,6,res,previously_active,"2B,3B,SS,OF,MI,CI",433,133,106,55,10,49,22,51,18,0.338,0.441,4,0,0,26,53,16,20
2017,mixed,Jeff Zimmerman,Logan Forsythe,2920,FA,MI,6,rel,previously_active,,209,52,64,35,3,19,1,66,38,0.366,0.335,0,0,1,80,42,2,3
2017,mixed,Jeff Zimmerman,Hunter Pence,639,SF,OF,8,res,reserved,OF,105,32,29,16,2,15,0,21,7,0.345,0.457,1,0,0,0,0,0,125
2017,mixed,Jeff Zimmerman,Eduardo Nunez,1033,NYM,MI,6,res,reserved,"2B,3B,SS,OF,MI,CI",34,13,8,5,2,9,2,3,0,0.382,0.706,4,0,0,26,53,16,20
2017,mixed,Jeff Zimmerman,Eric Hosmer,2563,FA,1B,13,act,previously_reserved,"1B,CI",87,25,24,8,2,11,0,13,11,0.364,0.402,5,0,157,0,0,0,0
2017,mixed,Jeff Zimmerman,Freddy Galvis,3005,FA,SS,55,act,previously_reserved,"SS,MI",246,63,67,28,5,28,5,44,21,0.316,0.411,0,0,0,0,0,155,2
2017,mixed,Jeff Zimmerman,Randal Grichuk,2843,Ari,OF,2,trd,previously_reserved,,21,3,6,1,1,3,0,9,1,0.182,0.333,0,0,0,0,0,0,107
2017,mixed,Jeff Zimmerman,Kole Calhoun,3983,FA,OF,8,act,previously_reserved,OF,124,35,35,22,4,17,0,26,16,0.362,0.484,0,0,0,0,0,0,154
2017,mixed,Jeff Zimmerman,Denard Span,907,FA,OF,20,rel,previously_reserved,,80,19,20,12,1,3,2,14,6,0.291,0.362,0,0,0,0,0,0,123
2017,mixed,Jeff Zimmerman,Jayson Werth,1139,Sea,OF,0,rel,previously_reserved,,17,2,4,2,0,0,0,8,1,0.167,0.176,2,0,0,0,0,0,67
2017,mixed,Jeff Zimmerman,Steven Souza,4623,Sea,OF,0,act,previously_reserved,OF,48,17,13,9,3,10,0,10,8,0.446,0.646,6,0,0,0,0,0,139
2017,mixed,Jeff Zimmerman,Carlos Beltran,956,Hou,OF,1,trd,previously_reserved,,95,22,25,14,5,11,0,21,9,0.298,0.442,107,0,0,0,0,0,14
2017,mixed,Jeff Zimmerman,Kevin Kiermaier,4671,LAD,OF,12,act,previously_reserved,OF,12,5,3,3,1,1,0,4,0,0.462,0.75,0,0,0,0,0,0,97
2017,mixed,Jeff Zimmerman,Cody Bellinger,4954,NYY,OF,0,act,previously_reserved,"OF,1B",42,15,11,11,5,14,1,8,4,0.413,0.786,1,0,93,0,0,0,46
2017,mixed,Jeff Zimmerman,Nomar Mazara,3791,Was,OF,3,act,previously_reserved,OF,53,14,13,5,3,8,0,11,3,0.304,0.528,13,0,0,0,0,0,131
2017,mixed,Jeff Zimmerman,Stephen Vogt,3569,Oak,C,6,rel,previously_reserved,,26,9,11,4,3,6,0,4,1,0.357,0.769,7,81,0,0,0,0,1
2017,mixed,Jeff Zimmerman,Tom Murphy,4629,SF,C,1,rel,previously_reserved,,4,0,2,1,0,0,0,1,0,0.0,0.0,0,8,0,0,0,0,0
2017,mixed,Jeff Zimmerman,David Freese,1432,LAD,UT,37,trd,previously_reserved,,47,9,15,7,2,5,0,17,6,0.309,0.34,3,0,3,0,116,0,0
2017,mixed,Jeff Zimmerman,Chris Davis,1544,Bal,UT,27,act,previously_reserved,"1B,CI",28,6,7,5,1,3,0,12,3,0.312,0.393,2,0,125,0,2,0,0
2017,mixed,Jeff Zimmerman,Erick Aybar,735,FA,UT,12,rel,previously_reserved,,17,4,5,2,1,1,1,4,2,0.316,0.412,0,0,0,0,0,99,0
2017,mixed,Jeff Zimmerman,Matt Chapman,5037,SF,UT,101,rel,previously_reserved,,24,2,7,0,0,0,0,13,2,0.154,0.125,0,0,0,0,84,0,0
2017,mixed,Jeff Zimmerman,Anthony Rendon,3205,LAA,CI,15,act,previously_reserved,"3B,CI",19,3,5,0,0,0,0,6,2,0.238,0.158,0,0,0,0,145,0,0
2017,mixed,Jeff Zimmerman,Logan Forsythe,2920,FA,MI,6,rel,previously_reserved,,107,20,38,15,2,10,2,36,25,0.338,0.299,0,0,1,80,42,2,3
2017,mixed,Jeff Zimmerman,Adam Frazier,5555,Pit,MI,42,act,previously_reserved,"2B,OF,MI",23,7,7,2,1,4,1,3,3,0.385,0.565,1,0,0,42,1,1,67
2017,mixed,Fred Zinkie,Pablo Sandoval,2182,SF,1B,19,act,active,"1B,3B,CI",21,7,6,2,1,7,0,3,1,0.364,0.619,2,0,9,1,67,0,0
2017,mixed,Fred Zinkie,Cesar Hernandez,3413,FA,2B,5,act,active,"2B,MI",223,68,58,36,3,14,6,44,35,0.402,0.439,0,0,0,127,0,1,0
2017,mixed,Fred Zinkie,Jorge Polanco,4695,Sea,SS,100,act,active,"SS,MI",92,23,25,9,3,14,3,14,11,0.343,0.391,2,0,0,0,0,130,0
2017,mixed,Fred Zinkie,Nolan Arenado,3214,StL,3B,40,act,active,"3B,CI",606,187,159,100,37,130,3,106,62,0.373,0.586,0,0,0,0,157,0,0
2017,mixed,Fred Zinkie,Kris Bryant,4434,Col,OF,45,act,active,"OF,3B,CI",549,162,151,111,29,73,7,128,95,0.409,0.537,0,0,2,0,144,0,9
2017,mixed,Fred Zinkie,Brett Gardner,1038,FA,OF,3,act,active,OF,594,157,151,96,21,63,23,122,72,0.35,0.428,7,0,0,0,0,0,138
2017,mixed,Fred Zinkie,Nick Williams,4611,FA,OF,4,act,active,OF,150,43,39,19,6,29,0,46,7,0.321,0.507,1,0,0,0,0,0,80
2017,mixed,Fred Zinkie,Christian Yelich,3314,Mil,OF,27,act,active,OF,463,130,121,74,13,62,13,112,68,0.377,0.445,0,0,0,0,0,0,155
2017,mixed,Fred Zinkie,J.D. Martinez,3567,FA,OF,6,act,active,OF,423,127,116,83,43,101,4,126,52,0.374,0.681,5,0,0,0,0,0,113
2017,mixed,Fred Zinkie,Salvador Perez,3457,KC,C,9,act,active,C,344,90,95,45,20,59,1,70,10,0.286,0.491,13,115,0,0,0,0,0
2017,mixed,Fred Zinkie,Christian Vazquez,4248,Min,C,2,act,active,C,44,11,15,8,1,1,1,14,5,0.327,0.318,2,95,0,0,2,0,0
2017,mixed,Fred Zinkie,Ozzie Albies,5099,Atl,UT,1,act,active,2B,119,37,29,17,2,15,5,18,9,0.366,0.429,0,0,0,57,0,0,0
2017,mixed,Fred Zinkie,Josh Donaldson,2107,FA,CI,42,act,active,"3B,CI",415,112,113,65,33,78,2,111,76,0.385,0.559,7,0,0,0,105,4,0
2017,mixed,Fred Zinkie,Yoan Moncada,5023,LAA,MI,0,act,active,"3B,CI,2B",166,42,45,30,7,17,3,65,25,0.361,0.44,0,0,0,54,0,0,0
2017,mixed,Fred Zinkie,Daniel Vogelbach,4058,FA,1B,18,rel,previously_active,,10,1,5,0,0,0,0,3,2,0.25,0.1,2,0,7,0,0,0,0
2017,mixed,Fred Zinkie,Tommy Joseph,3178,Bos,1B,2,rel,previously_active,,460,110,129,45,20,62,1,115,31,0.288,0.428,2,0,130,0,0,0,0
2017,mixed,Fred Zinkie,Dominic Smith,4549,FA,1B,10,res,previously_active,1B,24,3,6,0,0,0,0,9,0,0.125,0.125,0,0,46,0,0,0,0
2017,mixed,Fred Zinkie,Joe Panik,3800,Mia,2B,1,rel,previously_active,,133,37,37,15,1,11,2,19,11,0.331,0.368,0,0,0,137,0,0,0
2017,mixed,Fred Zinkie,Brandon Phillips,344,FA,2B,1,trd,previously_active,,355,104,93,50,8,38,9,45,16,0.335,0.439,1,0,0,112,25,0,0
2017,mixed,Fred Zinkie,Chad Pinder,5441,Atl,SS,7,rel,previously_active,,29,6,7,2,1,3,0,12,1,0.226,0.345,7,0,0,16,0,22,41
2017,mixed,Fred Zinkie,Amed Rosario,4884,Was,SS,5,res,previously_active,SS,106,26,30,9,4,8,4,30,2,0.273,0.434,0,0,0,0,0,45,0
2017,mixed,Fred Zinkie,Manny Machado,3216,SD,SS,39,trd,previously_active,,170,48,43,21,6,26,3,27,17,0.34,0.441,0,0,0,0,156,0,0
2017,mixed,Fred Zinkie,Sean Rodriguez,743,FA,SS,7,rel,previously_active,,2,0,1,0,0,0,0,2,0,0.0,0.0,0,0,2,12,14,6,19
2017,mixed,Fred Zinkie,Danny Espinosa,2765,NYM,SS,1,rel,previously_active,,68,13,20,6,3,12,0,28,3,0.243,0.353,1,0,2,78,4,4,0
2017,mixed,Fred Zinkie,Jose Reyes,952,NYM,SS,1,rel,previously_active,,149,25,42,17,1,15,3,22,14,0.238,0.248,0,0,0,28,36,80,2
2017,mixed,Fred Zinkie,Curtis Granderson,517,Mia,OF,40,rel,previously_active,,81,10,24,11,6,13,1,28,15,0.268,0.346,3,0,0,0,0,0,122
2017,mixed,Fred Zinkie,Cameron Maybin,573,FA,OF,1,trd,previously_active,,117,32,32,23,3,10,7,23,21,0.384,0.427,1,0,0,0,0,0,109
2017,mixed,Fred Zinkie,Randal Grichuk,2843,Ari,OF,2,trd,previously_active,,83,22,22,14,2,8,3,24,8,0.333,0.446,0,0,0,0,0,0,107
2017,mixed,Fred Zinkie,Bryce Harper,2628,Phi,OF,42,rel,previously_active,,402,131,106,92,29,87,2,92,66,0.419,0.614,0,0,0,0,0,0,110
2017,mixed,Fred Zinkie,Austin Jackson,1039,FA,OF,30,res,previously_active,OF,31,7,9,7,1,3,0,4,4,0.314,0.387,0,0,0,0,0,0,81
2017,mixed,Fred Zinkie,Seth Smith,465,FA,OF,13,rel,previously_active,,149,42,44,20,7,16,2,38,14,0.345,0.477,7,0,0,0,0,0,91
2017,mixed,Fred Zinkie,Jackie Bradley,3595,NYM,OF,10,trd,previously_active,,59,9,17,3,2,5,0,19,4,0.206,0.271,0,0,0,0,0,0,132
2017,mixed,Fred Zinkie,Jesse Winker,4483,NYM,OF,15,rel,previously_active,,29,10,13,5,2,4,0,5,5,0.441,0.586,2,0,0,0,0,0,27
2017,mixed,Fred Zinkie,Nick Markakis,134,Atl,OF,0,trd,previously_active,,18,5,5,2,1,5,0,2,2,0.35,0.556,2,0,0,0,0,0,156
2017,mixed,Fred Zinkie,Delino DeShields,3357,FA,OF,210,rel,previously_active,,6,0,3,0,0,0,1,3,0,0.0,0.0,8,0,0,0,0,0,106
2017,mixed,Fred Zinkie,Brian McCann,73,FA,C,10,res,previously_active,C,322,76,89,40,15,52,1,54,34,0.316,0.413,2,95,0,0,0,0,0
2017,mixed,Fred Zinkie,Rene Rivera,818,Was,C,0,rel,previously_active,,14,2,3,1,0,0,0,6,0,0.143,0.143,0,71,1,0,0,0,0
2017,mixed,Fred Zinkie,Jason Castro,2343,Hou,C,1,trd,previously_active,,85,16,25,8,3,10,0,26,12,0.296,0.329,0,108,0,0,0,0,0
2017,mixed,Fred Zinkie,Yunel Escobar,76,FA,CI,0,rel,previously_active,,18,5,5,2,0,1,0,2,3,0.381,0.278,1,0,0,0,87,0,0
2017,mixed,Fred Zinkie,Carlos Asuaje,5658,FA,MI,0,rel,previously_active,,21,5,7,0,0,1,0,5,4,0.36,0.286,0,0,1,84,0,0,0
2017,mixed,Fred Zinkie,Erick Aybar,735,FA,MI,0,rel,previously_active,,18,2,5,2,0,1,0,1,1,0.15,0.111,0,0,0,0,0,99,0
2017,mixed,Fred Zinkie,Josh Harrison,3747,Cin,MI,0,trd,previously_active,,200,62,52,23,7,18,5,33,15,0.381,0.49,0,0,0,83,49,0,9
2017,mixed,Fred Zinkie,Eduardo Escobar,3138,Tor,MI,0,rel,previously_active,,49,11,13,4,1,1,0,6,2,0.255,0.327,20,1,0,9,79,16,2
2017,mixed,Fred Zinkie,Derek Dietrich,3699,FA,MI,44,rel,previously_active,,12,3,4,2,0,1,0,1,0,0.357,0.25,0,0,10,10,103,0,5
2017,mixed,Fred Zinkie,Dominic Smith,4549,FA,1B,10,res,reserved,1B,19,2,7,2,2,4,0,6,5,0.292,0.421,0,0,46,0,0,0,0
2017,mixed,Fred Zinkie,Amed Rosario,4884,Was,SS,5,res,reserved,SS,59,15,16,7,0,2,3,19,1,0.267,0.322,0,0,0,0,0,45,0
2017,mixed,Fred Zinkie,Austin Jackson,1039,FA,OF,30,res,reserved,OF,35,14,9,10,0,3,1,6,5,0.488,0.486,0,0,0,0,0,0,81
2017,mixed,Fred Zinkie,Brian Goodwin,3779,CWS,OF,40,dis,reserved,OF,0,0,0,0,0,0,0,0,0,0.0,0.0,0,0,0,0,0,0,69
2017,mixed,Fred Zinkie,Brian McCann,73,FA,C,10,res,reserved,C,27,8,8,7,3,10,0,4,4,0.406,0.704,2,95,0,0,0,0,0
2017,mixed,Fred Zinkie,Tommy Joseph,3178,Bos,1B,2,rel,previously_reserved,,28,6,9,5,2,6,0,12,2,0.267,0.5,2,0,130,0,0,0,0
2017,mixed,Fred Zinkie,Joe Panik,3800,Mia,2B,1,rel,previously_reserved,,20,2,5,1,0,1,0,1,1,0.143,0.1,0,0,0,137,0,0,0
2017,mixed,Fred Zinkie,Danny Espinosa,2765,NYM,SS,1,rel,previously_reserved,,20,2,6,3,0,1,0,6,2,0.217,0.15,1,0,2,78,4,4,0
2017,mixed,Fred Zinkie,Jose Reyes,952,NYM,SS,1,rel,previously_reserved,,55,13,16,9,2,3,6,5,7,0.323,0.418,0,0,0,28,36,80,2
2017,mixed,Fred Zinkie,Chad Pinder,5441,Atl,SS,7,rel,previously_reserved,,20,5,5,2,0,5,0,4,0,0.273,0.35,7,0,0,16,0,22,41
2017,mixed,Fred Zinkie,Randal Grichuk,2843,Ari,OF,2,trd,previously_reserved,,3,2,1,1,0,0,1,0,0,0.667,0.667,0,0,0,0,0,0,107
2017,mixed,Fred Zinkie,Cameron Maybin,573,FA,OF,1,trd,previously_reserved,,48,11,14,13,0,2,12,11,11,0.383,0.292,1,0,0,0,0,0,109
2017,mixed,Fred Zinkie,J.D. Martinez,3567,FA,OF,6,act,previously_reserved,OF,9,4,3,2,2,3,0,2,1,0.5,1.11,5,0,0,0,0,0,113
2017,mixed,Fred Zinkie,Nick Williams,4611,FA,OF,4,act,previously_reserved,OF,120,35,31,21,4,20,1,38,11,0.366,0.433,1,0,0,0,0,0,80
2017,mixed,Fred Zinkie,Seth Smith,465,FA,OF,13,rel,previously_reserved,,29,5,9,4,0,0,0,9,1,0.2,0.172,7,0,0,0,0,0,91
2017,mixed,Fred Zinkie,Jackie Bradley,3595,NYM,OF,10,trd,previously_reserved,,4,1,1,0,0,0,0,0,0,0.25,0.25,0,0,0,0,0,0,132
2017,mixed,Fred Zinkie,Jesse Winker,4483,NYM,OF,15,rel,previously_reserved,,43,12,14,8,2,3,1,11,2,0.311,0.465,2,0,0,0,0,0,27
2017,mixed,Fred Zinkie,Nick Markakis,134,Atl,OF,0,trd,previously_reserved,,23,7,6,4,0,2,0,9,3,0.429,0.478,2,0,0,0,0,0,156
2017,mixed,Fred Zinkie,Delino DeShields,3357,FA,OF,210,rel,previously_reserved,,11,2,6,0,0,1,1,4,1,0.25,0.182,8,0,0,0,0,0,106
2017,mixed,Fred Zinkie,Curtis Granderson,517,Mia,OF,40,rel,previously_reserved,,10,1,4,0,0,0,1,3,3,0.308,0.1,3,0,0,0,0,0,122
2017,mixed,Fred Zinkie,Christian Vazquez,4248,Min,C,2,act,previously_reserved,C,62,22,18,10,2,8,1,10,2,0.385,0.532,2,95,0,0,2,0,0
2017,mixed,Fred Zinkie,Ozzie Albies,5099,Atl,UT,1,act,previously_reserved,2B,98,25,28,17,4,13,3,18,12,0.339,0.49,0,0,0,57,0,0,0
2017,mixed,Fred Zinkie,Yoan Moncada,5023,LAA,MI,0,act,previously_reserved,"3B,CI,2B",33,4,9,1,1,5,0,9,4,0.216,0.273,0,0,0,54,0,0,0
2017,mixed,Fred Zinkie,Derek Dietrich,3699,FA,MI,44,rel,previously_reserved,,20,6,8,3,1,1,0,3,1,0.44,0.5,0,0,10,10,103,0,5
2017,mixed,Fred Zinkie,Carlos Asuaje,5658,FA,MI,0,rel,previously_reserved,,42,9,12,5,1,2,0,9,5,0.298,0.333,0,0,1,84,0,0,0
2017,mixed,Fred Zinkie,Erick Aybar,735,FA,MI,0,rel,previously_reserved,,32,10,10,6,1,4,0,4,1,0.333,0.5,0,0,0,0,0,99,0
2017,mixed,Fred Zinkie,Josh Harrison,3747,Cin,MI,0,trd,previously_reserved,,31,9,9,2,0,2,1,6,1,0.353,0.323,0,0,0,83,49,0,9
2017,mixed,Zach Steinhorn,Jose Abreu,4038,FA,1B,28,act,active,"1B,CI",621,189,156,95,33,102,3,119,35,0.354,0.552,18,0,139,0,0,0,0
2017,mixed,Zach Steinhorn,Jose Altuve,3776,Hou,2B,42,act,active,"2B,MI",590,204,153,112,24,81,32,84,58,0.41,0.547,3,0,0,149,0,0,0
2017,mixed,Zach Steinhorn,Elvis Andrus,1543,FA,SS,13,act,active,"SS,MI",420,123,102,66,13,56,11,63,23,0.33,0.469,1,0,0,0,0,157,0
2017,mixed,Zach Steinhorn,Mike Moustakas,2004,FA,3B,8,act,active,"3B,CI",555,151,148,75,38,85,0,94,34,0.314,0.521,17,0,0,0,127,0,0
2017,mixed,Zach Steinhorn,Marcell Ozuna,3280,Atl,OF,10,act,active,OF,613,191,159,93,37,124,1,144,64,0.376,0.548,2,0,0,0,0,0,153
2017,mixed,Zach Steinhorn,Curtis Granderson,517,Mia,OF,87,act,active,OF,11,4,4,4,1,1,0,2,1,0.417,0.727,3,0,0,0,0,0,122
2017,mixed,Zach Steinhorn,Adam Jones,133,Ari,OF,17,act,active,OF,597,170,147,82,26,73,2,113,27,0.322,0.466,0,0,0,0,0,0,147
2017,mixed,Zach Steinhorn,Charlie Blackmon,2620,Col,OF,34,act,active,OF,332,113,83,75,21,48,9,65,42,0.424,0.608,0,0,0,0,0,0,158
2017,mixed,Zach Steinhorn,Nick Markakis,134,Atl,OF,0,act,active,OF,357,96,98,48,7,44,0,58,43,0.349,0.395,2,0,0,0,0,0,156
2017,mixed,Zach Steinhorn,Matt Wieters,146,FA,C,8,act,active,C,422,95,123,43,10,52,1,94,38,0.288,0.344,0,118,0,0,0,0,0
2017,mixed,Zach Steinhorn,Austin Hedges,4064,Cle,C,2,act,active,C,387,83,120,36,18,55,4,122,23,0.262,0.398,1,115,0,0,0,0,0
2017,mixed,Zach Steinhorn,Jose Reyes,952,NYM,UT,53,act,active,"3B,2B,CI,SS",102,26,29,13,5,14,4,23,10,0.327,0.471,0,0,0,28,36,80,2
2017,mixed,Zach Steinhorn,Justin Bour,4965,SF,CI,5,act,active,"1B,CI",321,90,93,39,20,67,1,80,38,0.356,0.514,1,0,102,0,0,0,0
2017,mixed,Zach Steinhorn,Jonathan Schoop,4005,FA,MI,3,act,active,"2B,SS,MI",276,71,72,34,9,28,0,55,14,0.304,0.417,0,0,0,159,0,5,0
2017,mixed,Zach Steinhorn,Trevor Plouffe,2276,FA,3B,0,rel,previously_active,,17,2,5,1,0,0,0,6,1,0.167,0.176,15,0,11,3,64,0,0
2017,mixed,Zach Steinhorn,Jonathan Villar,3345,Sea,OF,32,rel,previously_active,,107,25,36,11,2,6,6,37,6,0.272,0.336,1,0,0,98,0,0,6
2017,mixed,Zach Steinhorn,Rajai Davis,1311,FA,OF,5,rel,previously_active,,231,49,74,33,2,12,14,58,18,0.271,0.307,2,0,0,0,0,0,112
2017,mixed,Zach Steinhorn,Ben Revere,2085,FA,OF,36,rel,previously_active,,38,16,11,5,0,4,5,1,3,0.452,0.5,3,0,0,0,0,0,82
2017,mixed,Zach Steinhorn,Nomar Mazara,3791,Was,OF,3,trd,previously_active,,199,55,53,24,6,35,2,41,19,0.344,0.442,13,0,0,0,0,0,131
2017,mixed,Zach Steinhorn,Delino DeShields,3357,FA,OF,178,trd,previously_active,,171,48,58,34,2,11,14,56,13,0.33,0.374,8,0,0,0,0,0,106
2017,mixed,Zach Steinhorn,Justin Upton,39,FA,OF,25,trd,previously_active,,258,70,72,47,14,49,5,79,33,0.358,0.504,0,0,0,0,0,0,151
2017,mixed,Zach Steinhorn,Denard Span,907,FA,OF,0,rel,previously_active,,25,6,6,1,0,1,0,4,1,0.269,0.36,0,0,0,0,0,0,123
2017,mixed,Zach Steinhorn,Brandon Moss,187,FA,OF,52,res,previously_active,"1B,OF,CI",74,13,22,6,4,8,1,29,7,0.244,0.351,89,0,14,0,0,0,7
2017,mixed,Zach Steinhorn,Chase Headley,1252,FA,UT,42,res,previously_active,"3B,CI,1B",37,12,12,7,1,2,0,10,6,0.422,0.486,14,0,45,1,86,0,0
2017,mixed,Zach Steinhorn,Yuli Gurriel,2160,SD,CI,0,res,previously_active,"1B,3B,CI",104,34,27,14,2,9,0,7,7,0.369,0.49,3,0,131,1,7,0,0
2017,mixed,Zach Steinhorn,Chase Utley,1132,LAD,CI,23,rel,previously_active,,9,0,4,0,0,1,0,2,0,0.1,0.0,3,0,17,80,0,0,0
2017,mixed,Zach Steinhorn,Kendrys Morales,741,NYY,CI,6,res,previously_active,1B,116,31,31,13,6,22,0,26,9,0.317,0.466,129,0,12,0,0,0,0
2017,mixed,Zach Steinhorn,Adrian Gonzalez,1250,NYM,CI,128,rel,previously_active,,13,2,4,1,0,2,0,3,1,0.2,0.154,0,0,60,0,0,0,0
2017,mixed,Zach Steinhorn,Tim Anderson,4591,LAA,MI,7,trd,previously_active,,199,52,48,26,6,17,3,51,5,0.283,0.397,0,0,0,0,0,145,0
2017,mixed,Zach Steinhorn,D.J. LeMahieu,3275,NYY,MI,20,trd,previously_active,,313,101,78,55,4,39,3,41,30,0.38,0.406,0,0,0,153,0,0,0
2017,mixed,Zach Steinhorn,Brandon Moss,187,FA,OF,52,res,reserved,"1B,OF,CI",136,27,46,18,6,9,0,51,12,0.264,0.375,89,0,14,0,0,0,7
2017,mixed,Zach Steinhorn,Chase Headley,1252,FA,UT,42,res,reserved,"3B,CI,1B",114,30,33,21,5,15,3,20,13,0.336,0.404,14,0,45,1,86,0,0
2017,mixed,Zach Steinhorn,Yuli Gurriel,2160,SD,CI,0,res,reserved,"1B,3B,CI",75,25,22,9,3,13,0,11,6,0.378,0.547,3,0,131,1,7,0,0
2017,mixed,Zach Steinhorn,Kendrys Morales,741,NYY,CI,6,res,reserved,1B,16,5,4,1,1,3,0,3,0,0.312,0.5,129,0,12,0,0,0,0
2017,mixed,Zach Steinhorn,Alcides Escobar,850,FA,SS,0,rel,previously_reserved,,161,29,43,11,0,7,0,35,5,0.208,0.23,0,0,0,0,0,162,0
2017,mixed,Zach Steinhorn,Trevor Plouffe,2276,FA,3B,0,rel,previously_reserved,,165,37,53,21,7,14,1,52,15,0.287,0.376,15,0,11,3,64,0,0
2017,mixed,Zach Steinhorn,Jonathan Villar,3345,Sea,OF,32,rel,previously_reserved,,66,23,25,9,3,8,3,18,2,0.368,0.545,1,0,0,98,0,0,6
2017,mixed,Zach Steinhorn,Ben Revere,2085,FA,OF,36,rel,previously_reserved,,48,12,17,6,0,5,4,6,6,0.333,0.333,3,0,0,0,0,0,82
2017,mixed,Zach Steinhorn,Rajai Davis,1311,FA,OF,5,rel,previously_reserved,,92,25,37,19,3,6,14,21,9,0.337,0.424,2,0,0,0,0,0,112
2017,mixed,Zach Steinhorn,Delino DeShields,3357,FA,OF,178,trd,previously_reserved,,47,15,15,8,1,3,5,11,8,0.418,0.489,8,0,0,0,0,0,106
2017,mixed,Zach Steinhorn,Denard Span,907,FA,OF,0,rel,previously_reserved,,137,36,35,17,3,11,0,17,9,0.313,0.409,0,0,0,0,0,0,123
2017,mixed,Zach Steinhorn,Jose Reyes,952,NYM,UT,53,act,previously_reserved,"3B,2B,CI,SS",171,53,51,34,6,23,10,24,16,0.368,0.526,0,0,0,28,36,80,2
2017,mixed,Zach Steinhorn,Justin Bour,4965,SF,CI,5,act,previously_reserved,"1B,CI",56,19,15,13,5,16,0,15,9,0.418,0.661,1,0,102,0,0,0,0
2017,mixed,Zach Steinhorn,Adrian Gonzalez,1250,NYM,CI,128,rel,previously_reserved,,50,11,14,4,1,6,0,10,2,0.245,0.38,0,0,60,0,0,0,0
2017,mixed,Ron Shandler,Joey Votto,345,Tor,1B,40,act,active,"1B,CI",559,179,162,106,36,100,5,83,134,0.454,0.578,0,0,162,0,0,0,0
2017,mixed,Ron Shandler,Brian Dozier,3489,NYM,2B,27,act,active,"2B,MI",617,166,152,106,34,93,16,141,78,0.357,0.496,0,0,0,152,0,0,0
2017,mixed,Ron Shandler,Andrelton Simmons,3717,FA,SS,25,act,active,"SS,MI",393,109,106,59,10,49,15,44,30,0.327,0.435,0,0,0,0,0,158,0
2017,mixed,Ron Shandler,Nicholas Castellanos,3217,Phi,3B,7,act,active,"OF,3B,CI",614,167,157,73,26,101,4,142,41,0.32,0.49,7,0,0,0,129,0,21
2017,mixed,Ron Shandler,Josh Bell,3669,Was,OF,6,act,active,"1B,OF,CI",383,101,108,51,17,70,1,82,46,0.339,0.47,2,0,147,0,0,0,0
2017,mixed,Ron Shandler,Ender Inciarte,4264,FA,OF,10,act,active,OF,662,201,158,93,11,57,22,94,49,0.35,0.409,0,0,0,0,0,0,156
2017,mixed,Ron Shandler,Khris Davis,4217,FA,OF,17,act,active,OF,566,140,153,91,43,110,4,195,73,0.336,0.528,37,0,0,0,0,0,116
2017,mixed,Ron Shandler,Lonnie Chisenhall,2627,FA,OF,126,act,active,"OF,1B",108,31,35,10,2,17,1,30,13,0.366,0.398,0,0,7,0,0,0,75
2017,mixed,Ron Shandler,David Peralta,4980,SD,OF,1,act,active,OF,525,154,140,82,14,57,8,94,43,0.352,0.444,2,0,0,0,0,0,126
2017,mixed,Ron Shandler,Willson Contreras,5435,StL,C,15,act,active,"1B,OF,C",376,104,116,50,21,74,5,97,45,0.357,0.5,0,108,5,0,1,0,6
2017,mixed,Ron Shandler,Wilson Ramos,2170,FA,C,2,act,active,C,155,39,47,14,9,31,0,26,6,0.274,0.458,1,62,0,0,0,0,0
2017,mixed,Ron Shandler,Matt Chapman,5037,SF,UT,1,act,active,3B,173,40,50,21,6,22,0,50,19,0.309,0.428,0,0,0,0,84,0,0
2017,mixed,Ron Shandler,Mark Reynolds,34,Col,CI,36,act,active,"1B,CI",140,32,43,17,7,23,0,49,17,0.308,0.414,3,0,138,0,0,0,1
2017,mixed,Ron Shandler,Jordy Mercer,3871,Was,MI,11,act,active,"UT,SS,MI",72,19,22,8,3,9,0,11,5,0.329,0.458,0,0,0,0,0,144,0
2017,mixed,Ron Shandler,Jose Peraza,4468,NYM,SS,16,trd,previously_active,,182,47,46,23,1,15,10,24,5,0.293,0.335,0,0,0,77,0,55,2
2017,mixed,Ron Shandler,Ben Revere,2085,FA,OF,1,rel,previously_active,,23,5,8,4,0,1,0,3,1,0.25,0.304,3,0,0,0,0,0,82
2017,mixed,Ron Shandler,Jorge Soler,3918,LAA,OF,1,rel,previously_active,,13,0,5,0,0,0,0,8,1,0.071,0.0,11,0,0,0,0,0,22
2017,mixed,Ron Shandler,Michael Conforto,4911,LAD,OF,1,dis,previously_active,OF,352,97,97,67,25,62,2,109,55,0.384,0.548,1,0,0,0,0,0,97
2017,mixed,Ron Shandler,Cory Spangenberg,3756,StL,OF,18,res,previously_active,"3B,2B,MI,OF",302,83,87,42,12,36,7,87,20,0.327,0.45,0,0,0,7,96,0,32
2017,mixed,Ron Shandler,Matt Joyce,2074,Phi,OF,55,rel,previously_active,,33,6,12,7,2,8,0,11,12,0.391,0.394,2,0,0,0,0,0,133
2017,mixed,Ron Shandler,Omar Narvaez,5605,CWS,C,3,rel,previously_active,,41,13,16,2,0,2,0,7,6,0.404,0.317,1,83,1,0,0,0,0
2017,mixed,Ron Shandler,Andrew Knapp,5228,SF,C,3,rel,previously_active,,37,8,10,6,0,2,0,13,4,0.286,0.243,1,53,1,0,0,0,0
2017,mixed,Ron Shandler,Cameron Rupp,4651,Cle,C,27,rel,previously_active,,39,9,12,3,2,4,0,15,5,0.318,0.487,0,88,0,0,0,0,0
2017,mixed,Ron Shandler,Alex Avila,2369,FA,C,67,res,previously_active,"C,1B",59,16,21,6,1,12,0,28,10,0.377,0.39,8,78,19,0,0,0,0
2017,mixed,Ron Shandler,Austin Romine,2402,FA,C,32,rel,previously_active,,36,6,11,2,1,5,0,10,0,0.162,0.25,1,67,12,0,0,0,0
2017,mixed,Ron Shandler,Norichika Aoki,2041,FA,UT,37,rel,previously_active,,72,20,23,8,1,5,1,9,6,0.329,0.347,1,0,0,0,0,0,104
2017,mixed,Ron Shandler,Wilmer Flores,2527,SF,UT,1,rel,previously_active,,61,13,18,8,1,5,0,9,3,0.239,0.328,1,0,29,12,55,0,0
2017,mixed,Ron Shandler,Alex Gordon,681,KC,UT,3,rel,previously_active,,188,32,55,16,1,14,2,46,22,0.283,0.239,0,0,0,0,0,0,147
2017,mixed,Ron Shandler,Freddie Freeman,2466,LAD,CI,36,trd,previously_active,,135,46,37,35,14,25,4,31,27,0.461,0.748,0,0,105,0,16,0,0
2017,mixed,Ron Shandler,Dee Gordon,2693,FA,MI,19,trd,previously_active,,434,129,106,72,1,23,40,61,20,0.34,0.362,0,0,0,153,0,3,0
2017,mixed,Ron Shandler,Michael Conforto,4911,LAD,OF,1,dis,reserved,OF,21,7,12,5,2,6,0,4,2,0.385,0.667,1,0,0,0,0,0,97
2017,mixed,Ron Shandler,Cory Spangenberg,3756,StL,OF,18,res,reserved,"3B,2B,MI,OF",103,23,31,9,1,8,3,30,12,0.31,0.282,0,0,0,7,96,0,32
2017,mixed,Ron Shandler,Alex Avila,2369,FA,C,67,res,reserved,"C,1B",18,3,8,3,0,1,0,7,6,0.375,0.167,8,78,19,0,0,0,0
2017,mixed,Ron Shandler,Jorge Soler,3918,LAA,OF,1,rel,previously_reserved,,23,5,6,4,1,3,0,7,0,0.217,0.435,11,0,0,0,0,0,22
2017,mixed,Ron Shandler,Ben Revere,2085,FA,OF,1,rel,previously_reserved,,35,6,12,2,0,0,2,6,0,0.171,0.229,3,0,0,0,0,0,82
2017,mixed,Ron Shandler,Lonnie Chisenhall,2627,FA,OF,126,act,previously_reserved,"OF,1B",39,13,15,9,4,14,0,7,2,0.381,0.769,0,0,7,0,0,0,75
2017,mixed,Ron Shandler,Cameron Rupp,4651,Cle,C,27,rel,previously_reserved,,37,5,11,5,2,5,0,16,2,0.179,0.297,0,88,0,0,0,0,0
2017,mixed,Ron Shandler,Willson Contreras,5435,StL,C,15,act,previously_reserved,"1B,OF,C",1,0,1,0,0,0,0,1,0,0.0,0.0,0,108,5,0,1,0,6
2017,mixed,Ron Shandler,Wilson Ramos,2170,FA,C,2,act,previously_reserved,C,53,15,17,5,2,4,0,10,4,0.333,0.415,1,62,0,0,0,0,0
2017,mixed,Ron Shandler,Alex Gordon,681,KC,UT,3,rel,previously_reserved,,208,46,67,21,4,23,4,57,13,0.279,0.322,0,0,0,0,0,0,147
2017,mixed,Ron Shandler,Matt Chapman,5037,SF,UT,1,act,previously_reserved,3B,23,9,7,7,2,6,0,6,6,0.517,0.783,0,0,0,0,84,0,0
2017,mixed,Ron Shandler,Wilmer Flores,2527,SF,UT,1,rel,previously_reserved,,33,9,11,3,1,4,0,6,3,0.342,0.485,1,0,29,12,55,0,0
2017,mixed,Ron Shandler,Franklin Barreto,4834,Bal,UT,0,trd,previously_reserved,,10,4,2,3,1,2,0,3,0,0.4,0.7,2,0,0,10,0,11,0
2017,mixed,Ron Shandler,Norichika Aoki,2041,FA,UT,37,rel,previously_reserved,,24,4,9,2,0,1,1,6,2,0.231,0.208,1,0,0,0,0,0,104
2017,mixed,Al Melchior,Carlos Santana,2181,Cle,1B,24,act,active,"1B,OF,CI",571,148,154,90,23,79,5,94,88,0.363,0.455,7,0,140,0,0,0,7
2017,mixed,Al Melchior,Howie Kendrick,739,Was,2B,1,act,active,"UT,OF,2B,CI,3B,MI",272,85,82,36,8,37,11,59,21,0.37,0.478,1,0,4,15,0,0,63
2017,mixed,Al Melchior,Jean Segura,3177,Bal,SS,18,act,active,"SS,MI,2B",503,152,120,77,11,45,22,78,33,0.352,0.433,0,0,0,0,0,124,0
2017,mixed,Al Melchior,Manny Machado,3216,SD,3B,39,act,active,"3B,CI,SS,MI",239,68,57,33,15,42,3,35,10,0.308,0.531,0,0,0,0,156,0,0
2017,mixed,Al Melchior,Mike Trout,2844,LAA,OF,51,act,active,OF,402,123,114,92,33,72,22,90,94,0.442,0.629,6,0,0,0,0,0,108
2017,mixed,Al Melchior,Domingo Santana,3213,Cle,OF,5,act,active,OF,525,146,151,88,30,85,15,178,73,0.371,0.505,0,0,0,0,0,0,144
2017,mixed,Al Melchior,Brett Phillips,5048,CWS,OF,0,act,active,OF,26,8,7,2,1,4,0,8,1,0.357,0.462,0,0,0,0,0,0,30
2017,mixed,Al Melchior,Travis Jankowski,4479,TB,OF,0,act,active,OF,12,3,5,1,0,1,1,3,1,0.308,0.333,0,0,0,0,0,0,24
2017,mixed,Al Melchior,Byron Buxton,4014,Min,OF,10,act,active,OF,346,96,103,58,15,46,24,105,28,0.335,0.465,0,0,0,0,0,0,137
2017,mixed,Al Melchior,Yan Gomes,3945,FA,C,0,act,active,C,20,5,7,3,2,4,0,4,2,0.375,0.55,0,103,0,0,0,0,0
2017,mixed,Al Melchior,Gary Sanchez,3259,Bal,C,21,act,active,C,462,128,119,77,33,89,2,119,37,0.34,0.535,18,104,2,0,0,0,0
2017,mixed,Al Melchior,Greg Bird,4379,FA,UT,11,act,active,1B,87,22,29,14,8,25,0,20,9,0.316,0.575,2,0,46,0,0,0,0
2017,mixed,Al Melchior,Matt Olson,4465,Atl,CI,24,act,active,"1B,OF",164,44,47,29,22,38,0,50,15,0.344,0.677,0,0,43,0,0,0,12
2017,mixed,Al Melchior,Brandon Phillips,344,FA,MI,1,act,active,"2B,MI,3B",217,59,51,31,5,22,2,28,5,0.291,0.378,1,0,0,112,25,0,0
2017,mixed,Al Melchior,Steve Pearce,1196,Bos,2B,12,res,previously_active,"1B,MI,CI,2B,OF",186,45,51,23,7,19,0,34,20,0.321,0.425,2,0,10,0,0,0,85
2017,mixed,Al Melchior,Tyler Saladino,4001,FA,SS,0,rel,previously_active,,20,4,5,1,0,0,0,10,2,0.273,0.2,14,0,3,26,22,13,0
2017,mixed,Al Melchior,Drew Robinson,4859,SF,3B,22,rel,previously_active,,4,1,2,1,0,0,0,0,1,0.4,0.25,3,0,0,7,20,6,20
2017,mixed,Al Melchior,Martin Prado,80,Mia,3B,21,rel,previously_active,,75,17,19,8,1,5,0,15,2,0.244,0.307,1,0,0,0,34,0,0
2017,mixed,Al Melchior,David Freese,1432,LAD,3B,37,rel,previously_active,,60,12,20,7,0,7,0,13,13,0.355,0.233,3,0,3,0,116,0,0
2017,mixed,Al Melchior,Matt Holliday,464,FA,OF,3,rel,previously_active,,354,81,99,45,16,56,1,109,43,0.314,0.412,90,0,8,0,0,0,0
2017,mixed,Al Melchior,Mark Trumbo,2262,FA,OF,17,rel,previously_active,,536,125,138,76,22,64,1,141,41,0.288,0.394,111,0,2,0,2,0,31
2017,mixed,Al Melchior,Ben Gamel,5506,Det,OF,12,res,previously_active,OF,364,108,94,55,5,36,4,92,30,0.349,0.415,0,0,1,0,0,0,131
2017,mixed,Al Melchior,Tommy Pham,5041,Pit,OF,133,trd,previously_active,,205,66,57,41,9,34,11,56,26,0.407,0.502,0,0,0,0,0,0,119
2017,mixed,Al Melchior,Bruce Maxwell,4655,FA,C,0,rel,previously_active,,84,21,27,6,2,8,0,25,8,0.312,0.381,0,74,0,0,0,0,0
2017,mixed,Al Melchior,Jason Castro,2343,Hou,C,1,trd,previously_active,,12,3,4,3,0,1,0,2,4,0.437,0.417,0,108,0,0,0,0,0
2017,mixed,Al Melchior,Martin Maldonado,2347,SD,C,6,rel,previously_active,,33,10,12,4,0,1,0,12,4,0.395,0.364,0,137,1,0,0,0,0
2017,mixed,Al Melchior,Nick Hundley,1268,Phi,C,0,rel,previously_active,,10,2,3,0,0,0,0,3,1,0.273,0.2,1,82,0,0,0,0,0
2017,mixed,Al Melchior,Geovany Soto,281,FA,C,32,rel,previously_active,,14,3,4,1,0,2,0,4,0,0.25,0.214,0,13,0,0,0,0,0
2017,mixed,Al Melchior,Salvador Perez,3457,KC,C,9,trd,previously_active,,127,36,34,12,7,21,0,25,7,0.326,0.504,13,115,0,0,0,0,0
2017,mixed,Al Melchior,Alex Avila,2369,FA,C,50,rel,previously_active,,154,34,54,20,7,16,0,61,28,0.342,0.383,8,78,19,0,0,0,0
2017,mixed,Al Melchior,Allen Cordoba,5908,FA,UT,6,rel,previously_active,,23,8,6,1,0,0,0,4,0,0.348,0.391,0,0,0,1,3,28,49
2017,mixed,Al Melchior,Albert Almora,4126,Mia,UT,0,rel,previously_active,,16,6,6,2,1,2,0,0,1,0.412,0.562,0,0,0,0,0,0,105
2017,mixed,Al Melchior,Daniel Nava,3308,FA,UT,2,rel,previously_active,,17,5,6,2,0,1,0,3,2,0.368,0.353,1,0,4,0,0,0,49
2017,mixed,Al Melchior,Andrew Toles,4466,LAD,UT,1,rel,previously_active,,79,20,26,14,5,13,0,13,4,0.298,0.456,0,0,0,0,0,0,28
2017,mixed,Al Melchior,Matt Joyce,2074,Phi,UT,1,rel,previously_active,,66,11,21,4,2,8,0,15,5,0.23,0.288,2,0,0,0,0,0,133
2017,mixed,Al Melchior,Austin Jackson,1039,FA,UT,0,rel,previously_active,,29,7,9,3,1,2,0,11,3,0.312,0.414,0,0,0,0,0,0,81
2017,mixed,Al Melchior,Kennys Vargas,4610,Det,CI,53,rel,previously_active,,33,7,9,3,3,12,0,11,0,0.206,0.545,30,0,40,0,0,0,0
2017,mixed,Al Melchior,T.J. Rivera,5655,FA,CI,28,rel,previously_active,,15,1,6,0,0,1,0,3,0,0.062,0.067,0,0,20,12,28,0,3
2017,mixed,Al Melchior,Hernan Perez,3855,Cin,MI,1,res,previously_active,"2B,3B,OF,SS,CI",252,67,73,29,11,34,7,40,11,0.294,0.472,0,0,2,17,31,7,88
2017,mixed,Al Melchior,Aledmys Diaz,4500,FA,MI,11,rel,previously_active,,269,71,69,30,7,20,4,39,13,0.297,0.401,0,0,0,1,4,68,3
2017,mixed,Al Melchior,Cesar Hernandez,3413,FA,MI,5,trd,previously_active,,288,82,70,49,6,20,9,60,26,0.349,0.406,0,0,0,127,0,1,0
2017,mixed,Al Melchior,Eric Sogard,3034,FA,MI,55,rel,previously_active,,91,28,24,13,1,5,1,16,8,0.382,0.429,0,0,0,60,7,26,1
2017,mixed,Al Melchior,Steve Pearce,1196,Bos,2B,12,res,reserved,"1B,MI,CI,2B,OF",12,3,3,1,0,0,0,5,0,0.25,0.333,2,0,10,0,0,0,85
2017,mixed,Al Melchior,Ben Gamel,5506,Det,OF,12,res,reserved,OF,126,27,35,10,5,20,0,25,4,0.238,0.397,0,0,1,0,0,0,131
2017,mixed,Al Melchior,Hernan Perez,3855,Cin,MI,1,res,reserved,"2B,3B,OF,SS,CI",180,45,63,18,3,17,6,39,9,0.283,0.333,0,0,2,17,31,7,88
2017,mixed,Al Melchior,Howie Kendrick,739,Was,2B,1,act,previously_reserved,"UT,OF,2B,CI,3B,MI",33,11,9,4,1,4,1,9,1,0.353,0.455,1,0,4,15,0,0,63
2017,mixed,Al Melchior,Jean Segura,3177,Bal,SS,18,act,previously_reserved,"SS,MI,2B",21,5,5,3,0,0,0,5,1,0.273,0.286,0,0,0,0,0,124,0
2017,mixed,Al Melchior,Tyler Saladino,4001,FA,SS,0,rel,previously_reserved,,62,13,17,6,0,2,2,16,8,0.329,0.29,14,0,3,26,22,13,0
2017,mixed,Al Melchior,David Freese,1432,LAD,3B,37,rel,previously_reserved,,57,15,18,9,1,4,0,15,11,0.411,0.351,3,0,3,0,116,0,0
2017,mixed,Al Melchior,Martin Prado,80,Mia,3B,21,rel,previously_reserved,,31,10,9,1,0,6,0,2,2,0.364,0.484,1,0,0,0,34,0,0
2017,mixed,Al Melchior,Byron Buxton,4014,Min,OF,10,act,previously_reserved,OF,18,4,6,1,0,1,2,7,1,0.263,0.278,0,0,0,0,0,0,137
2017,mixed,Al Melchior,Mark Trumbo,2262,FA,OF,17,rel,previously_reserved,,18,5,5,3,1,1,0,6,1,0.316,0.556,111,0,2,0,2,0,31
2017,mixed,Al Melchior,Matt Holliday,464,FA,OF,3,rel,previously_reserved,,6,2,2,3,2,4,0,1,2,0.5,1.33,90,0,8,0,0,0,0
2017,mixed,Al Melchior,Gary Sanchez,3259,Bal,C,21,act,previously_reserved,C,9,3,3,2,0,1,0,1,3,0.538,0.333,18,104,2,0,0,0,0
2017,mixed,Al Melchior,Geovany Soto,281,FA,C,32,rel,previously_reserved,,17,2,5,1,0,2,0,4,1,0.167,0.118,0,13,0,0,0,0,0
2017,mixed,Al Melchior,Jason Castro,2343,Hou,C,1,trd,previously_reserved,,83,21,24,8,3,15,0,27,7,0.311,0.434,0,108,0,0,0,0,0
2017,mixed,Al Melchior,Cameron Rupp,4651,Cle,C,3,rel,previously_reserved,,19,7,6,4,1,1,0,8,3,0.455,0.579,0,88,0,0,0,0,0
2017,mixed,Al Melchior,Abraham Almonte,4385,FA,UT,0,rel,previously_reserved,,104,25,38,14,2,7,1,32,13,0.331,0.375,4,0,0,0,0,0,58
2017,mixed,Al Melchior,Daniel Nava,3308,FA,UT,2,rel,previously_reserved,,15,5,6,1,0,2,0,3,4,0.474,0.4,1,0,4,0,0,0,49
2017,mixed,Al Melchior,Albert Almora,4126,Mia,UT,0,rel,previously_reserved,,14,7,5,2,0,4,0,4,0,0.5,0.571,0,0,0,0,0,0,105
2017,mixed,Al Melchior,Allen Cordoba,5908,FA,UT,6,rel,previously_reserved,,57,9,19,4,0,2,0,13,3,0.21,0.211,0,0,0,1,3,28,49
2017,mixed,Al Melchior,Andrew Toles,4466,LAD,UT,1,rel,previously_reserved,,17,6,5,3,0,2,0,3,1,0.389,0.471,0,0,0,0,0,0,28
2017,mixed,Al Melchior,T.J. Rivera,5655,FA,CI,28,rel,previously_reserved,,4,1,4,0,0,0,0,2,0,0.25,0.25,0,0,20,12,28,0,3
2017,mixed,Al Melchior,Kennys Vargas,4610,Det,CI,53,rel,previously_reserved,,38,10,10,2,1,6,0,8,1,0.282,0.421,30,0,40,0,0,0,0
2017,mixed,Al Melchior,Matt Olson,4465,Atl,CI,24,act,previously_reserved,"1B,OF",2,1,2,0,0,0,0,1,0,0.5,0.5,0,0,43,0,0,0,12
2017,mixed,Al Melchior,Eric Sogard,3034,FA,MI,55,rel,previously_reserved,,22,2,7,1,0,0,0,5,1,0.13,0.091,0,0,0,60,7,26,1
2017,mixed,Al Melchior,Aledmys Diaz,4500,FA,MI,11,rel,previously_reserved,,4,0,2,0,0,0,0,2,0,0.0,0.0,0,0,0,1,4,68,3
2017,mixed,Bret Sayre,Lucas Duda,3305,FA,1B,2,act,active,"1B,CI",393,84,118,46,29,61,0,127,54,0.315,0.494,24,0,93,0,0,0,0
2017,mixed,Bret Sayre,Kolten Wong,3771,Ari,2B,64,act,active,"2B,OF,MI",266,76,80,41,3,31,6,47,29,0.37,0.406,0,0,0,106,0,0,0
2017,mixed,Bret Sayre,Carlos Correa,4010,Min,SS,33,act,active,"SS,MI",419,132,108,81,24,83,1,92,52,0.39,0.551,1,0,0,0,0,108,0
2017,mixed,Bret Sayre,Justin Turner,2415,ChC,3B,12,act,active,"UT,3B,CI",448,143,127,71,20,69,7,54,59,0.414,0.525,5,0,0,0,121,0,0
2017,mixed,Bret Sayre,Ryan Braun,858,Mil,OF,30,act,active,OF,277,75,74,39,10,33,8,51,24,0.331,0.473,4,0,0,0,0,0,95
2017,mixed,Bret Sayre,Mookie Betts,4670,LAD,OF,42,act,active,OF,628,166,153,101,24,102,26,79,77,0.344,0.459,0,0,0,0,0,0,153
2017,mixed,Bret Sayre,Kyle Schwarber,4901,Phi,OF,27,act,active,OF,408,85,125,65,29,58,1,147,57,0.313,0.461,8,4,1,0,0,0,110
2017,mixed,Bret Sayre,Yasiel Puig,4153,FA,OF,3,act,active,OF,499,131,152,72,28,74,15,100,64,0.346,0.487,0,0,0,0,0,0,145
2017,mixed,Bret Sayre,George Springer,3575,Tor,OF,26,act,active,OF,532,152,136,111,33,83,5,109,62,0.368,0.526,7,0,0,0,0,0,131
2017,mixed,Bret Sayre,Evan Gattis,3959,FA,C,10,act,active,C,293,78,82,41,12,55,0,50,18,0.314,0.464,29,49,1,0,0,0,0
2017,mixed,Bret Sayre,Travis D'Arnaud,2621,LAA,C,3,act,active,C,335,81,108,38,15,55,0,57,22,0.29,0.436,1,93,0,1,1,0,0
2017,mixed,Bret Sayre,Odubel Herrera,5084,FA,UT,14,act,active,OF,496,137,129,61,12,50,8,119,28,0.319,0.437,0,0,0,0,0,0,133
2017,mixed,Bret Sayre,Danny Valencia,2398,FA,CI,3,act,active,"3B,1B,OF,CI",344,76,101,32,9,43,1,101,32,0.284,0.355,0,0,118,0,1,0,10
2017,mixed,Bret Sayre,Corey Seager,4154,Tex,MI,27,act,active,"SS,MI",524,155,140,85,22,77,4,128,67,0.378,0.483,1,0,0,0,0,138,0
2017,mixed,Bret Sayre,Yangervis Solarte,3899,FA,2B,5,trd,previously_active,,226,57,63,21,5,32,2,30,25,0.337,0.358,2,0,8,80,22,28,0
2017,mixed,Bret Sayre,Yan Gomes,3945,FA,C,0,rel,previously_active,,42,11,13,6,3,10,0,11,3,0.326,0.571,0,103,0,0,0,0,0
2017,mixed,Bret Sayre,Stephen Vogt,3569,Oak,C,12,rel,previously_active,,15,1,5,0,0,2,0,4,0,0.067,0.133,7,81,0,0,0,0,1
2017,mixed,Bret Sayre,Ryan Hanigan,334,FA,C,0,rel,previously_active,,5,0,2,0,0,0,0,0,1,0.167,0.0,0,30,0,0,0,0,0
2017,mixed,Bret Sayre,Shin-Soo Choo,405,FA,UT,2,res,previously_active,OF,406,106,109,73,15,54,9,100,57,0.358,0.419,65,0,0,0,0,0,77
2017,mixed,Bret Sayre,Yuli Gurriel,2160,SD,CI,0,trd,previously_active,,169,53,43,25,7,31,1,17,4,0.343,0.521,3,0,131,1,7,0,0
2017,mixed,Bret Sayre,Chris Carter,2028,FA,CI,68,rel,previously_active,,24,3,10,1,0,0,0,10,1,0.16,0.208,1,0,56,0,0,0,2
2017,mixed,Bret Sayre,Chase Utley,1132,LAD,MI,1,rel,previously_active,,52,11,16,8,2,5,1,11,5,0.288,0.442,3,0,17,80,0,0,0
2017,mixed,Bret Sayre,Wilmer Difo,5044,CWS,MI,6,res,previously_active,"SS,2B,OF,3B,MI",154,47,45,21,3,9,6,43,7,0.333,0.442,0,0,0,25,6,57,6
2017,mixed,Bret Sayre,Shin-Soo Choo,405,FA,UT,2,res,reserved,OF,138,36,40,23,7,24,3,34,20,0.354,0.435,65,0,0,0,0,0,77
2017,mixed,Bret Sayre,Wilmer Difo,5044,CWS,MI,6,res,reserved,"SS,2B,OF,3B,MI",42,8,18,4,0,1,1,6,2,0.227,0.214,0,0,0,25,6,57,6
2017,mixed,Bret Sayre,Lucas Duda,3305,FA,1B,2,act,previously_reserved,"1B,CI",30,8,9,4,1,3,0,8,6,0.405,0.533,24,0,93,0,0,0,0
2017,mixed,Bret Sayre,Kolten Wong,3771,Ari,2B,64,act,previously_reserved,"2B,OF,MI",40,14,11,9,0,3,0,8,5,0.449,0.45,0,0,0,106,0,0,0
2017,mixed,Bret Sayre,Carlos Correa,4010,Min,SS,33,act,previously_reserved,"SS,MI",3,1,1,1,0,1,1,0,1,0.5,0.333,1,0,0,0,0,108,0
2017,mixed,Bret Sayre,Justin Turner,2415,ChC,3B,12,act,previously_reserved,"UT,3B,CI",9,4,3,1,1,2,0,2,0,0.5,0.778,5,0,0,0,121,0,0
2017,mixed,Bret Sayre,George Springer,3575,Tor,OF,26,act,previously_reserved,OF,16,3,4,1,1,2,0,2,2,0.316,0.375,7,0,0,0,0,0,131
2017,mixed,Bret Sayre,Kyle Schwarber,4901,Phi,OF,27,act,previously_reserved,OF,14,4,4,2,1,1,0,3,2,0.375,0.643,8,4,1,0,0,0,110
2017,mixed,Bret Sayre,Travis D'Arnaud,2621,LAA,C,3,act,previously_reserved,C,13,4,4,1,1,2,0,2,1,0.357,0.615,1,93,0,1,1,0,0
2017,mixed,Bret Sayre,Evan Gattis,3959,FA,C,10,act,previously_reserved,C,7,1,2,0,0,0,0,0,0,0.143,0.143,29,49,1,0,0,0,0
2017,mixed,Bret Sayre,Yan Gomes,3945,FA,C,0,rel,previously_reserved,,55,11,15,5,0,7,0,24,4,0.267,0.236,0,103,0,0,0,0,0
2017,mixed,Bret Sayre,Odubel Herrera,5084,FA,UT,14,act,previously_reserved,OF,30,11,9,6,2,6,0,7,3,0.424,0.7,0,0,0,0,0,0,133
2017,mixed,Bret Sayre,Danny Valencia,2398,FA,CI,3,act,previously_reserved,"3B,1B,OF,CI",106,39,29,22,6,23,1,21,8,0.414,0.594,0,0,118,0,1,0,10
2017,mixed,Bret Sayre,Chris Carter,2028,FA,CI,68,rel,previously_reserved,,57,15,15,6,4,12,0,23,4,0.311,0.491,1,0,56,0,0,0,2
2017,mixed,Bret Sayre,Yuli Gurriel,2160,SD,CI,0,trd,previously_reserved,,181,46,47,21,6,22,2,27,5,0.279,0.425,3,0,131,1,7,0,0
2017,mixed,Bret Sayre,Chase Utley,1132,LAD,MI,1,rel,previously_reserved,,39,10,20,5,1,5,1,9,3,0.326,0.385,3,0,17,80,0,0,0
2017,mixed,Bret Sayre,Corey Seager,4154,Tex,MI,27,act,previously_reserved,"SS,MI",15,4,5,0,0,0,0,3,0,0.267,0.333,1,0,0,0,0,138,0
2017,mixed,Ray Flowers,Freddie Freeman,2466,LAD,1B,36,act,active,"1B,CI,3B",279,79,74,43,12,38,4,60,36,0.371,0.495,0,0,105,0,16,0,0
2017,mixed,Ray Flowers,Robinson Cano,1008,FA,2B,27,act,active,"2B,MI",303,84,78,37,6,37,0,50,23,0.335,0.403,0,0,0,150,0,0,0
2017,mixed,Ray Flowers,Xander Bogaerts,3822,SD,SS,25,act,active,"SS,MI",500,137,130,79,9,56,13,103,48,0.341,0.406,0,0,0,0,0,146,0
2017,mixed,Ray Flowers,Jeimer Candelario,4071,Cin,3B,4,act,active,"3B,CI",41,11,11,2,0,5,0,10,2,0.302,0.317,0,0,1,0,36,0,0
2017,mixed,Ray Flowers,Joey Gallo,4121,FA,OF,0,act,active,"1B,3B,CI,OF",379,76,121,73,35,66,4,167,58,0.319,0.528,1,0,59,0,72,0,18
2017,mixed,Ray Flowers,Bryce Harper,2628,Phi,OF,1,act,active,"UT,OF",18,3,5,3,0,0,2,7,2,0.25,0.167,0,0,0,0,0,0,110
2017,mixed,Ray Flowers,Andrew McCutchen,1222,Pit,OF,26,act,active,OF,570,159,156,94,28,88,11,116,73,0.363,0.486,2,0,0,0,0,0,152
2017,mixed,Ray Flowers,Gerardo Parra,2000,Was,OF,87,act,active,"OF,1B,CI",222,66,61,28,3,34,2,38,14,0.339,0.414,1,0,6,0,0,0,103
2017,mixed,Ray Flowers,Aaron Altherr,3660,FA,OF,27,act,active,OF,194,51,57,23,7,27,2,56,16,0.333,0.464,0,0,0,0,0,0,106
2017,mixed,Ray Flowers,Jason Castro,2343,Hou,C,9,act,active,C,35,12,12,7,2,7,0,10,4,0.41,0.543,0,108,0,0,0,0,0
2017,mixed,Ray Flowers,J.T. Realmuto,4028,Phi,C,12,act,active,"C,1B",532,148,141,68,17,65,8,106,36,0.332,0.451,2,126,9,0,0,0,0
2017,mixed,Ray Flowers,Rafael Devers,4903,Bos,UT,201,act,active,3B,177,49,47,27,8,22,3,47,15,0.333,0.475,1,0,0,0,56,0,0
2017,mixed,Ray Flowers,Joe Mauer,889,Min,CI,14,act,active,"1B,CI",146,50,38,21,1,20,0,21,14,0.401,0.473,13,0,125,0,0,0,0
2017,mixed,Ray Flowers,Dee Gordon,2693,FA,MI,19,act,active,"2B,MI",219,72,52,42,1,10,20,32,5,0.342,0.402,0,0,0,153,0,3,0
2017,mixed,Ray Flowers,Mark Reynolds,34,Col,1B,36,trd,previously_active,,380,107,105,65,23,74,2,126,52,0.369,0.513,3,0,138,0,0,0,1
2017,mixed,Ray Flowers,Evan Longoria,1489,FA,3B,19,res,previously_active,"3B,CI",504,134,128,60,17,71,4,93,40,0.32,0.433,14,0,0,0,142,0,0
2017,mixed,Ray Flowers,Jackie Bradley,3595,NYM,OF,10,res,previously_active,OF,288,77,77,41,10,34,6,68,31,0.346,0.441,0,0,0,0,0,0,132
2017,mixed,Ray Flowers,Jason Heyward,1968,SD,OF,3,rel,previously_active,,127,32,35,13,3,21,1,21,11,0.321,0.354,0,0,0,0,0,0,124
2017,mixed,Ray Flowers,Boog Powell,5135,FA,OF,7,rel,previously_active,,20,3,9,0,0,1,0,6,1,0.182,0.2,9,0,0,0,0,0,36
2017,mixed,Ray Flowers,Clint Frazier,4439,CWS,OF,191,dis,previously_active,OF,104,25,26,10,3,16,1,33,4,0.266,0.452,2,0,0,0,0,0,37
2017,mixed,Ray Flowers,Brandon Drury,4055,CWS,OF,3,rel,previously_active,,232,52,69,23,3,29,0,59,13,0.267,0.345,3,0,0,114,1,0,0
2017,mixed,Ray Flowers,Gregory Polanco,4166,Tor,OF,22,dis,previously_active,OF,293,76,83,32,7,27,8,42,23,0.317,0.396,2,0,0,0,0,0,96
2017,mixed,Ray Flowers,Jose Peraza,4468,NYM,OF,16,rel,previously_active,,128,30,42,13,2,11,7,22,6,0.272,0.32,0,0,0,77,0,55,2
2017,mixed,Ray Flowers,Lewis Brinson,4446,FA,OF,0,rel,previously_active,,21,3,9,0,0,0,0,10,0,0.143,0.238,0,0,0,0,0,0,16
2017,mixed,Ray Flowers,Christian Yelich,3314,Mil,OF,27,trd,previously_active,,139,40,35,26,5,19,3,25,12,0.342,0.417,0,0,0,0,0,0,155
2017,mixed,Ray Flowers,Brian Goodwin,3779,CWS,OF,37,rel,previously_active,,23,5,7,1,0,3,0,8,4,0.321,0.304,0,0,0,0,0,0,69
2017,mixed,Ray Flowers,Josh Bell,3669,Was,OF,6,trd,previously_active,,108,21,32,13,4,9,0,21,10,0.269,0.37,2,0,147,0,0,0,0
2017,mixed,Ray Flowers,Elias Diaz,5078,SD,C,37,rel,previously_active,,13,2,5,1,0,0,0,2,0,0.154,0.154,0,55,0,0,0,0,0
2017,mixed,Ray Flowers,Tony Wolters,3637,Min,C,13,rel,previously_active,,2,0,1,0,0,0,0,0,0,0.0,0.0,0,77,0,4,1,0,0
2017,mixed,Ray Flowers,Francisco Cervelli,1004,FA,C,3,dis,previously_active,C,227,57,68,27,4,24,0,56,27,0.337,0.374,0,78,0,0,0,0,0
2017,mixed,Ray Flowers,John Hicks,4309,FA,C,4,rel,previously_active,,46,9,15,5,2,5,0,15,4,0.26,0.348,12,18,26,0,0,0,0
2017,mixed,Ray Flowers,Bruce Maxwell,4655,FA,C,23,rel,previously_active,,35,9,12,2,1,5,0,13,8,0.395,0.429,0,74,0,0,0,0,0
2017,mixed,Ray Flowers,Devon Travis,4603,FA,UT,3,dis,previously_active,"2B,MI",141,41,39,18,4,21,4,30,4,0.315,0.496,0,0,0,50,0,0,0
2017,mixed,Ray Flowers,Javier Baez,3804,Det,UT,8,res,previously_active,"SS,2B,3B,MI,CI",379,100,114,62,19,60,7,118,25,0.31,0.47,0,0,4,80,8,73,1
2017,mixed,Ray Flowers,Yolmer Sanchez,4299,LAA,UT,4,rel,previously_active,,63,16,17,14,2,10,1,17,5,0.324,0.492,7,0,0,78,52,4,1
2017,mixed,Ray Flowers,C.J. Cron,3696,FA,UT,29,res,previously_active,"1B,CI",16,2,4,1,1,1,0,5,0,0.125,0.312,0,0,98,0,0,0,0
2017,mixed,Ray Flowers,Tim Beckham,2143,FA,MI,32,trd,previously_active,,131,35,35,15,6,20,1,45,6,0.302,0.45,1,0,0,17,1,119,0
2017,mixed,Ray Flowers,Jason Kipnis,2727,Atl,MI,6,dis,previously_active,"2B,OF,MI",178,44,46,25,6,16,4,28,20,0.322,0.444,2,0,0,75,0,0,11
2017,mixed,Ray Flowers,Adam Frazier,5555,Pit,MI,37,rel,previously_active,,144,32,38,22,2,17,4,21,15,0.302,0.319,1,0,0,42,1,1,67
2017,mixed,Ray Flowers,Evan Longoria,1489,FA,3B,19,res,reserved,"3B,CI",109,26,28,11,3,15,2,16,6,0.283,0.385,14,0,0,0,142,0,0
2017,mixed,Ray Flowers,Clint Frazier,4439,CWS,OF,191,dis,reserved,OF,23,4,11,4,0,0,0,9,2,0.24,0.304,2,0,0,0,0,0,37
2017,mixed,Ray Flowers,Charlie Tilson,4089,FA,OF,0,dis,reserved,OF,0,0,0,0,0,0,0,0,0,0.0,0.0,0,0,0,0,0,0,0
2017,mixed,Ray Flowers,Jackie Bradley,3595,NYM,OF,10,res,reserved,OF,117,27,34,11,5,22,1,34,11,0.323,0.376,0,0,0,0,0,0,132
2017,mixed,Ray Flowers,Gregory Polanco,4166,Tor,OF,22,dis,reserved,OF,86,19,25,7,4,8,0,18,4,0.264,0.372,2,0,0,0,0,0,96
2017,mixed,Ray Flowers,Francisco Cervelli,1004,FA,C,3,dis,reserved,C,38,9,13,4,1,7,0,9,5,0.37,0.342,0,78,0,0,0,0,0
2017,mixed,Ray Flowers,Javier Baez,3804,Det,UT,8,res,reserved,"SS,2B,3B,MI,CI",90,28,31,13,4,15,3,26,5,0.344,0.522,0,0,4,80,8,73,1
2017,mixed,Ray Flowers,Devon Travis,4603,FA,UT,3,dis,reserved,"2B,MI",44,7,11,4,1,3,0,8,3,0.213,0.25,0,0,0,50,0,0,0
2017,mixed,Ray Flowers,C.J. Cron,3696,FA,UT,29,res,reserved,"1B,CI",131,32,38,16,6,23,1,46,11,0.318,0.443,0,0,98,0,0,0,0
2017,mixed,Ray Flowers,Jason Kipnis,2727,Atl,MI,6,dis,reserved,"2B,OF,MI",158,34,44,18,6,19,2,43,8,0.254,0.38,2,0,0,75,0,0,11
2017,mixed,Ray Flowers,Freddie Freeman,2466,LAD,1B,36,act,previously_reserved,"1B,CI,3B",26,10,6,6,2,8,0,4,2,0.429,0.731,0,0,105,0,16,0,0
2017,mixed,Ray Flowers,Xander Bogaerts,3822,SD,SS,25,act,previously_reserved,"SS,MI",71,19,18,15,1,6,2,13,8,0.358,0.38,0,0,0,0,0,146,0
2017,mixed,Ray Flowers,Jose Peraza,4468,NYM,OF,16,rel,previously_reserved,,163,44,50,13,2,11,5,23,9,0.316,0.313,0,0,0,77,0,55,2
2017,mixed,Ray Flowers,Lewis Brinson,4446,FA,OF,0,rel,previously_reserved,,26,2,12,2,2,3,1,7,7,0.294,0.308,0,0,0,0,0,0,16
2017,mixed,Ray Flowers,Aaron Altherr,3660,FA,OF,27,act,previously_reserved,OF,178,50,50,35,12,38,3,48,16,0.347,0.573,0,0,0,0,0,0,106
2017,mixed,Ray Flowers,Josh Bell,3669,Was,OF,6,trd,previously_reserved,,58,18,19,11,5,11,1,14,10,0.412,0.621,2,0,147,0,0,0,0
2017,mixed,Ray Flowers,Joey Gallo,4121,FA,OF,0,act,previously_reserved,"1B,3B,CI,OF",70,18,24,12,6,14,3,29,17,0.402,0.586,1,0,59,0,72,0,18
2017,mixed,Ray Flowers,Jason Heyward,1968,SD,OF,3,rel,previously_reserved,,99,28,28,15,4,16,1,14,7,0.327,0.495,0,0,0,0,0,0,124
2017,mixed,Ray Flowers,Gerardo Parra,2000,Was,OF,87,act,previously_reserved,"OF,1B,CI",24,10,6,6,1,9,0,2,0,0.37,0.667,1,0,6,0,0,0,103
2017,mixed,Ray Flowers,Brandon Drury,4055,CWS,OF,3,rel,previously_reserved,,183,58,57,16,9,30,1,39,14,0.376,0.574,3,0,0,114,1,0,0
2017,mixed,Ray Flowers,Tony Wolters,3637,Min,C,13,rel,previously_reserved,,29,7,11,10,0,4,0,7,9,0.436,0.31,0,77,0,4,1,0,0
2017,mixed,Ray Flowers,Jason Castro,2343,Hou,C,9,act,previously_reserved,C,32,9,10,5,2,5,0,7,1,0.324,0.469,0,108,0,0,0,0,0
2017,mixed,Ray Flowers,Rafael Devers,4903,Bos,UT,201,act,previously_reserved,3B,45,14,11,7,2,8,0,10,3,0.354,0.511,1,0,0,0,56,0,0
2017,mixed,Ray Flowers,Randal Grichuk,2843,Ari,UT,2,rel,previously_reserved,,37,5,11,2,0,4,1,14,2,0.179,0.216,0,0,0,0,0,0,107
2017,mixed,Ray Flowers,Tim Beckham,2143,FA,MI,32,trd,previously_reserved,,99,30,25,10,4,11,3,36,7,0.349,0.434,1,0,0,17,1,119,0
2017,mixed,Ray Flowers,Adam Frazier,5555,Pit,MI,37,rel,previously_reserved,,68,22,21,10,0,8,3,7,6,0.403,0.368,1,0,0,42,1,1,67
2017,mixed,Gene McCaffrey,Albert Pujols,1411,StL,1B,12,act,active,"1B,CI",593,143,149,53,23,101,3,93,37,0.286,0.386,143,0,6,0,0,0,0
2017,mixed,Gene McCaffrey,Starlin Castro,2724,FA,2B,2,act,active,"2B,MI",424,125,107,63,16,60,2,90,21,0.332,0.448,2,0,0,109,0,0,0
2017,mixed,Gene McCaffrey,Brandon Crawford,3051,FA,SS,4,act,active,"SS,MI",488,124,136,55,14,73,3,109,42,0.309,0.406,0,0,0,0,0,138,0
2017,mixed,Gene McCaffrey,Eugenio Suarez,4330,Ari,3B,2,act,active,"3B,CI",534,139,156,87,26,82,4,147,84,0.367,0.461,0,0,0,0,153,1,0
2017,mixed,Gene McCaffrey,Carlos Gonzalez,1077,FA,OF,26,act,active,OF,451,119,130,71,14,55,3,113,55,0.341,0.432,3,0,0,0,0,0,125
2017,mixed,Gene McCaffrey,Giancarlo Stanton,2378,NYY,OF,29,act,active,OF,597,168,159,123,59,132,2,163,85,0.376,0.631,4,0,0,0,0,0,149
2017,mixed,Gene McCaffrey,Jay Bruce,371,NYY,OF,4,act,active,"1B,OF",555,141,146,82,36,101,1,139,57,0.324,0.508,3,0,12,0,0,0,133
2017,mixed,Gene McCaffrey,Carlos Gomez,902,FA,OF,6,act,active,OF,348,89,100,46,15,43,13,120,31,0.342,0.454,1,0,0,0,0,0,102
2017,mixed,Gene McCaffrey,Billy Hamilton,3576,FA,OF,24,act,active,OF,574,141,137,83,4,37,59,131,43,0.297,0.331,0,0,0,0,0,0,137
2017,mixed,Gene McCaffrey,Welington Castillo,2434,Was,C,6,act,active,C,325,90,92,42,20,50,0,94,21,0.319,0.495,6,88,0,0,0,0,0
2017,mixed,Gene McCaffrey,Jorge Alfaro,4004,Mil,C,0,act,active,C,78,24,22,9,4,11,0,23,3,0.365,0.538,0,28,2,0,0,0,0
2017,mixed,Gene McCaffrey,Marcus Semien,4300,Tex,UT,6,act,active,"SS,MI",310,78,78,48,9,35,11,75,37,0.332,0.397,0,0,0,0,0,85,0
2017,mixed,Gene McCaffrey,Mike Napoli,733,Cle,CI,10,act,active,"1B,CI",242,43,71,29,14,32,1,90,29,0.272,0.376,26,0,95,0,0,0,0
2017,mixed,Gene McCaffrey,Dustin Pedroia,182,Bos,MI,11,act,active,"2B,MI",214,64,54,24,5,39,3,25,24,0.371,0.407,7,0,0,98,0,0,0
2017,mixed,Gene McCaffrey,Pat Valaika,5853,FA,2B,0,res,previously_active,"2B,3B,SS,CI,OF,1B",22,3,12,1,1,3,0,7,0,0.136,0.273,2,0,5,8,19,22,5
2017,mixed,Gene McCaffrey,Sean Rodriguez,743,FA,2B,0,rel,previously_active,,11,3,3,2,1,2,0,3,0,0.273,0.545,0,0,2,12,14,6,19
2017,mixed,Gene McCaffrey,Ketel Marte,4847,Ari,SS,137,res,previously_active,"UT,SS,MI",15,2,5,1,1,1,0,5,1,0.187,0.333,0,0,0,0,3,64,0
2017,mixed,Gene McCaffrey,J.J. Hardy,853,FA,SS,0,rel,previously_active,,46,7,12,1,0,2,0,7,3,0.204,0.152,0,0,0,0,0,71,0
2017,mixed,Gene McCaffrey,Danny Espinosa,2765,NYM,SS,13,rel,previously_active,,7,0,2,0,0,0,0,4,0,0.0,0.0,1,0,2,78,4,4,0
2017,mixed,Gene McCaffrey,Matt Adams,3755,Was,OF,177,rel,previously_active,,281,76,93,42,19,56,0,67,19,0.316,0.552,2,0,62,0,0,0,19
2017,mixed,Gene McCaffrey,Yoenis Cespedes,3837,FA,OF,27,rel,previously_active,,285,83,79,45,16,38,0,61,26,0.352,0.533,1,0,0,0,0,0,74
2017,mixed,Gene McCaffrey,Raimel Tapia,4798,FA,OF,0,rel,previously_active,,45,23,15,12,1,4,1,8,4,0.56,0.733,1,0,0,0,0,0,46
2017,mixed,Gene McCaffrey,Eddie Rosario,3889,Mil,OF,9,rel,previously_active,,126,34,38,18,3,8,1,30,6,0.301,0.429,1,0,0,0,0,0,150
2017,mixed,Gene McCaffrey,Jefry Marte,2624,LAA,OF,0,rel,previously_active,,8,1,3,2,1,3,0,3,1,0.3,0.5,2,0,28,0,10,0,3
2017,mixed,Gene McCaffrey,Dustin Garneau,4808,Det,C,8,rel,previously_active,,34,7,10,1,0,2,0,10,1,0.25,0.294,0,40,0,0,0,0,0
2017,mixed,Gene McCaffrey,Yan Gomes,3945,FA,C,0,rel,previously_active,,30,2,9,3,1,1,0,10,3,0.152,0.167,0,103,0,0,0,0,0
2017,mixed,Gene McCaffrey,Devin Mesoraco,1987,NYM,C,1,dis,previously_active,C,92,19,37,13,5,9,1,20,13,0.318,0.413,2,40,0,0,0,0,0
2017,mixed,Gene McCaffrey,Tony Wolters,3637,Min,C,0,rel,previously_active,,90,19,29,7,0,6,0,22,10,0.29,0.244,0,77,0,4,1,0,0
2017,mixed,Gene McCaffrey,Whit Merrifield,4419,Atl,MI,8,trd,previously_active,,144,42,39,15,4,18,5,22,8,0.329,0.444,0,0,1,132,1,0,16
2017,mixed,Gene McCaffrey,Pat Valaika,5853,FA,2B,0,res,reserved,"2B,3B,SS,CI,OF,1B",25,6,20,3,2,6,0,10,1,0.269,0.52,2,0,5,8,19,22,5
2017,mixed,Gene McCaffrey,Ketel Marte,4847,Ari,SS,137,res,reserved,"UT,SS,MI",199,53,63,27,4,15,3,30,28,0.358,0.397,0,0,0,0,3,64,0
2017,mixed,Gene McCaffrey,Devin Mesoraco,1987,NYM,C,1,dis,reserved,C,49,11,19,4,1,5,0,18,5,0.328,0.347,2,40,0,0,0,0,0
2017,mixed,Gene McCaffrey,Starlin Castro,2724,FA,2B,2,act,previously_reserved,"2B,MI",19,8,5,3,0,3,0,3,2,0.476,0.579,2,0,0,109,0,0,0
2017,mixed,Gene McCaffrey,Brandon Crawford,3051,FA,SS,4,act,previously_reserved,"SS,MI",30,7,8,3,0,4,0,4,0,0.233,0.367,0,0,0,0,0,138,0
2017,mixed,Gene McCaffrey,Jefry Marte,2624,LAA,OF,0,rel,previously_reserved,,89,16,32,6,2,10,1,25,10,0.282,0.292,2,0,28,0,10,0,3
2017,mixed,Gene McCaffrey,Eddie Rosario,3889,Mil,OF,9,rel,previously_reserved,,67,23,21,11,5,10,2,10,7,0.405,0.627,1,0,0,0,0,0,150
2017,mixed,Gene McCaffrey,Billy Hamilton,3576,FA,OF,24,act,previously_reserved,OF,8,3,2,2,0,1,0,2,1,0.444,0.625,0,0,0,0,0,0,137
2017,mixed,Gene McCaffrey,Carlos Gomez,902,FA,OF,6,act,previously_reserved,OF,20,5,5,5,2,8,0,7,0,0.318,0.6,1,0,0,0,0,0,102
2017,mixed,Gene McCaffrey,Yoenis Cespedes,3837,FA,OF,27,rel,previously_reserved,,6,2,2,1,1,4,0,0,0,0.333,0.833,1,0,0,0,0,0,74
2017,mixed,Gene McCaffrey,Raimel Tapia,4798,FA,OF,0,rel,previously_reserved,,90,14,38,10,1,7,4,23,4,0.2,0.244,1,0,0,0,0,0,46
2017,mixed,Gene McCaffrey,Carlos Gonzalez,1077,FA,OF,26,act,previously_reserved,OF,19,4,6,1,0,2,0,6,1,0.286,0.211,3,0,0,0,0,0,125
2017,mixed,Gene McCaffrey,Tony Wolters,3637,Min,C,0,rel,previously_reserved,,16,0,5,1,0,0,0,7,3,0.158,0.0,0,77,0,4,1,0,0
2017,mixed,Gene McCaffrey,Dustin Garneau,4808,Det,C,8,rel,previously_reserved,,12,3,4,2,0,2,0,3,1,0.308,0.417,0,40,0,0,0,0,0
2017,mixed,Gene McCaffrey,Welington Castillo,2434,Was,C,6,act,previously_reserved,C,16,6,4,2,0,3,0,3,1,0.412,0.375,6,88,0,0,0,0,0
2017,mixed,Gene McCaffrey,Marcus Semien,4300,Tex,UT,6,act,previously_reserved,"SS,MI",32,7,7,5,1,5,1,10,1,0.242,0.406,0,0,0,0,0,85,0
2017,mixed,Gene McCaffrey,Mike Napoli,733,Cle,CI,10,act,previously_reserved,"1B,CI",183,39,53,31,15,34,0,73,20,0.303,0.497,26,0,95,0,0,0,0
2017,mixed,Gene McCaffrey,Dustin Pedroia,182,Bos,MI,11,act,previously_reserved,"2B,MI",10,1,3,1,0,0,0,5,2,0.25,0.1,7,0,0,98,0,0,0
2017,mixed,Gene McCaffrey,Whit Merrifield,4419,Atl,MI,8,trd,previously_reserved,,7,2,3,1,1,1,1,1,2,0.444,0.714,0,0,1,132,1,0,16
2017,mixed,Joe Pisapia,Paul Goldschmidt,3159,NYY,1B,50,act,active,"1B,CI",558,166,155,117,36,120,18,147,94,0.404,0.563,2,0,151,0,0,0,0
2017,mixed,Joe Pisapia,Jed Lowrie,201,Oak,2B,3,act,active,"UT,2B,MI",433,120,119,63,9,60,0,76,60,0.364,0.443,14,0,0,136,1,0,0
2017,mixed,Joe Pisapia,Didi Gregorius,3599,FA,SS,0,act,active,"SS,MI",519,146,133,71,25,83,3,69,25,0.314,0.474,1,0,0,0,0,135,0
2017,mixed,Joe Pisapia,Ryon Healy,5786,FA,3B,2,act,active,"3B,CI,1B",576,156,149,66,25,78,0,142,23,0.302,0.451,78,0,39,0,34,0,0
2017,mixed,Joe Pisapia,Michael Taylor,4060,CWS,OF,28,act,active,OF,367,101,103,51,19,50,17,125,28,0.327,0.507,0,0,0,0,0,0,113
2017,mixed,Joe Pisapia,Justin Upton,39,FA,OF,25,act,active,OF,299,82,80,53,21,60,9,101,41,0.363,0.572,0,0,0,0,0,0,151
2017,mixed,Joe Pisapia,Hunter Renfroe,4558,KC,OF,2,act,active,OF,315,72,84,34,19,38,2,100,10,0.265,0.467,1,0,0,0,0,0,120
2017,mixed,Joe Pisapia,Jose Bautista,1184,Tor,OF,27,act,active,"OF,3B",587,119,157,92,23,65,6,170,84,0.308,0.366,11,0,1,0,8,0,143
2017,mixed,Joe Pisapia,Ian Desmond,1671,Col,OF,9,act,active,"OF,1B",334,92,94,47,7,40,15,85,24,0.328,0.377,0,0,27,0,0,1,67
2017,mixed,Joe Pisapia,James McCann,3906,Atl,C,1,act,active,C,352,89,106,39,13,49,1,89,26,0.318,0.415,3,103,0,0,0,0,0
2017,mixed,Joe Pisapia,Derek Norris,2623,FA,C,2,act,active,C,179,36,53,21,9,24,1,48,12,0.258,0.38,0,53,0,0,0,0,0
2017,mixed,Joe Pisapia,Jesus Aguilar,4118,FA,UT,0,act,active,"1B,CI",109,24,53,14,7,18,0,38,11,0.289,0.431,3,0,77,0,1,0,0
2017,mixed,Joe Pisapia,Ryan Zimmerman,1638,FA,CI,0,act,active,"1B,CI",524,159,144,90,36,108,1,126,44,0.358,0.573,1,0,143,0,0,0,0
2017,mixed,Joe Pisapia,Chris Owings,3271,FA,MI,2,act,active,"SS,OF,2B,MI",362,97,97,41,12,51,12,87,17,0.299,0.442,0,0,0,22,0,54,26
2017,mixed,Joe Pisapia,Brad Miller,4310,SD,2B,7,rel,previously_active,,132,27,39,21,2,14,3,45,30,0.35,0.318,10,0,0,98,0,0,0
2017,mixed,Joe Pisapia,Jonathan Villar,3345,Sea,2B,32,trd,previously_active,,225,48,59,28,6,26,14,76,22,0.283,0.342,1,0,0,98,0,0,6
2017,mixed,Joe Pisapia,Mitch Haniger,4480,FA,OF,2,dis,previously_active,OF,208,54,57,36,7,24,3,55,25,0.361,0.433,0,0,0,0,0,0,96
2017,mixed,Joe Pisapia,Yasmany Tomas,4952,Was,OF,5,dis,previously_active,OF,166,40,47,19,8,32,0,50,13,0.294,0.464,0,0,0,0,0,0,42
2017,mixed,Joe Pisapia,Charlie Blackmon,2620,Col,OF,34,trd,previously_active,,312,100,76,62,16,56,5,70,23,0.371,0.593,0,0,0,0,0,0,158
2017,mixed,Joe Pisapia,Pablo Sandoval,2182,SF,UT,1,rel,previously_active,,31,3,8,3,1,4,0,11,1,0.125,0.226,2,0,9,1,67,0,0
2017,mixed,Joe Pisapia,Yasmany Tomas,4952,Was,OF,5,dis,reserved,OF,0,0,0,0,0,0,0,0,0,0.0,0.0,0,0,0,0,0,0,42
2017,mixed,Joe Pisapia,Mitch Haniger,4480,FA,OF,2,dis,reserved,OF,161,50,39,22,9,23,2,38,6,0.339,0.565,0,0,0,0,0,0,96
2017,mixed,Joe Pisapia,Jed Lowrie,201,Oak,2B,3,act,previously_reserved,"UT,2B,MI",110,30,27,18,4,8,0,19,9,0.333,0.464,14,0,0,136,1,0,0
2017,mixed,Joe Pisapia,Didi Gregorius,3599,FA,SS,0,act,previously_reserved,"SS,MI",15,7,3,2,0,4,0,1,0,0.467,0.6,1,0,0,0,0,135,0
2017,mixed,Joe Pisapia,Tyler Naquin,4363,Cle,OF,0,rel,previously_reserved,,17,4,6,3,0,0,0,5,1,0.278,0.294,0,0,0,0,0,0,17
2017,mixed,Joe Pisapia,Ian Desmond,1671,Col,OF,9,act,previously_reserved,"OF,1B",5,1,1,0,0,0,0,2,0,0.2,0.2,0,0,27,0,0,1,67
2017,mixed,Joe Pisapia,Hunter Renfroe,4558,KC,OF,2,act,previously_reserved,OF,130,31,38,17,7,20,1,40,17,0.327,0.469,1,0,0,0,0,0,120
2017,mixed,Joe Pisapia,Jesus Aguilar,4118,FA,UT,0,act,previously_reserved,"1B,CI",170,50,80,26,9,34,0,56,14,0.358,0.553,3,0,77,0,1,0,0
2017,mixed,Joe Pisapia,Pablo Sandoval,2182,SF,UT,1,rel,previously_reserved,,57,15,17,6,3,8,0,11,5,0.317,0.439,2,0,9,1,67,0,0
2017,mixed,Scott Engel,Logan Morrison,2111,FA,1B,103,act,active,"1B,CI",241,59,70,29,14,29,1,75,36,0.35,0.452,17,0,126,0,0,0,0
2017,mixed,Scott Engel,Anthony Rizzo,3156,FA,2B,39,act,active,"1B,CI,2B",572,156,157,99,32,109,10,90,91,0.392,0.507,0,0,157,10,1,0,1
2017,mixed,Scott Engel,Trevor Story,4020,Bos,SS,27,act,active,"SS,MI",487,116,140,65,23,80,7,188,46,0.306,0.454,0,0,0,0,0,142,0
2017,mixed,Scott Engel,Marwin Gonzalez,3884,FA,3B,17,act,active,"OF,1B,3B,2B,SS,CI",393,121,113,57,17,74,7,85,42,0.38,0.519,0,0,31,22,19,38,48
2017,mixed,Scott Engel,Trey Mancini,5439,Ari,OF,87,act,active,"1B,OF",449,124,121,50,18,52,1,120,28,0.321,0.452,18,0,45,0,0,0,90
2017,mixed,Scott Engel,Avisail Garcia,3485,FA,OF,188,act,active,OF,365,118,96,49,11,50,2,76,24,0.374,0.485,4,0,0,0,0,0,132
2017,mixed,Scott Engel,Kevin Pillar,4578,Tex,OF,0,act,active,OF,268,63,74,27,7,19,4,45,13,0.274,0.366,0,0,0,0,0,0,153
2017,mixed,Scott Engel,Josh Reddick,2163,NYM,OF,1,act,active,OF,459,141,129,69,11,78,6,69,41,0.355,0.46,2,0,1,0,0,0,129
2017,mixed,Scott Engel,Starling Marte,2908,NYM,OF,35,act,active,OF,309,85,77,48,7,31,21,63,20,0.333,0.379,0,0,0,0,0,0,76
2017,mixed,Scott Engel,Kevin Plawecki,4517,SD,C,4,act,active,C,33,10,14,4,1,4,0,9,9,0.465,0.394,0,29,2,0,0,0,0
2017,mixed,Scott Engel,Tyler Flowers,2355,Atl,C,3,act,active,C,297,82,94,38,11,42,0,78,30,0.375,0.441,1,85,0,0,0,0,0
2017,mixed,Scott Engel,Mikie Mahtook,3666,CWS,UT,2,act,active,OF,101,25,29,17,3,9,4,21,13,0.345,0.436,2,0,0,0,0,0,105
2017,mixed,Scott Engel,Wil Myers,3153,FA,CI,25,act,active,"1B,CI",302,69,86,44,15,33,13,100,50,0.339,0.427,1,0,154,1,0,0,0
2017,mixed,Scott Engel,Whit Merrifield,4419,Atl,MI,8,act,active,"2B,OF,MI",375,109,88,55,13,49,27,58,16,0.324,0.469,0,0,1,132,1,0,16
2017,mixed,Scott Engel,Mitch Moreland,3033,Oak,1B,0,res,previously_active,"1B,CI",332,79,97,44,15,48,0,84,37,0.321,0.419,9,0,138,0,0,0,0
2017,mixed,Scott Engel,Matt Carpenter,3510,StL,2B,30,trd,previously_active,,246,58,70,39,14,40,1,63,51,0.372,0.467,2,0,120,13,16,0,0
2017,mixed,Scott Engel,Yolmer Sanchez,4299,LAA,2B,14,rel,previously_active,,24,5,7,3,0,2,1,7,1,0.24,0.333,7,0,0,78,52,4,1
2017,mixed,Scott Engel,Nick Ahmed,3807,Tex,SS,7,rel,previously_active,,34,9,10,3,0,3,1,10,0,0.265,0.353,0,0,0,0,0,48,0
2017,mixed,Scott Engel,Adam Engel,4816,FA,OF,0,rel,previously_active,,6,1,2,1,0,0,1,2,1,0.286,0.167,0,0,0,0,0,0,96
2017,mixed,Scott Engel,Jacob May,4848,CWS,OF,33,rel,previously_active,,21,0,8,1,0,2,0,8,1,0.087,0.0,0,0,0,0,0,0,15
2017,mixed,Scott Engel,Tommy Pham,5041,Pit,OF,34,rel,previously_active,,23,7,6,5,0,3,2,9,2,0.385,0.435,0,0,0,0,0,0,119
2017,mixed,Scott Engel,Colby Rasmus,1436,Bal,OF,7,rel,previously_active,,38,8,11,4,2,4,0,15,1,0.231,0.421,5,0,0,0,0,0,30
2017,mixed,Scott Engel,Travis Jankowski,4479,TB,OF,1,rel,previously_active,,50,8,17,7,0,0,2,21,7,0.263,0.18,0,0,0,0,0,0,24
2017,mixed,Scott Engel,Zack Granite,5881,CWS,OF,0,rel,previously_active,,4,0,2,0,0,0,0,0,0,0.0,0.0,2,0,0,0,0,0,32
2017,mixed,Scott Engel,Jarrod Dyson,2961,FA,OF,6,rel,previously_active,,331,83,106,54,5,28,27,54,28,0.326,0.353,1,0,0,0,0,0,108
2017,mixed,Scott Engel,Alex Avila,2369,FA,C,9,rel,previously_active,,15,3,5,1,0,4,0,8,3,0.333,0.2,8,78,19,0,0,0,0
2017,mixed,Scott Engel,Chris Herrmann,3487,Was,C,5,rel,previously_active,,15,3,9,3,0,2,0,1,1,0.25,0.2,0,45,5,0,0,0,24
2017,mixed,Scott Engel,Kevan Smith,4297,FA,C,1,res,previously_active,C,11,3,3,1,0,0,0,0,0,0.273,0.273,4,79,0,0,0,0,0
2017,mixed,Scott Engel,Manny Pina,2391,FA,C,44,rel,previously_active,,268,70,86,37,9,36,1,68,17,0.314,0.418,0,102,0,0,0,0,0
2017,mixed,Scott Engel,Jordy Mercer,3871,Was,UT,17,rel,previously_active,,61,18,18,9,2,9,0,12,7,0.368,0.541,0,0,0,0,0,144,0
2017,mixed,Scott Engel,Leury Garcia,4245,Atl,UT,21,dis,previously_active,OF,194,45,56,25,3,17,5,54,11,0.292,0.335,0,0,0,3,0,2,79
2017,mixed,Scott Engel,Maikel Franco,4021,FA,UT,14,rel,previously_active,,240,52,63,29,9,39,0,36,22,0.281,0.375,2,0,2,0,144,0,0
2017,mixed,Scott Engel,Matt Davidson,2700,FA,CI,13,rel,previously_active,,12,2,4,2,1,1,0,2,1,0.231,0.417,60,0,19,0,34,0,0
2017,mixed,Scott Engel,Taylor Motter,5200,StL,MI,39,rel,previously_active,,22,3,6,0,0,1,1,8,1,0.167,0.136,1,0,15,18,6,39,19
2017,mixed,Scott Engel,Jorge Polanco,4695,Sea,MI,1,rel,previously_active,,63,17,16,6,1,7,0,6,5,0.324,0.381,2,0,0,0,0,130,0
2017,mixed,Scott Engel,Ronald Torreyes,4056,FA,MI,19,rel,previously_active,,9,4,4,0,0,0,0,1,0,0.444,0.444,1,0,0,54,26,36,1
2017,mixed,Scott Engel,Steve Pearce,1196,Bos,MI,1,rel,previously_active,,43,7,16,2,1,4,0,13,3,0.213,0.256,2,0,10,0,0,0,85
2017,mixed,Scott Engel,Ryan Schimpf,4322,FA,MI,0,rel,previously_active,,85,11,28,11,6,10,0,38,19,0.29,0.341,1,0,0,0,50,0,0
2017,mixed,Scott Engel,Mitch Moreland,3033,Oak,1B,0,res,reserved,"1B,CI",176,46,52,29,7,31,0,36,20,0.337,0.489,9,0,138,0,0,0,0
2017,mixed,Scott Engel,Kevan Smith,4297,FA,C,1,res,reserved,C,40,12,12,3,1,5,0,4,1,0.317,0.4,4,79,0,0,0,0,0
2017,mixed,Scott Engel,Leury Garcia,4245,Atl,UT,21,dis,reserved,OF,48,18,11,9,4,10,1,8,1,0.4,0.687,0,0,0,3,0,2,79
2017,mixed,Scott Engel,Logan Morrison,2111,FA,1B,103,act,previously_reserved,"1B,CI",20,4,5,3,2,2,0,5,3,0.304,0.55,17,0,126,0,0,0,0
2017,mixed,Scott Engel,Yolmer Sanchez,4299,LAA,2B,14,rel,previously_reserved,,124,28,38,18,2,10,1,27,14,0.314,0.363,7,0,0,78,52,4,1
2017,mixed,Scott Engel,Trevor Story,4020,Bos,SS,27,act,previously_reserved,"SS,MI",16,4,5,3,1,2,0,3,3,0.368,0.562,0,0,0,0,0,142,0
2017,mixed,Scott Engel,Marwin Gonzalez,3884,FA,3B,17,act,previously_reserved,"OF,1B,3B,2B,SS,CI",34,11,11,6,3,10,0,6,3,0.378,0.647,0,0,31,22,19,38,48
2017,mixed,Scott Engel,Kevin Pillar,4578,Tex,OF,0,act,previously_reserved,OF,23,10,7,2,0,4,0,3,0,0.435,0.609,0,0,0,0,0,0,153
2017,mixed,Scott Engel,Jarrod Dyson,2961,FA,OF,6,rel,previously_reserved,,15,4,5,2,0,2,1,1,0,0.267,0.267,1,0,0,0,0,0,108
2017,mixed,Scott Engel,Trey Mancini,5439,Ari,OF,87,act,previously_reserved,"1B,OF",72,27,19,10,2,17,0,13,3,0.418,0.569,18,0,45,0,0,0,90
2017,mixed,Scott Engel,Avisail Garcia,3485,FA,OF,188,act,previously_reserved,OF,44,15,11,8,2,6,3,10,3,0.396,0.568,4,0,0,0,0,0,132
2017,mixed,Scott Engel,JaCoby Jones,4996,FA,OF,0,rel,previously_reserved,,40,6,16,4,1,4,1,19,4,0.244,0.3,0,0,0,0,0,0,51
2017,mixed,Scott Engel,Tommy Pham,5041,Pit,OF,34,rel,previously_reserved,,31,9,10,4,2,6,0,7,4,0.351,0.484,0,0,0,0,0,0,119
2017,mixed,Scott Engel,Colby Rasmus,1436,Bal,OF,7,rel,previously_reserved,,54,18,17,6,4,11,1,19,1,0.339,0.63,5,0,0,0,0,0,30
2017,mixed,Scott Engel,Josh Reddick,2163,NYM,OF,1,act,previously_reserved,OF,18,9,5,8,2,4,1,3,2,0.55,1.11,2,0,1,0,0,0,129
2017,mixed,Scott Engel,Jurickson Profar,3198,Atl,OF,1,rel,previously_reserved,,37,5,15,5,0,3,0,8,8,0.289,0.135,0,0,2,1,3,4,12
2017,mixed,Scott Engel,Adam Engel,4816,FA,OF,0,rel,previously_reserved,,14,2,4,1,0,3,0,6,0,0.143,0.286,0,0,0,0,0,0,96
2017,mixed,Scott Engel,Manny Pina,2391,FA,C,44,rel,previously_reserved,,12,2,3,0,0,1,0,3,0,0.167,0.167,0,102,0,0,0,0,0
2017,mixed,Scott Engel,Tyler Flowers,2355,Atl,C,3,act,previously_reserved,C,20,7,5,3,1,7,0,4,1,0.435,0.5,1,85,0,0,0,0,0
2017,mixed,Scott Engel,Maikel Franco,4021,FA,UT,14,rel,previously_reserved,,264,60,69,25,9,23,0,48,16,0.273,0.398,2,0,2,0,144,0,0
2017,mixed,Scott Engel,Jordy Mercer,3871,Was,UT,17,rel,previously_reserved,,111,21,33,9,4,14,0,21,10,0.252,0.342,0,0,0,0,0,144,0
2017,mixed,Scott Engel,Mikie Mahtook,3666,CWS,UT,2,act,previously_reserved,OF,80,23,21,14,3,8,1,18,5,0.348,0.462,2,0,0,0,0,0,105
2017,mixed,Scott Engel,Wil Myers,3153,FA,CI,25,act,previously_reserved,"1B,CI",65,16,18,9,4,12,2,18,5,0.311,0.508,1,0,154,1,0,0,0
2017,mixed,Scott Engel,Matt Davidson,2700,FA,CI,13,rel,previously_reserved,,17,2,5,1,1,2,0,8,2,0.211,0.294,60,0,19,0,34,0,0
2017,mixed,Scott Engel,Steve Pearce,1196,Bos,MI,1,rel,previously_reserved,,61,19,18,10,4,12,0,14,4,0.373,0.574,2,0,10,0,0,0,85
2017,mixed,Scott Engel,Jorge Polanco,4695,Sea,MI,1,rel,previously_reserved,,116,28,30,14,1,13,2,17,9,0.287,0.345,2,0,0,0,0,130,0
2017,mixed,Scott Engel,Ryan Schimpf,4322,FA,MI,0,rel,previously_reserved,,80,15,25,13,8,15,0,32,8,0.278,0.512,1,0,0,0,50,0,0
2017,mixed,Scott Engel,Taylor Motter,5200,StL,MI,39,rel,previously_reserved,,38,8,13,5,1,2,2,10,2,0.25,0.316,1,0,15,18,6,39,19
2017,mixed,Scott Swanay,Rhys Hoskins,5321,Mil,1B,35,act,active,"1B,OF",157,43,46,36,18,47,2,42,34,0.408,0.662,0,0,27,0,0,0,30
2017,mixed,Scott Swanay,Ian Kinsler,1520,SD,2B,16,act,active,"2B,MI",527,122,133,85,22,51,13,83,53,0.309,0.412,3,0,0,135,0,0,0
2017,mixed,Scott Swanay,Chris Taylor,4604,LAA,SS,28,act,active,"OF,3B,2B,CI,SS",430,120,111,69,16,56,17,119,33,0.334,0.479,0,0,0,22,8,14,96
2017,mixed,Scott Swanay,Adrian Beltre,1355,Tex,3B,0,act,active,"3B,CI",302,94,83,45,16,63,1,47,36,0.387,0.536,28,0,0,0,65,0,0
2017,mixed,Scott Swanay,Brandon Nimmo,3778,NYM,OF,21,act,active,OF,67,15,18,8,2,7,0,25,9,0.316,0.433,1,0,0,0,0,0,50
2017,mixed,Scott Swanay,Scott Schebler,4627,Col,OF,44,act,active,OF,447,101,132,55,28,63,5,121,36,0.298,0.47,0,0,0,0,0,0,133
2017,mixed,Scott Swanay,Andrew Benintendi,5386,CWS,OF,20,act,active,OF,551,145,146,79,17,81,18,109,69,0.348,0.405,0,0,0,0,0,0,149
2017,mixed,Scott Swanay,A.J. Pollock,2837,FA,OF,26,act,active,OF,409,110,106,72,13,48,18,67,33,0.333,0.472,1,0,0,0,0,0,109
2017,mixed,Scott Swanay,Tommy Pham,5041,Pit,OF,133,act,active,OF,132,38,40,30,7,20,8,28,29,0.427,0.515,0,0,0,0,0,0,119
2017,mixed,Scott Swanay,Yadier Molina,1404,StL,C,4,act,active,C,501,137,136,60,18,82,9,74,28,0.312,0.439,0,133,1,0,0,0,0
2017,mixed,Scott Swanay,Kurt Suzuki,1063,FA,C,5,act,active,C,111,35,30,16,7,17,0,14,5,0.372,0.559,0,77,0,0,0,0,0
2017,mixed,Scott Swanay,Corey Dickerson,3661,FA,UT,2,act,active,OF,549,153,139,78,25,57,4,141,33,0.322,0.485,55,0,0,0,0,0,93
2017,mixed,Scott Swanay,David Freese,1432,LAD,CI,24,act,active,"1B,3B,CI",107,29,31,8,1,11,0,31,9,0.345,0.336,3,0,3,0,116,0,0
2017,mixed,Scott Swanay,Dansby Swanson,5276,ChC,MI,15,act,active,"SS,MI",339,78,99,43,6,41,2,86,45,0.317,0.339,0,0,0,0,0,142,0
2017,mixed,Scott Swanay,Brandon Belt,3336,FA,1B,18,rel,previously_active,,382,92,104,63,18,51,3,104,66,0.355,0.469,0,0,98,0,0,0,15
2017,mixed,Scott Swanay,Eric Thames,2895,Oak,1B,9,trd,previously_active,,259,63,75,53,21,41,2,84,49,0.372,0.548,2,0,108,0,0,0,29
2017,mixed,Scott Swanay,Eduardo Escobar,3138,Tor,SS,0,rel,previously_active,,12,0,4,1,0,0,0,2,2,0.2,0.0,20,1,0,9,79,16,2
2017,mixed,Scott Swanay,Troy Tulowitzki,461,NYY,SS,14,rel,previously_active,,239,59,65,15,7,26,0,40,15,0.293,0.377,0,0,0,0,0,64,0
2017,mixed,Scott Swanay,Daniel Descalso,2899,FA,SS,7,rel,previously_active,,16,1,6,0,0,1,0,5,2,0.167,0.062,1,0,19,45,15,1,36
2017,mixed,Scott Swanay,Adam Rosales,2178,Cle,SS,2,rel,previously_active,,22,2,7,0,0,1,0,12,1,0.13,0.091,1,0,6,11,15,65,1
2017,mixed,Scott Swanay,Jordy Mercer,3871,Was,SS,3,rel,previously_active,,61,12,19,5,1,4,0,11,11,0.319,0.279,0,0,0,0,0,144,0
2017,mixed,Scott Swanay,Derek Dietrich,3699,FA,3B,34,res,previously_active,"2B,1B,MI,CI,3B,OF",47,9,15,5,4,9,0,10,3,0.255,0.447,0,0,10,10,103,0,5
2017,mixed,Scott Swanay,Joc Pederson,4090,Tex,OF,20,rel,previously_active,,180,33,65,26,7,23,1,47,20,0.285,0.361,0,0,0,0,0,0,96
2017,mixed,Scott Swanay,Ezequiel Carrera,2982,FA,OF,14,rel,previously_active,,21,2,6,2,0,1,0,2,6,0.296,0.095,1,0,0,0,0,0,121
2017,mixed,Scott Swanay,Eric Young Jr.,2059,FA,OF,35,rel,previously_active,,58,14,21,11,2,9,6,17,3,0.323,0.379,3,0,0,0,0,0,34
2017,mixed,Scott Swanay,Jason Castro,2343,Hou,C,1,rel,previously_active,,83,19,26,10,0,6,0,27,9,0.312,0.337,0,108,0,0,0,0,0
2017,mixed,Scott Swanay,Cameron Rupp,4651,Cle,C,3,trd,previously_active,,157,32,46,17,5,14,1,60,20,0.296,0.35,0,88,0,0,0,0,0
2017,mixed,Scott Swanay,Luis Valbuena,2200,FA,UT,13,rel,previously_active,,74,17,24,9,3,11,0,20,12,0.337,0.378,3,0,48,0,59,0,0
2017,mixed,Scott Swanay,Adam Duvall,4413,Atl,UT,4,res,previously_active,OF,544,134,142,74,31,94,5,156,32,0.293,0.489,2,0,3,0,0,0,151
2017,mixed,Scott Swanay,Jose Alb Martinez,5460,NYM,UT,45,res,previously_active,"OF,1B",35,11,9,3,0,6,2,6,5,0.4,0.343,3,0,33,0,0,0,40
2017,mixed,Scott Swanay,Hyun-soo Kim,5533,FA,UT,25,rel,previously_active,,9,3,3,0,0,1,0,1,0,0.333,0.333,2,0,0,0,0,0,65
2017,mixed,Scott Swanay,Miguel Sano,3148,FA,CI,19,dis,previously_active,"3B,OF,1B,CI",386,103,105,70,27,74,0,155,53,0.36,0.523,25,0,9,0,82,0,0
2017,mixed,Scott Swanay,Mark Canha,4430,KC,CI,2,rel,previously_active,,37,5,13,0,0,0,0,18,3,0.22,0.189,2,0,3,0,0,0,53
2017,mixed,Scott Swanay,Derek Dietrich,3699,FA,3B,34,res,reserved,"2B,1B,MI,CI,3B,OF",22,8,8,7,1,5,0,8,5,0.483,0.636,0,0,10,10,103,0,5
2017,mixed,Scott Swanay,Adam Duvall,4413,Atl,UT,4,res,reserved,OF,43,12,15,4,0,5,0,14,7,0.389,0.372,2,0,3,0,0,0,151
2017,mixed,Scott Swanay,Jose Alb Martinez,5460,NYM,UT,45,res,reserved,"OF,1B",16,5,6,1,1,4,0,5,3,0.421,0.562,3,0,33,0,0,0,40
2017,mixed,Scott Swanay,Miguel Sano,3148,FA,CI,19,dis,reserved,"3B,OF,1B,CI",38,9,9,5,1,3,0,18,1,0.256,0.342,25,0,9,0,82,0,0
2017,mixed,Scott Swanay,Rhys Hoskins,5321,Mil,1B,35,act,previously_reserved,"1B,OF",13,1,4,1,0,1,0,4,3,0.25,0.077,0,0,27,0,0,0,30
2017,mixed,Scott Swanay,Ian Kinsler,1520,SD,2B,16,act,previously_reserved,"2B,MI",24,8,6,5,0,1,1,3,2,0.407,0.417,3,0,0,135,0,0,0
2017,mixed,Scott Swanay,Eduardo Escobar,3138,Tor,SS,0,rel,previously_reserved,,126,33,32,21,9,26,1,34,9,0.307,0.563,20,1,0,9,79,16,2
2017,mixed,Scott Swanay,Troy Tulowitzki,461,NYY,SS,14,rel,previously_reserved,,2,1,1,1,0,0,0,0,2,0.75,0.5,0,0,0,0,0,64,0
2017,mixed,Scott Swanay,Adrian Beltre,1355,Tex,3B,0,act,previously_reserved,"3B,CI",23,9,6,2,1,5,0,3,3,0.444,0.652,28,0,0,0,65,0,0
2017,mixed,Scott Swanay,Tommy Pham,5041,Pit,OF,133,act,previously_reserved,OF,22,7,6,7,2,5,2,7,4,0.444,0.727,0,0,0,0,0,0,119
2017,mixed,Scott Swanay,A.J. Pollock,2837,FA,OF,26,act,previously_reserved,OF,16,3,6,1,1,1,2,4,2,0.278,0.437,1,0,0,0,0,0,109
2017,mixed,Scott Swanay,Andrew Benintendi,5386,CWS,OF,20,act,previously_reserved,OF,22,10,5,5,3,9,2,3,1,0.458,0.909,0,0,0,0,0,0,149
2017,mixed,Scott Swanay,Scott Schebler,4627,Col,OF,44,act,previously_reserved,OF,26,9,9,8,2,4,0,4,3,0.452,0.731,0,0,0,0,0,0,133
2017,mixed,Scott Swanay,Eric Young Jr.,2059,FA,OF,35,rel,previously_reserved,,15,3,6,1,0,0,0,6,0,0.2,0.2,3,0,0,0,0,0,34
2017,mixed,Scott Swanay,Joc Pederson,4090,Tex,OF,20,rel,previously_reserved,,81,22,27,18,4,10,2,17,16,0.416,0.506,0,0,0,0,0,0,96
2017,mixed,Scott Swanay,Luis Valbuena,2200,FA,UT,13,rel,previously_reserved,,32,2,10,2,0,2,0,10,6,0.211,0.062,3,0,48,0,59,0,0
2017,mixed,Scott Swanay,Corey Dickerson,3661,FA,UT,2,act,previously_reserved,OF,39,13,11,6,2,5,0,11,2,0.366,0.564,55,0,0,0,0,0,93
2017,mixed,Scott Swanay,Hyun-soo Kim,5533,FA,UT,25,rel,previously_reserved,,8,2,3,1,0,0,0,0,0,0.25,0.375,2,0,0,0,0,0,65
2017,mixed,Scott Swanay,David Freese,1432,LAD,CI,24,act,previously_reserved,"1B,3B,CI",39,8,10,1,1,5,0,17,1,0.238,0.333,3,0,3,0,116,0,0
2017,mixed,Scott Swanay,Mark Canha,4430,KC,CI,2,rel,previously_reserved,,12,1,4,0,0,0,0,4,0,0.154,0.167,2,0,3,0,0,0,53
2017,mixed,Scott Swanay,Dansby Swanson,5276,ChC,MI,15,act,previously_reserved,"SS,MI",149,35,45,16,0,10,1,34,14,0.301,0.289,0,0,0,0,0,142,0
2017,mixed,Tim Heaney,Justin Smoak,2117,FA,1B,0,act,active,"1B,CI",459,122,126,74,32,70,0,104,65,0.359,0.527,2,0,151,0,0,0,0
2017,mixed,Tim Heaney,Neil Walker,1221,Phi,2B,5,act,active,"1B,2B,MI",321,87,91,49,12,45,0,59,52,0.376,0.455,0,0,17,95,4,0,0
2017,mixed,Tim Heaney,Tim Anderson,4591,LAA,SS,7,act,active,"SS,MI",218,53,55,26,5,19,8,63,5,0.265,0.349,0,0,0,0,0,145,0
2017,mixed,Tim Heaney,Todd Frazier,1979,Pit,3B,21,act,active,"UT,3B,CI",474,101,147,74,27,76,4,125,83,0.344,0.428,12,0,4,0,133,0,0
2017,mixed,Tim Heaney,Trea Turner,4555,Phi,OF,34,act,active,"SS,2B,MI,OF",412,117,98,75,11,45,46,80,30,0.338,0.451,0,0,0,0,0,95,0
2017,mixed,Tim Heaney,Scooter Gennett,3277,FA,OF,5,act,active,"2B,3B,MI,OF",307,86,85,53,17,61,2,77,22,0.332,0.489,3,0,0,99,10,0,15
2017,mixed,Tim Heaney,Lorenzo Cain,2002,Mil,OF,14,act,active,OF,584,175,155,86,15,49,26,100,54,0.363,0.44,3,0,0,0,0,0,151
2017,mixed,Tim Heaney,Manuel Margot,4858,Det,OF,4,act,active,OF,464,118,120,47,12,35,13,101,32,0.303,0.394,0,0,0,0,0,0,123
2017,mixed,Tim Heaney,Matt Kemp,799,FA,OF,18,act,active,OF,438,121,115,47,19,64,0,99,27,0.318,0.463,5,0,0,0,0,0,103
2017,mixed,Tim Heaney,Russell Martin,787,LAD,C,15,act,active,"C,3B",289,64,86,48,13,34,1,80,49,0.348,0.391,0,83,0,0,10,0,0
2017,mixed,Tim Heaney,Mike Zunino,4012,FA,C,16,act,active,C,263,67,86,38,21,44,1,108,31,0.344,0.551,2,120,0,0,0,0,0
2017,mixed,Tim Heaney,Orlando Arcia,4503,Atl,UT,1,act,active,"SS,MI",458,124,139,50,15,48,12,93,32,0.318,0.408,0,0,0,0,0,152,0
2017,mixed,Tim Heaney,Hanley Ramirez,566,Bos,CI,24,act,active,"1B,CI",474,114,125,56,22,57,1,109,50,0.321,0.426,108,0,18,0,0,0,0
2017,mixed,Tim Heaney,Brad Miller,4310,SD,MI,11,act,active,"1B,2B,SS,MI,CI",124,25,41,12,4,18,1,38,18,0.297,0.355,10,0,0,98,0,0,0
2017,mixed,Tim Heaney,Wilmer Flores,2527,SF,2B,76,rel,previously_active,,70,13,22,7,5,15,0,13,4,0.247,0.429,1,0,29,12,55,0,0
2017,mixed,Tim Heaney,Jarrett Parker,3715,NYM,OF,0,rel,previously_active,,24,5,6,0,0,1,1,9,1,0.24,0.292,1,0,0,0,0,0,47
2017,mixed,Tim Heaney,Ben Revere,2085,FA,OF,12,rel,previously_active,,27,4,8,3,0,2,1,1,0,0.148,0.148,3,0,0,0,0,0,82
2017,mixed,Tim Heaney,Franchy Cordero,4877,FA,OF,4,rel,previously_active,,18,0,6,0,0,0,0,12,0,0.0,0.0,0,0,0,0,0,0,26
2017,mixed,Tim Heaney,Avisail Garcia,3485,FA,OF,188,trd,previously_active,,66,18,18,11,3,14,0,15,3,0.314,0.47,4,0,0,0,0,0,132
2017,mixed,Tim Heaney,Leonys Martin,3737,FA,OF,46,rel,previously_active,,44,9,12,3,1,6,1,8,1,0.222,0.341,0,0,0,0,0,0,42
2017,mixed,Tim Heaney,Chris Herrmann,3487,Was,OF,13,rel,previously_active,,66,9,30,6,4,7,1,21,12,0.269,0.348,0,45,5,0,0,0,24
2017,mixed,Tim Heaney,Jacoby Ellsbury,186,FA,OF,1,rel,previously_active,,168,42,52,24,4,15,11,32,16,0.326,0.375,8,0,0,0,0,0,97
2017,mixed,Tim Heaney,Hunter Pence,639,SF,OF,8,trd,previously_active,,118,30,32,12,2,13,0,25,9,0.305,0.339,1,0,0,0,0,0,125
2017,mixed,Tim Heaney,Curtis Granderson,517,Mia,OF,11,rel,previously_active,,181,49,57,27,10,30,3,52,29,0.369,0.547,3,0,0,0,0,0,122
2017,mixed,Tim Heaney,Carlos Beltran,956,Hou,OF,1,res,previously_active,OF,264,61,74,36,9,34,0,55,23,0.29,0.394,107,0,0,0,0,0,14
2017,mixed,Tim Heaney,Tucker Barnhart,3911,Tex,C,6,rel,previously_active,,51,14,15,5,0,3,0,10,4,0.327,0.333,0,110,0,0,0,0,0
2017,mixed,Tim Heaney,Yan Gomes,3945,FA,C,0,rel,previously_active,,76,18,20,11,4,17,0,28,2,0.266,0.408,0,103,0,0,0,0,0
2017,mixed,Tim Heaney,Miguel Montero,25,Was,C,13,rel,previously_active,,3,0,2,2,0,0,0,1,2,0.4,0.0,3,56,1,0,0,0,0
2017,mixed,Tim Heaney,Adrian Gonzalez,1250,NYM,UT,128,trd,previously_active,,46,12,13,2,1,6,0,7,2,0.28,0.413,0,0,60,0,0,0,0
2017,mixed,Tim Heaney,Chris Carter,2028,FA,UT,0,rel,previously_active,,11,2,5,1,0,1,0,8,3,0.4,0.273,1,0,56,0,0,0,2
2017,mixed,Tim Heaney,Yonder Alonso,2142,SD,CI,11,res,previously_active,"1B,CI",297,64,93,40,11,28,0,86,49,0.329,0.37,1,0,135,0,0,0,0
2017,mixed,Tim Heaney,Logan Morrison,2111,FA,CI,22,rel,previously_active,,17,4,6,4,1,2,0,5,6,0.435,0.471,17,0,126,0,0,0,0
2017,mixed,Tim Heaney,C.J. Cron,3696,FA,CI,1,rel,previously_active,,53,11,15,4,0,2,0,11,2,0.259,0.226,0,0,98,0,0,0,0
2017,mixed,Tim Heaney,Luke Voit,6139,NYM,CI,0,rel,previously_active,,5,1,3,1,0,0,0,1,1,0.333,0.2,1,0,31,0,0,0,0
2017,mixed,Tim Heaney,Pat Valaika,5853,FA,MI,11,rel,previously_active,,12,2,5,2,1,1,0,5,0,0.167,0.417,2,0,5,8,19,22,5
2017,mixed,Tim Heaney,Matt Duffy,4893,Tex,3B,0,dis,reserved,"3B,CI,MI,SS",0,0,0,0,0,0,0,0,0,0.0,0.0,0,0,0,0,0,0,0
2017,mixed,Tim Heaney,Carlos Beltran,956,Hou,OF,1,res,reserved,OF,38,8,11,3,0,2,0,6,1,0.231,0.263,107,0,0,0,0,0,14
2017,mixed,Tim Heaney,Yonder Alonso,2142,SD,CI,11,res,reserved,"1B,CI",136,49,43,28,16,34,2,29,16,0.431,0.772,1,0,135,0,0,0,0
2017,mixed,Tim Heaney,Justin Smoak,2117,FA,1B,0,act,previously_reserved,"1B,CI",24,8,7,4,2,8,0,5,4,0.429,0.625,2,0,151,0,0,0,0
2017,mixed,Tim Heaney,Wilmer Flores,2527,SF,2B,76,rel,previously_reserved,,19,7,6,2,2,5,0,4,0,0.368,0.737,1,0,29,12,55,0,0
2017,mixed,Tim Heaney,Neil Walker,1221,Phi,2B,5,act,previously_reserved,"1B,2B,MI",64,15,20,10,2,4,0,18,3,0.29,0.359,0,0,17,95,4,0,0
2017,mixed,Tim Heaney,Tim Anderson,4591,LAA,SS,7,act,previously_reserved,"SS,MI",170,46,43,20,6,20,4,48,3,0.283,0.476,0,0,0,0,0,145,0
2017,mixed,Tim Heaney,Jarrett Parker,3715,NYM,OF,0,rel,previously_reserved,,34,9,12,4,1,9,0,15,2,0.306,0.5,1,0,0,0,0,0,47
2017,mixed,Tim Heaney,Ben Revere,2085,FA,OF,12,rel,previously_reserved,,6,1,3,0,0,1,0,1,0,0.143,0.167,3,0,0,0,0,0,82
2017,mixed,Tim Heaney,Chris Herrmann,3487,Was,OF,13,rel,previously_reserved,,49,11,21,8,2,10,0,14,5,0.291,0.408,0,45,5,0,0,0,24
2017,mixed,Tim Heaney,Manuel Margot,4858,Det,OF,4,act,previously_reserved,OF,23,10,6,6,1,4,4,5,3,0.5,0.696,0,0,0,0,0,0,123
2017,mixed,Tim Heaney,Hunter Pence,639,SF,OF,8,trd,previously_reserved,,18,3,5,2,1,3,0,6,0,0.167,0.333,1,0,0,0,0,0,125
2017,mixed,Tim Heaney,Franchy Cordero,4877,FA,OF,4,rel,previously_reserved,,1,0,1,0,0,0,0,1,0,0.0,0.0,0,0,0,0,0,0,26
2017,mixed,Tim Heaney,Leonys Martin,3737,FA,OF,46,rel,previously_reserved,,13,3,6,3,1,1,1,5,1,0.333,0.462,0,0,0,0,0,0,42
2017,mixed,Tim Heaney,Jacoby Ellsbury,186,FA,OF,1,rel,previously_reserved,,35,8,9,9,0,3,2,7,4,0.308,0.286,8,0,0,0,0,0,97
2017,mixed,Tim Heaney,Curtis Granderson,517,Mia,OF,11,rel,previously_reserved,,129,21,46,24,5,12,1,29,21,0.285,0.333,3,0,0,0,0,0,122
2017,mixed,Tim Heaney,Scooter Gennett,3277,FA,OF,5,act,previously_reserved,"2B,3B,MI,OF",26,11,6,7,3,5,0,4,3,0.483,0.885,3,0,0,99,10,0,15
2017,mixed,Tim Heaney,Russell Martin,787,LAD,C,15,act,previously_reserved,"C,3B",18,4,5,1,0,1,0,3,1,0.263,0.333,0,83,0,0,10,0,0
2017,mixed,Tim Heaney,Tom Murphy,4629,SF,C,1,trd,previously_reserved,,6,0,2,0,0,0,0,3,1,0.143,0.0,0,8,0,0,0,0,0
2017,mixed,Tim Heaney,Mike Zunino,4012,FA,C,16,act,previously_reserved,C,13,6,3,3,2,6,0,3,0,0.5,1.0,2,120,0,0,0,0,0
2017,mixed,Tim Heaney,Orlando Arcia,4503,Atl,UT,1,act,previously_reserved,"SS,MI",48,16,14,6,0,5,2,7,4,0.377,0.396,0,0,0,0,0,152,0
2017,mixed,Tim Heaney,Chris Carter,2028,FA,UT,0,rel,previously_reserved,,72,15,24,9,2,10,0,29,6,0.275,0.333,1,0,56,0,0,0,2
2017,mixed,Tim Heaney,Hanley Ramirez,566,Bos,CI,24,act,previously_reserved,"1B,CI",22,6,8,2,1,5,0,7,1,0.304,0.5,108,0,18,0,0,0,0
2017,mixed,Tim Heaney,C.J. Cron,3696,FA,CI,1,rel,previously_reserved,,65,14,19,6,2,12,1,18,5,0.271,0.354,0,0,98,0,0,0,0
2017,mixed,Tim Heaney,Brad Miller,4310,SD,MI,11,act,previously_reserved,"1B,2B,SS,MI,CI",82,16,30,10,3,8,1,27,15,0.333,0.341,10,0,0,98,0,0,0
2017,mixed,Brent Hershey,Edwin Encarnacion,339,FA,1B,35,act,active,"1B,CI",554,143,157,96,38,107,2,133,104,0.377,0.504,132,0,23,0,0,0,0
2017,mixed,Brent Hershey,D.J. LeMahieu,3275,NYY,2B,20,act,active,"2B,MI",296,88,77,40,4,25,3,49,29,0.368,0.412,0,0,0,153,0,0,0
2017,mixed,Brent Hershey,Addison Russell,4162,FA,SS,13,act,active,"SS,MI",333,79,102,49,11,42,2,86,25,0.298,0.417,0,0,0,0,0,101,0
2017,mixed,Brent Hershey,Alex Bregman,4907,Bos,3B,21,act,active,"3B,CI,SS",556,158,155,88,19,71,17,97,55,0.352,0.475,2,0,0,4,132,30,0
2017,mixed,Brent Hershey,Harrison Bader,5366,Min,OF,12,act,active,OF,11,1,6,0,0,1,0,6,1,0.167,0.091,0,0,0,0,0,0,27
2017,mixed,Brent Hershey,Max Kepler,3195,Phi,OF,3,act,active,OF,511,124,147,67,19,69,6,114,47,0.312,0.425,1,0,0,0,0,0,143
2017,mixed,Brent Hershey,Jorge Bonifacio,4469,KC,OF,51,act,active,OF,360,91,106,54,16,38,1,113,33,0.318,0.433,8,0,0,0,0,0,102
2017,mixed,Brent Hershey,Jacoby Ellsbury,186,FA,OF,51,act,active,OF,136,40,45,30,3,18,7,22,19,0.385,0.471,8,0,0,0,0,0,97
2017,mixed,Brent Hershey,Aaron Judge,4601,NYY,OF,0,act,active,OF,538,153,154,128,52,113,9,207,127,0.423,0.628,10,0,0,0,0,0,141
2017,mixed,Brent Hershey,Miguel Montero,25,Was,C,4,act,active,C,71,12,32,7,1,5,0,20,13,0.318,0.254,3,56,1,0,0,0,0
2017,mixed,Brent Hershey,Yasmani Grandal,3311,Bos,C,19,act,active,C,438,108,129,50,22,58,0,130,40,0.308,0.459,0,117,0,0,0,0,0
2017,mixed,Brent Hershey,Dexter Fowler,484,Tor,UT,22,act,active,OF,403,104,113,60,16,58,6,97,57,0.353,0.464,1,0,0,0,0,0,109
2017,mixed,Brent Hershey,Asdrubal Cabrera,400,Cin,CI,3,act,active,"3B,SS,MI,2B",450,124,128,61,14,57,3,80,47,0.347,0.433,1,0,0,32,44,45,0
2017,mixed,Brent Hershey,Joe Panik,3800,Mia,MI,55,act,active,"2B,MI",201,64,55,25,5,27,0,15,18,0.372,0.463,0,0,0,137,0,0,0
2017,mixed,Brent Hershey,Joe Mauer,889,Min,1B,0,rel,previously_active,,17,4,4,1,0,2,0,1,1,0.278,0.353,13,0,125,0,0,0,0
2017,mixed,Brent Hershey,Jonathan Schoop,4005,FA,2B,3,trd,previously_active,,346,111,88,58,23,77,1,87,21,0.364,0.572,0,0,0,159,0,5,0
2017,mixed,Brent Hershey,Franklin Barreto,4834,Bal,SS,0,res,previously_active,"2B,SS",49,8,18,6,1,3,2,23,4,0.226,0.306,2,0,0,10,0,11,0
2017,mixed,Brent Hershey,Jorge Soler,3918,LAA,OF,1,trd,previously_active,,16,3,5,2,0,0,0,5,3,0.316,0.25,11,0,0,0,0,0,22
2017,mixed,Brent Hershey,Lonnie Chisenhall,2627,FA,OF,37,rel,previously_active,,35,9,12,3,0,6,1,7,3,0.308,0.371,0,0,7,0,0,0,75
2017,mixed,Brent Hershey,Kike Hernandez,4992,LAD,OF,21,rel,previously_active,,6,0,4,0,0,0,0,3,3,0.333,0.0,1,0,3,9,14,24,73
2017,mixed,Brent Hershey,Bradley Zimmer,4122,FA,OF,187,rel,previously_active,,284,68,96,39,7,36,17,91,23,0.303,0.377,0,0,0,0,0,0,97
2017,mixed,Brent Hershey,Byron Buxton,4014,Min,OF,10,trd,previously_active,,73,11,21,5,1,3,1,32,2,0.184,0.26,0,0,0,0,0,0,137
2017,mixed,Brent Hershey,Adam Eaton,3588,FA,OF,15,rel,previously_active,,91,27,23,24,2,13,3,18,14,0.393,0.462,0,0,0,0,0,0,23
2017,mixed,Brent Hershey,Martin Maldonado,2347,SD,C,1,rel,previously_active,,44,12,13,6,1,5,0,7,0,0.319,0.364,0,137,1,0,0,0,0
2017,mixed,Brent Hershey,Mike Zunino,4012,FA,C,3,rel,previously_active,,85,12,28,8,0,2,0,38,7,0.223,0.2,2,120,0,0,0,0,0
2017,mixed,Brent Hershey,Austin Barnes,4739,LAD,C,3,res,previously_active,"C,2B",53,16,26,9,2,11,0,9,9,0.422,0.472,1,55,0,21,1,0,0
2017,mixed,Brent Hershey,Chase Headley,1252,FA,UT,5,rel,previously_active,,8,4,3,1,0,2,0,3,3,0.583,0.625,14,0,45,1,86,0,0
2017,mixed,Brent Hershey,Victor Martinez,394,Det,UT,3,rel,previously_active,,213,47,58,17,5,24,0,34,19,0.292,0.329,104,0,0,0,0,0,0
2017,mixed,Brent Hershey,Miguel Cabrera,509,Det,CI,36,res,previously_active,"1B,CI",416,103,115,44,13,55,0,99,52,0.333,0.392,14,0,115,0,0,0,0
2017,mixed,Brent Hershey,Christian Arroyo,4872,Phi,MI,79,rel,previously_active,,89,16,24,7,1,10,1,22,8,0.245,0.258,0,0,0,2,22,10,0
2017,mixed,Brent Hershey,Franklin Barreto,4834,Bal,SS,0,res,reserved,"2B,SS",12,2,5,1,0,1,0,7,1,0.231,0.25,2,0,0,10,0,11,0
2017,mixed,Brent Hershey,Austin Barnes,4739,LAD,C,3,res,reserved,"C,2B",65,18,33,6,2,9,0,13,12,0.405,0.431,1,55,0,21,1,0,0
2017,mixed,Brent Hershey,Miguel Cabrera,509,Det,CI,36,res,reserved,"1B,CI",53,14,15,6,3,5,0,11,2,0.291,0.453,14,0,115,0,0,0,0
2017,mixed,Brent Hershey,Joe Mauer,889,Min,1B,0,rel,previously_reserved,,79,19,23,12,2,10,0,8,7,0.31,0.342,13,0,125,0,0,0,0
2017,mixed,Brent Hershey,Addison Russell,4162,FA,SS,13,act,previously_reserved,"SS,MI",19,5,8,3,1,1,0,5,4,0.391,0.421,0,0,0,0,0,101,0
2017,mixed,Brent Hershey,Byron Buxton,4014,Min,OF,10,trd,previously_reserved,,25,6,10,5,0,1,2,6,7,0.406,0.24,0,0,0,0,0,0,137
2017,mixed,Brent Hershey,Harrison Bader,5366,Min,OF,12,act,previously_reserved,OF,53,13,20,9,3,9,2,9,2,0.281,0.434,0,0,0,0,0,0,27
2017,mixed,Brent Hershey,Aaron Judge,4601,NYY,OF,0,act,previously_reserved,OF,4,1,1,0,0,1,0,1,0,0.25,0.5,10,0,0,0,0,0,141
2017,mixed,Brent Hershey,Jorge Soler,3918,LAA,OF,1,trd,previously_reserved,,39,6,13,1,1,3,0,14,7,0.283,0.282,11,0,0,0,0,0,22
2017,mixed,Brent Hershey,Mike Zunino,4012,FA,C,3,rel,previously_reserved,,3,1,1,1,1,1,0,2,0,0.333,1.33,2,120,0,0,0,0,0
2017,mixed,Brent Hershey,Miguel Montero,25,Was,C,4,act,previously_reserved,C,49,7,17,7,2,4,0,10,6,0.236,0.286,3,56,1,0,0,0,0
2017,mixed,Brent Hershey,Dexter Fowler,484,Tor,UT,22,act,previously_reserved,OF,17,7,5,8,2,6,1,4,6,0.565,1.06,1,0,0,0,0,0,109
2017,mixed,Brent Hershey,Victor Martinez,394,Det,UT,3,rel,previously_reserved,,137,41,37,16,3,21,0,20,12,0.358,0.423,104,0,0,0,0,0,0
2017,mixed,Brent Hershey,Asdrubal Cabrera,400,Cin,CI,3,act,previously_reserved,"3B,SS,MI,2B",29,10,7,5,0,2,0,3,3,0.406,0.448,1,0,0,32,44,45,0
2017,mixed,Brent Hershey,Joe Panik,3800,Mia,MI,55,act,previously_reserved,"2B,MI",79,20,20,9,1,6,1,10,7,0.31,0.354,0,0,0,137,0,0,0
2017,mixed,Brent Hershey,Christian Arroyo,4872,Phi,MI,79,rel,previously_reserved,,7,2,3,0,0,0,0,2,0,0.375,0.429,0,0,0,2,22,10,0
2017,mixed,Derek Van Riper,Travis Shaw,4819,Bos,1B,2,act,active,"1B,3B,CI",503,136,135,78,29,94,8,134,55,0.345,0.513,1,0,1,0,143,0,0
2017,mixed,Derek Van Riper,Rougned Odor,4026,NYY,2B,19,act,active,"2B,MI",607,124,162,79,30,75,15,162,32,0.252,0.397,2,0,0,158,0,0,0
2017,mixed,Derek Van Riper,Paul DeJong,5714,Was,SS,44,act,active,"UT,SS,2B",289,79,72,38,16,45,1,86,17,0.323,0.502,0,0,0,20,0,86,0
2017,mixed,Derek Van Riper,Kyle Seager,3774,Sea,3B,20,act,active,"3B,CI",578,144,154,72,27,88,2,110,58,0.323,0.45,0,0,0,0,154,0,0
2017,mixed,Derek Van Riper,Eddie Rosario,3889,Mil,OF,11,act,active,OF,191,54,49,28,11,35,4,36,13,0.319,0.524,1,0,0,0,0,0,150
2017,mixed,Derek Van Riper,Nelson Cruz,1529,SD,OF,33,act,active,"UT,OF",556,160,155,91,39,119,1,140,70,0.375,0.549,147,0,0,0,0,0,5
2017,mixed,Derek Van Riper,Teoscar Hernandez,4844,LAD,OF,0,act,active,OF,64,16,19,12,6,13,0,28,5,0.304,0.594,0,0,0,0,0,0,26
2017,mixed,Derek Van Riper,Jason Heyward,1968,SD,OF,37,act,active,OF,162,39,51,26,4,17,1,27,20,0.326,0.352,0,0,0,0,0,0,124
2017,mixed,Derek Van Riper,Stephen Piscotty,4095,FA,OF,15,act,active,OF,314,73,98,40,9,38,2,81,50,0.342,0.373,0,0,0,0,0,0,99
2017,mixed,Derek Van Riper,Robinson Chirinos,3011,Bal,C,0,act,active,C,168,44,58,25,7,15,1,54,24,0.375,0.458,2,85,0,0,0,0,0
2017,mixed,Derek Van Riper,Chris Iannetta,451,FA,C,1,act,active,C,265,66,86,36,16,41,0,84,35,0.349,0.502,0,78,0,0,1,0,0
2017,mixed,Derek Van Riper,Randal Grichuk,2843,Ari,UT,41,act,active,OF,229,54,72,28,14,34,1,74,13,0.279,0.493,0,0,0,0,0,0,107
2017,mixed,Derek Van Riper,Ben Zobrist,1470,FA,CI,16,act,active,"2B,OF,MI,1B,SS",375,84,108,45,11,44,2,62,45,0.307,0.365,0,0,5,81,0,5,61
2017,mixed,Derek Van Riper,Zack Cozart,3043,FA,MI,0,act,active,"SS,MI",295,80,84,56,13,32,2,52,42,0.363,0.485,1,0,0,0,0,112,0
2017,mixed,Derek Van Riper,Robinson Cano,1008,FA,2B,27,trd,previously_active,,289,82,72,42,17,60,1,35,26,0.341,0.505,0,0,0,150,0,0,0
2017,mixed,Derek Van Riper,Seth Smith,465,FA,OF,0,rel,previously_active,,12,4,4,2,0,3,0,3,2,0.467,0.5,7,0,0,0,0,0,91
2017,mixed,Derek Van Riper,Gerardo Parra,2000,Was,OF,0,rel,previously_active,,21,3,8,2,1,1,0,6,1,0.182,0.286,1,0,6,0,0,0,103
2017,mixed,Derek Van Riper,Michael Brantley,2212,FA,OF,2,dis,previously_active,OF,335,100,88,47,9,52,11,50,31,0.358,0.445,2,0,0,0,0,0,87
2017,mixed,Derek Van Riper,Jordan Luplow,5227,Phi,OF,5,res,previously_active,OF,19,5,6,2,1,3,0,8,2,0.333,0.526,0,0,0,0,0,0,23
2017,mixed,Derek Van Riper,Nick Delmonico,4077,FA,OF,55,res,previously_active,OF,14,1,5,5,1,1,1,1,6,0.35,0.286,11,0,4,0,0,0,27
2017,mixed,Derek Van Riper,Leonys Martin,3737,FA,OF,2,rel,previously_active,,54,6,15,5,0,0,4,14,3,0.172,0.13,0,0,0,0,0,0,42
2017,mixed,Derek Van Riper,Keon Broxton,3265,FA,OF,9,res,previously_active,OF,328,70,107,51,15,36,17,136,28,0.289,0.405,0,0,0,0,0,0,139
2017,mixed,Derek Van Riper,Derek Fisher,4917,FA,OF,167,rel,previously_active,,59,12,18,9,3,5,2,21,9,0.319,0.39,2,0,0,0,0,0,48
2017,mixed,Derek Van Riper,Tony Wolters,3637,Min,C,1,rel,previously_active,,26,7,9,6,0,0,0,5,2,0.321,0.308,0,77,0,4,1,0,0
2017,mixed,Derek Van Riper,Jett Bandy,3981,FA,C,11,rel,previously_active,,124,25,37,11,5,16,1,37,12,0.283,0.363,0,50,0,0,0,0,0
2017,mixed,Derek Van Riper,Yunel Escobar,76,FA,UT,1,dis,previously_active,"3B,CI",122,29,30,17,4,14,0,18,9,0.29,0.434,1,0,0,0,87,0,0
2017,mixed,Derek Van Riper,Joe Mauer,889,Min,UT,5,rel,previously_active,,109,34,28,14,2,15,0,24,13,0.385,0.45,13,0,125,0,0,0,0
2017,mixed,Derek Van Riper,Tyler Austin,4116,FA,CI,0,rel,previously_active,,6,1,2,1,1,2,0,3,1,0.25,0.667,6,0,8,0,0,0,7
2017,mixed,Derek Van Riper,Jedd Gyorko,3700,Mil,CI,1,dis,previously_active,"3B,2B,MI,1B,SS,CI",383,102,109,44,17,62,6,94,42,0.333,0.452,1,0,10,5,109,0,1
2017,mixed,Derek Van Riper,Greg Bird,4379,FA,CI,7,rel,previously_active,,52,5,15,4,1,2,0,18,5,0.19,0.212,2,0,46,0,0,0,0
2017,mixed,Derek Van Riper,Taylor Motter,5200,StL,CI,5,rel,previously_active,,45,9,12,4,3,7,1,8,3,0.25,0.444,1,0,15,18,6,39,19
2017,mixed,Derek Van Riper,Ian Happ,5352,ChC,MI,153,res,previously_active,"OF,2B",217,54,61,31,12,32,7,73,20,0.318,0.484,0,0,0,44,4,0,82
2017,mixed,Derek Van Riper,Nick Delmonico,4077,FA,OF,55,res,reserved,OF,66,14,21,8,3,11,0,17,8,0.307,0.379,11,0,4,0,0,0,27
2017,mixed,Derek Van Riper,Jordan Luplow,5227,Phi,OF,5,res,reserved,OF,39,8,12,3,1,4,0,7,3,0.289,0.359,0,0,0,0,0,0,23
2017,mixed,Derek Van Riper,Michael Brantley,2212,FA,OF,2,dis,reserved,OF,3,1,2,0,0,0,0,0,0,0.333,0.333,2,0,0,0,0,0,87
2017,mixed,Derek Van Riper,Keon Broxton,3265,FA,OF,9,res,reserved,OF,86,21,36,15,5,13,4,39,12,0.333,0.477,0,0,0,0,0,0,139
2017,mixed,Derek Van Riper,Yunel Escobar,76,FA,UT,1,dis,reserved,"3B,CI",153,46,40,14,2,12,1,24,13,0.363,0.386,1,0,0,0,87,0,0
2017,mixed,Derek Van Riper,Jedd Gyorko,3700,Mil,CI,1,dis,reserved,"3B,2B,MI,1B,SS,CI",43,14,16,8,3,5,0,11,5,0.408,0.651,1,0,10,5,109,0,1
2017,mixed,Derek Van Riper,Ian Happ,5352,ChC,MI,153,res,reserved,"OF,2B",140,35,52,30,11,34,1,55,18,0.335,0.536,0,0,0,44,4,0,82
2017,mixed,Derek Van Riper,Travis Shaw,4819,Bos,1B,2,act,previously_reserved,"1B,3B,CI",35,11,9,6,2,7,2,4,5,0.4,0.514,1,0,1,0,143,0,0
2017,mixed,Derek Van Riper,Jhonny Peralta,404,FA,3B,0,rel,previously_reserved,,54,11,21,3,0,0,0,13,4,0.259,0.204,0,0,0,0,15,0,0
2017,mixed,Derek Van Riper,Seth Smith,465,FA,OF,0,rel,previously_reserved,,28,8,11,5,1,2,0,3,4,0.375,0.5,7,0,0,0,0,0,91
2017,mixed,Derek Van Riper,Stephen Piscotty,4095,FA,OF,15,act,previously_reserved,OF,27,7,9,0,0,1,1,6,2,0.333,0.296,0,0,0,0,0,0,99
2017,mixed,Derek Van Riper,Jason Heyward,1968,SD,OF,37,act,previously_reserved,OF,24,7,6,1,0,4,1,2,2,0.346,0.333,0,0,0,0,0,0,124
2017,mixed,Derek Van Riper,Gerardo Parra,2000,Was,OF,0,rel,previously_reserved,,90,26,27,12,3,13,0,17,3,0.319,0.411,1,0,6,0,0,0,103
2017,mixed,Derek Van Riper,Eddie Rosario,3889,Mil,OF,11,act,previously_reserved,OF,68,22,18,14,6,15,1,10,6,0.373,0.676,1,0,0,0,0,0,150
2017,mixed,Derek Van Riper,Derek Fisher,4917,FA,OF,167,rel,previously_reserved,,36,7,16,3,0,6,0,13,3,0.275,0.25,2,0,0,0,0,0,48
2017,mixed,Derek Van Riper,Chris Iannetta,451,FA,C,1,act,previously_reserved,C,7,3,3,2,1,2,0,3,2,0.556,0.857,0,78,0,0,1,0,0
2017,mixed,Derek Van Riper,Randal Grichuk,2843,Ari,UT,41,act,previously_reserved,OF,11,5,3,4,3,5,0,3,1,0.5,1.27,0,0,0,0,0,0,107
2017,mixed,Derek Van Riper,Joe Mauer,889,Min,UT,5,rel,previously_reserved,,58,16,16,8,1,8,1,8,9,0.373,0.362,13,0,125,0,0,0,0
2017,mixed,Derek Van Riper,Ben Zobrist,1470,FA,CI,16,act,previously_reserved,"2B,OF,MI,1B,SS",60,17,20,13,1,6,0,9,9,0.386,0.433,0,0,5,81,0,5,61
2017,mixed,Derek Van Riper,Tyler Austin,4116,FA,CI,0,rel,previously_reserved,,17,5,6,3,1,5,0,7,2,0.35,0.529,6,0,8,0,0,0,7
2017,mixed,Derek Van Riper,Greg Bird,4379,FA,CI,7,rel,previously_reserved,,8,1,4,2,0,1,0,4,5,0.5,0.125,2,0,46,0,0,0,0
2017,mixed,Derek Van Riper,Taylor Motter,5200,StL,CI,5,rel,previously_reserved,,52,11,17,4,0,3,3,17,6,0.293,0.288,1,0,15,18,6,39,19
2017,mixed,Derek Van Riper,Zack Cozart,3043,FA,MI,0,act,previously_reserved,"SS,MI",143,50,38,24,11,31,1,26,20,0.43,0.678,1,0,0,0,0,112,0
2017,mixed,Scott Pianowski,Matt Carpenter,3510,StL,1B,30,act,active,"1B,2B,3B,MI,CI",251,62,75,52,9,29,1,62,58,0.396,0.434,2,0,120,13,16,0,0
2017,mixed,Scott Pianowski,Daniel Murphy,2100,LAA,2B,23,act,active,"1B,2B,MI,CI",534,172,144,94,23,93,2,77,52,0.384,0.543,0,0,0,139,0,0,0
2017,mixed,Scott Pianowski,Francisco Lindor,3668,NYM,SS,26,act,active,"SS,MI",651,178,159,99,33,89,15,93,60,0.337,0.505,1,0,0,0,0,158,0
2017,mixed,Scott Pianowski,Yangervis Solarte,3899,FA,3B,5,act,active,"2B,3B,CI,SS,MI,1B",237,62,64,28,13,32,1,30,11,0.292,0.477,2,0,8,80,22,28,0
2017,mixed,Scott Pianowski,Aaron Hicks,2591,FA,OF,49,act,active,OF,230,64,65,42,10,40,7,55,36,0.377,0.474,0,0,0,0,0,0,84
2017,mixed,Scott Pianowski,Delino DeShields,3357,FA,OF,178,act,active,OF,127,30,33,26,3,6,5,32,17,0.333,0.339,8,0,0,0,0,0,106
2017,mixed,Scott Pianowski,Jose Pirela,4383,FA,OF,60,act,active,"OF,2B,1B,MI",273,74,73,37,7,33,2,62,24,0.33,0.454,3,0,5,7,1,0,71
2017,mixed,Scott Pianowski,Matt Joyce,2074,Phi,OF,44,act,active,OF,222,56,63,38,12,32,1,50,28,0.331,0.491,2,0,0,0,0,0,133
2017,mixed,Scott Pianowski,Cameron Maybin,573,FA,OF,1,act,active,OF,190,38,56,21,6,19,10,51,15,0.261,0.347,1,0,0,0,0,0,109
2017,mixed,Scott Pianowski,Hector Sanchez,3050,Det,C,3,act,active,"C,1B",70,13,38,3,1,8,0,19,2,0.208,0.257,2,25,6,0,0,0,0
2017,mixed,Scott Pianowski,Jonathan Lucroy,2346,Atl,C,22,act,active,C,423,112,123,45,6,40,1,51,46,0.345,0.371,10,110,1,0,0,0,0
2017,mixed,Scott Pianowski,Denard Span,907,FA,UT,33,act,active,OF,107,29,32,17,3,11,4,15,14,0.352,0.43,0,0,0,0,0,0,123
2017,mixed,Scott Pianowski,Eric Thames,2895,Oak,CI,9,act,active,"1B,OF",210,53,63,30,10,22,2,79,26,0.343,0.481,2,0,108,0,0,0,29
2017,mixed,Scott Pianowski,Tim Beckham,2143,FA,MI,32,act,active,"UT,2B,SS,MI",212,54,52,28,7,20,2,60,17,0.319,0.41,1,0,0,17,1,119,0
2017,mixed,Scott Pianowski,Logan Morrison,2111,FA,1B,103,trd,previously_active,,136,31,38,21,11,27,1,42,24,0.341,0.551,17,0,126,0,0,0,0
2017,mixed,Scott Pianowski,Wil Myers,3153,FA,1B,25,trd,previously_active,,200,53,51,27,11,29,5,62,15,0.317,0.505,1,0,154,1,0,0,0
2017,mixed,Scott Pianowski,T.J. Rivera,5655,FA,3B,21,dis,previously_active,"3B,2B,MI,1B",29,6,9,1,0,2,0,3,0,0.207,0.241,0,0,20,12,28,0,3
2017,mixed,Scott Pianowski,Matt Davidson,2700,FA,3B,91,res,previously_active,"3B,1B",148,28,41,12,7,17,0,67,7,0.239,0.378,60,0,19,0,34,0,0
2017,mixed,Scott Pianowski,Whit Merrifield,4419,Atl,OF,8,trd,previously_active,,45,13,11,6,0,9,1,6,2,0.306,0.422,0,0,1,132,1,0,16
2017,mixed,Scott Pianowski,Michael Saunders,2161,FA,OF,1,rel,previously_active,,52,10,16,6,1,5,0,13,2,0.222,0.365,2,0,0,0,0,0,58
2017,mixed,Scott Pianowski,Seth Smith,465,FA,OF,0,rel,previously_active,,14,2,6,3,1,1,0,2,3,0.333,0.429,7,0,0,0,0,0,91
2017,mixed,Scott Pianowski,Jabari Blash,5262,FA,OF,5,rel,previously_active,,14,2,6,2,0,0,0,7,1,0.25,0.143,0,0,0,0,0,0,49
2017,mixed,Scott Pianowski,Jackie Bradley,3595,NYM,OF,10,trd,previously_active,,14,4,4,3,0,2,1,3,2,0.353,0.429,0,0,0,0,0,0,132
2017,mixed,Scott Pianowski,Melky Cabrera,1014,NYM,OF,2,res,previously_active,OF,426,125,106,55,12,60,1,58,27,0.336,0.437,9,0,0,0,0,0,146
2017,mixed,Scott Pianowski,Ryan Braun,858,Mil,OF,30,trd,previously_active,,98,27,29,19,7,18,4,25,14,0.366,0.551,4,0,0,0,0,0,95
2017,mixed,Scott Pianowski,Nick Markakis,134,Atl,OF,0,trd,previously_active,,162,40,42,14,0,21,0,35,13,0.311,0.302,2,0,0,0,0,0,156
2017,mixed,Scott Pianowski,Josh Harrison,3747,Cin,OF,0,res,previously_active,"3B,2B,MI,OF",178,42,47,24,4,13,3,31,7,0.288,0.343,0,0,0,83,49,0,9
2017,mixed,Scott Pianowski,Mallex Smith,4975,FA,OF,313,rel,previously_active,,188,49,57,24,1,8,9,49,16,0.319,0.346,1,0,0,0,0,0,78
2017,mixed,Scott Pianowski,Kevin Pillar,4578,Tex,OF,0,trd,previously_active,,229,61,56,38,8,17,9,32,17,0.324,0.445,0,0,0,0,0,0,153
2017,mixed,Scott Pianowski,Martin Maldonado,2347,SD,C,5,res,previously_active,C,82,19,24,10,6,12,0,20,3,0.267,0.512,0,137,1,0,0,0,0
2017,mixed,Scott Pianowski,Sandy Leon,3901,Atl,C,7,rel,previously_active,,114,22,34,10,1,11,0,26,9,0.25,0.263,0,84,0,0,0,0,0
2017,mixed,Scott Pianowski,Christian Vazquez,4248,Min,C,5,rel,previously_active,,11,1,3,0,0,0,0,1,0,0.091,0.091,2,95,0,0,2,0,0
2017,mixed,Scott Pianowski,Kendrys Morales,741,NYY,UT,6,trd,previously_active,,346,86,92,42,16,48,0,86,29,0.314,0.434,129,0,12,0,0,0,0
2017,mixed,Scott Pianowski,Andrelton Simmons,3717,FA,UT,55,rel,previously_active,,48,9,13,3,0,5,0,7,6,0.273,0.208,0,0,0,0,0,158,0
2017,mixed,Scott Pianowski,Gregor Blanco,84,NYM,UT,3,rel,previously_active,,62,13,20,8,1,1,0,18,7,0.29,0.306,0,0,0,0,0,0,72
2017,mixed,Scott Pianowski,Chad Pinder,5441,Atl,UT,11,rel,previously_active,,8,1,3,0,0,0,0,3,1,0.222,0.25,7,0,0,16,0,22,41
2017,mixed,Scott Pianowski,Robbie Grossman,2699,KC,UT,87,rel,previously_active,,107,23,33,17,2,11,1,23,18,0.339,0.318,62,0,0,0,0,0,53
2017,mixed,Scott Pianowski,Chase Headley,1252,FA,UT,77,rel,previously_active,,59,13,16,10,1,6,1,15,9,0.319,0.373,14,0,45,1,86,0,0
2017,mixed,Scott Pianowski,Adrian Gonzalez,1250,NYM,CI,8,rel,previously_active,,20,7,7,5,0,3,0,2,6,0.5,0.45,0,0,60,0,0,0,0
2017,mixed,Scott Pianowski,Derek Dietrich,3699,FA,CI,44,trd,previously_active,,21,4,7,2,0,0,0,6,0,0.19,0.333,0,0,10,10,103,0,5
2017,mixed,Scott Pianowski,Adalberto Mondesi,4431,FA,MI,0,rel,previously_active,,14,2,6,3,1,1,2,3,1,0.2,0.357,0,0,0,14,0,9,0
2017,mixed,Scott Pianowski,Manny Machado,3216,SD,MI,39,trd,previously_active,,221,47,56,27,12,27,3,53,23,0.289,0.43,0,0,0,0,156,0,0
2017,mixed,Scott Pianowski,Dustin Pedroia,182,Bos,MI,11,trd,previously_active,,157,44,41,16,2,21,1,15,19,0.358,0.376,7,0,0,98,0,0,0
2017,mixed,Scott Pianowski,Matt Davidson,2700,FA,3B,91,res,reserved,"3B,1B",147,31,39,13,9,26,0,53,3,0.232,0.442,60,0,19,0,34,0,0
2017,mixed,Scott Pianowski,T.J. Rivera,5655,FA,3B,21,dis,reserved,"3B,2B,MI,1B",0,0,0,0,0,0,0,0,0,0.0,0.0,0,0,20,12,28,0,3
2017,mixed,Scott Pianowski,Josh Harrison,3747,Cin,OF,0,res,reserved,"3B,2B,MI,OF",77,19,20,17,5,14,3,20,5,0.337,0.532,0,0,0,83,49,0,9
2017,mixed,Scott Pianowski,Melky Cabrera,1014,NYM,OF,2,res,reserved,OF,194,52,50,23,5,25,0,16,9,0.298,0.392,9,0,0,0,0,0,146
2017,mixed,Scott Pianowski,Martin Maldonado,2347,SD,C,5,res,reserved,C,160,29,54,15,3,9,0,48,2,0.219,0.287,0,137,1,0,0,0,0
2017,mixed,Scott Pianowski,Logan Morrison,2111,FA,1B,103,trd,previously_reserved,,20,7,6,7,4,9,0,5,4,0.458,1.0,17,0,126,0,0,0,0
2017,mixed,Scott Pianowski,Yangervis Solarte,3899,FA,3B,5,act,previously_reserved,"2B,3B,CI,SS,MI,1B",3,0,1,0,0,0,0,1,1,0.25,0.0,2,0,8,80,22,28,0
2017,mixed,Scott Pianowski,Aaron Hicks,2591,FA,OF,49,act,previously_reserved,OF,38,6,10,3,1,3,1,8,5,0.256,0.263,0,0,0,0,0,0,84
2017,mixed,Scott Pianowski,Nick Markakis,134,Atl,OF,0,trd,previously_reserved,,33,15,9,8,0,4,0,6,7,0.537,0.515,2,0,0,0,0,0,156
2017,mixed,Scott Pianowski,Ryan Braun,858,Mil,OF,30,trd,previously_reserved,,5,0,1,0,0,1,0,0,0,0.0,0.0,4,0,0,0,0,0,95
2017,mixed,Scott Pianowski,Michael Saunders,2161,FA,OF,1,rel,previously_reserved,,140,29,42,19,5,14,0,36,9,0.26,0.357,2,0,0,0,0,0,58
2017,mixed,Scott Pianowski,Matt Joyce,2074,Phi,OF,44,act,previously_reserved,OF,39,10,12,10,3,5,2,10,5,0.356,0.59,2,0,0,0,0,0,133
2017,mixed,Scott Pianowski,Seth Smith,465,FA,OF,0,rel,previously_reserved,,13,5,3,4,1,2,0,2,0,0.385,0.769,7,0,0,0,0,0,91
2017,mixed,Scott Pianowski,Kolten Wong,3771,Ari,OF,1,rel,previously_reserved,,27,4,10,0,0,3,0,3,4,0.258,0.222,0,0,0,106,0,0,0
2017,mixed,Scott Pianowski,Kevin Pillar,4578,Tex,OF,0,trd,previously_reserved,,67,16,17,5,1,2,2,15,3,0.282,0.343,0,0,0,0,0,0,153
2017,mixed,Scott Pianowski,Mallex Smith,4975,FA,OF,313,rel,previously_reserved,,16,4,5,2,0,0,3,2,3,0.368,0.312,1,0,0,0,0,0,78
2017,mixed,Scott Pianowski,Jose Pirela,4383,FA,OF,60,act,previously_reserved,"OF,2B,1B,MI",17,5,4,1,1,2,2,3,0,0.333,0.529,3,0,5,7,1,0,71
2017,mixed,Scott Pianowski,Cameron Maybin,573,FA,OF,1,act,previously_reserved,OF,40,9,12,6,1,4,4,9,4,0.295,0.35,1,0,0,0,0,0,109
2017,mixed,Scott Pianowski,Sandy Leon,3901,Atl,C,7,rel,previously_reserved,,20,9,6,6,1,6,0,3,0,0.45,0.7,0,84,0,0,0,0,0
2017,mixed,Scott Pianowski,Gregor Blanco,84,NYM,UT,3,rel,previously_reserved,,101,26,40,21,2,6,7,25,13,0.342,0.426,0,0,0,0,0,0,72
2017,mixed,Scott Pianowski,Kendrys Morales,741,NYY,UT,6,trd,previously_reserved,,79,17,23,11,5,12,0,17,5,0.262,0.456,129,0,12,0,0,0,0
2017,mixed,Scott Pianowski,Andrelton Simmons,3717,FA,UT,55,rel,previously_reserved,,50,13,13,7,1,4,2,5,2,0.302,0.4,0,0,0,0,0,158,0
2017,mixed,Scott Pianowski,Chase Headley,1252,FA,UT,77,rel,previously_reserved,,101,17,27,5,0,15,2,32,4,0.208,0.228,14,0,45,1,86,0,0
2017,mixed,Scott Pianowski,Robbie Grossman,2699,KC,UT,87,rel,previously_reserved,,175,44,52,25,4,20,1,35,32,0.367,0.371,62,0,0,0,0,0,53
2017,mixed,Scott Pianowski,Adrian Gonzalez,1250,NYM,CI,8,rel,previously_reserved,,74,17,22,1,0,8,0,15,4,0.269,0.27,0,0,60,0,0,0,0
2017,mixed,Scott Pianowski,Derek Dietrich,3699,FA,CI,44,trd,previously_reserved,,63,14,18,11,2,11,0,12,3,0.25,0.397,0,0,10,10,103,0,5
2017,mixed,Scott Pianowski,Tim Beckham,2143,FA,MI,32,act,previously_reserved,"UT,2B,SS,MI",87,28,24,13,5,11,0,24,6,0.366,0.586,1,0,0,17,1,119,0
2017,mixed,Scott Pianowski,Adalberto Mondesi,4431,FA,MI,0,rel,previously_reserved,,25,2,8,1,0,1,3,13,2,0.148,0.08,0,0,0,14,0,9,0
2017,mixed,Scott Pianowski,Dustin Pedroia,182,Bos,MI,11,trd,previously_reserved,,25,10,7,5,0,2,0,3,4,0.467,0.48,7,0,0,98,0,0,0
