year,league,team,player_name,player_id,mlb_team,position,salary,status,roster_section,eligibility,ab,g,r,hr,rbi,sb,so,bb,avg,obp,slg,gp_dh,gp_c,gp_1b,gp_2b,gp_3b,gp_ss,gp_of
2018,mixed,Fred Zinkie,Anthony Rizzo,3156,ChC,1B,37,act,active,"1B,CI",566,153,74,25,101,6,80,70,0.376,0.25,0.47,0,0,153,1,0,0,0
2018,mixed,Fred Zinkie,Wilmer Difo,5044,Was,2B,23,act,active,"SS,2B,MI,3B",14,5,2,0,2,0,1,1,0.2,0.0,0.143,0,0,0,112,20,9,1
2018,mixed,Fred Zinkie,Jose Peraza,4468,Cin,SS,1,act,active,"2B,SS,MI",632,157,85,14,58,23,75,29,0.326,0.0,0.416,0,0,0,0,0,156,1
2018,mixed,Fred Zinkie,Freddie Freeman,2466,Atl,3B,41,act,active,"1B,3B,CI",368,97,53,11,53,4,86,37,0.357,0.0,0.462,0,0,161,0,0,0,0
2018,mixed,Fred Zinkie,David Peralta,4980,Ari,OF,1,act,active,OF,548,144,73,29,86,4,121,48,0.354,0.0,0.516,0,0,0,0,0,0,140
2018,mixed,Fred Zinkie,Ian Desmond,1671,Col,OF,10,act,active,"OF,1B,CI",540,155,77,21,84,19,143,50,0.305,0.5,0.419,2,0,138,0,0,3,20
2018,mixed,Fred Zinkie,Harrison Bader,5366,StL,OF,131,act,active,OF,161,50,23,6,21,4,56,13,0.33,0.0,0.447,0,0,0,0,0,0,113
2018,mixed,Fred Zinkie,Joey Gallo,4121,Tex,OF,23,act,active,"1B,OF,CI,3B",157,47,28,14,33,0,65,19,0.324,0.0,0.58,4,0,35,0,0,0,108
2018,mixed,Fred Zinkie,Mikie Mahtook,3666,Det,OF,0,act,active,OF,16,5,1,0,0,0,4,2,0.167,0.0,0.062,1,0,0,0,0,0,61
2018,mixed,Fred Zinkie,Brian McCann,73,Hou,C,5,act,active,C,31,12,5,2,5,0,6,6,0.41,0.0,0.452,1,62,0,0,0,0,0
2018,mixed,Fred Zinkie,Gary Sanchez,3259,NYY,C,30,act,active,C,323,89,51,18,53,1,94,46,0.291,0.0,0.406,12,76,0,0,0,0,0
2018,mixed,Fred Zinkie,Josh Donaldson,2107,Cle,UT,34,act,active,"3B,CI",163,46,23,6,19,1,44,27,0.351,0.0,0.423,12,0,1,0,38,0,0
2018,mixed,Fred Zinkie,Paul Goldschmidt,3159,Ari,CI,40,act,active,"1B,CI",593,158,95,33,83,7,173,90,0.389,0.0,0.533,2,0,155,0,0,0,0
2018,mixed,Fred Zinkie,Rougned Odor,4026,Tex,MI,9,act,active,"2B,MI",467,126,76,18,63,12,122,43,0.329,0.0,0.428,2,0,0,127,0,0,0
2018,mixed,Fred Zinkie,Yulieski Gurriel,2160,Hou,1B,0,trd,previously_active,,12,3,1,1,4,0,2,0,0.231,0.0,0.583,8,0,109,15,21,2,0
2018,mixed,Fred Zinkie,Scooter Gennett,3277,Cin,2B,1,res,previously_active,"2B,OF,MI",571,151,85,23,92,4,123,42,0.363,0.0,0.496,3,0,0,142,0,0,0
2018,mixed,Fred Zinkie,Yolmer Sanchez,4299,CWS,3B,20,rel,previously_active,,65,16,5,0,8,2,12,3,0.304,0.0,0.323,1,0,0,9,141,4,0
2018,mixed,Fred Zinkie,Adrian Beltre,1355,Tex,3B,10,trd,previously_active,,14,4,1,0,1,0,2,1,0.333,0.0,0.429,44,0,0,0,70,0,0
2018,mixed,Fred Zinkie,Matt Joyce,2074,Oak,OF,0,rel,previously_active,,51,18,10,2,4,0,10,16,0.42,0.0,0.451,10,0,0,0,0,0,57
2018,mixed,Fred Zinkie,Keon Broxton,3265,Mil,OF,30,rel,previously_active,,14,7,2,0,0,2,7,3,0.235,0.0,0.143,0,0,0,0,0,0,43
2018,mixed,Fred Zinkie,Steven Souza,4623,Ari,OF,11,rel,previously_active,,197,58,19,3,23,4,62,23,0.332,0.0,0.391,0,0,0,0,0,0,65
2018,mixed,Fred Zinkie,Preston Tucker,4496,Atl,OF,0,trd,previously_active,,28,11,6,3,10,0,7,2,0.312,0.0,0.607,1,0,0,0,0,0,41
2018,mixed,Fred Zinkie,Chris Owings,3271,Ari,OF,0,rel,previously_active,,36,11,3,0,0,0,12,2,0.184,0.0,0.222,0,0,0,9,15,0,60
2018,mixed,Fred Zinkie,Mac Williamson,4492,SF,OF,94,rel,previously_active,,79,24,13,3,9,1,21,11,0.311,0.0,0.38,0,0,0,0,0,0,27
2018,mixed,Fred Zinkie,Jackie Bradley,3595,Bos,OF,1,rel,previously_active,,107,32,15,2,9,2,28,9,0.264,0.0,0.271,1,0,0,0,0,0,143
2018,mixed,Fred Zinkie,Gerardo Parra,2000,Col,OF,21,rel,previously_active,,104,36,15,2,18,1,25,10,0.305,0.0,0.346,0,0,0,0,0,0,119
2018,mixed,Fred Zinkie,Adam Eaton,3588,Was,OF,8,trd,previously_active,,153,44,26,3,18,3,25,19,0.398,0.0,0.412,3,0,0,0,0,0,76
2018,mixed,Fred Zinkie,Austin Meadows,4438,TB,OF,20,trd,previously_active,,62,18,10,4,6,2,10,4,0.373,0.0,0.661,2,0,0,0,0,0,47
2018,mixed,Fred Zinkie,*Howie Kendrick,739,Was,OF,43,rel,previously_active,,55,15,8,0,1,1,10,1,0.333,0.0,0.382,0,0,2,33,0,0,6
2018,mixed,Fred Zinkie,Tom Murphy,4629,Col,C,17,rel,previously_active,,17,9,0,0,1,0,5,1,0.278,0.0,0.353,1,22,0,0,0,0,0
2018,mixed,Fred Zinkie,Devin Mesoraco,1987,NYM,C,39,rel,previously_active,,92,29,9,4,12,0,16,13,0.318,0.0,0.37,1,67,1,0,0,0,0
2018,mixed,Fred Zinkie,Chance Sisco,5118,Bal,C,10,rel,previously_active,,114,45,12,2,16,1,48,12,0.338,0.0,0.316,2,55,0,0,0,0,0
2018,mixed,Fred Zinkie,Austin Romine,2402,NYY,C,6,rel,previously_active,,81,24,9,3,9,1,29,5,0.273,0.0,0.346,0,76,0,0,0,0,0
2018,mixed,Fred Zinkie,Elias Diaz,5078,Pit,C,6,rel,previously_active,,30,7,2,0,2,0,7,2,0.344,0.0,0.367,1,70,0,0,0,0,0
2018,mixed,Fred Zinkie,Tyler Flowers,2355,Atl,C,2,trd,previously_active,,0,1,0,0,0,0,0,0,0.0,0.0,0.0,1,76,0,0,0,0,0
2018,mixed,Fred Zinkie,Kevin Plawecki,4517,NYM,C,3,rel,previously_active,,29,9,2,1,1,0,10,1,0.233,0.0,0.345,0,71,3,0,0,0,0
2018,mixed,Fred Zinkie,Nelson Cruz,1529,Sea,UT,23,trd,previously_active,,193,52,21,13,33,1,42,16,0.341,0.0,0.497,136,0,0,0,0,0,4
2018,mixed,Fred Zinkie,Gorkys Hernandez,1970,SF,UT,21,rel,previously_active,,110,31,16,5,16,1,32,9,0.32,0.0,0.445,1,0,0,0,0,0,126
2018,mixed,Fred Zinkie,Nick Delmonico,4077,CWS,UT,43,rel,previously_active,,14,6,2,0,0,0,4,2,0.312,0.0,0.357,3,0,7,0,0,0,76
2018,mixed,Fred Zinkie,*Logan Morrison,2111,Min,UT,12,rel,previously_active,,15,5,4,2,3,0,4,0,0.312,0.0,0.667,35,0,50,0,0,0,2
2018,mixed,Fred Zinkie,Denard Span,907,Sea,UT,43,rel,previously_active,,144,45,27,4,20,5,23,23,0.341,0.0,0.375,10,0,0,0,0,0,121
2018,mixed,Fred Zinkie,Travis Jankowski,4479,SD,UT,4,res,previously_active,OF,10,4,1,0,0,2,3,2,0.417,0.0,0.4,0,0,0,0,0,0,101
2018,mixed,Fred Zinkie,Scott Kingery,5424,Phi,UT,0,rel,previously_active,,143,43,14,0,5,4,38,9,0.247,0.0,0.238,0,0,0,4,10,119,7
2018,mixed,Fred Zinkie,Phillip Ervin,4572,Cin,UT,15,res,previously_active,OF,72,23,9,3,12,3,14,8,0.325,0.0,0.417,0,0,0,0,0,0,70
2018,mixed,Fred Zinkie,Taylor Ward,5398,LAA,UT,56,rel,previously_active,,16,5,1,1,2,0,6,2,0.222,0.0,0.312,0,0,0,0,40,0,0
2018,mixed,Fred Zinkie,Scooter Gennett,3277,Cin,2B,1,res,reserved,"2B,OF,MI",13,3,1,0,0,0,2,0,0.077,0.0,0.231,3,0,0,142,0,0,0
2018,mixed,Fred Zinkie,Travis Jankowski,4479,SD,UT,4,res,reserved,OF,24,11,4,1,1,1,7,1,0.28,0.0,0.458,0,0,0,0,0,0,101
2018,mixed,Fred Zinkie,Phillip Ervin,4572,Cin,UT,15,res,reserved,OF,68,21,7,3,7,2,25,5,0.267,0.0,0.353,0,0,0,0,0,0,70
2018,mixed,Fred Zinkie,Adam Eaton,3588,Was,OF,8,trd,previously_reserved,,5,2,2,0,0,0,1,0,0.333,0.0,0.2,3,0,0,0,0,0,76
2018,mixed,Fred Zinkie,David Peralta,4980,Ari,OF,1,act,previously_reserved,OF,12,2,2,1,1,0,3,0,0.25,0.0,0.5,0,0,0,0,0,0,140
2018,mixed,Fred Zinkie,Mac Williamson,4492,SF,OF,94,rel,previously_reserved,,4,1,0,0,0,0,3,0,0.0,0.0,0.0,0,0,0,0,0,0,27
2018,mixed,Fred Zinkie,Jackie Bradley,3595,Bos,OF,1,rel,previously_reserved,,20,7,4,0,0,2,13,4,0.28,0.0,0.15,1,0,0,0,0,0,143
2018,mixed,Fred Zinkie,Ian Desmond,1671,Col,OF,10,act,previously_reserved,"OF,1B,CI",15,5,5,1,4,1,3,3,0.389,0.0,0.533,2,0,138,0,0,3,20
2018,mixed,Fred Zinkie,Gerardo Parra,2000,Col,OF,21,rel,previously_reserved,,87,28,9,0,15,2,13,6,0.411,0.0,0.414,0,0,0,0,0,0,119
2018,mixed,Fred Zinkie,Chris Owings,3271,Ari,OF,0,rel,previously_reserved,,73,24,11,2,9,1,21,7,0.312,0.0,0.384,0,0,0,9,15,0,60
2018,mixed,Fred Zinkie,Matt Joyce,2074,Oak,OF,0,rel,previously_reserved,,54,19,6,1,1,0,17,9,0.27,0.0,0.241,10,0,0,0,0,0,57
2018,mixed,Fred Zinkie,Keon Broxton,3265,Mil,OF,30,rel,previously_reserved,,9,6,1,0,0,0,2,2,0.364,0.0,0.222,0,0,0,0,0,0,43
2018,mixed,Fred Zinkie,Steven Souza,4623,Ari,OF,11,rel,previously_reserved,,43,12,1,1,5,2,13,5,0.187,0.0,0.186,0,0,0,0,0,0,65
2018,mixed,Fred Zinkie,Preston Tucker,4496,Atl,OF,0,trd,previously_reserved,,21,6,2,0,6,0,6,1,0.227,0.0,0.286,1,0,0,0,0,0,41
2018,mixed,Fred Zinkie,Elias Diaz,5078,Pit,C,6,rel,previously_reserved,,5,3,0,0,0,0,0,1,0.5,0.0,0.4,1,70,0,0,0,0,0
2018,mixed,Fred Zinkie,Kevin Plawecki,4517,NYM,C,3,rel,previously_reserved,,0,1,0,0,0,0,0,1,1.0,0.0,0.0,0,71,3,0,0,0,0
2018,mixed,Fred Zinkie,Devin Mesoraco,1987,NYM,C,39,rel,previously_reserved,,19,6,0,0,4,0,4,1,0.2,0.0,0.263,1,67,1,0,0,0,0
2018,mixed,Fred Zinkie,Chance Sisco,5118,Bal,C,10,rel,previously_reserved,,23,9,1,0,0,0,8,1,0.16,0.0,0.13,2,55,0,0,0,0,0
2018,mixed,Fred Zinkie,Josh Donaldson,2107,Cle,UT,34,act,previously_reserved,"3B,CI",11,2,4,2,4,0,4,0,0.364,0.0,1.09,12,0,1,0,38,0,0
2018,mixed,Fred Zinkie,Taylor Ward,5398,LAA,UT,56,rel,previously_reserved,,44,12,4,1,3,0,19,1,0.255,0.0,0.295,0,0,0,0,40,0,0
2018,mixed,Fred Zinkie,Denard Span,907,Sea,UT,43,rel,previously_reserved,,219,68,29,6,19,2,38,18,0.337,0.0,0.461,10,0,0,0,0,0,121
2018,mixed,Fred Zinkie,Scott Kingery,5424,Phi,UT,0,rel,previously_reserved,,159,45,22,3,12,2,43,7,0.286,0.0,0.358,0,0,0,4,10,119,7
2018,mixed,Fred Zinkie,Nick Delmonico,4077,CWS,UT,43,rel,previously_reserved,,83,23,11,4,12,0,29,5,0.264,0.0,0.422,3,0,7,0,0,0,76
2018,mixed,Fred Zinkie,*Logan Morrison,2111,Min,UT,12,rel,previously_reserved,,16,4,0,0,0,0,3,0,0.0,0.0,0.0,35,0,50,0,0,0,2
2018,mixed,Fred Zinkie,Gorkys Hernandez,1970,SF,UT,21,rel,previously_reserved,,29,8,4,0,3,0,4,2,0.258,0.0,0.276,1,0,0,0,0,0,126
2018,mixed,Fred Zinkie,Rougned Odor,4026,Tex,MI,9,act,previously_reserved,"2B,MI",7,3,0,0,0,0,5,0,0.143,0.0,0.143,2,0,0,127,0,0,0
2018,mixed,Derek VanRiper,Eric Hosmer,2563,SD,1B,15,act,active,"1B,CI",602,154,70,18,69,7,140,59,0.317,0.0,0.394,0,0,157,0,0,0,0
2018,mixed,Derek VanRiper,Max Muncy,4851,LAD,2B,22,act,active,"3B,1B,2B,OF",312,105,63,29,62,3,105,65,0.401,0.5,0.599,1,0,84,13,38,0,6
2018,mixed,Derek VanRiper,Trea Turner,4555,Was,SS,41,act,active,"SS,MI",664,162,103,19,73,43,132,69,0.344,0.0,0.416,0,0,0,0,0,159,0
2018,mixed,Derek VanRiper,Travis Shaw,4819,Mil,3B,9,act,active,"1B,3B,2B,CI",464,142,71,31,83,5,104,72,0.346,0.0,0.491,0,0,17,39,107,0,0
2018,mixed,Derek VanRiper,Jose Alb Martinez,5460,StL,OF,1,act,active,"OF,1B,CI",508,145,63,16,78,0,97,45,0.371,0.0,0.467,8,0,84,0,0,0,46
2018,mixed,Derek VanRiper,David Dahl,4049,Col,OF,0,act,active,OF,245,75,31,16,47,4,65,17,0.321,0.25,0.539,0,0,0,0,0,0,62
2018,mixed,Derek VanRiper,Steve Pearce,1196,Bos,OF,22,act,active,"1B,OF",89,34,12,6,20,0,17,17,0.376,0.0,0.506,21,0,34,0,0,0,15
2018,mixed,Derek VanRiper,Aaron Hicks,2591,NYY,OF,4,act,active,OF,480,137,90,27,79,11,111,90,0.366,0.0,0.467,3,0,0,0,0,0,131
2018,mixed,Derek VanRiper,Nomar Mazara,3791,Tex,OF,16,act,active,OF,369,96,44,16,63,1,90,32,0.314,0.0,0.447,12,0,0,0,0,0,115
2018,mixed,Derek VanRiper,Yan Gomes,3945,Cle,C,1,act,active,C,403,112,52,16,48,0,119,21,0.313,0.0,0.449,1,111,0,0,0,0,0
2018,mixed,Derek VanRiper,Mitch Garver,5025,Min,C,3,act,active,"C,1B",164,56,25,5,37,0,32,18,0.361,0.0,0.476,6,86,5,0,0,0,0
2018,mixed,Derek VanRiper,Kolten Wong,3771,StL,UT,0,act,active,"2B,MI",50,17,4,1,6,0,9,6,0.368,0.0,0.4,0,0,0,119,0,0,0
2018,mixed,Derek VanRiper,Miguel Andujar,5142,NYY,CI,0,act,active,"UT,3B,CI",470,122,67,21,71,2,81,19,0.319,0.0,0.496,14,0,0,0,136,0,0
2018,mixed,Derek VanRiper,Ketel Marte,4847,Ari,MI,22,act,active,"2B,SS,MI",204,60,30,7,27,2,35,20,0.342,0.0,0.475,0,0,0,131,0,28,0
2018,mixed,Derek VanRiper,Brad Miller,4310,FA,2B,23,rel,previously_active,,59,21,5,2,7,0,26,4,0.27,0.0,0.373,6,0,36,21,0,6,0
2018,mixed,Derek VanRiper,Devon Travis,4603,Tor,2B,11,rel,previously_active,,49,14,3,0,1,0,17,1,0.189,0.0,0.143,0,0,0,101,0,0,0
2018,mixed,Derek VanRiper,Neil Walker,1221,NYY,2B,1,rel,previously_active,,96,26,11,0,9,0,23,7,0.25,0.0,0.24,5,0,42,32,25,0,16
2018,mixed,Derek VanRiper,Joey Wendle,4608,TB,2B,47,rel,previously_active,,15,4,0,0,0,0,3,0,0.0,0.0,0.0,0,0,0,101,20,10,17
2018,mixed,Derek VanRiper,Niko Goodrum,5931,Det,2B,11,trd,previously_active,,50,15,6,1,6,0,15,8,0.322,0.0,0.36,2,0,37,64,10,12,19
2018,mixed,Derek VanRiper,Nolan Arenado,3214,Col,3B,44,trd,previously_active,,321,84,58,22,63,2,71,45,0.388,0.0,0.583,2,0,0,0,152,0,0
2018,mixed,Derek VanRiper,Harrison Bader,5366,StL,OF,44,rel,previously_active,,16,10,2,0,0,0,6,2,0.333,0.0,0.312,0,0,0,0,0,0,113
2018,mixed,Derek VanRiper,*Yoenis Cespedes,3837,NYM,OF,13,rel,previously_active,,118,31,15,7,27,2,46,10,0.305,0.0,0.466,1,0,0,0,0,0,35
2018,mixed,Derek VanRiper,Stephen Piscotty,4095,Oak,OF,2,rel,previously_active,,97,27,11,1,12,0,20,8,0.345,0.0,0.381,0,0,0,0,0,0,151
2018,mixed,Derek VanRiper,Aaron Altherr,3660,Phi,OF,0,rel,previously_active,,25,9,3,2,7,0,9,4,0.207,0.0,0.32,0,0,0,0,0,0,79
2018,mixed,Derek VanRiper,Brandon Nimmo,3778,NYM,OF,0,trd,previously_active,,133,38,26,10,21,4,44,14,0.387,0.0,0.624,0,0,0,0,0,0,126
2018,mixed,Derek VanRiper,*Jason Castro,2343,Min,C,1,rel,previously_active,,63,19,4,1,3,0,26,9,0.257,0.0,0.238,0,19,0,0,0,0,0
2018,mixed,Derek VanRiper,Luke Maile,4804,Tor,C,11,rel,previously_active,,53,19,6,1,5,0,22,7,0.258,0.0,0.264,0,66,0,0,0,0,0
2018,mixed,Derek VanRiper,Brett Phillips,5048,KC,UT,44,res,previously_active,OF,63,20,8,1,4,1,26,6,0.271,0.0,0.349,1,0,0,0,0,0,45
2018,mixed,Derek VanRiper,Greg Bird,4379,NYY,UT,15,trd,previously_active,,38,11,2,1,2,0,9,6,0.326,0.0,0.289,4,0,74,0,0,0,0
2018,mixed,Derek VanRiper,Manuel Margot,4858,SD,UT,9,rel,previously_active,,242,67,30,4,22,8,40,15,0.282,0.0,0.36,0,0,0,0,0,0,136
2018,mixed,Derek VanRiper,Nick Delmonico,4077,CWS,UT,77,rel,previously_active,,21,5,0,0,1,1,2,1,0.227,0.0,0.19,3,0,7,0,0,0,76
2018,mixed,Derek VanRiper,Trevor Story,4020,Col,MI,9,trd,previously_active,,446,117,59,24,81,15,123,36,0.346,0.0,0.547,0,0,0,0,0,156,0
2018,mixed,Derek VanRiper,David Bote,6286,ChC,MI,33,rel,previously_active,,16,6,3,3,6,0,5,2,0.333,0.0,0.812,0,0,2,13,56,2,1
2018,mixed,Derek VanRiper,Brett Phillips,5048,KC,UT,44,res,reserved,OF,23,9,1,0,0,0,10,2,0.2,0.0,0.13,1,0,0,0,0,0,45
2018,mixed,Derek VanRiper,Eric Hosmer,2563,SD,1B,15,act,previously_reserved,"1B,CI",11,3,2,0,0,0,2,3,0.571,0.0,0.636,0,0,157,0,0,0,0
2018,mixed,Derek VanRiper,Neil Walker,1221,NYY,2B,1,rel,previously_reserved,,172,59,26,7,24,0,47,22,0.327,0.0,0.39,5,0,42,32,25,0,16
2018,mixed,Derek VanRiper,Joey Wendle,4608,TB,2B,47,rel,previously_reserved,,41,12,1,0,2,1,10,2,0.318,0.0,0.293,0,0,0,101,20,10,17
2018,mixed,Derek VanRiper,Niko Goodrum,5931,Det,2B,11,trd,previously_reserved,,32,11,5,2,6,1,11,4,0.359,0.0,0.562,2,0,37,64,10,12,19
2018,mixed,Derek VanRiper,Devon Travis,4603,Tor,2B,11,rel,previously_reserved,,12,4,1,0,1,0,1,1,0.429,0.0,0.333,0,0,0,101,0,0,0
2018,mixed,Derek VanRiper,Brad Miller,4310,FA,2B,23,rel,previously_reserved,,11,4,0,0,0,0,3,1,0.333,0.0,0.455,6,0,36,21,0,6,0
2018,mixed,Derek VanRiper,Travis Shaw,4819,Mil,3B,9,act,previously_reserved,"1B,3B,2B,CI",34,10,2,1,3,0,4,6,0.333,0.0,0.324,0,0,17,39,107,0,0
2018,mixed,Derek VanRiper,Brandon Nimmo,3778,NYM,OF,0,trd,previously_reserved,,65,28,14,2,4,3,21,14,0.434,0.0,0.462,0,0,0,0,0,0,126
2018,mixed,Derek VanRiper,Aaron Altherr,3660,Phi,OF,0,rel,previously_reserved,,185,80,19,4,26,1,72,29,0.301,0.0,0.303,0,0,0,0,0,0,79
2018,mixed,Derek VanRiper,Stephen Piscotty,4095,Oak,OF,2,rel,previously_reserved,,61,18,6,2,5,0,14,2,0.159,0.0,0.262,0,0,0,0,0,0,151
2018,mixed,Derek VanRiper,Jose Alb Martinez,5460,StL,OF,1,act,previously_reserved,"OF,1B,CI",26,7,1,1,5,0,7,4,0.233,0.0,0.269,8,0,84,0,0,0,46
2018,mixed,Derek VanRiper,*Yoenis Cespedes,3837,NYM,OF,13,rel,previously_reserved,,23,7,5,2,2,1,4,3,0.423,0.0,0.652,1,0,0,0,0,0,35
2018,mixed,Derek VanRiper,David Dahl,4049,Col,OF,0,act,previously_reserved,OF,4,2,0,0,1,1,3,2,0.5,0.0,0.25,0,0,0,0,0,0,62
2018,mixed,Derek VanRiper,Brian Goodwin,3779,KC,OF,44,rel,previously_reserved,,12,3,2,0,1,0,2,1,0.385,0.0,0.417,0,0,0,0,0,0,52
2018,mixed,Derek VanRiper,Nomar Mazara,3791,Tex,OF,16,act,previously_reserved,OF,15,4,3,1,2,0,0,2,0.353,0.0,0.467,12,0,0,0,0,0,115
2018,mixed,Derek VanRiper,Nick Delmonico,4077,CWS,UT,77,rel,previously_reserved,,18,6,3,0,2,0,4,3,0.381,0.0,0.389,3,0,7,0,0,0,76
2018,mixed,Derek VanRiper,Manuel Margot,4858,SD,UT,9,rel,previously_reserved,,157,47,14,2,19,2,36,11,0.31,0.0,0.401,0,0,0,0,0,0,136
2018,mixed,Derek VanRiper,Greg Bird,4379,NYY,UT,15,trd,previously_reserved,,76,24,7,4,7,0,27,10,0.318,0.0,0.461,4,0,74,0,0,0,0
2018,mixed,Derek VanRiper,Miguel Andujar,5142,NYY,CI,0,act,previously_reserved,"UT,3B,CI",103,27,16,6,21,0,16,6,0.369,0.0,0.67,14,0,0,0,136,0,0
2018,mixed,Derek VanRiper,Ketel Marte,4847,Ari,MI,22,act,previously_reserved,"2B,SS,MI",93,32,11,3,10,3,14,18,0.395,0.0,0.441,0,0,0,131,0,28,0
2018,mixed,Jeff Zimmerman,Rowdy Tellez,4892,Tor,1B,24,act,active,1B,28,11,2,1,3,0,10,1,0.233,0.0,0.357,3,0,17,0,0,0,0
2018,mixed,Jeff Zimmerman,Asdrubal Cabrera,400,Phi,2B,1,act,active,"3B,SS,2B,CI,MI",530,142,66,22,72,0,116,40,0.317,0.0,0.457,4,0,0,92,22,31,0
2018,mixed,Jeff Zimmerman,Eduardo Escobar,3138,Ari,SS,46,act,active,"3B,SS,MI,CI",566,151,75,23,84,2,126,52,0.334,0.0,0.489,0,0,0,1,131,21,0
2018,mixed,Jeff Zimmerman,Anthony Rendon,3205,Was,3B,25,act,active,"3B,CI",495,128,85,23,82,2,77,52,0.375,0.0,0.539,0,0,0,0,136,0,0
2018,mixed,Jeff Zimmerman,Mitch Haniger,4480,Sea,OF,2,act,active,OF,596,157,90,26,93,8,148,70,0.366,0.0,0.493,1,0,0,0,0,0,156
2018,mixed,Jeff Zimmerman,Shin-Soo Choo,405,Tex,OF,5,act,active,OF,516,135,77,19,59,6,142,83,0.37,0.0,0.422,85,0,0,0,0,0,59
2018,mixed,Jeff Zimmerman,Kevin Pillar,4578,Tor,OF,1,act,active,OF,500,138,62,15,58,13,95,18,0.282,0.0,0.424,0,0,0,0,0,0,142
2018,mixed,Jeff Zimmerman,Mike Trout,2844,LAA,OF,56,act,active,OF,460,137,99,39,79,24,120,121,0.461,0.0,0.63,15,0,0,0,0,0,125
2018,mixed,Jeff Zimmerman,Daniel Palka,4967,CWS,OF,1,act,active,OF,127,35,12,4,14,0,47,10,0.309,0.0,0.37,46,0,0,0,0,0,68
2018,mixed,Jeff Zimmerman,Victor Caratini,4876,ChC,C,0,act,active,"C,1B",29,11,4,1,7,0,7,0,0.323,0.0,0.414,0,37,20,0,3,0,0
2018,mixed,Jeff Zimmerman,Willians Astudillo,5536,Min,C,2,act,active,"3B,C",38,10,3,0,11,0,1,1,0.4,0.0,0.5,3,16,0,2,6,0,1
2018,mixed,Jeff Zimmerman,Alex Gordon,681,KC,UT,0,act,active,OF,130,34,17,5,17,4,35,12,0.303,0.0,0.4,5,0,0,0,0,0,136
2018,mixed,Jeff Zimmerman,Matt Duffy,4893,TB,CI,2,act,active,3B,128,33,14,2,15,1,31,13,0.352,0.0,0.391,5,0,0,0,125,1,0
2018,mixed,Jeff Zimmerman,Daniel Murphy,2100,ChC,MI,12,act,active,"1B,2B,MI",287,79,39,12,36,3,34,18,0.351,0.25,0.488,4,0,14,71,0,0,0
2018,mixed,Jeff Zimmerman,Justin Smoak,2117,Tor,1B,12,res,previously_active,"1B,CI",496,143,66,25,77,0,152,83,0.354,0.0,0.462,9,0,134,0,0,0,0
2018,mixed,Jeff Zimmerman,Cesar Hernandez,3413,Phi,2B,9,trd,previously_active,,238,63,43,7,22,10,64,44,0.378,0.0,0.399,1,0,0,154,0,0,0
2018,mixed,Jeff Zimmerman,Jose Pirela,4383,SD,2B,4,rel,previously_active,,63,18,7,1,6,1,10,3,0.338,0.0,0.429,2,0,9,77,0,0,34
2018,mixed,Jeff Zimmerman,*Jake Lamb,4537,Ari,3B,14,rel,previously_active,,174,48,30,5,25,0,57,23,0.307,0.0,0.345,0,0,0,0,52,0,0
2018,mixed,Jeff Zimmerman,Jose Reyes,952,NYM,3B,0,rel,previously_active,,7,4,3,1,1,1,0,1,0.375,0.0,0.714,0,0,0,13,28,25,0
2018,mixed,Jeff Zimmerman,Miguel Sano,3148,Min,3B,0,rel,previously_active,,245,65,32,13,41,0,102,29,0.293,0.0,0.424,7,0,11,0,56,0,0
2018,mixed,Jeff Zimmerman,Michael Taylor,4060,Was,OF,2,rel,previously_active,,116,45,14,1,13,13,28,9,0.352,0.0,0.397,1,0,1,0,0,0,113
2018,mixed,Jeff Zimmerman,Danny Valencia,2398,FA,OF,1,rel,previously_active,,16,5,1,0,0,0,1,1,0.235,0.0,0.187,15,0,2,0,39,0,19
2018,mixed,Jeff Zimmerman,Leury Garcia,4245,CWS,OF,1,rel,previously_active,,22,6,0,0,4,0,7,2,0.292,0.0,0.273,0,0,0,7,1,5,68
2018,mixed,Jeff Zimmerman,Travis Jankowski,4479,SD,OF,154,rel,previously_active,,156,49,16,0,8,9,33,16,0.306,0.0,0.276,0,0,0,0,0,0,101
2018,mixed,Jeff Zimmerman,Jon Jay,2475,Ari,OF,4,rel,previously_active,,49,12,4,0,3,0,12,4,0.278,0.0,0.245,7,0,0,0,0,0,118
2018,mixed,Jeff Zimmerman,Christin Stewart,5677,Det,OF,2,res,previously_active,OF,49,13,6,2,7,0,12,7,0.351,0.0,0.388,1,0,0,0,0,0,15
2018,mixed,Jeff Zimmerman,Mark Canha,4430,Oak,OF,54,rel,previously_active,,75,21,10,4,11,0,23,5,0.263,0.0,0.427,3,0,15,0,0,0,108
2018,mixed,Jeff Zimmerman,Caleb Joseph,3041,Bal,C,0,rel,previously_active,,14,4,0,0,0,0,1,0,0.071,0.0,0.071,0,81,2,0,0,0,0
2018,mixed,Jeff Zimmerman,Russell Martin,787,Tor,C,7,rel,previously_active,,289,90,37,10,25,0,82,56,0.338,0.0,0.325,0,71,0,0,21,3,1
2018,mixed,Jeff Zimmerman,Francisco Mejia,4850,SD,C,32,res,previously_active,C,43,15,3,1,4,0,16,3,0.234,0.0,0.279,2,10,0,0,0,0,0
2018,mixed,Jeff Zimmerman,*Buster Posey,2187,SF,C,23,rel,previously_active,,398,105,47,5,41,3,53,45,0.359,0.0,0.382,3,88,13,0,0,0,0
2018,mixed,Jeff Zimmerman,Curtis Granderson,517,Mil,UT,0,trd,previously_active,,14,6,4,1,5,0,7,5,0.421,0.0,0.429,21,0,0,0,0,0,86
2018,mixed,Jeff Zimmerman,Lewis Brinson,4446,Mia,UT,0,rel,previously_active,,78,21,5,1,5,0,28,6,0.247,0.0,0.244,0,0,0,0,0,0,106
2018,mixed,Jeff Zimmerman,*Albert Pujols,1411,LAA,UT,2,dis,previously_active,1B,122,33,16,6,17,0,14,13,0.299,0.0,0.418,47,0,70,0,0,0,0
2018,mixed,Jeff Zimmerman,Yolmer Sanchez,4299,CWS,UT,14,rel,previously_active,,19,5,2,0,2,0,4,0,0.316,0.0,0.421,1,0,0,9,141,4,0
2018,mixed,Jeff Zimmerman,David Fletcher,6027,LAA,UT,24,rel,previously_active,,11,4,1,0,0,0,0,0,0.364,0.0,0.364,0,0,0,43,33,7,4
2018,mixed,Jeff Zimmerman,Yairo Munoz,5335,StL,CI,1,rel,previously_active,,37,13,3,0,4,0,9,5,0.357,0.0,0.405,0,0,0,26,24,40,22
2018,mixed,Jeff Zimmerman,Justin Smoak,2117,Tor,1B,12,res,reserved,"1B,CI",9,4,1,0,0,0,4,0,0.111,0.0,0.222,9,0,134,0,0,0,0
2018,mixed,Jeff Zimmerman,Christin Stewart,5677,Det,OF,2,res,reserved,OF,10,3,1,0,3,0,1,3,0.5,0.0,0.6,1,0,0,0,0,0,15
2018,mixed,Jeff Zimmerman,Francisco Mejia,4850,SD,C,32,res,reserved,C,0,0,0,0,0,0,0,0,0.0,0.0,0.0,2,10,0,0,0,0,0
2018,mixed,Jeff Zimmerman,*Albert Pujols,1411,LAA,UT,2,dis,reserved,1B,30,7,3,1,2,1,4,0,0.267,0.0,0.433,47,0,70,0,0,0,0
2018,mixed,Jeff Zimmerman,Rowdy Tellez,4892,Tor,1B,24,act,previously_reserved,1B,24,7,5,2,7,0,6,0,0.333,0.0,0.667,3,0,17,0,0,0,0
2018,mixed,Jeff Zimmerman,Asdrubal Cabrera,400,Phi,2B,1,act,previously_reserved,"3B,SS,2B,CI,MI",16,5,2,1,3,0,3,1,0.294,0.0,0.5,4,0,0,92,22,31,0
2018,mixed,Jeff Zimmerman,Jose Pirela,4383,SD,2B,4,rel,previously_reserved,,36,12,3,1,3,0,7,1,0.216,0.0,0.306,2,0,9,77,0,0,34
2018,mixed,Jeff Zimmerman,Ben Zobrist,1470,ChC,2B,1,rel,previously_reserved,,11,3,0,0,1,0,1,2,0.462,0.0,0.455,1,0,4,63,0,0,84
2018,mixed,Jeff Zimmerman,*Jake Lamb,4537,Ari,3B,14,rel,previously_reserved,,33,8,4,1,6,1,8,3,0.306,0.0,0.364,0,0,0,0,52,0,0
2018,mixed,Jeff Zimmerman,Miguel Sano,3148,Min,3B,0,rel,previously_reserved,,17,5,0,0,0,0,9,2,0.158,0.0,0.118,7,0,11,0,56,0,0
2018,mixed,Jeff Zimmerman,Anthony Rendon,3205,Was,3B,25,act,previously_reserved,"3B,CI",34,8,3,1,10,0,5,3,0.351,0.0,0.471,0,0,0,0,136,0,0
2018,mixed,Jeff Zimmerman,Shin-Soo Choo,405,Tex,OF,5,act,previously_reserved,OF,44,11,6,2,3,0,14,9,0.453,0.0,0.568,85,0,0,0,0,0,59
2018,mixed,Jeff Zimmerman,Mike Trout,2844,LAA,OF,56,act,previously_reserved,OF,11,3,2,0,0,0,4,1,0.417,0.0,0.545,15,0,0,0,0,0,125
2018,mixed,Jeff Zimmerman,Travis Jankowski,4479,SD,OF,154,rel,previously_reserved,,97,34,14,1,6,9,20,11,0.343,0.0,0.34,0,0,0,0,0,0,101
2018,mixed,Jeff Zimmerman,Michael Taylor,4060,Was,OF,2,rel,previously_reserved,,8,4,4,0,0,0,1,3,0.636,0.0,0.75,1,0,1,0,0,0,113
2018,mixed,Jeff Zimmerman,Kevin Pillar,4578,Tor,OF,1,act,previously_reserved,OF,12,4,3,0,1,1,3,0,0.308,0.0,0.5,0,0,0,0,0,0,142
2018,mixed,Jeff Zimmerman,Daniel Palka,4967,CWS,OF,1,act,previously_reserved,OF,36,11,7,6,9,0,14,4,0.325,0.0,0.75,46,0,0,0,0,0,68
2018,mixed,Jeff Zimmerman,Jon Jay,2475,Ari,OF,4,rel,previously_reserved,,24,6,1,0,0,0,4,2,0.308,0.0,0.25,7,0,0,0,0,0,118
2018,mixed,Jeff Zimmerman,Caleb Joseph,3041,Bal,C,0,rel,previously_reserved,,10,3,0,0,1,0,1,0,0.364,0.0,0.5,0,81,2,0,0,0,0
2018,mixed,Jeff Zimmerman,Victor Caratini,4876,ChC,C,0,act,previously_reserved,"C,1B",17,7,0,0,0,0,4,1,0.111,0.0,0.059,0,37,20,0,3,0,0
2018,mixed,Jeff Zimmerman,Lewis Brinson,4446,Mia,UT,0,rel,previously_reserved,,56,17,5,4,8,1,21,1,0.19,0.0,0.375,0,0,0,0,0,0,106
2018,mixed,Jeff Zimmerman,Alex Gordon,681,KC,UT,0,act,previously_reserved,OF,33,9,6,1,9,4,6,5,0.4,0.0,0.485,5,0,0,0,0,0,136
2018,mixed,Jeff Zimmerman,David Fletcher,6027,LAA,UT,24,rel,previously_reserved,,38,13,3,0,4,1,6,3,0.31,0.0,0.289,0,0,0,43,33,7,4
2018,mixed,Jeff Zimmerman,Curtis Granderson,517,Mil,UT,0,trd,previously_reserved,,37,13,6,1,4,0,10,5,0.405,0.0,0.514,21,0,0,0,0,0,86
2018,mixed,Jeff Zimmerman,Matt Duffy,4893,TB,CI,2,act,previously_reserved,3B,12,3,0,0,0,1,4,0,0.5,0.0,0.583,5,0,0,0,125,1,0
2018,mixed,Jeff Zimmerman,Yairo Munoz,5335,StL,CI,1,rel,previously_reserved,,21,8,2,0,1,0,5,2,0.174,0.0,0.143,0,0,0,26,24,40,22
2018,mixed,Jeff Zimmerman,Daniel Murphy,2100,ChC,MI,12,act,previously_reserved,"1B,2B,MI",41,12,1,0,6,0,6,2,0.233,0.0,0.22,4,0,14,71,0,0,0
2018,mixed,Bret Sayre,Joey Votto,345,Cin,1B,49,act,active,"1B,CI",266,79,34,6,40,1,60,62,0.41,0.0,0.406,2,0,139,0,0,0,0
2018,mixed,Bret Sayre,Jed Lowrie,201,Oak,2B,37,act,active,"UT,2B,3B,MI",596,157,78,23,99,0,128,78,0.353,0.0,0.448,4,0,0,136,14,0,0
2018,mixed,Bret Sayre,Jedd Gyorko,3700,StL,SS,0,act,active,"3B,CI,SS,1B,2B",235,82,25,8,32,1,51,22,0.314,0.0,0.4,0,0,5,17,96,5,0
2018,mixed,Bret Sayre,Nolan Arenado,3214,Col,3B,44,act,active,"3B,CI",269,72,46,16,47,0,51,28,0.356,0.25,0.535,2,0,0,0,152,0,0
2018,mixed,Bret Sayre,Jurickson Profar,3198,Tex,OF,112,act,active,"OF,SS,3B,1B,2B",307,85,52,14,44,6,53,35,0.351,0.0,0.472,1,0,24,10,51,68,1
2018,mixed,Bret Sayre,George Springer,3575,Hou,OF,32,act,active,OF,539,139,102,22,71,6,121,64,0.347,0.0,0.436,9,0,0,0,0,0,128
2018,mixed,Bret Sayre,Kyle Schwarber,4901,ChC,OF,13,act,active,OF,428,137,64,26,61,4,140,78,0.356,0.0,0.467,6,0,0,0,0,0,120
2018,mixed,Bret Sayre,Ronald Acuna,5737,Atl,OF,16,act,active,OF,414,106,75,25,60,15,119,42,0.359,0.0,0.541,1,0,0,0,0,0,108
2018,mixed,Bret Sayre,Billy Hamilton,3576,Cin,OF,19,act,active,OF,504,153,74,4,29,34,132,46,0.299,0.0,0.327,0,0,0,0,0,0,150
2018,mixed,Bret Sayre,Austin Hedges,4064,SD,C,14,act,active,C,197,58,22,11,24,3,50,13,0.294,0.0,0.482,1,83,0,0,0,0,0
2018,mixed,Bret Sayre,Robinson Chirinos,3011,Tex,C,2,act,active,C,360,113,48,18,65,2,140,45,0.338,0.0,0.419,3,108,0,0,0,0,0
2018,mixed,Bret Sayre,Tyler Austin,4116,Min,UT,12,act,active,"UT,1B,CI",100,28,14,6,19,0,34,9,0.264,0.0,0.42,27,0,42,0,0,0,0
2018,mixed,Bret Sayre,Justin Turner,2415,LAD,CI,21,act,active,"3B,CI",354,98,59,13,49,2,50,44,0.404,0.25,0.514,4,0,0,0,96,0,0
2018,mixed,Bret Sayre,Jason Kipnis,2727,Cle,MI,7,act,active,"2B,MI,OF",349,99,35,8,40,5,77,40,0.305,0.0,0.338,1,0,0,131,0,0,14
2018,mixed,Bret Sayre,Luis Valbuena,2200,FA,1B,36,trd,previously_active,,124,44,7,2,12,0,50,10,0.272,0.0,0.282,1,0,39,1,57,0,0
2018,mixed,Bret Sayre,Hanley Ramirez,566,FA,1B,1,rel,previously_active,,177,44,25,6,29,4,35,14,0.313,0.0,0.395,19,0,25,0,0,0,0
2018,mixed,Bret Sayre,Chris Davis,1544,Bal,1B,9,rel,previously_active,,126,35,5,2,9,0,47,13,0.25,0.0,0.23,12,0,116,0,0,0,0
2018,mixed,Bret Sayre,Greg Bird,4379,NYY,1B,15,rel,previously_active,,94,26,6,3,11,0,21,6,0.223,0.0,0.309,4,0,74,0,0,0,0
2018,mixed,Bret Sayre,Yairo Munoz,5335,StL,SS,63,rel,previously_active,,43,12,2,1,2,1,9,2,0.261,0.0,0.302,0,0,0,26,24,40,22
2018,mixed,Bret Sayre,Addison Russell,4162,ChC,SS,4,rel,previously_active,,267,78,32,2,26,3,51,24,0.299,0.0,0.311,0,0,0,0,0,129,0
2018,mixed,Bret Sayre,*Zack Cozart,3043,LAA,SS,2,rel,previously_active,,193,49,27,5,17,0,37,17,0.311,0.0,0.394,0,0,0,16,35,15,0
2018,mixed,Bret Sayre,*Jorge Soler,3918,KC,OF,0,dis,previously_active,OF,205,55,25,8,27,3,65,21,0.332,0.0,0.449,9,0,0,0,0,0,52
2018,mixed,Bret Sayre,Carlos Gomez,902,TB,OF,47,rel,previously_active,,101,26,11,3,7,1,34,5,0.229,0.0,0.307,6,0,0,1,0,0,103
2018,mixed,Bret Sayre,Greg Allen,5702,Cle,OF,17,res,previously_active,OF,92,33,14,1,13,9,16,6,0.34,0.0,0.348,1,0,0,0,0,0,87
2018,mixed,Bret Sayre,Nick Williams,4611,Phi,OF,67,trd,previously_active,,98,30,10,4,16,1,25,10,0.312,0.0,0.408,1,0,0,0,0,0,106
2018,mixed,Bret Sayre,Jon Jay,2475,Ari,OF,103,rel,previously_active,,94,23,16,1,6,1,15,2,0.262,0.0,0.266,7,0,0,0,0,0,118
2018,mixed,Bret Sayre,Joc Pederson,4090,LAD,OF,2,trd,previously_active,,90,33,18,7,16,0,16,8,0.317,0.0,0.567,0,0,0,0,0,0,132
2018,mixed,Bret Sayre,Brian McCann,73,Hou,C,6,rel,previously_active,,155,50,17,5,17,0,34,13,0.283,0.0,0.323,1,62,0,0,0,0,0
2018,mixed,Bret Sayre,Yolmer Sanchez,4299,CWS,UT,5,rel,previously_active,,42,10,3,1,7,2,7,2,0.25,0.0,0.333,1,0,0,9,141,4,0
2018,mixed,Bret Sayre,Daniel Vogelbach,4058,Sea,UT,27,rel,previously_active,,5,2,0,0,0,0,3,0,0.0,0.0,0.0,9,0,20,0,0,0,0
2018,mixed,Bret Sayre,Enrique Hernandez,4992,LAD,MI,0,rel,previously_active,,35,12,3,2,3,0,10,4,0.282,0.0,0.429,0,0,8,41,9,22,87
2018,mixed,Bret Sayre,*Troy Tulowitzki,461,Tor,SS,0,dis,reserved,"SS,MI",0,0,0,0,0,0,0,0,0.0,0.0,0.0,0,0,0,0,0,0,0
2018,mixed,Bret Sayre,Greg Allen,5702,Cle,OF,17,res,reserved,OF,14,7,3,0,1,4,3,1,0.562,0.0,0.786,1,0,0,0,0,0,87
2018,mixed,Bret Sayre,*Jorge Soler,3918,KC,OF,0,dis,reserved,OF,18,6,2,1,1,0,4,7,0.56,0.0,0.667,9,0,0,0,0,0,52
2018,mixed,Bret Sayre,Luis Valbuena,2200,FA,1B,36,trd,previously_reserved,,6,2,3,2,3,0,1,1,0.571,0.0,1.5,1,0,39,1,57,0,0
2018,mixed,Bret Sayre,Greg Bird,4379,NYY,1B,15,rel,previously_reserved,,50,14,7,3,15,0,17,6,0.31,0.0,0.5,4,0,74,0,0,0,0
2018,mixed,Bret Sayre,Chris Davis,1544,Bal,1B,9,rel,previously_reserved,,76,21,5,2,6,0,36,6,0.202,0.0,0.237,12,0,116,0,0,0,0
2018,mixed,Bret Sayre,Joey Votto,345,Cin,1B,49,act,previously_reserved,"1B,CI",5,1,0,0,0,0,1,0,0.0,0.0,0.0,2,0,139,0,0,0,0
2018,mixed,Bret Sayre,*Zack Cozart,3043,LAA,SS,2,rel,previously_reserved,,31,9,2,0,1,0,5,2,0.206,0.0,0.161,0,0,0,16,35,15,0
2018,mixed,Bret Sayre,Yairo Munoz,5335,StL,SS,63,rel,previously_reserved,,46,17,7,2,9,2,12,5,0.404,0.0,0.522,0,0,0,26,24,40,22
2018,mixed,Bret Sayre,Addison Russell,4162,ChC,SS,4,rel,previously_reserved,,111,32,19,3,11,1,34,13,0.392,0.0,0.468,0,0,0,0,0,129,0
2018,mixed,Bret Sayre,Jedd Gyorko,3700,StL,SS,0,act,previously_reserved,"3B,CI,SS,1B,2B",116,43,24,3,15,1,26,22,0.404,0.0,0.448,0,0,5,17,96,5,0
2018,mixed,Bret Sayre,George Springer,3575,Hou,OF,32,act,previously_reserved,OF,5,1,0,0,0,0,1,0,0.2,0.0,0.2,9,0,0,0,0,0,128
2018,mixed,Bret Sayre,Ronald Acuna,5737,Atl,OF,16,act,previously_reserved,OF,19,5,3,1,4,1,4,3,0.5,0.0,0.789,1,0,0,0,0,0,108
2018,mixed,Bret Sayre,Joc Pederson,4090,LAD,OF,2,trd,previously_reserved,,63,27,8,0,10,1,9,9,0.389,0.0,0.476,0,0,0,0,0,0,132
2018,mixed,Bret Sayre,Nick Williams,4611,Phi,OF,67,trd,previously_reserved,,25,9,3,1,5,0,6,3,0.516,0.0,0.64,1,0,0,0,0,0,106
2018,mixed,Bret Sayre,Daniel Vogelbach,4058,Sea,UT,27,rel,previously_reserved,,41,14,4,2,5,0,17,5,0.354,0.0,0.439,9,0,20,0,0,0,0
2018,mixed,Bret Sayre,Justin Turner,2415,LAD,CI,21,act,previously_reserved,"3B,CI",11,5,3,1,3,0,4,3,0.467,0.0,0.636,4,0,0,0,96,0,0
2018,mixed,Bret Sayre,Enrique Hernandez,4992,LAD,MI,0,rel,previously_reserved,,13,6,1,1,1,0,4,1,0.286,0.0,0.462,0,0,8,41,9,22,87
2018,mixed,Bret Sayre,Jason Kipnis,2727,Cle,MI,7,act,previously_reserved,"2B,MI,OF",181,48,30,10,35,2,35,20,0.335,0.0,0.486,1,0,0,131,0,0,14
2018,mixed,Zach Steinhorn,Carlos Santana,2181,Phi,1B,20,act,active,"1B,3B,CI",560,161,82,24,86,2,93,110,0.352,0.0,0.414,0,0,149,0,19,0,0
2018,mixed,Zach Steinhorn,Jonathan Schoop,4005,Mil,2B,17,act,active,"2B,MI,SS",473,131,61,21,61,1,115,19,0.266,0.0,0.416,0,0,0,116,0,17,0
2018,mixed,Zach Steinhorn,Marcus Semien,4300,Oak,SS,5,act,active,"UT,SS,MI",632,159,89,15,70,14,131,61,0.318,0.0,0.388,0,0,0,0,0,159,0
2018,mixed,Zach Steinhorn,Mike Moustakas,2004,Mil,3B,12,act,active,"3B,CI",573,152,66,28,95,4,103,49,0.315,0.25,0.459,17,0,4,0,128,0,0
2018,mixed,Zach Steinhorn,Jay Bruce,371,NYM,OF,9,act,active,"1B,OF",40,12,4,1,6,0,12,9,0.36,0.0,0.35,2,0,21,0,0,0,64
2018,mixed,Zach Steinhorn,Lorenzo Cain,2002,Mil,OF,19,act,active,OF,535,140,88,10,38,30,94,70,0.395,0.25,0.419,0,0,0,0,0,0,138
2018,mixed,Zach Steinhorn,Nick Markakis,134,Atl,OF,38,act,active,OF,611,159,76,13,88,1,78,68,0.363,0.0,0.437,2,0,0,0,0,0,160
2018,mixed,Zach Steinhorn,Mookie Betts,4670,Bos,OF,44,act,active,OF,520,136,129,32,80,30,91,81,0.438,0.0,0.64,3,0,0,1,0,0,131
2018,mixed,Zach Steinhorn,Ramon Laureano,5858,Oak,OF,58,act,active,OF,106,30,20,2,9,4,33,13,0.374,0.0,0.472,0,0,0,0,0,0,47
2018,mixed,Zach Steinhorn,Welington Castillo,2434,CWS,C,2,act,active,C,170,49,17,6,15,1,46,9,0.304,0.0,0.406,4,43,0,0,0,0,0
2018,mixed,Zach Steinhorn,Yasmani Grandal,3311,LAD,C,5,act,active,C,440,140,65,24,68,2,124,72,0.349,0.0,0.466,0,135,2,0,0,0,0
2018,mixed,Zach Steinhorn,Kyle Seager,3774,Sea,UT,1,act,active,"3B,CI",17,6,2,0,2,0,6,1,0.263,0.0,0.294,1,0,0,1,154,0,0
2018,mixed,Zach Steinhorn,Jesus Aguilar,4118,Mil,CI,22,act,active,"1B,3B,CI",448,126,72,34,100,0,135,54,0.346,0.25,0.54,2,0,132,0,5,0,0
2018,mixed,Zach Steinhorn,Yolmer Sanchez,4299,CWS,MI,8,act,active,"2B,3B,MI,CI",271,70,28,3,18,6,73,32,0.302,0.0,0.325,1,0,0,9,141,4,0
2018,mixed,Zach Steinhorn,Jose Reyes,952,NYM,2B,0,trd,previously_active,,4,1,0,0,0,0,1,0,0.0,0.0,0.0,0,0,0,13,28,25,0
2018,mixed,Zach Steinhorn,Wilmer Difo,5044,Was,2B,12,rel,previously_active,,57,19,11,2,11,1,9,11,0.42,0.0,0.456,0,0,0,112,20,9,1
2018,mixed,Zach Steinhorn,Orlando Arcia,4503,Mil,SS,10,rel,previously_active,,139,44,9,2,13,2,34,7,0.233,0.0,0.273,0,0,0,0,0,116,0
2018,mixed,Zach Steinhorn,Avisail Garcia,3485,CWS,OF,5,res,previously_active,OF,266,68,35,13,33,3,74,11,0.274,0.0,0.444,6,0,0,0,0,0,87
2018,mixed,Zach Steinhorn,Johnny Field,5313,Min,OF,18,rel,previously_active,,19,5,1,0,3,0,7,0,0.263,0.0,0.421,2,0,0,0,0,0,74
2018,mixed,Zach Steinhorn,Hunter Pence,639,SF,OF,0,rel,previously_active,,4,1,0,0,0,0,1,0,0.25,0.0,0.25,2,0,0,0,0,0,55
2018,mixed,Zach Steinhorn,Delino DeShields,3357,Tex,OF,11,res,previously_active,OF,270,76,44,2,18,18,69,35,0.304,0.0,0.274,3,0,0,0,0,0,102
2018,mixed,Zach Steinhorn,Cameron Maybin,573,Sea,OF,3,rel,previously_active,,78,28,7,0,5,1,22,9,0.292,0.0,0.295,0,0,0,0,0,0,112
2018,mixed,Zach Steinhorn,Martin Maldonado,2347,Hou,C,28,res,previously_active,C,178,56,17,3,21,0,51,7,0.245,0.0,0.287,0,117,0,0,0,0,0
2018,mixed,Zach Steinhorn,Lucas Duda,3305,Atl,UT,3,rel,previously_active,,154,41,18,7,20,0,39,11,0.299,0.0,0.429,24,0,63,0,0,0,0
2018,mixed,Zach Steinhorn,Adam Jones,133,Bal,UT,6,res,previously_active,OF,555,138,53,15,60,7,89,23,0.312,0.0,0.42,6,0,0,0,0,0,139
2018,mixed,Zach Steinhorn,Mitch Moreland,3033,Bos,UT,43,rel,previously_active,,240,71,32,5,33,1,69,28,0.288,0.0,0.329,1,0,116,0,0,0,0
2018,mixed,Zach Steinhorn,J.D. Davis,5453,Hou,UT,8,rel,previously_active,,3,2,3,0,0,0,1,3,0.5,0.0,0.0,0,0,13,0,23,0,5
2018,mixed,Zach Steinhorn,*Jose Iglesias,2913,Det,MI,17,dis,previously_active,"UT,SS,MI",15,5,3,0,1,0,2,3,0.333,0.0,0.267,0,0,0,0,0,122,0
2018,mixed,Zach Steinhorn,Freddy Galvis,3005,SD,MI,36,rel,previously_active,,116,32,9,2,14,0,33,10,0.281,0.0,0.345,0,0,0,5,0,160,0
2018,mixed,Zach Steinhorn,Delino DeShields,3357,Tex,OF,11,res,reserved,OF,64,30,8,0,4,2,14,8,0.333,0.0,0.312,3,0,0,0,0,0,102
2018,mixed,Zach Steinhorn,Avisail Garcia,3485,CWS,OF,5,res,reserved,OF,90,25,12,6,16,0,28,9,0.3,0.0,0.422,6,0,0,0,0,0,87
2018,mixed,Zach Steinhorn,Martin Maldonado,2347,Hou,C,28,res,reserved,C,45,16,3,1,2,0,10,1,0.239,0.0,0.289,0,117,0,0,0,0,0
2018,mixed,Zach Steinhorn,Adam Jones,133,Bal,UT,6,res,reserved,OF,25,7,1,0,3,0,4,1,0.345,0.0,0.4,6,0,0,0,0,0,139
2018,mixed,Zach Steinhorn,*Jose Iglesias,2913,Det,MI,17,dis,reserved,"UT,SS,MI",28,8,3,0,0,1,3,0,0.321,0.0,0.393,0,0,0,0,0,122,0
2018,mixed,Zach Steinhorn,Jose Reyes,952,NYM,2B,0,trd,previously_reserved,,20,13,1,0,0,1,3,1,0.19,0.0,0.15,0,0,0,13,28,25,0
2018,mixed,Zach Steinhorn,Wilmer Difo,5044,Was,2B,12,rel,previously_reserved,,15,6,0,0,0,0,2,0,0.067,0.0,0.067,0,0,0,112,20,9,1
2018,mixed,Zach Steinhorn,Orlando Arcia,4503,Mil,SS,10,rel,previously_reserved,,52,17,3,0,2,0,13,1,0.226,0.0,0.212,0,0,0,0,0,116,0
2018,mixed,Zach Steinhorn,Willie Calhoun,5692,Tex,OF,0,rel,previously_reserved,,69,22,7,1,9,0,17,5,0.325,0.0,0.391,1,0,0,0,0,0,27
2018,mixed,Zach Steinhorn,Lorenzo Cain,2002,Mil,OF,19,act,previously_reserved,OF,4,1,2,0,0,0,0,1,0.4,0.0,0.25,0,0,0,0,0,0,138
2018,mixed,Zach Steinhorn,Cameron Maybin,573,Sea,OF,3,rel,previously_reserved,,97,42,6,0,7,2,16,10,0.306,0.0,0.299,0,0,0,0,0,0,112
2018,mixed,Zach Steinhorn,Hunter Pence,639,SF,OF,0,rel,previously_reserved,,55,17,3,0,3,1,21,2,0.19,0.0,0.182,2,0,0,0,0,0,55
2018,mixed,Zach Steinhorn,Lucas Duda,3305,Atl,UT,3,rel,previously_reserved,,160,50,16,6,28,1,57,13,0.319,0.0,0.4,24,0,63,0,0,0,0
2018,mixed,Zach Steinhorn,Mitch Moreland,3033,Bos,UT,43,rel,previously_reserved,,110,34,15,8,23,1,24,14,0.352,0.0,0.582,1,0,116,0,0,0,0
2018,mixed,Al Melchior,Ryan O'Hearn,5940,KC,1B,6,act,active,1B,87,25,13,6,15,0,24,13,0.376,0.0,0.609,11,0,31,0,0,0,1
2018,mixed,Al Melchior,Gleyber Torres,4619,NYY,2B,2,act,active,"2B,SS",402,115,51,24,75,6,117,40,0.338,0.0,0.488,0,0,0,109,0,21,0
2018,mixed,Al Melchior,Manny Machado,3216,LAD,SS,31,act,active,"3B,SS,CI",632,162,84,37,107,14,104,70,0.367,0.25,0.538,0,0,0,0,16,147,0
2018,mixed,Al Melchior,Johan Camargo,4869,Atl,3B,0,act,active,"SS,3B,MI,CI",384,108,48,13,55,1,89,38,0.34,0.0,0.427,0,0,0,3,114,18,0
2018,mixed,Al Melchior,Max Kepler,3195,Min,OF,1,act,active,OF,279,83,42,11,29,3,52,34,0.286,0.0,0.362,3,0,1,0,0,0,150
2018,mixed,Al Melchior,Khris Davis,4217,Oak,OF,22,act,active,OF,357,94,66,31,77,0,111,40,0.333,0.0,0.566,139,0,0,0,0,0,11
2018,mixed,Al Melchior,Juan Soto,6043,Was,OF,412,act,active,OF,231,63,43,12,39,3,58,44,0.393,0.0,0.494,0,0,0,0,0,0,114
2018,mixed,Al Melchior,Aaron Judge,4601,NYY,OF,39,act,active,OF,413,111,77,27,67,6,152,76,0.392,0.0,0.528,19,0,0,0,0,0,91
2018,mixed,Al Melchior,Nick Martini,4542,Oak,OF,0,act,active,OF,36,10,7,1,5,0,10,5,0.415,0.0,0.5,0,0,0,0,0,0,50
2018,mixed,Al Melchior,Aramis Garcia,5193,SF,C,0,act,active,"C,1B",22,6,1,1,2,0,12,2,0.25,0.0,0.318,0,7,10,0,0,0,0
2018,mixed,Al Melchior,Kevin Plawecki,4517,NYM,C,0,act,active,C,27,10,2,1,3,0,8,2,0.172,0.0,0.259,0,71,3,0,0,0,0
2018,mixed,Al Melchior,Tony Kemp,5292,Hou,UT,2,act,active,"2B,OF",95,31,12,2,8,1,23,6,0.272,0.0,0.326,1,0,0,7,0,0,85
2018,mixed,Al Melchior,Rhys Hoskins,5321,Phi,CI,29,act,active,"1B,OF,CI",551,151,88,33,91,5,150,87,0.355,0.0,0.494,4,0,17,0,0,0,135
2018,mixed,Al Melchior,Adalberto Mondesi,4431,KC,MI,11,act,active,"SS,2B,MI",272,74,47,14,37,32,75,11,0.309,0.0,0.504,2,0,0,12,0,61,0
2018,mixed,Al Melchior,Kendrys Morales,741,Tor,1B,17,res,previously_active,1B,164,50,19,10,27,0,31,20,0.349,0.0,0.463,99,0,18,0,1,0,0
2018,mixed,Al Melchior,C.J. Cron,3696,TB,1B,0,trd,previously_active,,218,56,31,11,28,1,56,16,0.316,0.0,0.44,70,0,61,0,0,0,0
2018,mixed,Al Melchior,Daniel Descalso,2899,Ari,2B,55,rel,previously_active,,76,29,11,2,16,0,25,14,0.37,0.0,0.434,7,0,11,52,37,0,5
2018,mixed,Al Melchior,JaCoby Jones,4996,Det,OF,23,rel,previously_active,,23,6,1,0,0,0,8,1,0.208,0.0,0.304,5,0,0,0,0,0,120
2018,mixed,Al Melchior,Nick Delmonico,4077,CWS,OF,0,rel,previously_active,,25,9,3,0,1,0,3,3,0.276,0.0,0.24,3,0,7,0,0,0,76
2018,mixed,Al Melchior,Domingo Santana,3213,Mil,OF,14,rel,previously_active,,157,50,14,2,14,1,53,17,0.345,0.0,0.369,1,0,0,0,0,0,55
2018,mixed,Al Melchior,Ryan Rua,4932,Tex,OF,0,rel,previously_active,,20,7,1,0,2,1,4,1,0.227,0.0,0.25,2,0,7,0,0,0,45
2018,mixed,Al Melchior,Preston Tucker,4496,Atl,OF,0,rel,previously_active,,14,6,1,0,0,0,4,0,0.286,0.0,0.429,1,0,0,0,0,0,41
2018,mixed,Al Melchior,Greg Allen,5702,Cle,OF,0,rel,previously_active,,16,6,0,0,0,0,7,0,0.0,0.0,0.0,1,0,0,0,0,0,87
2018,mixed,Al Melchior,Nick Williams,4611,Phi,OF,67,res,previously_active,OF,156,45,22,6,15,1,44,9,0.315,0.0,0.417,1,0,0,0,0,0,106
2018,mixed,Al Melchior,Guillermo Heredia,5329,Sea,OF,25,rel,previously_active,,94,32,6,0,3,0,24,8,0.262,0.0,0.255,2,0,0,0,0,0,120
2018,mixed,Al Melchior,Derek Fisher,4917,Hou,OF,2,rel,previously_active,,52,28,8,0,4,2,28,3,0.161,0.0,0.231,2,0,0,0,0,0,37
2018,mixed,Al Melchior,*Franchy Cordero,4877,SD,OF,0,dis,previously_active,OF,121,35,16,5,16,4,51,14,0.311,0.0,0.413,0,0,0,0,0,0,37
2018,mixed,Al Melchior,Tyler O'Neill,5423,StL,OF,226,rel,previously_active,,5,2,0,0,0,0,3,0,0.0,0.0,0.0,0,0,0,0,0,0,42
2018,mixed,Al Melchior,Tyler Flowers,2355,Atl,C,2,rel,previously_active,,185,61,22,6,26,0,54,27,0.356,0.0,0.373,1,76,0,0,0,0,0
2018,mixed,Al Melchior,Max Stassi,3002,Hou,C,0,rel,previously_active,,153,55,19,5,18,0,51,17,0.301,0.0,0.359,1,82,0,0,0,0,0
2018,mixed,Al Melchior,Francisco Arcia,4378,LAA,C,2,rel,previously_active,,13,6,0,0,0,0,7,0,0.077,0.0,0.077,1,34,1,0,0,0,0
2018,mixed,Al Melchior,Christian Vazquez,4248,Bos,C,1,rel,previously_active,,71,20,6,0,3,0,12,3,0.247,0.0,0.239,1,75,0,0,2,0,0
2018,mixed,Al Melchior,Alex Avila,2369,Ari,C,1,rel,previously_active,,69,29,6,2,4,0,38,11,0.25,0.0,0.217,0,61,3,0,0,0,0
2018,mixed,Al Melchior,Spencer Kieboom,5242,Was,C,0,rel,previously_active,,7,3,0,0,2,0,2,2,0.444,0.0,0.286,0,49,3,0,1,0,0
2018,mixed,Al Melchior,Manuel Pina,2391,Mil,C,2,rel,previously_active,,40,14,4,1,2,0,12,4,0.378,0.0,0.45,0,92,1,0,0,0,0
2018,mixed,Al Melchior,Joe Mauer,889,Min,UT,1,rel,previously_active,,169,46,21,1,12,0,30,28,0.387,0.0,0.349,33,1,90,0,0,0,1
2018,mixed,Al Melchior,Dixon Machado,4214,Det,UT,1,rel,previously_active,,24,7,5,1,4,0,3,3,0.276,0.0,0.333,1,0,0,64,0,0,0
2018,mixed,Al Melchior,Billy McKinney,4849,Tor,UT,6,rel,previously_active,,56,16,4,1,2,0,14,3,0.283,0.0,0.375,0,0,1,0,0,0,36
2018,mixed,Al Melchior,Lourdes Gurriel,5350,Tor,UT,46,res,previously_active,"UT,2B,SS",44,13,4,2,4,1,10,2,0.261,0.0,0.386,0,0,0,24,0,46,0
2018,mixed,Al Melchior,Kyle Seager,3774,Sea,UT,14,rel,previously_active,,426,111,47,17,65,2,101,27,0.276,0.0,0.408,1,0,0,1,154,0,0
2018,mixed,Al Melchior,Denard Span,907,Sea,UT,0,rel,previously_active,,29,9,3,1,6,1,8,8,0.368,0.0,0.345,10,0,0,0,0,0,121
2018,mixed,Al Melchior,Brandon Lowe,6565,TB,UT,8,rel,previously_active,,15,5,0,0,0,0,6,2,0.118,0.0,0.0,0,0,0,28,0,0,15
2018,mixed,Al Melchior,Yulieski Gurriel,2160,Hou,CI,0,rel,previously_active,,313,78,37,3,40,3,33,12,0.309,0.0,0.374,8,0,109,15,21,2,0
2018,mixed,Al Melchior,Danny Valencia,2398,FA,CI,0,rel,previously_active,,29,8,2,1,4,0,9,1,0.226,0.0,0.345,15,0,2,0,39,0,19
2018,mixed,Al Melchior,Tyler Saladino,4001,Mil,MI,25,rel,previously_active,,42,13,1,0,3,1,17,3,0.326,0.0,0.262,2,0,0,6,3,28,0
2018,mixed,Al Melchior,Jonathan Villar,3345,Bal,MI,5,trd,previously_active,,135,42,9,4,16,6,42,8,0.301,0.0,0.37,0,0,0,110,0,18,0
2018,mixed,Al Melchior,Ketel Marte,4847,Ari,MI,1,rel,previously_active,,63,15,7,0,7,0,12,3,0.303,0.0,0.397,0,0,0,131,0,28,0
2018,mixed,Al Melchior,*Jose Iglesias,2913,Det,MI,0,rel,previously_active,,98,29,6,0,10,3,9,1,0.304,0.0,0.347,0,0,0,0,0,122,0
2018,mixed,Al Melchior,Aledmys Diaz,4500,Tor,MI,22,rel,previously_active,,38,10,6,2,5,1,4,3,0.286,0.0,0.368,1,0,0,0,38,95,0
2018,mixed,Al Melchior,Logan Forsythe,2920,Min,MI,0,rel,previously_active,,32,8,1,1,2,0,5,3,0.229,0.0,0.25,1,0,1,99,12,0,1
2018,mixed,Al Melchior,Kendrys Morales,741,Tor,1B,17,res,reserved,1B,4,2,0,0,0,0,2,0,0.0,0.0,0.0,99,0,18,0,1,0,0
2018,mixed,Al Melchior,*Franchy Cordero,4877,SD,OF,0,dis,reserved,OF,18,5,3,2,3,1,4,0,0.278,0.0,0.611,0,0,0,0,0,0,37
2018,mixed,Al Melchior,Nick Williams,4611,Phi,OF,67,res,reserved,OF,5,5,2,0,0,0,2,0,0.2,0.0,0.2,1,0,0,0,0,0,106
2018,mixed,Al Melchior,Lourdes Gurriel,5350,Tor,UT,46,res,reserved,"UT,2B,SS",119,31,15,4,13,0,35,6,0.25,0.0,0.336,0,0,0,24,0,46,0
2018,mixed,Al Melchior,C.J. Cron,3696,TB,1B,0,trd,previously_reserved,,26,6,4,4,8,0,7,0,0.429,0.0,0.846,70,0,61,0,0,0,0
2018,mixed,Al Melchior,Gleyber Torres,4619,NYY,2B,2,act,previously_reserved,"2B,SS",29,8,3,0,2,0,5,2,0.355,0.0,0.379,0,0,0,109,0,21,0
2018,mixed,Al Melchior,Daniel Descalso,2899,Ari,2B,55,rel,previously_reserved,,11,8,3,0,0,0,2,7,0.556,0.0,0.364,7,0,11,52,37,0,5
2018,mixed,Al Melchior,Johan Camargo,4869,Atl,3B,0,act,previously_reserved,"SS,3B,MI,CI",49,13,10,4,12,0,11,6,0.411,0.0,0.633,0,0,0,3,114,18,0
2018,mixed,Al Melchior,Derek Fisher,4917,Hou,OF,2,rel,previously_reserved,,22,8,5,4,7,0,9,2,0.36,0.0,0.864,2,0,0,0,0,0,37
2018,mixed,Al Melchior,Tyler O'Neill,5423,StL,OF,226,rel,previously_reserved,,6,3,2,0,0,0,2,0,0.167,0.0,0.167,0,0,0,0,0,0,42
2018,mixed,Al Melchior,Aaron Judge,4601,NYY,OF,39,act,previously_reserved,OF,0,1,0,0,0,0,0,0,0.0,0.0,0.0,19,0,0,0,0,0,91
2018,mixed,Al Melchior,Domingo Santana,3213,Mil,OF,14,rel,previously_reserved,,32,12,1,1,3,0,16,1,0.147,0.0,0.281,1,0,0,0,0,0,55
2018,mixed,Al Melchior,Max Kepler,3195,Min,OF,1,act,previously_reserved,OF,38,12,10,2,5,0,8,6,0.478,0.0,0.632,3,0,1,0,0,0,150
2018,mixed,Al Melchior,Manuel Pina,2391,Mil,C,2,rel,previously_reserved,,14,6,2,1,3,2,1,2,0.471,0.0,0.643,0,92,1,0,0,0,0
2018,mixed,Al Melchior,Tyler Flowers,2355,Atl,C,2,rel,previously_reserved,,42,12,7,1,2,0,12,6,0.327,0.0,0.286,1,76,0,0,0,0,0
2018,mixed,Al Melchior,Mitch Moreland,3033,Bos,UT,1,rel,previously_reserved,,27,11,4,0,2,0,3,3,0.367,0.0,0.444,1,0,116,0,0,0,0
2018,mixed,Al Melchior,Kyle Seager,3774,Sea,UT,14,rel,previously_reserved,,118,32,10,4,9,0,26,8,0.252,0.0,0.364,1,0,0,1,154,0,0
2018,mixed,Al Melchior,Tony Kemp,5292,Hou,UT,2,act,previously_reserved,"2B,OF",37,18,7,1,4,1,6,6,0.372,0.0,0.432,1,0,0,7,0,0,85
2018,mixed,Al Melchior,Denard Span,907,Sea,UT,0,rel,previously_reserved,,11,5,1,0,4,0,2,0,0.333,0.0,0.455,10,0,0,0,0,0,121
2018,mixed,Al Melchior,Brandon Lowe,6565,TB,UT,8,rel,previously_reserved,,10,3,0,0,2,0,4,1,0.417,0.0,0.4,0,0,0,28,0,0,15
2018,mixed,Al Melchior,Joe Mauer,889,Min,UT,1,rel,previously_reserved,,86,22,12,2,17,0,9,6,0.319,0.0,0.407,33,1,90,0,0,0,1
2018,mixed,Al Melchior,Rhys Hoskins,5321,Phi,CI,29,act,previously_reserved,"1B,OF,CI",7,2,1,1,5,0,0,0,0.25,0.0,0.714,4,0,17,0,0,0,135
2018,mixed,Al Melchior,Yulieski Gurriel,2160,Hou,CI,0,rel,previously_reserved,,109,28,18,4,20,2,14,6,0.342,0.0,0.495,8,0,109,15,21,2,0
2018,mixed,Al Melchior,Scott Kingery,5424,Phi,MI,0,trd,previously_reserved,,50,13,8,2,12,2,13,3,0.315,0.0,0.54,0,0,0,4,10,119,7
2018,mixed,Al Melchior,Aledmys Diaz,4500,Tor,MI,22,rel,previously_reserved,,41,14,5,2,4,0,7,3,0.289,0.0,0.415,1,0,0,0,38,95,0
2018,mixed,Al Melchior,Logan Forsythe,2920,Min,MI,0,rel,previously_reserved,,81,26,10,1,9,1,11,6,0.284,0.0,0.358,1,0,1,99,12,0,1
2018,mixed,Al Melchior,Tyler Saladino,4001,Mil,MI,25,rel,previously_reserved,,28,10,3,1,4,1,8,5,0.265,0.0,0.286,2,0,0,6,3,28,0
2018,mixed,Al Melchior,Jonathan Villar,3345,Bal,MI,5,trd,previously_reserved,,47,16,6,1,4,3,17,4,0.377,0.0,0.468,0,0,0,110,0,18,0
2018,mixed,Al Melchior,Ketel Marte,4847,Ari,MI,1,rel,previously_reserved,,59,16,4,1,2,1,6,6,0.231,0.0,0.203,0,0,0,131,0,28,0
2018,mixed,Ray Flowers,Ryan Braun,858,Mil,1B,2,act,active,"OF,1B",164,52,26,10,29,4,30,17,0.361,0.25,0.537,3,0,18,0,0,0,93
2018,mixed,Ray Flowers,Robinson Cano,1008,Sea,2B,17,act,active,"2B,1B,MI",289,75,43,10,50,0,45,31,0.377,0.0,0.484,2,0,14,69,2,0,0
2018,mixed,Ray Flowers,Amed Rosario,4884,NYM,SS,46,act,active,"SS,MI",187,46,28,3,14,12,39,10,0.276,0.0,0.337,0,0,0,0,0,146,0
2018,mixed,Ray Flowers,Todd Frazier,1979,NYM,3B,7,act,active,"UT,3B,CI",375,106,50,16,56,8,100,48,0.311,0.0,0.392,1,0,0,0,109,0,0
2018,mixed,Ray Flowers,Cedric Mullins,6128,Bal,OF,39,act,active,OF,134,35,17,4,7,1,30,11,0.272,0.0,0.328,0,0,0,0,0,0,45
2018,mixed,Ray Flowers,Andrew McCutchen,1222,NYY,OF,18,act,active,OF,569,155,83,20,65,14,145,95,0.368,0.0,0.424,2,0,0,0,0,0,152
2018,mixed,Ray Flowers,Justin Upton,39,LAA,OF,27,act,active,OF,509,139,79,30,82,8,163,64,0.352,0.0,0.477,4,0,0,0,0,0,140
2018,mixed,Ray Flowers,Ben Zobrist,1470,ChC,OF,23,act,active,"2B,OF,MI",256,79,34,5,32,2,31,26,0.379,0.25,0.465,1,0,4,63,0,0,84
2018,mixed,Ray Flowers,Ender Inciarte,4264,Atl,OF,11,act,active,OF,570,150,79,10,60,25,83,48,0.322,0.0,0.381,0,0,0,0,0,0,155
2018,mixed,Ray Flowers,Tyler Flowers,2355,Atl,C,1,act,active,C,10,4,2,0,0,0,5,2,0.25,0.0,0.2,1,76,0,0,0,0,0
2018,mixed,Ray Flowers,Matt Wieters,146,Was,C,1,act,active,C,161,55,16,7,25,0,30,21,0.349,0.0,0.416,0,73,0,0,0,0,0
2018,mixed,Ray Flowers,Peter O'Brien,4794,Mia,UT,2,act,active,1B,24,6,4,1,3,0,8,2,0.346,0.0,0.5,0,0,17,0,0,0,2
2018,mixed,Ray Flowers,Ehire Adrianza,2645,Min,CI,0,act,active,"3B,OF,SS,1B,2B,MI",11,4,1,0,0,1,1,1,0.167,0.0,0.091,1,0,10,5,28,64,5
2018,mixed,Ray Flowers,Adam Frazier,5555,Pit,MI,19,act,active,"2B,OF,MI",101,32,17,4,13,0,16,9,0.31,0.0,0.406,2,0,0,55,0,0,35
2018,mixed,Ray Flowers,*Miguel Cabrera,509,Det,1B,20,rel,previously_active,,124,35,16,3,22,0,24,20,0.393,0.0,0.46,5,0,32,0,0,0,0
2018,mixed,Ray Flowers,Kendrys Morales,741,Tor,1B,17,trd,previously_active,,68,25,16,6,9,0,19,15,0.417,0.0,0.603,99,0,18,0,1,0,0
2018,mixed,Ray Flowers,Xander Bogaerts,3822,Bos,SS,20,res,previously_active,"SS,MI",491,130,68,21,93,8,98,53,0.355,0.0,0.507,0,0,0,0,0,136,0
2018,mixed,Ray Flowers,Chad Pinder,5441,Oak,3B,31,rel,previously_active,,86,29,10,2,8,0,24,8,0.284,0.0,0.337,1,0,1,21,16,3,73
2018,mixed,Ray Flowers,Juan Soto,6043,Was,OF,412,trd,previously_active,,180,51,33,9,29,2,39,35,0.423,0.0,0.533,0,0,0,0,0,0,114
2018,mixed,Ray Flowers,Gregory Polanco,4166,Pit,OF,9,rel,previously_active,,428,119,68,20,71,12,108,54,0.327,0.0,0.474,0,0,0,0,0,0,124
2018,mixed,Ray Flowers,Bradley Zimmer,4122,Cle,OF,6,rel,previously_active,,72,24,7,1,3,3,28,2,0.257,0.0,0.333,0,0,0,0,0,0,34
2018,mixed,Ray Flowers,*Travis D'Arnaud,2621,NYM,C,3,rel,previously_active,,15,4,1,1,3,0,5,1,0.25,0.0,0.4,0,4,0,0,0,0,0
2018,mixed,Ray Flowers,*John Hicks,4309,Det,C,29,dis,previously_active,"C,1B,CI",240,68,28,6,24,0,70,18,0.305,0.0,0.371,0,21,59,0,0,0,0
2018,mixed,Ray Flowers,Devin Mesoraco,1987,NYM,C,39,trd,previously_active,,54,18,11,4,9,0,11,8,0.349,0.0,0.5,1,67,1,0,0,0,0
2018,mixed,Ray Flowers,Martin Maldonado,2347,Hou,C,19,rel,previously_active,,41,13,4,0,4,0,8,3,0.217,0.0,0.146,0,117,0,0,0,0,0
2018,mixed,Ray Flowers,James McCann,3906,Det,C,39,rel,previously_active,,320,90,22,6,23,0,98,18,0.254,0.0,0.297,3,114,0,0,0,0,0
2018,mixed,Ray Flowers,Odubel Herrera,5084,Phi,UT,5,res,previously_active,OF,448,114,56,20,62,5,100,31,0.322,0.0,0.451,0,0,0,0,0,0,145
2018,mixed,Ray Flowers,Alex Verdugo,4948,LAD,UT,13,rel,previously_active,,25,7,2,0,1,0,4,1,0.269,0.0,0.4,0,0,0,0,0,0,28
2018,mixed,Ray Flowers,Nick Williams,4611,Phi,UT,0,rel,previously_active,,13,7,1,0,0,1,6,3,0.25,0.0,0.077,1,0,0,0,0,0,106
2018,mixed,Ray Flowers,Eduardo Nunez,1033,Bos,UT,10,rel,previously_active,,355,91,40,6,30,7,57,9,0.283,0.0,0.375,10,0,0,74,45,0,0
2018,mixed,Ray Flowers,Lewis Brinson,4446,Mia,UT,19,rel,previously_active,,23,6,0,0,5,0,4,0,0.292,0.0,0.565,0,0,0,0,0,0,106
2018,mixed,Ray Flowers,Jose Reyes,952,NYM,CI,26,rel,previously_active,,10,4,1,0,0,0,2,1,0.182,0.0,0.1,0,0,0,13,28,25,0
2018,mixed,Ray Flowers,Daniel Descalso,2899,Ari,CI,36,rel,previously_active,,11,4,0,0,0,0,5,1,0.167,0.0,0.091,7,0,11,52,37,0,5
2018,mixed,Ray Flowers,Chris Davis,1544,Bal,CI,17,rel,previously_active,,173,47,22,9,20,2,69,15,0.244,0.0,0.347,12,0,116,0,0,0,0
2018,mixed,Ray Flowers,Matt Duffy,4893,TB,CI,17,rel,previously_active,,249,65,30,2,19,7,36,19,0.353,0.0,0.361,5,0,0,0,125,1,0
2018,mixed,Ray Flowers,Ji-Man Choi,4487,TB,CI,6,rel,previously_active,,15,5,4,1,3,0,4,3,0.444,0.0,0.6,50,0,3,0,0,0,1
2018,mixed,Ray Flowers,Kolten Wong,3771,StL,MI,59,trd,previously_active,,8,4,2,1,2,0,1,2,0.364,0.0,0.5,0,0,0,119,0,0,0
2018,mixed,Ray Flowers,Carlos Correa,4010,Hou,MI,38,res,previously_active,"SS,MI",379,104,59,14,61,3,102,50,0.326,0.0,0.409,1,0,0,0,0,109,0
2018,mixed,Ray Flowers,*Howie Kendrick,739,Was,MI,27,rel,previously_active,,19,5,1,1,4,0,4,0,0.263,0.0,0.526,0,0,2,33,0,0,6
2018,mixed,Ray Flowers,Xander Bogaerts,3822,Bos,SS,20,res,reserved,"SS,MI",22,6,4,2,10,0,4,2,0.48,0.0,0.864,0,0,0,0,0,136,0
2018,mixed,Ray Flowers,*John Hicks,4309,Det,C,29,dis,reserved,"C,1B,CI",0,0,0,0,0,0,0,0,0.0,0.0,0.0,0,21,59,0,0,0,0
2018,mixed,Ray Flowers,Odubel Herrera,5084,Phi,UT,5,res,reserved,OF,102,34,8,2,9,0,22,7,0.261,0.0,0.284,0,0,0,0,0,0,145
2018,mixed,Ray Flowers,Carlos Correa,4010,Hou,MI,38,res,reserved,"SS,MI",23,6,1,1,4,0,9,3,0.269,0.0,0.348,1,0,0,0,0,109,0
2018,mixed,Ray Flowers,Ryan Braun,858,Mil,1B,2,act,previously_reserved,"OF,1B",7,2,2,0,0,0,0,0,0.143,0.0,0.286,3,0,18,0,0,0,93
2018,mixed,Ray Flowers,*Miguel Cabrera,509,Det,1B,20,rel,previously_reserved,,10,3,1,0,0,0,3,2,0.417,0.0,0.3,5,0,32,0,0,0,0
2018,mixed,Ray Flowers,Robinson Cano,1008,Sea,2B,17,act,previously_reserved,"2B,1B,MI",21,5,1,0,0,0,2,1,0.318,0.0,0.286,2,0,14,69,2,0,0
2018,mixed,Ray Flowers,Amed Rosario,4884,NYM,SS,46,act,previously_reserved,"SS,MI",82,18,15,2,14,6,16,3,0.36,0.0,0.488,0,0,0,0,0,146,0
2018,mixed,Ray Flowers,Chad Pinder,5441,Oak,3B,31,rel,previously_reserved,,135,47,22,8,15,0,41,16,0.368,0.0,0.496,1,0,1,21,16,3,73
2018,mixed,Ray Flowers,Todd Frazier,1979,NYM,3B,7,act,previously_reserved,"UT,3B,CI",33,9,4,2,3,1,12,0,0.206,0.0,0.364,1,0,0,0,109,0,0
2018,mixed,Ray Flowers,Gregory Polanco,4166,Pit,OF,9,rel,previously_reserved,,33,11,7,3,10,0,9,7,0.5,0.0,0.818,0,0,0,0,0,0,124
2018,mixed,Ray Flowers,Ben Zobrist,1470,ChC,OF,23,act,previously_reserved,"2B,OF,MI",20,5,2,0,1,0,3,2,0.409,0.0,0.4,1,0,4,63,0,0,84
2018,mixed,Ray Flowers,Bradley Zimmer,4122,Cle,OF,6,rel,previously_reserved,,34,10,7,1,6,1,16,5,0.325,0.0,0.324,0,0,0,0,0,0,34
2018,mixed,Ray Flowers,Cedric Mullins,6128,Bal,OF,39,act,previously_reserved,OF,23,6,2,0,2,1,4,3,0.423,0.0,0.435,0,0,0,0,0,0,45
2018,mixed,Ray Flowers,Justin Upton,39,LAA,OF,27,act,previously_reserved,OF,24,6,1,0,3,0,13,0,0.16,0.0,0.167,4,0,0,0,0,0,140
2018,mixed,Ray Flowers,Ender Inciarte,4264,Atl,OF,11,act,previously_reserved,OF,27,6,4,0,1,3,3,1,0.393,0.0,0.37,0,0,0,0,0,0,155
2018,mixed,Ray Flowers,Matt Wieters,146,Was,C,1,act,previously_reserved,C,74,21,8,1,5,0,15,9,0.286,0.0,0.284,0,73,0,0,0,0,0
2018,mixed,Ray Flowers,Devin Mesoraco,1987,NYM,C,39,trd,previously_reserved,,11,3,1,0,0,0,2,0,0.273,0.0,0.273,1,67,1,0,0,0,0
2018,mixed,Ray Flowers,James McCann,3906,Det,C,39,rel,previously_reserved,,18,5,1,0,1,0,4,2,0.2,0.0,0.167,3,114,0,0,0,0,0
2018,mixed,Ray Flowers,Nick Williams,4611,Phi,UT,0,rel,previously_reserved,,40,16,6,1,4,0,12,2,0.262,0.0,0.35,1,0,0,0,0,0,106
2018,mixed,Ray Flowers,Alex Verdugo,4948,LAD,UT,13,rel,previously_reserved,,6,1,1,0,0,0,2,0,0.167,0.0,0.167,0,0,0,0,0,0,28
2018,mixed,Ray Flowers,Lewis Brinson,4446,Mia,UT,19,rel,previously_reserved,,63,18,8,1,4,0,17,4,0.324,0.0,0.413,0,0,0,0,0,0,106
2018,mixed,Ray Flowers,Eduardo Nunez,1033,Bos,UT,10,rel,previously_reserved,,118,34,16,4,14,0,12,6,0.304,0.0,0.432,10,0,0,74,45,0,0
2018,mixed,Ray Flowers,Chris Davis,1544,Bal,CI,17,rel,previously_reserved,,63,17,6,2,9,0,23,4,0.324,0.0,0.413,12,0,116,0,0,0,0
2018,mixed,Ray Flowers,Matt Duffy,4893,TB,CI,17,rel,previously_reserved,,69,18,12,0,8,1,15,11,0.378,0.0,0.319,5,0,0,0,125,1,0
2018,mixed,Ray Flowers,Adam Frazier,5555,Pit,MI,19,act,previously_reserved,"2B,OF,MI",42,19,10,2,7,0,5,6,0.396,0.0,0.619,2,0,0,55,0,0,35
2018,mixed,Ray Flowers,Kolten Wong,3771,StL,MI,59,trd,previously_reserved,,19,6,4,0,2,0,5,2,0.364,0.0,0.474,0,0,0,119,0,0,0
2018,mixed,Ray Flowers,*Howie Kendrick,739,Was,MI,27,rel,previously_reserved,,26,6,3,1,1,0,9,1,0.185,0.0,0.308,0,0,2,33,0,0,6
2018,mixed,Scott Engel,Edwin Encarnacion,339,Cle,1B,29,act,active,"1B,CI",481,132,70,29,101,3,128,62,0.337,0.0,0.464,115,0,23,0,0,0,0
2018,mixed,Scott Engel,Logan Forsythe,2920,Min,2B,7,act,active,"UT,2B,3B,MI,CI",101,28,10,0,5,0,26,15,0.316,0.0,0.218,1,0,1,99,12,0,1
2018,mixed,Scott Engel,Jean Segura,3177,Sea,SS,20,act,active,"UT,SS,MI",586,144,91,10,63,20,69,32,0.341,0.0,0.415,0,0,0,0,0,144,0
2018,mixed,Scott Engel,Joey Wendle,4608,TB,3B,5,act,active,"2B,SS,3B,OF,MI",206,55,32,2,31,9,29,20,0.387,0.0,0.481,0,0,0,101,20,10,17
2018,mixed,Scott Engel,Jake Cave,3729,Min,OF,5,act,active,OF,114,34,20,3,17,1,44,7,0.293,0.0,0.386,2,0,0,0,0,0,85
2018,mixed,Scott Engel,Austin Jackson,1039,NYM,OF,2,act,active,OF,33,9,0,0,3,0,15,1,0.206,0.0,0.242,0,0,0,0,0,0,94
2018,mixed,Scott Engel,Dee Gordon,2693,Sea,OF,34,act,active,"SS,2B,OF,MI",512,130,57,4,35,26,73,8,0.295,0.0,0.355,2,0,0,81,0,8,53
2018,mixed,Scott Engel,Scott Schebler,4627,Cin,OF,1,act,active,OF,365,102,55,17,49,4,98,39,0.343,0.0,0.452,1,0,0,0,0,0,101
2018,mixed,Scott Engel,Matt Kemp,799,LAD,OF,34,act,active,OF,422,133,58,20,81,0,100,32,0.335,0.0,0.483,5,0,0,0,0,0,120
2018,mixed,Scott Engel,Omar Narvaez,5605,CWS,C,3,act,active,C,133,45,18,6,13,0,36,22,0.376,0.0,0.444,8,85,0,0,0,0,0
2018,mixed,Scott Engel,J.T. Realmuto,4028,Mia,C,14,act,active,"C,1B",465,121,70,20,70,3,101,36,0.336,0.0,0.48,1,112,13,0,0,0,0
2018,mixed,Scott Engel,Shohei Ohtani-Hitter,6322,LAA,UT,111,act,active,UT,213,78,35,11,34,7,73,26,0.344,0.0,0.488,82,0,0,0,0,0,0
2018,mixed,Scott Engel,Joe Mauer,889,Min,CI,9,act,active,"1B,CI",161,40,24,2,10,0,34,13,0.343,0.0,0.391,33,1,90,0,0,0,1
2018,mixed,Scott Engel,Francisco Lindor,3668,Cle,MI,31,act,active,"SS,MI",661,158,129,38,92,25,107,70,0.352,0.0,0.519,1,0,0,0,0,157,0
2018,mixed,Scott Engel,Yolmer Sanchez,4299,CWS,2B,59,rel,previously_active,,24,6,4,1,2,1,2,1,0.32,0.0,0.5,1,0,0,9,141,4,0
2018,mixed,Scott Engel,Luis Urias,5831,SD,2B,19,res,previously_active,2B,25,6,2,1,3,0,8,1,0.222,0.0,0.32,0,0,0,12,0,0,0
2018,mixed,Scott Engel,Jeimer Candelario,4071,Det,3B,1,rel,previously_active,,347,95,51,11,33,2,105,42,0.297,0.0,0.36,0,0,0,0,140,0,0
2018,mixed,Scott Engel,Colin Moran,4435,Pit,3B,0,rel,previously_active,,83,26,7,1,5,0,17,12,0.316,0.0,0.289,3,0,0,0,116,0,0
2018,mixed,Scott Engel,Michael Taylor,4060,Was,OF,1,rel,previously_active,,99,29,13,2,6,7,30,10,0.248,0.0,0.283,1,0,1,0,0,0,113
2018,mixed,Scott Engel,Daniel Palka,4967,CWS,OF,34,rel,previously_active,,107,31,11,3,12,1,38,7,0.281,0.0,0.411,46,0,0,0,0,0,68
2018,mixed,Scott Engel,Jose Bautista,1184,Phi,OF,14,rel,previously_active,,184,52,26,7,26,1,63,28,0.306,0.0,0.326,3,0,2,1,21,0,77
2018,mixed,Scott Engel,Harrison Bader,5366,StL,OF,55,rel,previously_active,,13,5,1,0,0,0,5,0,0.231,0.0,0.308,0,0,0,0,0,0,113
2018,mixed,Scott Engel,*Jarrod Dyson,2961,Ari,OF,47,rel,previously_active,,15,5,1,0,0,0,3,2,0.176,0.0,0.067,0,0,0,0,0,0,62
2018,mixed,Scott Engel,Kole Calhoun,3983,LAA,OF,2,res,previously_active,"UT,OF",158,41,25,5,15,1,52,21,0.297,0.0,0.329,0,0,0,0,0,0,136
2018,mixed,Scott Engel,Mark Canha,4430,Oak,OF,1,rel,previously_active,,49,14,8,2,8,0,11,4,0.309,0.0,0.388,3,0,15,0,0,0,108
2018,mixed,Scott Engel,*Leonys Martin,3737,Cle,OF,0,rel,previously_active,,290,77,46,11,33,7,69,27,0.336,0.0,0.455,2,0,0,0,0,0,80
2018,mixed,Scott Engel,Jorge Bonifacio,4469,KC,OF,5,rel,previously_active,,33,9,4,0,0,0,11,6,0.256,0.0,0.212,6,0,0,0,0,0,60
2018,mixed,Scott Engel,Eric Thames,2895,Mil,OF,5,res,previously_active,"1B,OF,CI",191,67,32,13,31,6,75,24,0.309,0.0,0.471,0,0,29,0,0,0,37
2018,mixed,Scott Engel,*Lonnie Chisenhall,2627,Cle,OF,3,rel,previously_active,,31,11,3,1,6,0,3,2,0.333,0.0,0.452,0,0,0,0,0,0,28
2018,mixed,Scott Engel,Jay Bruce,371,NYM,OF,21,rel,previously_active,,160,47,15,3,14,2,37,17,0.294,0.0,0.35,2,0,21,0,0,0,64
2018,mixed,Scott Engel,Elias Diaz,5078,Pit,C,1,rel,previously_active,,16,5,3,1,2,0,6,1,0.294,0.0,0.562,1,70,0,0,0,0,0
2018,mixed,Scott Engel,James McCann,3906,Det,C,1,rel,previously_active,,56,15,7,1,9,0,9,5,0.297,0.0,0.321,3,114,0,0,0,0,0
2018,mixed,Scott Engel,Francisco Cervelli,1004,Pit,C,0,trd,previously_active,,186,59,25,9,36,0,48,33,0.377,0.0,0.457,1,94,5,0,0,0,0
2018,mixed,Scott Engel,*Brandon Drury,4055,Tor,UT,1,rel,previously_active,,23,8,2,1,4,0,6,4,0.333,0.0,0.391,1,0,2,7,15,1,0
2018,mixed,Scott Engel,Tony Kemp,5292,Hou,UT,3,rel,previously_active,,23,10,2,0,2,0,1,1,0.417,0.0,0.478,1,0,0,7,0,0,85
2018,mixed,Scott Engel,David Freese,1432,LAD,UT,0,rel,previously_active,,42,12,3,1,3,0,9,0,0.273,0.0,0.357,1,0,29,0,58,0,0
2018,mixed,Scott Engel,Jose Pirela,4383,SD,UT,1,rel,previously_active,,99,23,13,0,10,2,23,4,0.288,0.0,0.364,2,0,9,77,0,0,34
2018,mixed,Scott Engel,Mark Reynolds,34,Was,UT,21,rel,previously_active,,7,4,0,0,1,0,2,1,0.25,0.0,0.143,0,0,45,1,10,0,2
2018,mixed,Scott Engel,Leury Garcia,4245,CWS,UT,2,rel,previously_active,,39,11,2,1,4,1,7,1,0.293,0.0,0.359,0,0,0,7,1,5,68
2018,mixed,Scott Engel,Maikel Franco,4021,Phi,CI,6,rel,previously_active,,118,34,12,4,22,0,22,8,0.281,0.0,0.381,1,0,0,0,117,0,0
2018,mixed,Scott Engel,Ronald Guzman,4048,Tex,CI,44,rel,previously_active,,124,40,14,2,17,0,44,15,0.293,0.0,0.315,0,0,117,0,0,0,0
2018,mixed,Scott Engel,Tyler Austin,4116,Min,CI,98,rel,previously_active,,31,9,7,0,2,1,13,4,0.257,0.0,0.226,27,0,42,0,0,0,0
2018,mixed,Scott Engel,Luis Urias,5831,SD,2B,19,res,reserved,2B,0,0,0,0,0,0,0,0,0.0,0.0,0.0,0,0,0,12,0,0,0
2018,mixed,Scott Engel,Eric Thames,2895,Mil,OF,5,res,reserved,"1B,OF,CI",56,29,9,3,6,1,22,5,0.295,0.0,0.5,0,0,29,0,0,0,37
2018,mixed,Scott Engel,Kole Calhoun,3983,LAA,OF,2,res,reserved,"UT,OF",18,6,3,0,0,0,1,4,0.364,0.0,0.389,0,0,0,0,0,0,136
2018,mixed,Scott Engel,Edwin Encarnacion,339,Cle,1B,29,act,previously_reserved,"1B,CI",19,5,4,3,6,0,4,1,0.3,0.0,0.737,115,0,23,0,0,0,0
2018,mixed,Scott Engel,Logan Forsythe,2920,Min,2B,7,act,previously_reserved,"UT,2B,3B,MI,CI",16,5,1,0,1,0,5,4,0.381,0.0,0.25,1,0,1,99,12,0,1
2018,mixed,Scott Engel,Jeimer Candelario,4071,Det,3B,1,rel,previously_reserved,,105,26,13,5,14,0,28,11,0.359,0.0,0.524,0,0,0,0,140,0,0
2018,mixed,Scott Engel,Colin Moran,4435,Pit,3B,0,rel,previously_reserved,,60,19,10,3,18,0,8,5,0.409,0.0,0.583,3,0,0,0,116,0,0
2018,mixed,Scott Engel,*Jarrod Dyson,2961,Ari,OF,47,rel,previously_reserved,,72,21,13,0,2,5,13,13,0.302,0.0,0.194,0,0,0,0,0,0,62
2018,mixed,Scott Engel,Jose Bautista,1184,Phi,OF,14,rel,previously_reserved,,11,5,1,0,1,0,4,3,0.4,0.0,0.182,3,0,2,1,21,0,77
2018,mixed,Scott Engel,Harrison Bader,5366,StL,OF,55,rel,previously_reserved,,34,11,3,0,1,0,11,2,0.25,0.0,0.206,0,0,0,0,0,0,113
2018,mixed,Scott Engel,Michael Taylor,4060,Was,OF,1,rel,previously_reserved,,56,16,7,1,3,4,25,4,0.25,0.0,0.321,1,0,1,0,0,0,113
2018,mixed,Scott Engel,Austin Jackson,1039,NYM,OF,2,act,previously_reserved,OF,37,13,3,1,3,0,19,2,0.154,0.0,0.216,0,0,0,0,0,0,94
2018,mixed,Scott Engel,Daniel Palka,4967,CWS,OF,34,rel,previously_reserved,,72,22,13,6,10,0,33,6,0.256,0.0,0.458,46,0,0,0,0,0,68
2018,mixed,Scott Engel,Dee Gordon,2693,Sea,OF,34,act,previously_reserved,"SS,2B,OF,MI",44,11,5,0,1,4,7,1,0.217,0.0,0.273,2,0,0,81,0,8,53
2018,mixed,Scott Engel,Jay Bruce,371,NYM,OF,21,rel,previously_reserved,,52,15,2,0,3,0,11,7,0.288,0.0,0.231,2,0,21,0,0,0,64
2018,mixed,Scott Engel,Scott Schebler,4627,Cin,OF,1,act,previously_reserved,OF,15,5,0,0,0,0,1,0,0.187,0.0,0.133,1,0,0,0,0,0,101
2018,mixed,Scott Engel,*Leonys Martin,3737,Cle,OF,0,rel,previously_reserved,,28,7,2,0,0,0,8,3,0.187,0.0,0.107,2,0,0,0,0,0,80
2018,mixed,Scott Engel,Francisco Cervelli,1004,Pit,C,0,trd,previously_reserved,,29,9,3,1,5,1,5,3,0.406,0.0,0.483,1,94,5,0,0,0,0
2018,mixed,Scott Engel,J.T. Realmuto,4028,Mia,C,14,act,previously_reserved,"C,1B",12,4,4,1,4,0,3,2,0.5,0.0,0.667,1,112,13,0,0,0,0
2018,mixed,Scott Engel,Tony Kemp,5292,Hou,UT,3,rel,previously_reserved,,10,5,2,0,0,0,4,1,0.364,0.0,0.3,1,0,0,7,0,0,85
2018,mixed,Scott Engel,Leury Garcia,4245,CWS,UT,2,rel,previously_reserved,,52,17,4,1,4,2,17,1,0.302,0.0,0.385,0,0,0,7,1,5,68
2018,mixed,Scott Engel,Shohei Ohtani-Hitter,6322,LAA,UT,111,act,previously_reserved,UT,95,30,20,8,20,3,25,10,0.387,0.0,0.674,82,0,0,0,0,0,0
2018,mixed,Scott Engel,Jose Pirela,4383,SD,UT,1,rel,previously_reserved,,41,12,6,0,1,1,10,7,0.354,0.0,0.244,2,0,9,77,0,0,34
2018,mixed,Scott Engel,David Freese,1432,LAD,UT,0,rel,previously_reserved,,27,9,5,1,6,0,8,0,0.345,0.0,0.519,1,0,29,0,58,0,0
2018,mixed,Scott Engel,Ronald Guzman,4048,Tex,CI,44,rel,previously_reserved,,19,6,3,1,3,0,3,0,0.526,0.0,0.737,0,0,117,0,0,0,0
2018,mixed,Scott Engel,Maikel Franco,4021,Phi,CI,6,rel,previously_reserved,,80,26,9,5,14,0,9,6,0.31,0.0,0.488,1,0,0,0,117,0,0
2018,mixed,Scott Engel,Tyler Austin,4116,Min,CI,98,rel,previously_reserved,,44,12,4,3,11,0,19,3,0.312,0.0,0.545,27,0,42,0,0,0,0
2018,mixed,Scott Engel,Joe Mauer,889,Min,CI,9,act,previously_reserved,"1B,CI",40,12,3,1,5,0,11,3,0.302,0.0,0.375,33,1,90,0,0,0,1
2018,mixed,Brent Hershey,Cody Bellinger,4954,LAD,1B,30,act,active,"OF,1B,CI",557,162,84,25,76,14,151,69,0.343,0.25,0.47,0,0,110,0,0,0,81
2018,mixed,Brent Hershey,D.J. LeMahieu,3275,Col,2B,10,act,active,"2B,MI",503,121,83,15,58,6,79,34,0.319,0.0,0.431,0,0,0,128,0,0,0
2018,mixed,Brent Hershey,Elvis Andrus,1543,Tex,SS,17,act,active,"SS,MI",374,92,51,6,33,5,60,25,0.313,0.0,0.382,0,0,0,0,0,97,0
2018,mixed,Brent Hershey,Matt Chapman,5037,Oak,3B,3,act,active,"3B,CI",544,144,100,24,68,1,146,58,0.357,0.0,0.511,0,0,0,0,145,0,0
2018,mixed,Brent Hershey,Mallex Smith,4975,TB,OF,3,act,active,OF,453,135,60,2,35,36,93,45,0.367,0.0,0.413,0,0,0,0,0,0,138
2018,mixed,Brent Hershey,Tyler O'Neill,5423,StL,OF,253,act,active,OF,64,32,16,6,13,0,30,4,0.286,0.0,0.547,0,0,0,0,0,0,42
2018,mixed,Brent Hershey,Kevin Kiermaier,4671,TB,OF,9,act,active,OF,311,83,42,7,29,9,84,23,0.287,0.0,0.383,0,0,0,0,0,0,88
2018,mixed,Brent Hershey,Christian Yelich,3314,Mil,OF,31,act,active,OF,574,147,118,36,110,22,135,68,0.402,0.75,0.598,0,0,0,0,0,0,145
2018,mixed,Brent Hershey,Nick Castellanos,3217,Det,OF,13,act,active,"OF,CI,3B",620,157,88,23,89,2,151,49,0.354,0.0,0.5,14,0,0,0,0,0,142
2018,mixed,Brent Hershey,Willson Contreras,5435,ChC,C,28,act,active,"UT,C,OF",474,138,50,10,54,4,121,53,0.339,0.0,0.39,0,133,1,0,0,0,5
2018,mixed,Brent Hershey,Isiah Kiner-Falefa,6317,Tex,C,11,act,active,"UT,C,3B,2B",119,39,8,0,8,2,14,12,0.316,0.0,0.269,1,35,0,20,46,2,0
2018,mixed,Brent Hershey,Justin Bour,4965,Phi,UT,10,act,active,"1B,CI",383,118,43,19,54,1,113,69,0.344,0.0,0.407,4,0,113,0,0,0,0
2018,mixed,Brent Hershey,Alex Bregman,4907,Hou,CI,30,act,active,"3B,SS,MI,CI",594,157,105,31,103,10,85,96,0.394,0.0,0.532,0,0,0,2,136,28,1
2018,mixed,Brent Hershey,Jonathan Villar,3345,Bal,MI,5,act,active,"2B,SS,MI",146,38,21,5,15,19,39,16,0.333,0.0,0.37,0,0,0,110,0,18,0
2018,mixed,Brent Hershey,Wilmer Flores,2527,NYM,1B,0,res,previously_active,"1B,3B,2B,CI",155,43,19,3,20,0,16,10,0.327,0.0,0.394,2,0,83,13,10,0,0
2018,mixed,Brent Hershey,Nick Ahmed,3807,Ari,SS,45,rel,previously_active,,18,6,0,0,1,0,6,0,0.158,0.0,0.333,0,0,0,0,0,148,0
2018,mixed,Brent Hershey,Jurickson Profar,3198,Tex,OF,32,rel,previously_active,,1,1,0,0,0,0,0,0,1.0,0.0,1.0,1,0,24,10,51,68,1
2018,mixed,Brent Hershey,*Jesse Winker,4483,Cin,OF,1,rel,previously_active,,281,89,38,7,43,0,46,49,0.405,0.0,0.431,3,0,0,0,0,0,76
2018,mixed,Brent Hershey,Hunter Renfroe,4558,SD,OF,76,trd,previously_active,,23,7,5,2,7,0,9,1,0.296,0.0,0.609,2,0,0,0,0,0,103
2018,mixed,Brent Hershey,Austin Barnes,4739,LAD,C,10,rel,previously_active,,129,63,22,1,5,2,37,19,0.34,0.0,0.271,0,61,0,19,0,0,0
2018,mixed,Brent Hershey,Nick Hundley,1268,SF,C,5,res,previously_active,C,54,23,6,1,6,0,17,5,0.271,0.0,0.296,1,83,0,0,0,0,0
2018,mixed,Brent Hershey,Christian Villanueva,4003,SD,UT,95,res,previously_active,"3B,CI",290,92,35,16,38,2,84,21,0.302,0.0,0.445,0,0,3,2,96,4,0
2018,mixed,Brent Hershey,Pedro Alvarez,2050,Bal,UT,35,rel,previously_active,,6,2,1,1,2,0,0,1,0.286,0.0,0.667,30,0,1,0,8,0,0
2018,mixed,Brent Hershey,*Logan Morrison,2111,Min,UT,5,rel,previously_active,,140,43,15,4,18,1,35,17,0.292,0.0,0.329,35,0,50,0,0,0,2
2018,mixed,Brent Hershey,Mark Reynolds,34,Was,UT,84,rel,previously_active,,33,9,2,1,1,0,10,3,0.222,0.0,0.242,0,0,45,1,10,0,2
2018,mixed,Brent Hershey,Dansby Swanson,5276,Atl,MI,0,res,previously_active,"SS,MI",333,95,33,8,33,6,86,33,0.295,0.0,0.36,0,0,0,0,0,136,0
2018,mixed,Brent Hershey,Wilmer Flores,2527,NYM,1B,0,res,reserved,"1B,3B,2B,CI",193,65,20,6,26,0,22,15,0.31,0.0,0.425,2,0,83,13,10,0,0
2018,mixed,Brent Hershey,Eloy Jimenez,4617,CWS,OF,0,res,reserved,OF,0,0,0,0,0,0,0,0,0.0,0.0,0.0,0,0,0,0,0,0,0
2018,mixed,Brent Hershey,Nick Hundley,1268,SF,C,5,res,reserved,C,96,29,9,1,1,2,32,9,0.302,0.0,0.323,1,83,0,0,0,0,0
2018,mixed,Brent Hershey,Christian Villanueva,4003,SD,UT,95,res,reserved,"3B,CI",36,11,3,1,2,1,10,2,0.282,0.0,0.333,0,0,3,2,96,4,0
2018,mixed,Brent Hershey,Dansby Swanson,5276,Atl,MI,0,res,reserved,"SS,MI",145,41,18,6,26,4,36,11,0.325,0.0,0.476,0,0,0,0,0,136,0
2018,mixed,Brent Hershey,Kolten Wong,3771,StL,2B,0,rel,previously_reserved,,21,8,0,0,1,0,5,1,0.182,0.0,0.143,0,0,0,119,0,0,0
2018,mixed,Brent Hershey,D.J. LeMahieu,3275,Col,2B,10,act,previously_reserved,"2B,MI",30,7,7,0,4,0,3,3,0.364,0.0,0.367,0,0,0,128,0,0,0
2018,mixed,Brent Hershey,Nick Ahmed,3807,Ari,SS,45,rel,previously_reserved,,101,30,16,4,13,1,16,8,0.282,0.0,0.416,0,0,0,0,0,148,0
2018,mixed,Brent Hershey,Elvis Andrus,1543,Tex,SS,17,act,previously_reserved,"SS,MI",21,5,2,0,0,0,6,3,0.24,0.0,0.095,0,0,0,0,0,97,0
2018,mixed,Brent Hershey,Matt Chapman,5037,Oak,3B,3,act,previously_reserved,"3B,CI",3,1,0,0,0,0,0,0,0.0,0.0,0.0,0,0,0,0,145,0,0
2018,mixed,Brent Hershey,Mallex Smith,4975,TB,OF,3,act,previously_reserved,OF,27,6,5,0,5,4,5,2,0.367,0.0,0.296,0,0,0,0,0,0,138
2018,mixed,Brent Hershey,Tyler O'Neill,5423,StL,OF,253,act,previously_reserved,OF,11,6,3,0,1,1,3,1,0.25,0.0,0.273,0,0,0,0,0,0,42
2018,mixed,Brent Hershey,Kevin Kiermaier,4671,TB,OF,9,act,previously_reserved,OF,21,5,2,0,0,1,7,2,0.208,0.0,0.19,0,0,0,0,0,0,88
2018,mixed,Brent Hershey,Isiah Kiner-Falefa,6317,Tex,C,11,act,previously_reserved,"UT,C,3B,2B",121,39,20,2,14,3,25,7,0.341,0.0,0.43,1,35,0,20,46,2,0
2018,mixed,Brent Hershey,Justin Bour,4965,Phi,UT,10,act,previously_reserved,"1B,CI",40,23,6,1,5,1,11,4,0.311,0.0,0.375,4,0,113,0,0,0,0
2018,mixed,Brent Hershey,Pedro Alvarez,2050,Bal,UT,35,rel,previously_reserved,,11,4,3,0,2,0,4,3,0.357,0.0,0.182,30,0,1,0,8,0,0
2018,mixed,Brent Hershey,*Logan Morrison,2111,Min,UT,5,rel,previously_reserved,,103,32,15,5,11,0,23,13,0.288,0.0,0.379,35,0,50,0,0,0,2
2018,mixed,Brent Hershey,Mark Reynolds,34,Was,UT,84,rel,previously_reserved,,17,7,0,0,2,0,9,1,0.053,0.0,0.0,0,0,45,1,10,0,2
2018,mixed,Scott Pianowski,Matt Carpenter,3510,StL,1B,13,act,active,"1B,3B,CI,2B",552,153,111,36,80,4,155,102,0.375,0.0,0.522,2,0,95,11,76,0,0
2018,mixed,Scott Pianowski,Cesar Hernandez,3413,Phi,2B,9,act,active,"2B,MI",367,98,48,8,38,9,91,51,0.342,0.0,0.338,1,0,0,154,0,0,0
2018,mixed,Scott Pianowski,Trevor Story,4020,Col,SS,9,act,active,"SS,MI",152,40,29,13,27,12,45,11,0.352,0.25,0.625,0,0,0,0,0,156,0
2018,mixed,Scott Pianowski,Adrian Beltre,1355,Tex,3B,10,act,active,"3B,CI",336,92,37,10,49,0,78,25,0.323,0.0,0.408,44,0,0,0,70,0,0
2018,mixed,Scott Pianowski,Whit Merrifield,4419,KC,OF,16,act,active,"2B,OF,MI,1B",632,158,88,12,60,45,114,61,0.367,0.0,0.438,11,0,5,108,0,0,39
2018,mixed,Scott Pianowski,Derek Dietrich,3699,Mia,OF,0,act,active,"UT,1B,OF,3B,CI",346,103,52,11,27,1,102,21,0.327,0.0,0.402,3,0,33,4,2,0,97
2018,mixed,Scott Pianowski,Marwin Gonzalez,3884,Hou,OF,9,act,active,"OF,2B,1B,SS,MI,3B,CI",434,128,56,15,61,2,110,48,0.32,0.0,0.396,1,0,24,32,3,39,73
2018,mixed,Scott Pianowski,Brett Gardner,1038,NYY,OF,9,act,active,OF,530,140,95,12,45,16,107,65,0.322,0.0,0.368,0,0,0,0,0,0,136
2018,mixed,Scott Pianowski,Brandon Nimmo,3778,NYM,OF,0,act,active,OF,222,71,37,5,21,2,71,52,0.405,0.0,0.405,0,0,0,0,0,0,126
2018,mixed,Scott Pianowski,Chris Iannetta,451,Col,C,31,act,active,C,74,35,13,3,9,0,18,19,0.4,0.0,0.405,1,99,0,0,0,0,0
2018,mixed,Scott Pianowski,Tucker Barnhart,3911,Cin,C,2,act,active,"C,1B",460,138,50,10,46,0,96,54,0.328,0.0,0.372,0,118,11,0,0,0,0
2018,mixed,Scott Pianowski,Niko Goodrum,5931,Det,UT,11,act,active,"OF,2B,1B,MI,3B,SS",203,55,25,7,24,4,64,19,0.304,0.0,0.384,2,0,37,64,10,12,19
2018,mixed,Scott Pianowski,Tyler White,5443,Hou,CI,13,act,active,"1B,CI",137,39,18,7,31,0,29,12,0.336,0.0,0.518,20,0,42,0,0,0,0
2018,mixed,Scott Pianowski,Jorge Polanco,4695,Min,MI,8,act,active,"SS,MI",200,50,25,4,24,4,39,15,0.355,0.0,0.435,0,0,0,0,0,76,0
2018,mixed,Scott Pianowski,Miguel Rojas,4814,Mia,SS,3,rel,previously_active,,83,23,5,2,4,1,16,3,0.23,0.0,0.265,0,0,49,11,39,83,0
2018,mixed,Scott Pianowski,Carlos Asuaje,5658,SD,3B,5,rel,previously_active,,33,15,1,0,0,0,10,4,0.158,0.0,0.03,0,0,0,61,5,0,0
2018,mixed,Scott Pianowski,*Mark Trumbo,2262,Bal,OF,107,rel,previously_active,,173,47,21,9,22,0,47,13,0.303,0.0,0.422,65,0,3,0,0,0,19
2018,mixed,Scott Pianowski,*Dexter Fowler,484,StL,OF,7,rel,previously_active,,153,43,22,5,18,3,36,23,0.276,0.0,0.288,0,0,0,0,0,0,75
2018,mixed,Scott Pianowski,Corey Dickerson,3661,Pit,OF,0,rel,previously_active,,205,54,22,4,20,1,26,9,0.323,0.0,0.42,1,0,0,0,0,0,124
2018,mixed,Scott Pianowski,Ryan Braun,858,Mil,OF,13,rel,previously_active,,205,62,25,8,30,6,52,13,0.267,0.0,0.41,3,0,18,0,0,0,93
2018,mixed,Scott Pianowski,Brandon Belt,3336,SF,OF,5,rel,previously_active,,355,100,42,9,38,4,98,47,0.347,0.0,0.389,0,0,104,0,0,0,8
2018,mixed,Scott Pianowski,Joey Gallo,4121,Tex,OF,23,trd,previously_active,,233,66,35,17,37,2,94,29,0.295,0.0,0.464,4,0,35,0,0,0,108
2018,mixed,Scott Pianowski,Rajai Davis,1311,Cle,OF,0,rel,previously_active,,5,4,0,0,0,0,2,1,0.333,0.0,0.2,12,0,0,0,0,0,75
2018,mixed,Scott Pianowski,Kris Bryant,4434,ChC,OF,40,trd,previously_active,,264,66,40,9,36,2,66,34,0.383,0.0,0.481,0,0,4,0,86,0,27
2018,mixed,Scott Pianowski,Manuel Pina,2391,Mil,C,2,rel,previously_active,,195,60,29,6,16,0,40,15,0.298,0.0,0.379,0,92,1,0,0,0,0
2018,mixed,Scott Pianowski,Andrew Knapp,5228,Phi,C,1,rel,previously_active,,28,16,2,0,1,0,14,1,0.167,0.0,0.143,0,53,1,0,0,0,0
2018,mixed,Scott Pianowski,Rafael Ortega,3646,Mia,UT,49,res,previously_active,OF,24,6,1,0,0,0,5,3,0.259,0.0,0.25,0,0,0,0,0,0,34
2018,mixed,Scott Pianowski,Devon Travis,4603,Tor,UT,7,rel,previously_active,,57,14,8,3,8,0,9,3,0.183,0.0,0.333,0,0,0,101,0,0,0
2018,mixed,Scott Pianowski,Ian Kinsler,1520,Bos,UT,12,rel,previously_active,,244,64,30,5,16,7,27,23,0.267,0.0,0.303,0,0,0,128,0,0,0
2018,mixed,Scott Pianowski,Josh Donaldson,2107,Cle,CI,34,trd,previously_active,,13,4,3,0,0,1,6,4,0.353,0.0,0.231,12,0,1,0,38,0,0
2018,mixed,Scott Pianowski,*Pablo Sandoval,2182,SF,CI,13,rel,previously_active,,22,7,3,1,3,0,2,2,0.333,0.0,0.409,4,0,24,2,36,0,0
2018,mixed,Scott Pianowski,Brad Miller,4310,FA,CI,4,rel,previously_active,,96,30,7,3,14,0,31,10,0.336,0.0,0.448,6,0,36,21,0,6,0
2018,mixed,Scott Pianowski,Matt Adams,3755,StL,CI,99,rel,previously_active,,82,29,9,5,18,0,17,4,0.291,0.0,0.488,3,0,63,0,0,0,16
2018,mixed,Scott Pianowski,*Dustin Pedroia,182,Bos,MI,0,dis,previously_active,"2B,MI",4,1,0,0,0,0,0,0,0.25,0.0,0.25,0,0,0,3,0,0,0
2018,mixed,Scott Pianowski,Nick Ahmed,3807,Ari,MI,5,res,previously_active,"SS,MI",17,4,1,1,2,0,4,0,0.294,0.0,0.647,0,0,0,0,0,148,0
2018,mixed,Scott Pianowski,Rafael Ortega,3646,Mia,UT,49,res,reserved,OF,68,25,2,0,4,1,14,3,0.239,0.0,0.221,0,0,0,0,0,0,34
2018,mixed,Scott Pianowski,*Dustin Pedroia,182,Bos,MI,0,dis,reserved,"2B,MI",7,2,1,0,0,0,1,2,0.222,0.0,0.0,0,0,0,3,0,0,0
2018,mixed,Scott Pianowski,Nick Ahmed,3807,Ari,MI,5,res,reserved,"SS,MI",207,64,20,4,32,3,40,16,0.295,0.0,0.382,0,0,0,0,0,148,0
2018,mixed,Scott Pianowski,Matt Carpenter,3510,StL,1B,13,act,previously_reserved,"1B,3B,CI,2B",12,3,0,0,1,0,3,0,0.333,0.0,0.583,2,0,95,11,76,0,0
2018,mixed,Scott Pianowski,Miguel Rojas,4814,Mia,SS,3,rel,previously_reserved,,141,43,12,5,19,2,19,11,0.319,0.0,0.383,0,0,49,11,39,83,0
2018,mixed,Scott Pianowski,Adrian Beltre,1355,Tex,3B,10,act,previously_reserved,"3B,CI",83,23,11,5,15,1,16,8,0.351,0.0,0.542,44,0,0,0,70,0,0
2018,mixed,Scott Pianowski,Derek Dietrich,3699,Mia,OF,0,act,previously_reserved,"UT,1B,OF,3B,CI",153,46,20,5,18,1,38,8,0.337,0.0,0.464,3,0,33,4,2,0,97
2018,mixed,Scott Pianowski,Brandon Belt,3336,SF,OF,5,rel,previously_reserved,,44,12,8,5,8,0,9,2,0.298,0.0,0.614,0,0,104,0,0,0,8
2018,mixed,Scott Pianowski,Ryan Braun,858,Mil,OF,13,rel,previously_reserved,,29,9,6,2,5,1,3,4,0.394,0.0,0.552,3,0,18,0,0,0,93
2018,mixed,Scott Pianowski,Corey Dickerson,3661,Pit,OF,0,rel,previously_reserved,,59,15,10,1,12,2,9,2,0.375,0.0,0.542,1,0,0,0,0,0,124
2018,mixed,Scott Pianowski,*Dexter Fowler,484,StL,OF,7,rel,previously_reserved,,38,14,4,0,2,0,11,3,0.293,0.0,0.263,0,0,0,0,0,0,75
2018,mixed,Scott Pianowski,*Jarrod Dyson,2961,Ari,OF,0,rel,previously_reserved,,6,2,2,0,1,1,0,1,0.429,0.0,0.667,0,0,0,0,0,0,62
2018,mixed,Scott Pianowski,Rajai Davis,1311,Cle,OF,0,rel,previously_reserved,,11,4,3,0,0,0,1,0,0.417,0.0,0.455,12,0,0,0,0,0,75
2018,mixed,Scott Pianowski,Brandon Nimmo,3778,NYM,OF,0,act,previously_reserved,OF,13,3,0,0,1,0,4,0,0.385,0.0,0.462,0,0,0,0,0,0,126
2018,mixed,Scott Pianowski,Marwin Gonzalez,3884,Hou,OF,9,act,previously_reserved,"OF,2B,1B,SS,MI,3B,CI",55,17,5,1,7,0,16,5,0.35,0.0,0.509,1,0,24,32,3,39,73
2018,mixed,Scott Pianowski,Manuel Pina,2391,Mil,C,2,rel,previously_reserved,,8,2,0,0,0,0,1,0,0.125,0.0,0.125,0,92,1,0,0,0,0
2018,mixed,Scott Pianowski,Ian Kinsler,1520,Bos,UT,12,rel,previously_reserved,,127,33,22,8,19,4,16,10,0.386,0.0,0.591,0,0,0,128,0,0,0
2018,mixed,Scott Pianowski,Niko Goodrum,5931,Det,UT,11,act,previously_reserved,"OF,2B,1B,MI,3B,SS",71,18,8,2,6,2,15,3,0.324,0.0,0.521,2,0,37,64,10,12,19
2018,mixed,Scott Pianowski,Matt Adams,3755,StL,CI,99,rel,previously_reserved,,86,32,13,5,12,0,16,8,0.333,0.0,0.453,3,0,63,0,0,0,16
2018,mixed,Scott Pianowski,Brad Miller,4310,FA,CI,4,rel,previously_reserved,,50,14,7,1,5,0,17,4,0.291,0.0,0.38,6,0,36,21,0,6,0
2018,mixed,Scott Pianowski,*Pablo Sandoval,2182,SF,CI,13,rel,previously_reserved,,83,28,7,3,14,0,14,3,0.25,0.0,0.386,4,0,24,2,36,0,0
2018,mixed,Scott Pianowski,Jorge Polanco,4695,Min,MI,8,act,previously_reserved,"SS,MI",102,27,13,2,18,3,23,10,0.327,0.0,0.412,0,0,0,0,0,76,0
2018,mixed,Joe Pisapia,Matt Davidson,2700,CWS,1B,0,act,active,"3B,1B,CI",386,112,41,16,54,0,144,42,0.314,0.0,0.412,64,0,45,0,14,0,0
2018,mixed,Joe Pisapia,Tim Beckham,2143,Bal,2B,2,act,active,"UT,SS,3B,MI,2B",252,67,30,9,25,1,71,19,0.275,0.0,0.369,7,0,0,3,40,49,0
2018,mixed,Joe Pisapia,Didi Gregorius,3599,NYY,SS,8,act,active,"SS,MI",504,134,89,27,86,10,69,48,0.335,0.0,0.494,0,0,0,0,0,132,0
2018,mixed,Joe Pisapia,Jose Ramirez,4602,Cle,3B,32,act,active,"3B,2B,MI,CI",578,157,110,39,106,34,80,106,0.388,0.0,0.555,4,0,0,16,137,0,0
2018,mixed,Joe Pisapia,Starling Marte,2908,Pit,OF,31,act,active,OF,559,145,81,20,72,33,109,35,0.327,0.0,0.46,0,0,0,0,0,0,139
2018,mixed,Joe Pisapia,Michael Conforto,4911,NYM,OF,7,act,active,OF,534,150,76,27,80,3,155,81,0.348,0.0,0.444,1,0,0,0,0,0,144
2018,mixed,Joe Pisapia,Adam Duvall,4413,Atl,OF,2,act,active,"OF,1B",384,138,48,15,61,2,117,37,0.274,0.0,0.365,0,0,10,0,1,0,103
2018,mixed,Joe Pisapia,Carlos Gonzalez,1077,Col,OF,2,act,active,OF,463,132,71,16,64,5,113,37,0.329,0.25,0.467,1,0,0,0,0,0,117
2018,mixed,Joe Pisapia,Charlie Blackmon,2620,Col,OF,41,act,active,OF,626,156,119,29,70,12,134,59,0.358,0.75,0.502,1,0,0,0,0,0,151
2018,mixed,Joe Pisapia,Jorge Alfaro,4004,Phi,C,2,act,active,C,344,108,35,10,37,3,138,18,0.324,0.0,0.407,0,104,0,0,1,0,0
2018,mixed,Joe Pisapia,Kurt Suzuki,1063,Atl,C,1,act,active,C,347,105,45,12,50,0,43,22,0.332,0.0,0.444,4,93,0,0,0,0,0
2018,mixed,Joe Pisapia,Jason Heyward,1968,ChC,UT,62,act,active,OF,303,92,49,5,34,1,42,32,0.332,0.0,0.383,0,0,0,0,0,0,126
2018,mixed,Joe Pisapia,Ryon Healy,5786,Sea,CI,1,act,active,"3B,1B,CI",477,129,46,21,67,0,110,27,0.274,0.0,0.392,0,0,131,0,2,0,0
2018,mixed,Joe Pisapia,Starlin Castro,2724,Mia,MI,2,act,active,"UT,2B,MI",588,153,75,12,54,5,121,48,0.33,0.0,0.401,0,0,0,150,0,0,0
2018,mixed,Joe Pisapia,Ryan Zimmerman,1638,Was,1B,4,rel,previously_active,,115,33,11,5,16,0,24,9,0.28,0.0,0.409,0,0,73,0,0,0,0
2018,mixed,Joe Pisapia,Jose Altuve,3776,Hou,2B,49,res,previously_active,"2B,MI",407,104,64,9,46,14,55,41,0.392,0.0,0.464,6,0,0,130,0,0,0
2018,mixed,Joe Pisapia,Melky Cabrera,1014,Cle,UT,2,res,previously_active,OF,34,10,4,0,9,0,5,2,0.225,0.0,0.265,4,0,0,0,0,0,71
2018,mixed,Joe Pisapia,Jose Altuve,3776,Hou,2B,49,res,reserved,"2B,MI",127,33,20,4,15,3,24,14,0.359,0.0,0.402,6,0,0,130,0,0,0
2018,mixed,Joe Pisapia,Franklin Barreto,4834,Oak,SS,0,res,reserved,"2B,MI,SS",73,32,10,5,16,0,29,1,0.253,0.0,0.493,1,0,0,26,0,2,0
2018,mixed,Joe Pisapia,Melky Cabrera,1014,Cle,UT,2,res,reserved,OF,192,61,22,6,28,1,28,17,0.363,0.0,0.458,4,0,0,0,0,0,71
2018,mixed,Joe Pisapia,Ryan Zimmerman,1638,Was,1B,4,rel,previously_reserved,,4,2,0,0,0,0,0,0,0.2,0.0,0.0,0,0,73,0,0,0,0
2018,mixed,Joe Pisapia,Matt Davidson,2700,CWS,1B,0,act,previously_reserved,"3B,1B,CI",48,14,10,4,8,0,21,10,0.35,0.0,0.479,64,0,45,0,14,0,0
2018,mixed,Joe Pisapia,Tim Beckham,2143,Bal,2B,2,act,previously_reserved,"UT,SS,3B,MI,2B",117,29,15,3,10,0,29,8,0.312,0.0,0.385,7,0,0,3,40,49,0
2018,mixed,Joe Pisapia,Michael Conforto,4911,NYM,OF,7,act,previously_reserved,OF,9,3,2,1,2,0,4,3,0.417,0.0,0.667,1,0,0,0,0,0,144
2018,mixed,Joe Pisapia,Jason Heyward,1968,ChC,UT,62,act,previously_reserved,OF,123,31,15,3,21,0,15,9,0.346,0.0,0.431,0,0,0,0,0,0,126
2018,mixed,Joe Pisapia,Ryon Healy,5786,Sea,CI,1,act,previously_reserved,"3B,1B,CI",16,4,5,3,6,0,3,0,0.375,0.0,1.0,0,0,131,0,2,0,0
2018,mixed,Joe Pisapia,Starlin Castro,2724,Mia,MI,2,act,previously_reserved,"UT,2B,MI",5,1,1,0,0,1,3,0,0.2,0.0,0.2,0,0,0,150,0,0,0
2018,mixed,Ron Shandler,Yulieski Gurriel,2160,Hou,1B,19,act,active,"1B,CI,2B,3B",38,10,1,0,5,0,4,2,0.39,0.0,0.342,8,0,109,15,21,2,0
2018,mixed,Ron Shandler,Paul DeJong,5714,StL,2B,7,act,active,"UT,SS,2B,MI",425,112,64,19,68,1,121,35,0.312,0.0,0.438,0,0,0,0,0,114,0
2018,mixed,Ron Shandler,Tim Anderson,4591,CWS,SS,6,act,active,"SS,MI",567,153,77,20,64,26,149,30,0.281,0.0,0.406,1,0,0,0,0,151,0
2018,mixed,Ron Shandler,Aledmys Diaz,4500,Tor,3B,57,act,active,"SS,3B,MI",129,42,11,3,20,0,25,11,0.322,0.0,0.411,1,0,0,0,38,95,0
2018,mixed,Ron Shandler,Kris Bryant,4434,ChC,OF,40,act,active,"OF,3B,CI",113,33,16,3,14,0,35,11,0.344,0.333,0.389,0,0,4,0,86,0,27
2018,mixed,Ron Shandler,Franmil Reyes,5308,SD,OF,57,act,active,OF,207,65,28,13,26,0,67,20,0.352,0.0,0.512,0,0,0,0,0,0,75
2018,mixed,Ron Shandler,Hunter Renfroe,4558,SD,OF,76,act,active,OF,353,100,43,24,60,2,93,26,0.305,0.0,0.513,2,0,0,0,0,0,103
2018,mixed,Ron Shandler,Randal Grichuk,2843,Tor,OF,3,act,active,OF,415,121,58,24,58,3,122,27,0.302,0.0,0.499,2,0,0,0,0,0,121
2018,mixed,Ron Shandler,Joc Pederson,4090,LAD,OF,2,act,active,OF,242,88,39,18,30,0,60,23,0.305,0.25,0.517,0,0,0,0,0,0,132
2018,mixed,Ron Shandler,Salvador Perez,3457,KC,C,8,act,active,C,506,128,51,26,79,1,107,17,0.274,0.0,0.435,30,96,3,0,0,0,0
2018,mixed,Ron Shandler,Mike Zunino,4012,Sea,C,11,act,active,C,336,103,32,17,37,0,137,24,0.267,0.0,0.408,1,111,0,0,0,0,0
2018,mixed,Ron Shandler,Nelson Cruz,1529,Sea,UT,23,act,active,UT,326,92,49,24,64,0,80,39,0.342,0.0,0.515,136,0,0,0,0,0,4
2018,mixed,Ron Shandler,C.J. Cron,3696,TB,CI,0,act,active,"1B,CI",257,78,33,15,38,0,82,21,0.319,0.0,0.502,70,0,61,0,0,0,0
2018,mixed,Ron Shandler,Jeff McNeil,6617,NYM,MI,8,act,active,2B,213,57,34,3,19,7,21,10,0.372,0.0,0.484,0,0,0,54,4,0,0
2018,mixed,Ron Shandler,Jose M. Fernandez,4910,LAA,1B,18,res,previously_active,1B,12,4,2,0,1,0,1,1,0.357,0.0,0.417,2,0,28,1,2,0,0
2018,mixed,Ron Shandler,Joey Votto,345,Cin,1B,49,trd,previously_active,,232,65,33,6,27,1,40,46,0.433,0.0,0.444,2,0,139,0,0,0,0
2018,mixed,Ron Shandler,Ryan McMahon,4613,Col,2B,2,rel,previously_active,,87,45,7,2,9,0,34,10,0.276,0.0,0.322,0,0,31,10,17,0,0
2018,mixed,Ron Shandler,J.P. Crawford,4534,Phi,SS,1,rel,previously_active,,3,2,0,0,0,0,2,2,0.667,0.0,0.667,0,0,0,0,13,30,0
2018,mixed,Ron Shandler,Freddie Freeman,2466,Atl,3B,41,trd,previously_active,,250,65,41,12,45,6,46,39,0.43,0.0,0.568,0,0,161,0,0,0,0
2018,mixed,Ron Shandler,Yangervis Solarte,3899,Tor,3B,1,rel,previously_active,,433,111,50,17,53,1,68,31,0.287,0.0,0.397,7,0,4,28,83,7,0
2018,mixed,Ron Shandler,Raimel Tapia,4798,Col,OF,18,rel,previously_active,,15,13,4,1,5,0,3,1,0.312,0.0,0.6,1,0,0,0,0,0,8
2018,mixed,Ron Shandler,Ben Zobrist,1470,ChC,OF,37,rel,previously_active,,116,34,20,3,17,1,17,17,0.366,0.0,0.422,1,0,4,63,0,0,84
2018,mixed,Ron Shandler,JaCoby Jones,4996,Det,OF,47,rel,previously_active,,77,20,4,0,4,2,25,1,0.225,0.0,0.286,5,0,0,0,0,0,120
2018,mixed,Ron Shandler,Rajai Davis,1311,Cle,OF,27,rel,previously_active,,34,13,6,0,2,1,7,3,0.27,0.0,0.235,12,0,0,0,0,0,75
2018,mixed,Ron Shandler,Austin Meadows,4438,TB,OF,20,rel,previously_active,,78,27,5,0,5,1,23,4,0.286,0.0,0.295,2,0,0,0,0,0,47
2018,mixed,Ron Shandler,Carlos Gomez,902,TB,OF,47,trd,previously_active,,63,18,5,2,5,2,12,4,0.286,0.0,0.365,6,0,0,1,0,0,103
2018,mixed,Ron Shandler,Mikie Mahtook,3666,Det,OF,1,rel,previously_active,,31,9,3,0,1,0,10,3,0.2,0.0,0.161,1,0,0,0,0,0,61
2018,mixed,Ron Shandler,Khris Davis,4217,Oak,OF,22,trd,previously_active,,219,57,32,17,46,0,64,19,0.313,0.0,0.521,139,0,0,0,0,0,11
2018,mixed,Ron Shandler,Roman Quinn,4018,Phi,OF,11,res,previously_active,OF,26,12,1,0,2,2,4,1,0.296,0.0,0.385,0,0,0,0,0,1,37
2018,mixed,Ron Shandler,Sean Rodriguez,743,Pit,OF,5,rel,previously_active,,11,6,2,0,0,0,5,2,0.231,0.0,0.091,0,0,2,26,1,16,18
2018,mixed,Ron Shandler,Byron Buxton,4014,Min,OF,23,rel,previously_active,,83,26,8,0,4,5,26,3,0.186,0.0,0.205,0,0,0,0,0,0,27
2018,mixed,Ron Shandler,Curtis Granderson,517,Mil,OF,0,rel,previously_active,,137,49,29,5,12,2,47,25,0.345,0.0,0.394,21,0,0,0,0,0,86
2018,mixed,Ron Shandler,Kevin Plawecki,4517,NYM,C,5,rel,previously_active,,14,5,2,0,0,0,4,3,0.316,0.0,0.071,0,71,3,0,0,0,0
2018,mixed,Ron Shandler,Chris Herrmann,3487,Sea,C,5,rel,previously_active,,14,6,1,0,1,0,5,2,0.312,0.0,0.5,0,28,1,0,0,0,0
2018,mixed,Ron Shandler,Andrew Knapp,5228,Phi,C,5,rel,previously_active,,39,14,4,0,0,0,16,4,0.256,0.0,0.231,0,53,1,0,0,0,0
2018,mixed,Ron Shandler,Devin Mesoraco,1987,NYM,C,5,rel,previously_active,,6,3,0,0,0,0,3,0,0.143,0.0,0.0,1,67,1,0,0,0,0
2018,mixed,Ron Shandler,Adam Engel,4816,CWS,UT,47,rel,previously_active,,31,9,4,1,5,0,12,2,0.333,0.0,0.548,2,0,0,0,0,0,140
2018,mixed,Ron Shandler,Luis Valbuena,2200,FA,CI,36,rel,previously_active,,63,19,4,3,8,1,22,0,0.172,0.0,0.349,1,0,39,1,57,0,0
2018,mixed,Ron Shandler,Mark Canha,4430,Oak,CI,5,res,previously_active,"OF,1B",72,24,12,3,6,1,15,3,0.253,0.0,0.361,3,0,15,0,0,0,108
2018,mixed,Ron Shandler,Cory Spangenberg,3756,SD,CI,18,rel,previously_active,,78,28,5,2,5,1,29,3,0.256,0.0,0.346,2,0,0,49,44,1,5
2018,mixed,Ron Shandler,Brandon Crawford,3051,SF,MI,2,trd,previously_active,,338,95,43,10,38,3,74,32,0.363,0.0,0.456,0,0,0,0,0,146,0
2018,mixed,Ron Shandler,Jose M. Fernandez,4910,LAA,1B,18,res,reserved,1B,12,4,1,0,1,0,2,3,0.4,0.0,0.333,2,0,28,1,2,0,0
2018,mixed,Ron Shandler,Roman Quinn,4018,Phi,OF,11,res,reserved,OF,104,37,12,2,10,8,31,9,0.333,0.0,0.433,0,0,0,0,0,1,37
2018,mixed,Ron Shandler,Mark Canha,4430,Oak,CI,5,res,reserved,"OF,1B",22,14,5,1,6,0,5,3,0.481,0.0,0.636,3,0,15,0,0,0,108
2018,mixed,Ron Shandler,Yulieski Gurriel,2160,Hou,1B,19,act,previously_reserved,"1B,CI,2B,3B",26,6,8,3,10,0,3,0,0.462,0.0,0.923,8,0,109,15,21,2,0
2018,mixed,Ron Shandler,Paul DeJong,5714,StL,2B,7,act,previously_reserved,"UT,SS,2B,MI",11,3,4,0,0,0,2,1,0.333,0.0,0.273,0,0,0,0,0,114,0
2018,mixed,Ron Shandler,Ryan McMahon,4613,Col,2B,2,rel,previously_reserved,,8,2,0,0,0,0,1,0,0.375,0.0,0.5,0,0,31,10,17,0,0
2018,mixed,Ron Shandler,Yangervis Solarte,3899,Tor,3B,1,rel,previously_reserved,,3,1,0,0,0,0,1,0,0.0,0.0,0.0,7,0,4,28,83,7,0
2018,mixed,Ron Shandler,Wilmer Flores,2527,NYM,3B,0,trd,previously_reserved,,38,18,4,2,5,0,4,4,0.333,0.0,0.474,2,0,83,13,10,0,0
2018,mixed,Ron Shandler,Franmil Reyes,5308,SD,OF,57,act,previously_reserved,OF,7,5,2,0,0,0,2,2,0.333,0.0,0.143,0,0,0,0,0,0,75
2018,mixed,Ron Shandler,Byron Buxton,4014,Min,OF,23,rel,previously_reserved,,7,2,0,0,0,0,2,0,0.143,0.0,0.143,0,0,0,0,0,0,27
2018,mixed,Ron Shandler,Curtis Granderson,517,Mil,OF,0,rel,previously_reserved,,115,38,10,4,14,0,32,10,0.317,0.0,0.443,21,0,0,0,0,0,86
2018,mixed,Ron Shandler,Randal Grichuk,2843,Tor,OF,3,act,previously_reserved,OF,9,3,2,1,3,0,0,0,0.222,0.0,0.667,2,0,0,0,0,0,121
2018,mixed,Ron Shandler,Carlos Gomez,902,TB,OF,47,trd,previously_reserved,,25,8,4,1,2,0,4,3,0.333,0.0,0.32,6,0,0,1,0,0,103
2018,mixed,Ron Shandler,Rajai Davis,1311,Cle,OF,27,rel,previously_reserved,,2,4,0,0,0,0,0,0,0.5,0.0,0.5,12,0,0,0,0,0,75
2018,mixed,Ron Shandler,Austin Meadows,4438,TB,OF,20,rel,previously_reserved,,3,1,0,0,0,0,2,0,0.0,0.0,0.0,2,0,0,0,0,0,47
2018,mixed,Ron Shandler,Brett Phillips,5048,KC,OF,2,rel,previously_reserved,,7,7,0,0,0,0,5,0,0.143,0.0,0.143,1,0,0,0,0,0,45
2018,mixed,Ron Shandler,Ben Zobrist,1470,ChC,OF,37,rel,previously_reserved,,3,2,1,0,0,0,1,0,0.333,0.0,0.333,1,0,4,63,0,0,84
2018,mixed,Ron Shandler,JaCoby Jones,4996,Det,OF,47,rel,previously_reserved,,44,11,8,1,2,0,13,1,0.261,0.0,0.386,5,0,0,0,0,0,120
2018,mixed,Ron Shandler,Kris Bryant,4434,ChC,OF,40,act,previously_reserved,"OF,3B,CI",12,3,3,1,2,0,6,3,0.467,0.0,0.667,0,0,4,0,86,0,27
2018,mixed,Ron Shandler,Salvador Perez,3457,KC,C,8,act,previously_reserved,C,4,1,1,1,1,0,1,0,0.25,0.0,1.0,30,96,3,0,0,0,0
2018,mixed,Ron Shandler,Mike Zunino,4012,Sea,C,11,act,previously_reserved,C,37,10,5,3,7,0,13,0,0.184,0.0,0.432,1,111,0,0,0,0,0
2018,mixed,Ron Shandler,Kevin Plawecki,4517,NYM,C,5,rel,previously_reserved,,17,5,2,0,1,0,6,3,0.35,0.0,0.235,0,71,3,0,0,0,0
2018,mixed,Ron Shandler,Cory Spangenberg,3756,SD,CI,18,rel,previously_reserved,,9,3,1,0,2,0,3,0,0.111,0.0,0.111,2,0,0,49,44,1,5
2018,mixed,Ron Shandler,Jeff McNeil,6617,NYM,MI,8,act,previously_reserved,2B,12,6,1,0,0,0,3,4,0.5,0.0,0.25,0,0,0,54,4,0,0
2018,mixed,Ron Shandler,Brandon Crawford,3051,SF,MI,2,trd,previously_reserved,,50,13,3,0,6,0,15,3,0.204,0.0,0.22,0,0,0,0,0,146,0
2018,mixed,Scott Swanay,Luke Voit,6139,NYY,1B,2,act,active,"1B,CI",103,29,22,11,24,0,31,12,0.397,0.0,0.689,4,0,35,0,0,0,1
2018,mixed,Scott Swanay,Brock Holt,4192,Bos,2B,0,act,active,"3B,2B,SS,OF,1B,MI",34,10,7,1,6,0,9,4,0.4,0.0,0.471,2,0,7,56,5,23,16
2018,mixed,Scott Swanay,Andrelton Simmons,3717,LAA,SS,2,act,active,"SS,MI",546,144,67,11,75,10,44,34,0.341,0.0,0.423,1,0,0,0,0,145,0
2018,mixed,Scott Swanay,Evan Longoria,1489,SF,3B,5,act,active,"3B,CI",421,110,46,15,50,3,87,18,0.277,0.0,0.418,0,0,0,0,123,0,0
2018,mixed,Scott Swanay,Giancarlo Stanton,2378,NYY,OF,40,act,active,OF,617,158,102,38,100,5,211,70,0.343,0.0,0.509,85,0,0,0,0,0,72
2018,mixed,Scott Swanay,Robbie Grossman,2699,Min,OF,0,act,active,OF,45,13,13,1,6,0,9,12,0.456,0.0,0.444,36,0,0,0,0,0,84
2018,mixed,Scott Swanay,Marcell Ozuna,3280,StL,OF,20,act,active,OF,532,136,60,18,80,3,101,37,0.329,0.0,0.421,0,0,0,0,0,0,147
2018,mixed,Scott Swanay,Yasiel Puig,4153,LAD,OF,17,act,active,OF,369,113,52,20,58,13,81,33,0.322,0.25,0.485,0,0,0,0,0,0,118
2018,mixed,Scott Swanay,Bryce Harper,2628,Was,OF,43,act,active,"UT,OF",550,159,103,34,100,13,169,130,0.393,0.0,0.496,1,0,1,0,0,0,156
2018,mixed,Scott Swanay,Francisco Cervelli,1004,Pit,C,0,act,active,"C,1B",106,32,9,2,15,1,26,12,0.358,0.0,0.377,1,94,5,0,0,0,0
2018,mixed,Scott Swanay,Evan Gattis,3959,Hou,C,12,act,active,C,407,128,49,25,78,1,101,33,0.284,0.0,0.452,110,2,0,0,0,0,0
2018,mixed,Scott Swanay,Josh Bell,3669,Pit,UT,6,act,active,"1B,CI",433,128,59,8,53,1,86,63,0.349,0.0,0.388,1,0,137,0,0,0,0
2018,mixed,Scott Swanay,Yonder Alonso,2142,Cle,CI,3,act,active,"1B,CI",477,135,59,22,77,0,113,49,0.316,0.0,0.423,1,0,138,0,0,0,0
2018,mixed,Scott Swanay,Brandon Crawford,3051,SF,MI,2,act,active,"SS,MI",143,43,17,4,10,1,33,15,0.275,0.0,0.308,0,0,0,0,0,146,0
2018,mixed,Scott Swanay,Brandon Lowe,6565,TB,2B,2,res,previously_active,"2B,OF",59,21,12,6,15,0,15,5,0.323,0.0,0.678,0,0,0,28,0,0,15
2018,mixed,Scott Swanay,*Daniel Robertson,4577,TB,2B,24,dis,previously_active,"3B,SS,2B,CI,MI",213,64,30,6,25,1,57,26,0.345,0.0,0.357,2,0,1,39,19,29,4
2018,mixed,Scott Swanay,Joe Panik,3800,SF,2B,1,rel,previously_active,,244,66,27,4,17,2,21,18,0.295,0.0,0.332,0,0,1,94,0,0,0
2018,mixed,Scott Swanay,Jeimer Candelario,4071,Det,3B,81,res,previously_active,"3B,CI",39,11,6,1,2,0,12,7,0.326,0.0,0.333,0,0,0,0,140,0,0
2018,mixed,Scott Swanay,Corey Dickerson,3661,Pit,OF,8,rel,previously_active,,148,40,18,1,11,2,31,6,0.276,0.0,0.372,1,0,0,0,0,0,124
2018,mixed,Scott Swanay,Jackie Bradley,3595,Bos,OF,48,res,previously_active,OF,204,62,36,7,32,7,56,23,0.33,0.0,0.451,1,0,0,0,0,0,143
2018,mixed,Scott Swanay,Alex Gordon,681,KC,OF,28,rel,previously_active,,109,30,8,3,10,2,28,9,0.319,0.0,0.358,5,0,0,0,0,0,136
2018,mixed,Scott Swanay,Josh Reddick,2163,Hou,OF,1,rel,previously_active,,256,78,39,9,29,6,45,29,0.331,0.0,0.414,2,0,0,0,0,0,128
2018,mixed,Scott Swanay,Chris Iannetta,451,Col,C,3,rel,previously_active,,204,68,22,7,22,0,63,30,0.328,0.0,0.363,1,99,0,0,0,0,0
2018,mixed,Scott Swanay,Elias Diaz,5078,Pit,C,0,rel,previously_active,,11,3,1,1,1,0,2,3,0.357,0.0,0.455,1,70,0,0,0,0,0
2018,mixed,Scott Swanay,*Corey Seager,4154,LAD,UT,23,rel,previously_active,,101,26,13,2,13,0,17,11,0.348,0.0,0.396,0,0,0,0,0,25,0
2018,mixed,Scott Swanay,Kyle Tucker,5384,Hou,UT,0,rel,previously_active,,23,8,4,0,0,1,3,1,0.2,0.0,0.174,0,0,0,0,0,0,23
2018,mixed,Scott Swanay,Kole Calhoun,3983,LAA,UT,2,trd,previously_active,,201,53,26,6,27,4,54,17,0.265,0.0,0.338,0,0,0,0,0,0,136
2018,mixed,Scott Swanay,Colin Moran,4435,Pit,CI,13,rel,previously_active,,118,38,11,1,14,0,24,6,0.296,0.0,0.322,3,0,0,0,116,0,0
2018,mixed,Scott Swanay,Ryan Zimmerman,1638,Was,CI,68,res,previously_active,"1B,CI",127,37,16,5,19,1,21,15,0.354,0.0,0.488,0,0,73,0,0,0,0
2018,mixed,Scott Swanay,Jordy Mercer,3871,Pit,MI,0,rel,previously_active,,18,5,0,0,3,0,7,0,0.222,0.0,0.333,0,0,0,0,0,117,0
2018,mixed,Scott Swanay,Enrique Hernandez,4992,LAD,MI,0,rel,previously_active,,125,40,20,7,16,1,20,12,0.288,0.0,0.424,0,0,8,41,9,22,87
2018,mixed,Scott Swanay,Kolten Wong,3771,StL,MI,59,rel,previously_active,,90,36,8,3,5,1,20,5,0.267,0.0,0.3,0,0,0,119,0,0,0
2018,mixed,Scott Swanay,Brandon Lowe,6565,TB,2B,2,res,reserved,"2B,OF",26,7,0,0,4,0,8,2,0.276,0.0,0.308,0,0,0,28,0,0,15
2018,mixed,Scott Swanay,*Daniel Robertson,4577,TB,2B,24,dis,reserved,"3B,SS,2B,CI,MI",7,2,2,0,1,0,4,1,0.375,0.0,0.571,2,0,1,39,19,29,4
2018,mixed,Scott Swanay,Jeimer Candelario,4071,Det,3B,81,res,reserved,"3B,CI",22,6,3,0,1,1,6,3,0.333,0.0,0.182,0,0,0,0,140,0,0
2018,mixed,Scott Swanay,Jackie Bradley,3595,Bos,OF,48,res,reserved,OF,126,37,19,4,18,6,35,10,0.338,0.0,0.468,1,0,0,0,0,0,143
2018,mixed,Scott Swanay,*Clint Frazier,4439,NYY,OF,24,dis,reserved,OF,0,0,0,0,0,0,0,0,0.0,0.0,0.0,1,0,0,0,0,0,10
2018,mixed,Scott Swanay,Ryan Zimmerman,1638,Was,CI,68,res,reserved,"1B,CI",28,10,6,3,14,0,8,6,0.486,0.0,0.821,0,0,73,0,0,0,0
2018,mixed,Scott Swanay,Joe Panik,3800,SF,2B,1,rel,previously_reserved,,56,18,5,0,3,0,4,4,0.317,0.0,0.357,0,0,1,94,0,0,0
2018,mixed,Scott Swanay,Brock Holt,4192,Bos,2B,0,act,previously_reserved,"3B,2B,SS,OF,1B,MI",16,4,2,0,1,0,4,2,0.333,0.0,0.375,2,0,7,56,5,23,16
2018,mixed,Scott Swanay,Andrelton Simmons,3717,LAA,SS,2,act,previously_reserved,"SS,MI",8,2,1,0,0,0,0,1,0.111,0.0,0.0,1,0,0,0,0,145,0
2018,mixed,Scott Swanay,Evan Longoria,1489,SF,3B,5,act,previously_reserved,"3B,CI",59,15,5,1,4,0,14,4,0.312,0.0,0.373,0,0,0,0,123,0,0
2018,mixed,Scott Swanay,Corey Dickerson,3661,Pit,OF,8,rel,previously_reserved,,20,5,7,4,5,1,2,1,0.429,0.0,1.05,1,0,0,0,0,0,124
2018,mixed,Scott Swanay,Josh Reddick,2163,Hou,OF,1,rel,previously_reserved,,139,41,16,4,13,0,26,12,0.272,0.0,0.324,2,0,0,0,0,0,128
2018,mixed,Scott Swanay,Marcell Ozuna,3280,StL,OF,20,act,previously_reserved,OF,50,12,9,5,8,0,9,1,0.288,0.0,0.56,0,0,0,0,0,0,147
2018,mixed,Scott Swanay,Alex Gordon,681,KC,OF,28,rel,previously_reserved,,69,21,7,0,0,1,20,11,0.313,0.0,0.217,5,0,0,0,0,0,136
2018,mixed,Scott Swanay,Yasiel Puig,4153,LAD,OF,17,act,previously_reserved,OF,36,12,8,3,5,2,6,3,0.375,0.0,0.583,0,0,0,0,0,0,118
2018,mixed,Scott Swanay,Francisco Cervelli,1004,Pit,C,0,act,previously_reserved,"C,1B",11,4,2,0,1,0,5,3,0.5,0.0,0.364,1,94,5,0,0,0,0
2018,mixed,Scott Swanay,Kole Calhoun,3983,LAA,UT,2,trd,previously_reserved,,114,37,17,8,15,1,26,11,0.281,0.0,0.474,0,0,0,0,0,0,136
2018,mixed,Scott Swanay,Josh Bell,3669,Pit,UT,6,act,previously_reserved,"1B,CI",68,20,15,4,9,1,18,14,0.402,0.0,0.559,1,0,137,0,0,0,0
2018,mixed,Scott Swanay,Kyle Tucker,5384,Hou,UT,0,rel,previously_reserved,,29,12,5,0,3,0,8,4,0.294,0.0,0.241,0,0,0,0,0,0,23
2018,mixed,Scott Swanay,Yonder Alonso,2142,Cle,CI,3,act,previously_reserved,"1B,CI",39,10,5,1,6,0,10,2,0.333,0.0,0.385,1,0,138,0,0,0,0
2018,mixed,Scott Swanay,Colin Moran,4435,Pit,CI,13,rel,previously_reserved,,88,36,8,2,13,0,17,6,0.351,0.0,0.42,3,0,0,0,116,0,0
2018,mixed,Scott Swanay,Enrique Hernandez,4992,LAD,MI,0,rel,previously_reserved,,8,3,1,0,1,1,1,1,0.222,0.0,0.25,0,0,8,41,9,22,87
2018,mixed,Scott Swanay,Kolten Wong,3771,StL,MI,59,rel,previously_reserved,,19,8,2,1,2,0,5,1,0.318,0.0,0.421,0,0,0,119,0,0,0
2018,mixed,Tim McLeod,Jake Bauers,5683,TB,1B,39,act,active,"1B,OF",307,92,47,11,47,6,100,54,0.322,0.0,0.388,6,0,76,0,0,0,20
2018,mixed,Tim McLeod,Ozhaino Albies,5099,Atl,2B,19,act,active,"2B,MI",613,153,100,24,69,13,114,35,0.299,0.0,0.45,0,0,0,157,0,0,0
2018,mixed,Tim McLeod,Willy Adames,5094,TB,SS,13,act,active,"SS,2B",169,49,29,6,22,5,51,21,0.398,0.0,0.456,0,0,0,10,0,75,0
2018,mixed,Tim McLeod,Eugenio Suarez,4330,Cin,3B,8,act,active,"3B,CI",509,139,77,34,101,1,139,63,0.366,0.0,0.528,0,0,0,0,143,3,0
2018,mixed,Tim McLeod,Brian Anderson,5326,Mia,OF,0,act,active,"OF,3B,CI",525,140,77,10,52,2,112,57,0.353,0.0,0.398,0,0,0,0,71,0,91
2018,mixed,Tim McLeod,Andrew Benintendi,5386,Bos,OF,30,act,active,OF,579,148,103,16,87,21,106,71,0.366,0.0,0.465,0,0,0,0,0,0,144
2018,mixed,Tim McLeod,Trey Mancini,5439,Bal,OF,7,act,active,"1B,OF,CI",482,126,53,18,47,0,124,36,0.292,0.0,0.396,17,0,47,0,0,0,98
2018,mixed,Tim McLeod,Teoscar Hernandez,4844,Tor,OF,41,act,active,OF,320,94,50,17,38,4,115,33,0.299,0.0,0.45,9,0,0,0,0,0,119
2018,mixed,Tim McLeod,Tommy Pham,5041,TB,OF,28,act,active,OF,463,127,100,20,59,15,131,61,0.373,0.0,0.477,2,0,0,0,0,0,128
2018,mixed,Tim McLeod,Wilson Ramos,2170,Phi,C,9,act,active,C,365,107,36,15,66,0,75,32,0.356,0.0,0.474,5,96,0,0,0,0,0
2018,mixed,Tim McLeod,Danny Jansen,5332,Tor,C,1,act,active,C,81,31,12,3,8,0,17,9,0.347,0.0,0.432,1,29,0,0,0,0,0
2018,mixed,Tim McLeod,Jose Abreu,4038,CWS,UT,30,act,active,"1B,CI",499,128,68,22,78,2,109,37,0.325,0.0,0.473,13,0,114,0,0,0,0
2018,mixed,Tim McLeod,Alen Hanson,4120,SF,CI,87,act,active,"2B,OF,MI,3B,SS",211,78,26,6,23,6,48,8,0.27,0.0,0.398,0,0,0,45,10,16,20
2018,mixed,Tim McLeod,Ian Happ,5352,ChC,MI,18,act,active,"OF,2B,MI,3B",221,84,30,6,21,6,99,44,0.341,1.0,0.33,0,0,2,2,20,0,115
2018,mixed,Tim McLeod,Amed Rosario,4884,NYM,SS,3,rel,previously_active,,259,82,29,4,21,4,60,15,0.282,0.0,0.347,0,0,0,0,0,146,0
2018,mixed,Tim McLeod,Dustin Fowler,5630,Oak,OF,19,res,previously_active,OF,111,35,9,4,12,5,26,4,0.239,0.0,0.342,0,0,0,0,0,0,62
2018,mixed,Tim McLeod,Nomar Mazara,3791,Tex,OF,16,trd,previously_active,,105,28,14,3,12,0,26,6,0.321,0.0,0.39,12,0,0,0,0,0,115
2018,mixed,Tim McLeod,Austin Hedges,4064,SD,C,1,rel,previously_active,,75,24,5,2,10,0,30,6,0.235,0.0,0.293,1,83,0,0,0,0,0
2018,mixed,Tim McLeod,Carson Kelly,4512,StL,C,7,rel,previously_active,,17,7,0,0,1,0,4,0,0.167,0.0,0.118,0,16,0,0,0,0,0
2018,mixed,Tim McLeod,J.R. Murphy,3977,Ari,C,4,rel,previously_active,,117,40,10,4,11,0,38,7,0.23,0.0,0.308,1,68,0,0,0,0,0
2018,mixed,Tim McLeod,Rafael Devers,4903,Bos,UT,15,res,previously_active,"3B,CI",335,89,41,13,45,3,90,28,0.301,0.0,0.418,2,0,0,0,116,0,0
2018,mixed,Tim McLeod,Kendrys Morales,741,Tor,UT,6,rel,previously_active,,76,24,5,2,4,1,19,10,0.233,0.0,0.237,99,0,18,0,1,0,0
2018,mixed,Tim McLeod,Albert Almora,4126,ChC,UT,11,res,previously_active,OF,206,70,26,2,14,1,44,12,0.317,0.0,0.35,0,0,0,0,0,0,138
2018,mixed,Tim McLeod,Josh Harrison,3747,Pit,MI,1,rel,previously_active,,280,79,33,5,26,3,51,14,0.297,0.0,0.346,0,0,0,87,2,0,0
2018,mixed,Tim McLeod,Garrett Hampson,6277,Col,MI,129,rel,previously_active,,14,5,0,0,1,1,3,3,0.471,0.0,0.5,0,0,0,7,0,8,1
2018,mixed,Tim McLeod,Dustin Fowler,5630,Oak,OF,19,res,reserved,OF,81,34,10,2,11,1,21,4,0.279,0.0,0.37,0,0,0,0,0,0,62
2018,mixed,Tim McLeod,Rafael Devers,4903,Bos,UT,15,res,reserved,"3B,CI",115,32,18,8,21,2,31,10,0.288,0.0,0.478,2,0,0,0,116,0,0
2018,mixed,Tim McLeod,Albert Almora,4126,ChC,UT,11,res,reserved,OF,189,66,23,2,21,0,30,8,0.315,0.0,0.376,0,0,0,0,0,0,138
2018,mixed,Tim McLeod,Ozhaino Albies,5099,Atl,2B,19,act,previously_reserved,"2B,MI",26,5,5,0,3,1,2,1,0.444,0.0,0.5,0,0,0,157,0,0,0
2018,mixed,Tim McLeod,Willy Adames,5094,TB,SS,13,act,previously_reserved,"SS,2B",3,1,1,0,0,0,1,1,0.25,0.0,0.0,0,0,0,10,0,75,0
2018,mixed,Tim McLeod,Eugenio Suarez,4330,Cin,3B,8,act,previously_reserved,"3B,CI",18,4,2,0,3,0,3,1,0.368,0.0,0.444,0,0,0,0,143,3,0
2018,mixed,Tim McLeod,Tommy Pham,5041,TB,OF,28,act,previously_reserved,OF,31,10,2,1,4,0,9,6,0.27,0.0,0.258,2,0,0,0,0,0,128
2018,mixed,Tim McLeod,Teoscar Hernandez,4844,Tor,OF,41,act,previously_reserved,OF,151,39,17,5,17,0,47,8,0.306,0.0,0.497,9,0,0,0,0,0,119
2018,mixed,Tim McLeod,Matt Kemp,799,LAD,OF,0,rel,previously_reserved,,22,8,0,0,2,0,7,3,0.36,0.0,0.318,5,0,0,0,0,0,120
2018,mixed,Tim McLeod,Trey Mancini,5439,Bal,OF,7,act,previously_reserved,"1B,OF,CI",100,30,16,6,11,0,29,8,0.33,0.0,0.51,17,0,47,0,0,0,98
2018,mixed,Tim McLeod,Brian Anderson,5326,Mia,OF,0,act,previously_reserved,"OF,3B,CI",65,16,10,1,13,0,17,5,0.386,0.0,0.415,0,0,0,0,71,0,91
2018,mixed,Tim McLeod,Carson Kelly,4512,StL,C,7,rel,previously_reserved,,4,1,0,0,1,0,1,0,0.0,0.0,0.0,0,16,0,0,0,0,0
2018,mixed,Tim McLeod,Austin Hedges,4064,SD,C,1,rel,previously_reserved,,7,2,0,0,0,0,3,0,0.143,0.0,0.143,1,83,0,0,0,0,0
2018,mixed,Tim McLeod,Wilson Ramos,2170,Phi,C,9,act,previously_reserved,C,17,4,3,0,4,0,5,0,0.412,0.0,0.765,5,96,0,0,0,0,0
2018,mixed,Tim McLeod,Kendrys Morales,741,Tor,UT,6,rel,previously_reserved,,28,8,2,1,7,1,8,2,0.29,0.0,0.393,99,0,18,0,1,0,0
2018,mixed,Tim McLeod,Alen Hanson,4120,SF,CI,87,act,previously_reserved,"2B,OF,MI,3B,SS",77,30,9,1,13,1,22,1,0.291,0.0,0.481,0,0,0,45,10,16,20
2018,mixed,Tim McLeod,Ian Happ,5352,ChC,MI,18,act,previously_reserved,"OF,2B,MI,3B",166,58,26,9,23,2,68,26,0.37,0.0,0.512,0,0,2,2,20,0,115
2018,mixed,Tim McLeod,Josh Harrison,3747,Pit,MI,1,rel,previously_reserved,,42,12,6,2,7,0,11,3,0.304,0.0,0.452,0,0,0,87,2,0,0
