year,league,team,player_name,player_id,mlb_team,position,salary,status,roster_section,eligibility,ab,g,r,hr,rbi,sb,so,bb,avg,obp,slg,gp_dh,gp_c,gp_1b,gp_2b,gp_3b,gp_ss,gp_of
2019,mixed,Scott Swanay,Jose Abreu,4038,FA,1B,16,act,active,"1B,CI",246,63,40,12,53,0,58,17,0.362,0.44,0.524,34,0,125,0,0,0,0
2019,mixed,Scott Swanay,Neil Walker,1221,Phi,2B,1,act,active,"1B,3B,CI,2B,OF,MI",14,5,4,1,3,0,3,2,0.437,0.437,0.786,3,0,69,1,26,0,0
2019,mixed,Scott Swanay,Corey Seager,4154,Tex,SS,15,act,active,"SS,MI",469,129,77,17,80,1,94,43,0.327,0.294,0.461,0,0,0,0,0,132,0
2019,mixed,Scott Swanay,Jose Ramirez,4602,Cle,3B,6,act,active,"3B,MI,CI,2B",9,3,3,3,8,0,1,1,0.4,0.4,1.33,3,0,0,0,126,0,0
2019,mixed,Scott Swanay,J.D. Davis,5453,LAA,OF,49,act,active,"UT,3B,CI,OF",129,40,29,10,21,1,31,9,0.39,0.417,0.651,1,0,0,0,31,0,79
2019,mixed,Scott Swanay,Michael Brantley,2212,FA,OF,11,act,active,OF,81,22,7,3,10,0,11,5,0.241,0.187,0.321,25,0,0,0,0,0,123
2019,mixed,Scott Swanay,Bryan Reynolds,6096,Pit,OF,9,act,active,OF,116,27,14,3,14,1,28,4,0.292,0.0,0.44,0,0,0,0,0,0,129
2019,mixed,Scott Swanay,Adam Haseley,6200,FA,OF,1,act,active,OF,32,8,2,0,3,0,8,0,0.273,0.273,0.281,0,0,0,0,0,0,65
2019,mixed,Scott Swanay,Kyle Schwarber,4901,Phi,OF,9,act,active,OF,529,155,82,38,92,2,156,70,0.339,0.5,0.531,2,1,0,0,0,0,140
2019,mixed,Scott Swanay,Buster Posey,2187,SF,C,16,act,active,C,390,110,43,7,38,0,70,33,0.318,0.417,0.367,2,101,4,0,0,0,0
2019,mixed,Scott Swanay,Victor Caratini,4876,Hou,C,28,act,active,"C,1B,CI",123,45,15,6,13,1,28,12,0.338,0.3,0.447,0,59,23,0,2,0,0
2019,mixed,Scott Swanay,Nelson Cruz,1529,SD,UT,21,act,active,UT,415,110,74,35,98,0,113,51,0.397,0.562,0.631,114,0,0,0,0,0,0
2019,mixed,Scott Swanay,Brandon Lowe,6565,TB,CI,0,act,active,"2B,OF,1B,MI",274,75,38,16,48,4,108,22,0.328,0.25,0.511,3,0,5,69,0,0,7
2019,mixed,Scott Swanay,Jorge Polanco,4695,Sea,MI,5,act,active,"UT,SS,MI",620,150,105,22,79,4,112,59,0.356,0.125,0.485,11,0,0,0,0,142,0
2019,mixed,Scott Swanay,Anthony Rizzo,3156,FA,1B,32,res,previously_active,"1B,CI",492,140,88,26,93,5,82,70,0.404,0.0,0.516,0,0,146,0,0,0,0
2019,mixed,Scott Swanay,Colin Moran,4435,Sea,2B,57,rel,previously_active,,90,28,11,1,15,0,23,1,0.337,0.0,0.478,0,0,8,11,121,0,2
2019,mixed,Scott Swanay,Addison Russell,4162,FA,2B,44,rel,previously_active,,5,3,0,0,2,0,2,1,0.125,0.0,0.0,0,0,0,63,0,21,0
2019,mixed,Scott Swanay,Adam Frazier,5555,Pit,2B,13,res,previously_active,"2B,OF,MI",60,19,8,2,10,0,10,5,0.379,0.0,0.533,0,0,0,142,0,0,0
2019,mixed,Scott Swanay,Marwin Gonzalez,3884,FA,2B,5,rel,previously_active,,380,103,47,14,45,1,85,30,0.324,0.0,0.416,3,0,21,2,40,1,59
2019,mixed,Scott Swanay,Miguel Rojas,4814,LAD,SS,0,rel,previously_active,,26,6,1,0,6,0,1,0,0.231,0.0,0.423,0,0,6,3,0,125,0
2019,mixed,Scott Swanay,Justin Turner,2415,ChC,3B,18,res,previously_active,"UT,3B,CI",471,131,80,27,67,2,88,49,0.37,0.0,0.514,3,0,0,1,124,0,0
2019,mixed,Scott Swanay,Greg Garcia,4360,FA,3B,1,rel,previously_active,,19,7,2,0,0,0,5,3,0.364,0.0,0.316,1,0,1,74,13,9,1
2019,mixed,Scott Swanay,Aaron Hicks,2591,FA,OF,14,trd,previously_active,,172,47,33,10,32,1,51,26,0.353,0.0,0.494,1,0,0,0,0,0,58
2019,mixed,Scott Swanay,Marcell Ozuna,3280,Atl,OF,15,trd,previously_active,,362,98,66,24,74,12,82,43,0.346,0.0,0.525,0,0,0,0,0,0,129
2019,mixed,Scott Swanay,Matt Joyce,2074,Phi,OF,16,rel,previously_active,,27,13,5,0,2,0,4,8,0.457,0.0,0.296,6,0,0,0,0,0,37
2019,mixed,Scott Swanay,Matt Adams,3755,Was,OF,0,rel,previously_active,,14,5,3,1,3,0,6,2,0.471,0.0,0.643,0,0,79,0,0,0,0
2019,mixed,Scott Swanay,Robbie Grossman,2699,KC,OF,14,rel,previously_active,,14,5,3,0,0,0,4,2,0.375,0.0,0.429,0,0,0,0,0,0,129
2019,mixed,Scott Swanay,Albert Almora,4126,Mia,OF,13,rel,previously_active,,18,6,2,0,2,1,4,1,0.263,0.0,0.222,0,0,0,0,0,0,125
2019,mixed,Scott Swanay,Max Kepler,3195,Phi,OF,5,res,previously_active,OF,515,132,96,36,90,1,97,60,0.337,0.0,0.522,2,0,0,0,0,0,130
2019,mixed,Scott Swanay,Jake Bauers,5683,Mil,OF,44,rel,previously_active,,98,29,12,2,6,0,32,8,0.269,0.0,0.316,35,0,31,0,0,0,53
2019,mixed,Scott Swanay,Eloy Jimenez,4617,TB,OF,14,trd,previously_active,,317,84,42,19,49,0,91,24,0.301,0.0,0.464,8,0,0,0,0,0,114
2019,mixed,Scott Swanay,Russell Martin,787,LAD,C,4,rel,previously_active,,11,4,1,0,1,0,6,1,0.308,0.0,0.182,0,60,0,0,7,0,0
2019,mixed,Scott Swanay,Andrew Knapp,5228,SF,C,0,rel,previously_active,,5,2,0,0,0,0,0,0,0.2,0.0,0.2,0,43,1,0,0,0,0
2019,mixed,Scott Swanay,Tyler Flowers,2355,Atl,C,2,rel,previously_active,,192,59,24,9,21,0,74,19,0.307,0.0,0.432,0,83,0,0,0,0,0
2019,mixed,Scott Swanay,Luis Urias,5831,Oak,UT,14,rel,previously_active,,52,17,6,2,10,0,10,9,0.375,0.0,0.385,0,0,0,26,1,41,0
2019,mixed,Scott Swanay,Josh Reddick,2163,NYM,UT,0,trd,previously_active,,120,34,16,2,12,1,14,12,0.37,0.0,0.425,4,0,4,0,0,0,133
2019,mixed,Scott Swanay,Miguel Cabrera,509,Det,CI,11,rel,previously_active,,262,74,16,2,25,0,63,30,0.334,0.0,0.321,107,0,26,0,0,0,0
2019,mixed,Scott Swanay,Anthony Rizzo,3156,FA,1B,32,res,reserved,"1B,CI",20,6,1,1,1,0,4,1,0.429,0.167,0.6,0,0,146,0,0,0,0
2019,mixed,Scott Swanay,Adam Frazier,5555,Pit,2B,13,res,reserved,"2B,OF,MI",24,6,4,0,2,1,3,1,0.308,0.308,0.333,0,0,0,142,0,0,0
2019,mixed,Scott Swanay,Justin Turner,2415,ChC,3B,18,res,reserved,"UT,3B,CI",8,4,0,0,0,0,0,2,0.455,0.6,0.25,3,0,0,1,124,0,0
2019,mixed,Scott Swanay,Max Kepler,3195,Phi,OF,5,res,reserved,OF,9,2,2,0,0,0,2,0,0.222,0.0,0.333,2,0,0,0,0,0,130
2019,mixed,Scott Swanay,Marwin Gonzalez,3884,FA,2B,5,rel,previously_reserved,,20,5,1,1,3,0,7,0,0.3,0.0,0.5,3,0,21,2,40,1,59
2019,mixed,Scott Swanay,Colin Moran,4435,Sea,2B,57,rel,previously_reserved,,92,28,6,1,15,0,20,8,0.32,0.0,0.337,0,0,8,11,121,0,2
2019,mixed,Scott Swanay,Corey Seager,4154,Tex,SS,15,act,previously_reserved,"SS,MI",20,5,5,2,7,0,4,1,0.524,0.0,1.0,0,0,0,0,0,132,0
2019,mixed,Scott Swanay,Robbie Grossman,2699,KC,OF,14,rel,previously_reserved,,37,12,5,0,2,1,10,4,0.293,0.0,0.27,0,0,0,0,0,0,129
2019,mixed,Scott Swanay,Albert Almora,4126,Mia,OF,13,rel,previously_reserved,,20,10,0,0,0,1,1,3,0.261,0.0,0.15,0,0,0,0,0,0,125
2019,mixed,Scott Swanay,Jake Bauers,5683,Mil,OF,44,rel,previously_reserved,,21,5,2,1,7,0,4,2,0.522,0.0,0.667,35,0,31,0,0,0,53
2019,mixed,Scott Swanay,J.D. Davis,5453,LAA,OF,49,act,previously_reserved,"UT,3B,CI,OF",22,6,1,1,3,1,7,3,0.28,0.0,0.318,1,0,0,0,31,0,79
2019,mixed,Scott Swanay,Eloy Jimenez,4617,TB,OF,14,trd,previously_reserved,,31,9,5,3,3,0,12,0,0.161,0.0,0.452,8,0,0,0,0,0,114
2019,mixed,Scott Swanay,Aaron Hicks,2591,FA,OF,14,trd,previously_reserved,,8,2,0,0,0,0,4,0,0.0,0.0,0.0,1,0,0,0,0,0,58
2019,mixed,Scott Swanay,Marcell Ozuna,3280,Atl,OF,15,trd,previously_reserved,,3,1,0,0,0,0,1,1,0.5,0.0,0.333,0,0,0,0,0,0,129
2019,mixed,Scott Swanay,Michael Brantley,2212,FA,OF,11,act,previously_reserved,OF,14,4,1,0,0,0,2,2,0.235,0.0,0.071,25,0,0,0,0,0,123
2019,mixed,Scott Swanay,Buster Posey,2187,SF,C,16,act,previously_reserved,C,15,4,0,0,0,0,1,1,0.375,0.0,0.4,2,101,4,0,0,0,0
2019,mixed,Scott Swanay,Tyler Flowers,2355,Atl,C,2,rel,previously_reserved,,19,5,1,0,1,0,6,1,0.2,0.0,0.158,0,83,0,0,0,0,0
2019,mixed,Scott Swanay,Nelson Cruz,1529,SD,UT,21,act,previously_reserved,UT,39,10,7,6,10,0,18,5,0.341,0.0,0.718,114,0,0,0,0,0,0
2019,mixed,Scott Swanay,Luis Urias,5831,Oak,UT,14,rel,previously_reserved,,59,20,11,0,4,0,13,6,0.269,0.0,0.22,0,0,0,26,1,41,0
2019,mixed,Scott Swanay,Josh Reddick,2163,NYM,UT,0,trd,previously_reserved,,49,13,7,2,3,1,8,4,0.396,0.0,0.49,4,0,4,0,0,0,133
2019,mixed,Scott Swanay,Brandon Lowe,6565,TB,CI,0,act,previously_reserved,"2B,OF,1B,MI",22,7,4,1,3,1,5,3,0.44,0.0,0.545,3,0,5,69,0,0,7
2019,mixed,Scott Swanay,Miguel Cabrera,509,Det,CI,11,rel,previously_reserved,,216,58,22,8,31,0,41,18,0.37,0.0,0.477,107,0,26,0,0,0,0
2019,mixed,Scott Swanay,Jorge Polanco,4695,Sea,MI,5,act,previously_reserved,"UT,SS,MI",11,3,2,0,0,0,4,1,0.385,0.0,0.455,11,0,0,0,0,142,0
2019,mixed,Brent Hershey,Ji-Man Choi,4487,NYM,1B,1,act,active,1B,378,115,51,18,59,1,98,58,0.365,0.467,0.471,16,0,103,0,0,0,0
2019,mixed,Brent Hershey,Jonathan Villar,3345,Sea,2B,19,act,active,"2B,SS,MI",642,162,111,24,73,40,176,61,0.339,0.303,0.453,1,0,0,111,0,97,0
2019,mixed,Brent Hershey,Kevin Newman,5393,LAA,SS,41,act,active,"3B,SS,2B,MI",187,47,32,6,27,6,23,8,0.35,0.321,0.481,0,0,0,23,6,104,2
2019,mixed,Brent Hershey,Eugenio Suarez,4330,Ari,3B,20,act,active,"3B,CI",575,159,87,49,103,3,189,70,0.358,0.5,0.572,1,0,0,0,158,0,0
2019,mixed,Brent Hershey,Juan Soto,6043,NYM,OF,36,act,active,OF,536,148,109,34,109,12,128,107,0.402,0.357,0.552,0,0,0,0,0,0,150
2019,mixed,Brent Hershey,Avisail Garcia,3485,FA,OF,3,act,active,OF,438,111,54,19,69,8,110,28,0.342,0.385,0.486,24,0,0,0,0,0,100
2019,mixed,Brent Hershey,Anthony Santander,5903,Tor,OF,23,act,active,OF,216,51,20,12,31,0,51,7,0.276,0.0,0.477,3,0,0,0,0,0,90
2019,mixed,Brent Hershey,Adam Eaton,3588,FA,OF,3,act,active,OF,566,151,103,15,49,15,106,65,0.365,0.393,0.428,0,0,0,0,0,0,145
2019,mixed,Brent Hershey,Rhys Hoskins,5321,Mil,OF,34,act,active,"1B,OF,CI",570,160,86,29,85,2,173,116,0.364,0.25,0.454,2,0,158,0,0,0,0
2019,mixed,Brent Hershey,Jason Castro,2343,Hou,C,0,act,active,C,17,6,2,1,1,0,10,3,0.333,0.417,0.353,0,78,0,0,0,0,0
2019,mixed,Brent Hershey,Yasmani Grandal,3311,Pit,C,22,act,active,"C,1B",513,153,79,28,77,5,139,109,0.38,0.333,0.468,1,137,20,0,0,0,0
2019,mixed,Brent Hershey,Rowdy Tellez,4892,Sea,UT,10,act,active,"1B,CI",39,11,4,3,8,0,13,4,0.364,0.423,0.615,45,0,57,0,0,0,0
2019,mixed,Brent Hershey,Scott Kingery,5424,LAA,CI,25,act,active,"2B,SS,MI,OF,3B",357,93,46,11,35,13,122,28,0.29,0.278,0.406,0,0,0,10,41,18,69
2019,mixed,Brent Hershey,Mauricio Dubon,5380,Hou,MI,0,act,active,"UT,2B,SS",51,12,6,1,3,1,14,3,0.296,0.385,0.333,0,0,0,22,0,10,0
2019,mixed,Brent Hershey,Asdrubal Cabrera,400,Cin,SS,6,rel,previously_active,,237,67,35,9,39,2,63,27,0.31,0.0,0.384,0,0,3,31,98,0,0
2019,mixed,Brent Hershey,Austin Slater,6014,CWS,OF,2,rel,previously_active,,35,17,6,2,5,0,13,4,0.282,0.0,0.429,0,0,8,1,0,0,48
2019,mixed,Brent Hershey,Cameron Maybin,573,FA,OF,12,res,previously_active,OF,55,16,9,3,7,1,19,5,0.3,0.0,0.473,2,0,0,0,0,0,77
2019,mixed,Brent Hershey,David Dahl,4049,Phi,OF,16,dis,previously_active,OF,358,96,65,15,61,4,105,26,0.349,0.0,0.522,0,0,0,0,0,0,93
2019,mixed,Brent Hershey,Kurt Suzuki,1063,FA,C,1,rel,previously_active,,273,81,34,16,58,0,36,19,0.319,0.0,0.473,0,75,0,0,0,0,0
2019,mixed,Brent Hershey,Tyler O'Neill,5423,Bal,UT,35,res,previously_active,OF,100,30,14,5,13,1,30,6,0.34,0.0,0.49,0,0,0,0,0,0,43
2019,mixed,Brent Hershey,Bubba Starling,3634,FA,UT,10,rel,previously_active,,35,10,4,1,4,0,11,2,0.189,0.0,0.257,0,0,0,0,0,0,56
2019,mixed,Brent Hershey,Brian Dozier,3489,NYM,UT,13,rel,previously_active,,124,36,12,5,7,1,39,16,0.296,0.0,0.331,0,0,0,123,0,0,0
2019,mixed,Brent Hershey,Derek Dietrich,3699,FA,UT,89,rel,previously_active,,13,5,2,1,3,0,4,3,0.353,0.0,0.385,2,0,21,58,1,0,16
2019,mixed,Brent Hershey,Dominic Smith,4549,NYY,CI,11,rel,previously_active,,4,6,0,0,0,0,2,2,0.5,0.0,0.25,0,0,36,0,0,0,33
2019,mixed,Brent Hershey,Abraham Toro,6790,Bos,CI,26,res,previously_active,"UT,3B",21,8,3,0,5,0,5,1,0.261,0.0,0.381,0,0,1,0,24,0,0
2019,mixed,Brent Hershey,Ryan Braun,858,Mil,CI,8,trd,previously_active,,325,98,45,15,49,7,78,21,0.324,0.0,0.474,3,0,0,0,0,0,112
2019,mixed,Brent Hershey,Dansby Swanson,5276,ChC,MI,0,res,previously_active,"SS,MI",451,119,69,16,61,8,113,48,0.319,0.0,0.415,0,0,0,0,0,126,0
2019,mixed,Brent Hershey,Franklin Barreto,4834,Bal,MI,11,rel,previously_active,,13,5,3,1,3,0,4,1,0.286,0.0,0.462,0,0,0,17,0,5,0
2019,mixed,Brent Hershey,Cameron Maybin,573,FA,OF,12,res,reserved,OF,43,17,8,3,6,2,13,6,0.347,0.333,0.512,2,0,0,0,0,0,77
2019,mixed,Brent Hershey,David Dahl,4049,Phi,OF,16,dis,reserved,OF,16,4,2,0,0,0,5,2,0.444,0.0,0.562,0,0,0,0,0,0,93
2019,mixed,Brent Hershey,Tyler O'Neill,5423,Bal,UT,35,res,reserved,OF,33,28,4,0,3,0,17,3,0.25,0.333,0.242,0,0,0,0,0,0,43
2019,mixed,Brent Hershey,Abraham Toro,6790,Bos,CI,26,res,reserved,"UT,3B",10,3,0,0,0,0,3,1,0.182,0.182,0.1,0,0,1,0,24,0,0
2019,mixed,Brent Hershey,Dansby Swanson,5276,ChC,MI,0,res,reserved,"SS,MI",32,8,8,1,4,2,11,3,0.417,0.4,0.531,0,0,0,0,0,126,0
2019,mixed,Brent Hershey,Ji-Man Choi,4487,NYM,1B,1,act,previously_reserved,1B,32,12,3,1,4,1,10,6,0.342,0.0,0.312,16,0,103,0,0,0,0
2019,mixed,Brent Hershey,Asdrubal Cabrera,400,Cin,SS,6,rel,previously_reserved,,86,26,10,3,12,2,22,11,0.34,0.0,0.419,0,0,3,31,98,0,0
2019,mixed,Brent Hershey,Anthony Santander,5903,Tor,OF,23,act,previously_reserved,OF,23,5,4,2,6,0,6,1,0.208,0.0,0.478,3,0,0,0,0,0,90
2019,mixed,Brent Hershey,Avisail Garcia,3485,FA,OF,3,act,previously_reserved,OF,51,14,7,1,3,2,15,3,0.241,0.0,0.275,24,0,0,0,0,0,100
2019,mixed,Brent Hershey,Juan Soto,6043,NYM,OF,36,act,previously_reserved,OF,6,2,1,0,1,0,4,1,0.286,0.0,0.167,0,0,0,0,0,0,150
2019,mixed,Brent Hershey,Austin Slater,6014,CWS,OF,2,rel,previously_reserved,,6,5,0,0,0,0,3,0,0.0,0.0,0.0,0,0,8,1,0,0,48
2019,mixed,Brent Hershey,Bubba Starling,3634,FA,UT,10,rel,previously_reserved,,52,17,6,1,1,0,17,2,0.236,0.0,0.269,0,0,0,0,0,0,56
2019,mixed,Brent Hershey,Brian Dozier,3489,NYM,UT,13,rel,previously_reserved,,3,2,0,0,0,0,2,1,0.5,0.0,0.333,0,0,0,123,0,0,0
2019,mixed,Brent Hershey,Rowdy Tellez,4892,Sea,UT,10,act,previously_reserved,"1B,CI",58,19,11,4,6,0,20,7,0.294,0.0,0.431,45,0,57,0,0,0,0
2019,mixed,Brent Hershey,Derek Dietrich,3699,FA,UT,89,rel,previously_reserved,,13,6,2,1,1,0,4,0,0.231,0.0,0.538,2,0,21,58,1,0,16
2019,mixed,Brent Hershey,Dominic Smith,4549,NYY,CI,11,rel,previously_reserved,,9,10,1,0,0,0,3,2,0.273,0.0,0.111,0,0,36,0,0,0,33
2019,mixed,Brent Hershey,Scott Kingery,5424,LAA,CI,25,act,previously_reserved,"2B,SS,MI,OF,3B",66,18,12,6,14,0,19,4,0.371,0.0,0.727,0,0,0,10,41,18,69
2019,mixed,Brent Hershey,Franklin Barreto,4834,Bal,MI,11,rel,previously_reserved,,11,5,0,0,0,0,4,0,0.0,0.0,0.0,0,0,0,17,0,5,0
2019,mixed,Jeff Zimmerman,C.J. Cron,3696,FA,1B,5,act,active,"1B,CI",423,116,49,23,74,0,99,29,0.315,0.25,0.468,4,0,117,0,0,0,0
2019,mixed,Jeff Zimmerman,Yuli Gurriel,2160,SD,2B,53,act,active,"1B,3B,CI,MI,2B",332,85,56,26,81,3,38,25,0.371,0.15,0.63,1,0,110,4,42,0,0
2019,mixed,Jeff Zimmerman,Xander Bogaerts,3822,SD,SS,22,act,active,"SS,MI",614,155,110,33,117,4,122,76,0.384,0.5,0.555,1,0,0,0,0,153,0
2019,mixed,Jeff Zimmerman,Renato Nunez,3647,FA,3B,13,act,active,"1B,3B,CI",446,124,63,28,77,1,115,38,0.325,0.19,0.491,109,0,24,0,9,0,1
2019,mixed,Jeff Zimmerman,Shin-Soo Choo,405,FA,OF,4,act,active,OF,563,151,93,24,61,15,165,78,0.371,0.458,0.455,61,0,0,0,0,0,81
2019,mixed,Jeff Zimmerman,Oscar Mercado,5747,Phi,OF,134,act,active,OF,156,42,21,6,22,6,29,11,0.306,0.048,0.442,1,0,0,0,0,0,110
2019,mixed,Jeff Zimmerman,Aristides Aquino,5046,FA,OF,23,act,active,OF,196,52,29,18,44,7,57,15,0.312,0.357,0.571,0,0,1,0,0,0,54
2019,mixed,Jeff Zimmerman,Leury Garcia,4245,Atl,OF,42,act,active,"UT,OF,SS",438,109,72,8,32,10,96,18,0.336,0.357,0.413,1,0,0,2,1,19,122
2019,mixed,Jeff Zimmerman,Christin Stewart,5677,FA,OF,37,act,active,OF,63,17,1,0,2,0,18,2,0.212,0.105,0.238,12,0,0,0,0,0,89
2019,mixed,Jeff Zimmerman,Willson Contreras,5435,StL,C,15,act,active,C,353,103,56,23,63,1,102,37,0.352,0.312,0.527,1,99,2,0,0,0,3
2019,mixed,Jeff Zimmerman,Pedro Severino,5243,FA,C,1,act,active,C,206,63,28,8,30,3,50,17,0.301,0.0,0.393,3,89,0,0,0,0,0
2019,mixed,Jeff Zimmerman,A.J. Pollock,2837,FA,UT,14,act,active,OF,256,69,40,12,38,4,58,17,0.312,0.231,0.445,1,0,0,0,0,0,80
2019,mixed,Jeff Zimmerman,Todd Frazier,1979,Pit,CI,26,act,active,"UT,3B,CI",33,11,6,0,1,0,7,5,0.462,0.5,0.424,3,0,3,0,120,0,0
2019,mixed,Jeff Zimmerman,Orlando Arcia,4503,Atl,MI,0,act,active,"SS,MI",22,6,2,0,7,0,2,0,0.391,0.391,0.455,0,0,0,0,0,150,0
2019,mixed,Jeff Zimmerman,Cheslor Cuthbert,3614,FA,1B,1,rel,previously_active,,164,42,13,5,21,0,26,7,0.312,0.0,0.421,1,0,46,0,40,0,0
2019,mixed,Jeff Zimmerman,Freddy Galvis,3005,FA,2B,67,res,previously_active,"SS,MI,2B",129,37,12,5,16,0,38,10,0.221,0.0,0.302,5,0,0,32,0,110,0
2019,mixed,Jeff Zimmerman,Jose Ramirez,4602,Cle,2B,42,rel,previously_active,,473,126,65,20,75,24,73,51,0.325,0.0,0.463,3,0,0,0,126,0,0
2019,mixed,Jeff Zimmerman,Ty France,6723,Min,2B,22,rel,previously_active,,12,6,1,0,1,0,3,1,0.308,0.0,0.333,0,0,1,21,36,0,0
2019,mixed,Jeff Zimmerman,Hanser Alberto,5076,FA,SS,6,rel,previously_active,,20,5,1,0,2,0,1,1,0.333,0.0,0.3,1,0,0,90,66,0,4
2019,mixed,Jeff Zimmerman,Miguel Andujar,5142,Oak,3B,14,rel,previously_active,,40,10,1,0,1,0,9,0,0.098,0.0,0.1,8,0,0,0,4,0,0
2019,mixed,Jeff Zimmerman,Vladimir Guerrero Jr.,5275,Tor,3B,22,trd,previously_active,,317,85,42,13,51,0,61,35,0.347,0.0,0.464,24,0,0,0,96,0,0
2019,mixed,Jeff Zimmerman,Miguel Rojas,4814,LAD,3B,1,rel,previously_active,,17,6,1,0,2,0,2,2,0.3,0.0,0.235,0,0,6,3,0,125,0
2019,mixed,Jeff Zimmerman,Teoscar Hernandez,4844,LAD,OF,0,rel,previously_active,,112,34,12,2,14,2,38,11,0.266,0.0,0.295,2,0,0,0,0,0,118
2019,mixed,Jeff Zimmerman,Nick Senzel,5674,CWS,OF,12,rel,previously_active,,351,96,54,12,41,12,94,30,0.322,0.0,0.433,0,0,0,1,0,0,96
2019,mixed,Jeff Zimmerman,Harold Ramirez,4883,Atl,OF,13,rel,previously_active,,23,6,1,1,1,0,6,0,0.174,0.0,0.304,0,0,0,0,0,0,110
2019,mixed,Jeff Zimmerman,Gregory Polanco,4166,Tor,OF,4,rel,previously_active,,115,30,19,6,17,2,37,10,0.31,0.0,0.47,1,0,0,0,0,0,36
2019,mixed,Jeff Zimmerman,Domingo Santana,3213,Cle,OF,4,trd,previously_active,,125,30,16,6,30,4,37,14,0.357,0.0,0.48,17,0,0,0,0,0,100
2019,mixed,Jeff Zimmerman,Tim Lopes,6419,FA,OF,1,rel,previously_active,,65,22,6,0,7,3,17,12,0.39,0.0,0.338,3,0,0,3,0,0,35
2019,mixed,Jeff Zimmerman,Randal Grichuk,2843,Ari,OF,13,rel,previously_active,,360,93,44,16,43,1,110,27,0.291,0.0,0.411,10,0,0,0,0,0,140
2019,mixed,Jeff Zimmerman,Carlos Gonzalez,1077,FA,OF,2,rel,previously_active,,23,7,1,0,2,0,7,5,0.276,0.0,0.13,9,0,0,0,0,0,34
2019,mixed,Jeff Zimmerman,Austin Barnes,4739,LAD,C,2,rel,previously_active,,117,40,17,4,15,2,28,17,0.345,0.0,0.393,0,64,0,1,0,0,0
2019,mixed,Jeff Zimmerman,John Hicks,4309,FA,C,1,rel,previously_active,,59,17,10,4,9,0,25,1,0.317,0.0,0.576,2,60,29,0,0,0,0
2019,mixed,Jeff Zimmerman,Welington Castillo,2434,Was,C,1,rel,previously_active,,3,1,0,0,0,0,2,0,0.0,0.0,0.0,20,48,0,0,0,0,0
2019,mixed,Jeff Zimmerman,Tim Locastro,6280,SD,UT,2,rel,previously_active,,21,7,4,0,1,3,1,3,0.423,0.0,0.429,0,0,0,0,0,0,69
2019,mixed,Jeff Zimmerman,Scott Schebler,4627,Col,UT,63,rel,previously_active,,36,12,4,2,5,0,10,5,0.317,0.0,0.417,0,0,0,0,0,0,25
2019,mixed,Jeff Zimmerman,Yangervis Solarte,3899,FA,UT,0,rel,previously_active,,0,1,0,0,0,0,0,0,0.0,0.0,0.0,0,0,0,10,2,4,9
2019,mixed,Jeff Zimmerman,Jurickson Profar,3198,Atl,UT,8,rel,previously_active,,97,26,12,2,13,3,14,8,0.269,0.0,0.299,8,0,1,124,0,0,7
2019,mixed,Jeff Zimmerman,Kolten Wong,3771,Ari,UT,5,rel,previously_active,,14,4,4,2,4,2,2,1,0.6,0.0,1.07,0,0,0,147,0,0,0
2019,mixed,Jeff Zimmerman,David Fletcher,6027,Atl,CI,33,rel,previously_active,,27,7,5,1,1,0,3,2,0.345,0.0,0.481,0,0,0,42,90,39,23
2019,mixed,Jeff Zimmerman,Garrett Cooper,6182,Atl,CI,3,res,previously_active,"1B,OF",291,80,39,11,35,0,94,27,0.346,0.0,0.443,2,0,73,0,0,0,31
2019,mixed,Jeff Zimmerman,Joe Panik,3800,Mia,MI,1,rel,previously_active,,38,11,7,0,3,1,6,9,0.49,0.0,0.5,0,0,0,118,0,0,0
2019,mixed,Jeff Zimmerman,Wilmer Flores,2527,SF,MI,0,rel,previously_active,,76,25,8,0,5,0,8,5,0.277,0.0,0.276,0,0,16,64,0,0,0
2019,mixed,Jeff Zimmerman,Bo Bichette,6070,Tor,MI,1,res,previously_active,SS,196,46,32,11,21,4,50,14,0.358,0.0,0.571,4,0,0,0,0,42,0
2019,mixed,Jeff Zimmerman,Freddy Galvis,3005,FA,2B,67,res,reserved,"SS,MI,2B",51,13,8,2,9,0,12,5,0.411,0.0,0.529,5,0,0,32,0,110,0
2019,mixed,Jeff Zimmerman,Garrett Cooper,6182,Atl,CI,3,res,reserved,"1B,OF",63,17,12,4,13,0,7,3,0.368,0.0,0.587,2,0,73,0,0,0,31
2019,mixed,Jeff Zimmerman,Bo Bichette,6070,Tor,MI,1,res,reserved,SS,0,0,0,0,0,0,0,0,0.0,0.0,0.0,4,0,0,0,0,42,0
2019,mixed,Jeff Zimmerman,Cheslor Cuthbert,3614,FA,1B,1,rel,previously_reserved,,61,18,3,0,3,0,16,4,0.2,0.0,0.18,1,0,46,0,40,0,0
2019,mixed,Jeff Zimmerman,C.J. Cron,3696,FA,1B,5,act,previously_reserved,"1B,CI",35,9,2,2,4,0,8,0,0.257,0.0,0.486,4,0,117,0,0,0,0
2019,mixed,Jeff Zimmerman,Yuli Gurriel,2160,SD,2B,53,act,previously_reserved,"1B,3B,CI,MI,2B",16,4,2,1,1,0,1,0,0.25,0.0,0.437,1,0,110,4,42,0,0
2019,mixed,Jeff Zimmerman,Ty France,6723,Min,2B,22,rel,previously_reserved,,13,6,2,2,4,0,3,0,0.357,0.0,0.846,0,0,1,21,36,0,0
2019,mixed,Jeff Zimmerman,Hanser Alberto,5076,FA,SS,6,rel,previously_reserved,,47,12,4,0,8,0,4,2,0.38,0.0,0.489,1,0,0,90,66,0,4
2019,mixed,Jeff Zimmerman,Renato Nunez,3647,FA,3B,13,act,previously_reserved,"1B,3B,CI",71,19,5,2,8,0,20,3,0.2,0.0,0.296,109,0,24,0,9,0,1
2019,mixed,Jeff Zimmerman,Miguel Andujar,5142,Oak,3B,14,rel,previously_reserved,,7,2,0,0,0,0,2,1,0.375,0.0,0.286,8,0,0,0,4,0,0
2019,mixed,Jeff Zimmerman,Vladimir Guerrero Jr.,5275,Tor,3B,22,trd,previously_reserved,,12,3,0,0,0,0,3,1,0.308,0.0,0.333,24,0,0,0,96,0,0
2019,mixed,Jeff Zimmerman,Miguel Rojas,4814,LAD,3B,1,rel,previously_reserved,,62,17,11,3,5,0,8,3,0.292,0.0,0.452,0,0,6,3,0,125,0
2019,mixed,Jeff Zimmerman,Tim Lopes,6419,FA,OF,1,rel,previously_reserved,,14,5,1,0,0,1,7,1,0.2,0.0,0.214,3,0,0,3,0,0,35
2019,mixed,Jeff Zimmerman,Leury Garcia,4245,Atl,OF,42,act,previously_reserved,"UT,OF,SS",86,19,11,0,5,1,28,1,0.159,0.0,0.198,1,0,0,2,1,19,122
2019,mixed,Jeff Zimmerman,Nick Senzel,5674,CWS,OF,12,rel,previously_reserved,,24,8,1,0,1,2,7,0,0.208,0.0,0.333,0,0,0,1,0,0,96
2019,mixed,Jeff Zimmerman,Teoscar Hernandez,4844,LAD,OF,0,rel,previously_reserved,,15,5,1,1,1,0,4,2,0.235,0.0,0.333,2,0,0,0,0,0,118
2019,mixed,Jeff Zimmerman,Gregory Polanco,4166,Tor,OF,4,rel,previously_reserved,,38,12,4,0,0,1,12,2,0.275,0.0,0.289,1,0,0,0,0,0,36
2019,mixed,Jeff Zimmerman,Willson Contreras,5435,StL,C,15,act,previously_reserved,C,7,2,1,1,1,0,0,1,0.5,0.0,0.857,1,99,2,0,0,0,3
2019,mixed,Jeff Zimmerman,Austin Barnes,4739,LAD,C,2,rel,previously_reserved,,6,2,0,0,0,0,1,0,0.167,0.0,0.167,0,64,0,1,0,0,0
2019,mixed,Jeff Zimmerman,Jurickson Profar,3198,Atl,UT,8,rel,previously_reserved,,19,5,0,0,1,0,2,0,0.105,0.0,0.158,8,0,1,124,0,0,7
2019,mixed,Jeff Zimmerman,A.J. Pollock,2837,FA,UT,14,act,previously_reserved,OF,52,17,9,3,9,1,16,6,0.4,0.0,0.577,1,0,0,0,0,0,80
2019,mixed,Jeff Zimmerman,Tim Locastro,6280,SD,UT,2,rel,previously_reserved,,19,6,3,0,3,0,2,1,0.238,0.0,0.263,0,0,0,0,0,0,69
2019,mixed,Jeff Zimmerman,David Fletcher,6027,Atl,CI,33,rel,previously_reserved,,31,11,4,1,7,1,0,4,0.371,0.0,0.452,0,0,0,42,90,39,23
2019,mixed,Tim Heaney,Ryan Braun,858,Mil,1B,8,act,active,"OF,CI,1B",134,46,25,7,26,4,27,13,0.388,0.75,0.582,3,0,0,0,0,0,112
2019,mixed,Tim Heaney,Gleyber Torres,4619,Det,2B,20,act,active,"2B,SS,MI",546,144,96,38,90,5,129,48,0.337,0.118,0.535,5,0,0,65,0,77,0
2019,mixed,Tim Heaney,Carlos Correa,4010,Min,SS,29,act,active,"SS,MI",257,69,38,18,51,1,66,34,0.367,0.0,0.564,0,0,0,0,0,75,0
2019,mixed,Tim Heaney,Howie Kendrick,739,Was,3B,12,act,active,"1B,2B,3B,MI",97,36,17,4,12,0,14,6,0.423,0.4,0.588,7,0,48,23,15,0,0
2019,mixed,Tim Heaney,Wil Myers,3153,FA,OF,16,act,active,"OF,1B,CI,3B",348,120,51,14,41,12,143,44,0.309,0.417,0.394,0,0,7,0,2,0,134
2019,mixed,Tim Heaney,Randal Grichuk,2843,Ari,OF,1,act,active,OF,180,46,25,13,31,1,43,6,0.25,0.19,0.533,10,0,0,0,0,0,140
2019,mixed,Tim Heaney,Ronald Acuna,5737,Atl,OF,39,act,active,OF,626,156,127,41,101,37,188,76,0.365,0.0,0.518,0,0,0,0,0,0,156
2019,mixed,Tim Heaney,Ramon Laureano,5858,Bal,OF,9,act,active,OF,385,109,68,20,57,12,109,22,0.334,0.286,0.512,0,0,0,0,0,0,122
2019,mixed,Tim Heaney,Bryce Harper,2628,Phi,OF,42,act,active,"UT,OF",407,111,70,26,83,14,116,65,0.373,0.353,0.523,2,0,0,0,0,0,152
2019,mixed,Tim Heaney,Chance Sisco,5118,StL,C,26,act,active,C,150,52,25,5,17,0,56,21,0.328,0.5,0.347,3,52,1,0,0,0,0
2019,mixed,Tim Heaney,Wilson Ramos,2170,FA,C,15,act,active,C,473,141,52,14,73,1,69,44,0.351,0.231,0.416,2,124,0,0,0,0,0
2019,mixed,Tim Heaney,Nomar Mazara,3791,Was,UT,9,act,active,OF,340,90,52,12,50,4,84,25,0.305,0.0,0.418,8,0,0,0,0,0,101
2019,mixed,Tim Heaney,Ian Desmond,1671,Col,CI,10,act,active,"OF,1B,CI",112,38,17,7,13,1,31,9,0.273,0.444,0.455,2,0,0,0,0,0,118
2019,mixed,Tim Heaney,Ian Happ,5352,ChC,MI,12,act,active,"OF,3B,2B,CI,1B",110,48,16,7,20,2,32,11,0.32,0.5,0.509,0,0,7,13,8,0,29
2019,mixed,Tim Heaney,J.P. Crawford,4534,Sea,SS,27,res,previously_active,"SS,MI",19,5,0,0,0,0,4,1,0.1,0.0,0.053,0,0,0,0,0,93,0
2019,mixed,Tim Heaney,Tim Anderson,4591,LAA,SS,6,trd,previously_active,,161,41,27,8,24,13,32,6,0.363,0.0,0.516,0,0,0,0,0,122,0
2019,mixed,Tim Heaney,Fernando Tatis Jr.,5793,SD,SS,0,dis,previously_active,"UT,SS",302,75,56,21,51,13,100,27,0.374,0.0,0.596,0,0,0,0,0,83,0
2019,mixed,Tim Heaney,Travis Shaw,4819,Bos,3B,19,rel,previously_active,,180,56,18,6,13,0,67,25,0.275,0.0,0.294,0,0,6,2,71,0,0
2019,mixed,Tim Heaney,Kevin Newman,5393,LAA,3B,2,rel,previously_active,,134,33,13,5,14,2,18,5,0.324,0.0,0.433,0,0,0,23,6,104,2
2019,mixed,Tim Heaney,Brandon Belt,3336,FA,OF,77,res,previously_active,"1B,OF,CI",268,78,41,6,26,2,61,46,0.33,0.0,0.336,0,0,144,0,0,0,15
2019,mixed,Tim Heaney,Derek Dietrich,3699,FA,OF,47,rel,previously_active,,23,13,2,1,3,0,5,4,0.31,0.0,0.304,2,0,21,58,1,0,16
2019,mixed,Tim Heaney,Matt Adams,3755,Was,OF,0,rel,previously_active,,25,9,0,0,0,0,13,2,0.143,0.0,0.04,0,0,79,0,0,0,0
2019,mixed,Tim Heaney,Harold Ramirez,4883,Atl,OF,31,rel,previously_active,,75,19,9,1,6,2,19,2,0.273,0.0,0.347,0,0,0,0,0,0,110
2019,mixed,Tim Heaney,Manuel Margot,4858,Mil,OF,0,trd,previously_active,,133,43,28,7,13,8,24,22,0.361,0.0,0.504,0,0,0,0,0,0,135
2019,mixed,Tim Heaney,Jake Marisnick,3197,Atl,OF,36,rel,previously_active,,16,6,2,0,2,1,5,2,0.278,0.0,0.375,6,0,0,0,0,0,109
2019,mixed,Tim Heaney,Aaron Hicks,2591,FA,OF,14,dis,previously_active,OF,41,10,8,2,4,0,17,5,0.261,0.0,0.317,1,0,0,0,0,0,58
2019,mixed,Tim Heaney,J.R. Murphy,3977,Pit,C,36,rel,previously_active,,30,9,2,0,1,0,15,0,0.133,0.0,0.167,0,19,0,0,0,0,0
2019,mixed,Tim Heaney,Francisco Cervelli,1004,FA,C,0,rel,previously_active,,4,2,0,0,0,0,0,1,0.6,0.0,1.25,1,41,3,0,0,0,0
2019,mixed,Tim Heaney,John Hicks,4309,FA,C,1,rel,previously_active,,39,11,2,1,3,1,12,2,0.268,0.0,0.41,2,60,29,0,0,0,0
2019,mixed,Tim Heaney,Travis D'Arnaud,2621,LAA,C,6,rel,previously_active,,12,4,0,0,0,0,5,1,0.154,0.0,0.083,4,85,21,0,0,0,0
2019,mixed,Tim Heaney,Tony Wolters,3637,Min,C,6,rel,previously_active,,43,12,8,1,8,0,5,4,0.38,0.0,0.419,0,112,0,8,1,0,0
2019,mixed,Tim Heaney,Cole Tucker,5101,LAA,UT,67,rel,previously_active,,41,12,3,0,0,0,14,3,0.25,0.0,0.244,0,0,0,0,0,45,0
2019,mixed,Tim Heaney,Shohei Ohtani-Hitter,6322,LAD,UT,1,rel,previously_active,,360,100,48,16,57,12,103,30,0.338,0.0,0.5,92,0,0,0,0,0,0
2019,mixed,Tim Heaney,Ty France,6723,Min,UT,0,res,previously_active,"UT,2B,3B",25,12,5,2,5,0,6,4,0.419,0.0,0.56,0,0,1,21,36,0,0
2019,mixed,Tim Heaney,Chris Davis,1544,Bal,CI,6,rel,previously_active,,39,12,3,2,4,0,21,5,0.311,0.0,0.359,1,0,97,0,0,0,1
2019,mixed,Tim Heaney,Bobby Bradley,5249,FA,CI,1,rel,previously_active,,36,12,3,0,3,0,14,2,0.237,0.0,0.333,8,0,5,0,0,0,0
2019,mixed,Tim Heaney,Jose Abreu,4038,FA,CI,16,trd,previously_active,,388,96,45,21,70,2,94,19,0.309,0.0,0.49,34,0,125,0,0,0,0
2019,mixed,Tim Heaney,J.D. Davis,5453,LAA,CI,16,rel,previously_active,,21,6,3,1,3,0,6,3,0.292,0.0,0.381,1,0,0,0,31,0,79
2019,mixed,Tim Heaney,Jake Bauers,5683,Mil,CI,5,rel,previously_active,,119,37,14,3,12,1,31,15,0.324,0.0,0.353,35,0,31,0,0,0,53
2019,mixed,Tim Heaney,Ryon Healy,5786,FA,CI,4,rel,previously_active,,59,16,10,2,9,0,13,4,0.277,0.0,0.458,0,0,11,0,44,0,0
2019,mixed,Tim Heaney,Keston Hiura,6100,Col,MI,56,trd,previously_active,,160,43,25,11,27,7,55,13,0.39,0.0,0.619,0,0,0,81,0,0,0
2019,mixed,Tim Heaney,J.P. Crawford,4534,Sea,SS,27,res,reserved,"SS,MI",50,14,5,1,6,0,12,7,0.276,0.2,0.24,0,0,0,0,0,93,0
2019,mixed,Tim Heaney,Fernando Tatis Jr.,5793,SD,SS,0,dis,reserved,"UT,SS",32,9,5,1,2,3,10,3,0.429,0.0,0.531,0,0,0,0,0,83,0
2019,mixed,Tim Heaney,Brandon Belt,3336,FA,OF,77,res,reserved,"1B,OF,CI",167,50,24,6,20,1,40,24,0.354,0.316,0.467,0,0,144,0,0,0,15
2019,mixed,Tim Heaney,Aaron Hicks,2591,FA,OF,14,dis,reserved,OF,0,0,0,0,0,0,0,0,0.0,0.0,0.0,1,0,0,0,0,0,58
2019,mixed,Tim Heaney,Luis Robert,5725,CWS,OF,17,res,reserved,OF,0,0,0,0,0,0,0,0,0.0,0.0,0.0,0,0,0,0,0,0,0
2019,mixed,Tim Heaney,Ty France,6723,Min,UT,0,res,reserved,"UT,2B,3B",12,4,1,0,0,0,5,0,0.167,0.167,0.25,0,0,1,21,36,0,0
2019,mixed,Tim Heaney,Carlos Correa,4010,Min,SS,29,act,previously_reserved,"SS,MI",23,6,4,3,8,0,9,1,0.25,0.0,0.609,0,0,0,0,0,75,0
2019,mixed,Tim Heaney,Travis Shaw,4819,Bos,3B,19,rel,previously_reserved,,3,1,0,0,0,0,2,2,0.4,0.0,0.0,0,0,6,2,71,0,0
2019,mixed,Tim Heaney,Howie Kendrick,739,Was,3B,12,act,previously_reserved,"1B,2B,3B,MI",17,6,4,1,2,0,3,3,0.55,0.0,0.882,7,0,48,23,15,0,0
2019,mixed,Tim Heaney,Kevin Newman,5393,LAA,3B,2,rel,previously_reserved,,55,12,6,0,7,3,4,5,0.4,0.0,0.455,0,0,0,23,6,104,2
2019,mixed,Tim Heaney,Ramon Laureano,5858,Bal,OF,9,act,previously_reserved,OF,49,14,11,4,10,1,14,5,0.379,0.0,0.592,0,0,0,0,0,0,122
2019,mixed,Tim Heaney,Wil Myers,3153,FA,OF,16,act,previously_reserved,"OF,1B,CI,3B",87,35,7,4,12,4,25,7,0.372,0.0,0.517,0,0,7,0,2,0,134
2019,mixed,Tim Heaney,Lewis Brinson,4446,FA,OF,1,rel,previously_reserved,,57,16,3,0,4,0,19,1,0.237,0.0,0.281,0,0,0,0,0,0,70
2019,mixed,Tim Heaney,Jake Marisnick,3197,Atl,OF,36,rel,previously_reserved,,19,5,2,0,2,0,6,1,0.19,0.0,0.158,6,0,0,0,0,0,109
2019,mixed,Tim Heaney,Francisco Cervelli,1004,FA,C,0,rel,previously_reserved,,4,2,0,0,1,0,1,1,0.4,0.0,0.5,1,41,3,0,0,0,0
2019,mixed,Tim Heaney,Chance Sisco,5118,StL,C,26,act,previously_reserved,C,6,3,2,2,2,0,0,0,0.429,0.0,1.33,3,52,1,0,0,0,0
2019,mixed,Tim Heaney,Tony Wolters,3637,Min,C,6,rel,previously_reserved,,15,6,6,0,0,0,1,5,0.522,0.0,0.267,0,112,0,8,1,0,0
2019,mixed,Tim Heaney,Shohei Ohtani-Hitter,6322,LAD,UT,1,rel,previously_reserved,,24,6,3,2,5,0,7,3,0.407,0.0,0.583,92,0,0,0,0,0,0
2019,mixed,Tim Heaney,Nomar Mazara,3791,Was,UT,9,act,previously_reserved,OF,89,26,17,7,16,0,24,3,0.368,0.0,0.663,8,0,0,0,0,0,101
2019,mixed,Tim Heaney,Bobby Bradley,5249,FA,CI,1,rel,previously_reserved,,9,3,1,1,1,0,6,2,0.273,0.0,0.444,8,0,5,0,0,0,0
2019,mixed,Tim Heaney,J.D. Davis,5453,LAA,CI,16,rel,previously_reserved,,18,6,1,1,3,0,4,0,0.111,0.0,0.278,1,0,0,0,31,0,79
2019,mixed,Tim Heaney,Jake Bauers,5683,Mil,CI,5,rel,previously_reserved,,41,12,5,2,6,1,16,5,0.239,0.0,0.293,35,0,31,0,0,0,53
2019,mixed,Tim Heaney,Ryon Healy,5786,FA,CI,4,rel,previously_reserved,,22,7,3,2,5,0,5,5,0.357,0.0,0.5,0,0,11,0,44,0,0
2019,mixed,Tim Heaney,Ian Desmond,1671,Col,CI,10,act,previously_reserved,"OF,1B,CI",5,2,0,0,0,0,0,0,0.2,0.0,0.2,2,0,0,0,0,0,118
2019,mixed,Tim Heaney,Ian Happ,5352,ChC,MI,12,act,previously_reserved,"OF,3B,2B,CI,1B",23,7,6,4,10,0,4,0,0.391,0.0,1.0,0,0,7,13,8,0,29
2019,mixed,Eric Karabell,Christian Walker,4521,Hou,1B,129,act,active,"1B,CI",323,96,56,19,50,5,86,47,0.36,0.458,0.467,3,0,142,0,0,0,0
2019,mixed,Eric Karabell,Rougned Odor,4026,NYY,2B,13,act,active,"2B,MI",130,37,20,9,27,3,41,14,0.295,0.423,0.477,3,0,0,137,0,0,0
2019,mixed,Eric Karabell,Alex Bregman,4907,Bos,SS,36,act,active,"3B,SS,CI,MI",554,156,122,41,112,5,83,119,0.423,0.538,0.592,6,0,0,0,99,65,0
2019,mixed,Eric Karabell,Starlin Castro,2724,FA,3B,33,act,active,"3B,2B,MI",100,26,21,6,14,0,15,9,0.354,0.31,0.59,0,0,0,117,45,3,0
2019,mixed,Eric Karabell,Kyle Lewis,5726,FA,OF,75,act,active,OF,46,12,4,2,4,0,22,2,0.25,0.136,0.413,0,0,0,0,0,0,18
2019,mixed,Eric Karabell,Lorenzo Cain,2002,Mil,OF,25,act,active,OF,562,148,75,11,48,18,106,50,0.325,0.562,0.372,0,0,0,0,0,0,143
2019,mixed,Eric Karabell,Tommy Pham,5041,Pit,OF,23,act,active,OF,567,145,77,21,68,25,123,81,0.369,0.273,0.45,21,0,0,0,0,0,123
2019,mixed,Eric Karabell,Sam Hilliard,6107,Col,OF,99,act,active,OF,45,16,6,1,2,2,17,8,0.296,0.37,0.333,0,0,0,0,0,0,25
2019,mixed,Eric Karabell,Trey Mancini,5439,Ari,OF,2,act,active,"1B,OF,CI",602,154,106,35,97,1,143,63,0.364,0.516,0.535,17,0,56,0,0,0,92
2019,mixed,Eric Karabell,Tucker Barnhart,3911,Tex,C,2,act,active,C,257,94,22,7,26,1,73,35,0.3,0.467,0.335,0,102,3,0,0,0,0
2019,mixed,Eric Karabell,Will Smith,5805,LAD,C,112,act,active,C,138,43,25,11,30,1,42,15,0.321,0.529,0.514,1,46,0,0,0,0,0
2019,mixed,Eric Karabell,Khris Davis,4217,FA,UT,27,act,active,UT,459,126,60,23,73,0,141,45,0.299,0.429,0.401,123,0,0,0,0,0,4
2019,mixed,Eric Karabell,David Fletcher,6027,Atl,CI,39,act,active,"2B,3B,MI,SS,OF,CI",239,60,27,1,19,3,36,24,0.311,0.37,0.314,0,0,0,42,90,39,23
2019,mixed,Eric Karabell,Cesar Hernandez,3413,FA,MI,7,act,active,"2B,MI",521,137,65,13,61,8,84,36,0.333,0.297,0.422,0,0,0,157,0,0,0
2019,mixed,Eric Karabell,Edwin Encarnacion,339,FA,1B,17,trd,previously_active,,204,56,38,15,37,0,45,32,0.354,0.0,0.495,51,0,57,1,0,0,0
2019,mixed,Eric Karabell,Michael Chavis,5112,CWS,2B,7,dis,previously_active,"2B,1B,3B",342,93,46,18,58,2,126,30,0.322,0.0,0.444,1,0,49,45,5,0,0
2019,mixed,Eric Karabell,Mike Brosseau,6855,SD,3B,51,rel,previously_active,,62,21,5,1,3,0,21,2,0.219,0.0,0.29,1,0,1,26,18,0,11
2019,mixed,Eric Karabell,Matt Thaiss,5814,CWS,3B,6,rel,previously_active,,49,17,4,1,5,0,16,6,0.255,0.0,0.265,0,0,13,0,43,0,0
2019,mixed,Eric Karabell,Miguel Sano,3148,FA,3B,0,trd,previously_active,,33,9,9,4,8,0,13,7,0.425,0.0,0.788,6,0,9,0,91,0,0
2019,mixed,Eric Karabell,Ben Zobrist,1470,FA,OF,11,res,previously_active,"2B,OF,MI",79,24,7,0,8,0,12,11,0.326,0.0,0.253,1,0,0,32,0,1,17
2019,mixed,Eric Karabell,Roman Quinn,4018,FA,OF,11,rel,previously_active,,9,6,3,0,1,0,2,1,0.2,0.0,0.111,0,0,0,0,0,0,34
2019,mixed,Eric Karabell,Melky Cabrera,1014,NYM,OF,1,rel,previously_active,,64,23,12,0,8,0,6,1,0.288,0.0,0.344,2,0,0,0,0,0,97
2019,mixed,Eric Karabell,Starling Marte,2908,NYM,OF,33,res,previously_active,OF,329,84,64,16,57,16,53,18,0.36,0.0,0.541,0,0,0,0,0,0,130
2019,mixed,Eric Karabell,Adam Duvall,4413,Atl,OF,3,rel,previously_active,,74,24,10,5,9,0,26,4,0.272,0.0,0.459,0,0,0,0,0,0,32
2019,mixed,Eric Karabell,Chris Taylor,4604,LAD,OF,5,res,previously_active,"OF,SS,3B,MI,2B",244,85,30,8,40,6,72,26,0.332,0.0,0.451,0,0,0,20,6,39,69
2019,mixed,Eric Karabell,Mitch Haniger,4480,Sea,OF,23,dis,previously_active,OF,246,63,46,15,32,4,81,30,0.314,0.0,0.463,1,0,0,0,0,0,62
2019,mixed,Eric Karabell,Robbie Grossman,2699,KC,OF,1,rel,previously_active,,36,14,5,2,4,0,8,9,0.311,0.0,0.333,0,0,0,0,0,0,129
2019,mixed,Eric Karabell,Hunter Pence,639,SF,OF,2,dis,previously_active,OF,193,54,32,13,41,5,54,18,0.355,0.0,0.57,46,0,0,0,0,0,23
2019,mixed,Eric Karabell,Stephen Vogt,3569,Oak,C,1,rel,previously_active,,83,33,7,4,10,0,15,6,0.333,0.0,0.542,2,60,1,0,0,0,7
2019,mixed,Eric Karabell,Yan Gomes,3945,FA,C,2,rel,previously_active,,197,62,17,5,23,1,50,22,0.305,0.0,0.325,0,93,1,0,0,0,0
2019,mixed,Eric Karabell,J.D. Davis,5453,LAA,CI,0,rel,previously_active,,10,4,2,1,1,0,2,5,0.467,0.0,0.5,1,0,0,0,31,0,79
2019,mixed,Eric Karabell,Kendrys Morales,741,NYY,CI,7,rel,previously_active,,34,10,3,0,1,0,1,5,0.275,0.0,0.147,16,0,33,0,0,0,0
2019,mixed,Eric Karabell,Zack Cozart,3043,FA,CI,0,rel,previously_active,,26,9,1,0,1,0,4,1,0.107,0.0,0.077,0,0,0,1,31,5,0
2019,mixed,Eric Karabell,Maikel Franco,4021,FA,CI,1,rel,previously_active,,206,61,27,10,34,0,31,21,0.304,0.0,0.427,0,0,2,0,110,0,0
2019,mixed,Eric Karabell,Nico Hoerner,6691,ChC,MI,191,res,previously_active,SS,28,7,3,1,1,0,4,0,0.179,0.0,0.286,0,0,0,1,0,17,1
2019,mixed,Eric Karabell,Isan Diaz,5464,FA,MI,73,rel,previously_active,,48,13,5,1,3,0,18,3,0.245,0.0,0.271,0,0,0,48,0,0,0
2019,mixed,Eric Karabell,Michael Chavis,5112,CWS,2B,7,dis,reserved,"2B,1B,3B",0,0,0,0,0,0,0,0,0.0,0.0,0.0,1,0,49,45,5,0,0
2019,mixed,Eric Karabell,Hunter Pence,639,SF,OF,2,dis,reserved,OF,33,9,6,2,5,0,3,1,0.353,0.0,0.545,46,0,0,0,0,0,23
2019,mixed,Eric Karabell,Ben Zobrist,1470,FA,OF,11,res,reserved,"2B,OF,MI",71,23,17,1,9,0,12,12,0.393,0.375,0.38,1,0,0,32,0,1,17
2019,mixed,Eric Karabell,Mitch Haniger,4480,Sea,OF,23,dis,reserved,OF,0,0,0,0,0,0,0,0,0.0,0.0,0.0,1,0,0,0,0,0,62
2019,mixed,Eric Karabell,Chris Taylor,4604,LAD,OF,5,res,reserved,"OF,SS,3B,MI,2B",122,39,22,4,12,2,43,11,0.333,0.429,0.484,0,0,0,20,6,39,69
2019,mixed,Eric Karabell,Starling Marte,2908,NYM,OF,33,res,reserved,OF,0,0,0,0,0,0,0,0,0.0,0.0,0.0,0,0,0,0,0,0,130
2019,mixed,Eric Karabell,Nico Hoerner,6691,ChC,MI,191,res,reserved,SS,21,6,2,0,5,0,3,0,0.273,0.273,0.333,0,0,0,1,0,17,1
2019,mixed,Eric Karabell,Miguel Sano,3148,FA,3B,0,trd,previously_reserved,,17,4,4,1,3,0,8,1,0.211,0.0,0.471,6,0,9,0,91,0,0
2019,mixed,Eric Karabell,Matt Thaiss,5814,CWS,3B,6,rel,previously_reserved,,6,4,0,0,0,0,2,1,0.143,0.0,0.0,0,0,13,0,43,0,0
2019,mixed,Eric Karabell,Mike Brosseau,6855,SD,3B,51,rel,previously_reserved,,25,12,4,1,3,1,5,1,0.393,0.0,0.44,1,0,1,26,18,0,11
2019,mixed,Eric Karabell,Robbie Grossman,2699,KC,OF,1,rel,previously_reserved,,31,11,5,0,3,3,7,6,0.378,0.0,0.419,0,0,0,0,0,0,129
2019,mixed,Eric Karabell,Sam Hilliard,6107,Col,OF,99,act,previously_reserved,OF,15,5,4,4,6,0,2,0,0.6,0.0,1.47,0,0,0,0,0,0,25
2019,mixed,Eric Karabell,Cedric Mullins,6128,Bal,OF,3,rel,previously_reserved,,64,22,7,0,4,1,14,4,0.181,0.0,0.156,0,0,0,0,0,0,22
2019,mixed,Eric Karabell,Adam Duvall,4413,Atl,OF,3,rel,previously_reserved,,5,2,1,0,1,0,2,1,0.5,0.0,0.6,0,0,0,0,0,0,32
2019,mixed,Eric Karabell,Roman Quinn,4018,FA,OF,11,rel,previously_reserved,,24,13,4,1,2,2,7,2,0.231,0.0,0.333,0,0,0,0,0,0,34
2019,mixed,Eric Karabell,Melky Cabrera,1014,NYM,OF,1,rel,previously_reserved,,89,30,8,3,15,0,9,4,0.29,0.0,0.449,2,0,0,0,0,0,97
2019,mixed,Eric Karabell,Tucker Barnhart,3911,Tex,C,2,act,previously_reserved,C,59,20,10,4,14,0,10,9,0.443,0.0,0.576,0,102,3,0,0,0,0
2019,mixed,Eric Karabell,Stephen Vogt,3569,Oak,C,1,rel,previously_reserved,,14,5,2,2,7,0,3,0,0.2,0.0,0.643,2,60,1,0,0,0,7
2019,mixed,Eric Karabell,Khris Davis,4217,FA,UT,27,act,previously_reserved,UT,22,7,1,0,0,0,5,2,0.167,0.0,0.091,123,0,0,0,0,0,4
2019,mixed,Eric Karabell,Maikel Franco,4021,FA,CI,1,rel,previously_reserved,,127,41,14,5,13,0,18,11,0.283,0.0,0.37,0,0,2,0,110,0,0
2019,mixed,Eric Karabell,Zack Cozart,3043,FA,CI,0,rel,previously_reserved,,55,20,3,0,6,0,10,3,0.226,0.0,0.2,0,0,0,1,31,5,0
2019,mixed,Eric Karabell,David Fletcher,6027,Atl,CI,39,act,previously_reserved,"2B,3B,MI,SS,OF,CI",156,37,24,1,8,0,15,13,0.373,0.0,0.391,0,0,0,42,90,39,23
2019,mixed,Eric Karabell,Isan Diaz,5464,FA,MI,73,rel,previously_reserved,,83,24,7,2,13,0,25,13,0.25,0.0,0.253,0,0,0,48,0,0,0
2019,mixed,Eric Karabell,Cesar Hernandez,3413,FA,MI,7,act,previously_reserved,"2B,MI",91,24,12,1,10,1,16,9,0.33,0.0,0.33,0,0,0,157,0,0,0
2019,mixed,Derek VanRiper,Joey Votto,345,Tor,1B,32,act,active,"1B,CI",361,97,54,11,38,4,77,53,0.373,0.15,0.44,4,0,133,0,0,0,1
2019,mixed,Derek VanRiper,Ozzie Albies,5099,Atl,2B,13,act,active,"2B,MI",640,160,102,24,86,15,112,54,0.352,0.36,0.5,0,0,0,158,0,0,0
2019,mixed,Derek VanRiper,Trevor Story,4020,Bos,SS,36,act,active,"SS,MI",569,140,108,33,83,23,169,56,0.364,0.364,0.554,0,0,0,0,0,144,0
2019,mixed,Derek VanRiper,Anthony Rendon,3205,LAA,3B,29,act,active,"3B,CI",542,145,117,34,126,5,84,80,0.413,0.444,0.601,0,0,0,1,146,0,0
2019,mixed,Derek VanRiper,Franmil Reyes,5308,FA,OF,1,act,active,OF,494,150,69,37,81,0,156,47,0.31,0.412,0.512,47,0,0,0,0,0,86
2019,mixed,Derek VanRiper,Christian Yelich,3314,Mil,OF,39,act,active,OF,489,130,100,44,97,30,118,80,0.429,0.0,0.671,2,0,0,0,0,0,124
2019,mixed,Derek VanRiper,Clint Frazier,4439,CWS,OF,0,act,active,OF,181,56,26,9,29,1,59,13,0.318,0.75,0.486,15,0,0,0,0,0,53
2019,mixed,Derek VanRiper,Kyle Tucker,5384,ChC,OF,2,act,active,OF,67,22,15,4,11,5,20,4,0.319,0.286,0.537,1,0,4,0,0,0,19
2019,mixed,Derek VanRiper,Victor Robles,5309,Sea,OF,20,act,active,OF,546,155,86,17,65,28,140,35,0.326,0.292,0.419,0,0,0,0,0,0,152
2019,mixed,Derek VanRiper,Robinson Chirinos,3011,Bal,C,5,act,active,C,366,114,57,17,58,1,125,51,0.347,0.167,0.443,0,112,0,0,0,0,0
2019,mixed,Derek VanRiper,Carson Kelly,4512,ChC,C,1,act,active,C,314,111,46,18,47,0,79,48,0.348,0.308,0.478,0,101,0,0,1,0,0
2019,mixed,Derek VanRiper,Jurickson Profar,3198,Atl,UT,1,act,active,"OF,3B,CI,1B,MI,2B,SS",66,22,8,2,8,2,8,10,0.338,0.467,0.409,8,0,1,124,0,0,7
2019,mixed,Derek VanRiper,Nate Lowe,6652,Was,CI,247,act,active,1B,111,38,15,4,13,0,37,8,0.322,0.3,0.441,17,0,21,0,4,0,0
2019,mixed,Derek VanRiper,Tommy Edman,6447,LAD,MI,11,act,active,"2B,3B,OF",171,43,31,2,13,7,30,11,0.362,0.515,0.421,0,0,0,29,55,0,13
2019,mixed,Derek VanRiper,Daniel Vogelbach,4058,FA,1B,0,trd,previously_active,,91,30,16,5,11,0,27,21,0.36,0.0,0.429,81,0,57,0,0,0,0
2019,mixed,Derek VanRiper,Derek Dietrich,3699,FA,1B,127,rel,previously_active,,105,42,20,6,15,0,35,10,0.346,0.0,0.429,2,0,21,58,1,0,16
2019,mixed,Derek VanRiper,Rafael Devers,4903,Bos,3B,13,trd,previously_active,,149,41,27,2,21,5,24,18,0.408,0.0,0.456,1,0,0,0,152,1,0
2019,mixed,Derek VanRiper,Greg Allen,5702,ChC,OF,3,rel,previously_active,,3,1,0,0,0,0,1,0,0.333,0.0,0.333,0,0,0,0,0,0,84
2019,mixed,Derek VanRiper,Harold Castro,6431,KC,OF,3,rel,previously_active,,19,4,2,0,1,0,4,0,0.158,0.0,0.211,4,0,1,34,10,2,45
2019,mixed,Derek VanRiper,Kevin Kiermaier,4671,LAD,OF,0,res,previously_active,OF,364,102,48,10,45,16,79,23,0.285,0.0,0.398,0,0,0,0,0,0,125
2019,mixed,Derek VanRiper,Alex Verdugo,4948,FA,OF,0,dis,previously_active,OF,277,78,35,8,28,4,41,24,0.34,0.0,0.437,0,0,0,0,0,0,97
2019,mixed,Derek VanRiper,Pablo Reyes,6398,NYY,OF,5,rel,previously_active,,30,18,3,0,3,0,8,1,0.219,0.0,0.2,0,0,0,7,2,2,45
2019,mixed,Derek VanRiper,Matt Kemp,799,FA,OF,1,rel,previously_active,,22,8,1,0,0,0,10,0,0.091,0.0,0.091,0,0,0,0,0,0,17
2019,mixed,Derek VanRiper,Carter Kieboom,5799,LAA,UT,228,rel,previously_active,,27,8,2,0,0,0,11,3,0.167,0.0,0.074,0,0,0,0,0,10,0
2019,mixed,Derek VanRiper,Ryan Zimmerman,1638,FA,UT,1,rel,previously_active,,75,22,7,3,11,0,18,10,0.302,0.0,0.373,3,0,44,0,0,0,0
2019,mixed,Derek VanRiper,Andrelton Simmons,3717,FA,UT,1,res,previously_active,"SS,MI",258,66,29,4,25,8,23,17,0.322,0.0,0.38,1,0,0,0,0,102,0
2019,mixed,Derek VanRiper,Harrison Bader,5366,Min,UT,22,rel,previously_active,,55,21,5,0,2,2,13,2,0.233,0.0,0.2,0,0,0,0,0,0,122
2019,mixed,Derek VanRiper,Matt Beaty,6433,FA,CI,1,res,previously_active,"1B,3B,OF",68,24,12,2,10,2,6,7,0.307,0.0,0.426,2,0,35,0,9,0,35
2019,mixed,Derek VanRiper,Travis Shaw,4819,Bos,CI,1,rel,previously_active,,0,1,0,0,0,0,0,0,1.0,0.0,0.0,0,0,6,2,71,0,0
2019,mixed,Derek VanRiper,Daniel Robertson,4577,FA,CI,0,rel,previously_active,,10,4,1,0,0,0,3,3,0.5,0.0,0.4,0,0,0,26,43,16,0
2019,mixed,Derek VanRiper,Tyler White,5443,NYM,CI,1,rel,previously_active,,19,8,1,0,1,0,4,3,0.391,0.0,0.474,19,0,56,0,0,0,0
2019,mixed,Derek VanRiper,Willy Adames,5094,SF,MI,67,res,previously_active,"SS,MI",323,91,34,11,31,3,94,26,0.318,0.0,0.409,0,0,0,0,0,152,0
2019,mixed,Derek VanRiper,Logan Forsythe,2920,FA,MI,11,rel,previously_active,,16,5,1,0,1,0,6,4,0.333,0.0,0.125,0,0,46,8,33,15,0
2019,mixed,Derek VanRiper,Alex Verdugo,4948,FA,OF,0,dis,reserved,OF,66,28,8,4,16,0,8,2,0.353,0.0,0.636,0,0,0,0,0,0,97
2019,mixed,Derek VanRiper,Kevin Kiermaier,4671,LAD,OF,0,res,reserved,OF,83,27,12,4,10,3,25,3,0.244,0.333,0.398,0,0,0,0,0,0,125
2019,mixed,Derek VanRiper,Andrelton Simmons,3717,FA,UT,1,res,reserved,"SS,MI",140,37,18,3,15,2,14,7,0.284,0.333,0.336,1,0,0,0,0,102,0
2019,mixed,Derek VanRiper,Matt Beaty,6433,FA,CI,1,res,reserved,"1B,3B,OF",48,22,4,2,7,2,7,2,0.231,0.091,0.333,2,0,35,0,9,0,35
2019,mixed,Derek VanRiper,Willy Adames,5094,SF,MI,67,res,reserved,"SS,MI",51,16,11,5,10,0,13,5,0.321,0.333,0.569,0,0,0,0,0,152,0
2019,mixed,Derek VanRiper,Derek Dietrich,3699,FA,1B,127,rel,previously_reserved,,19,11,1,0,0,0,10,4,0.308,0.0,0.105,2,0,21,58,1,0,16
2019,mixed,Derek VanRiper,Joey Votto,345,Tor,1B,32,act,previously_reserved,"1B,CI",28,7,7,1,2,0,7,2,0.312,0.0,0.393,4,0,133,0,0,0,1
2019,mixed,Derek VanRiper,Daniel Vogelbach,4058,FA,1B,0,trd,previously_reserved,,15,5,5,4,8,0,4,3,0.556,0.0,1.4,81,0,57,0,0,0,0
2019,mixed,Derek VanRiper,Trevor Story,4020,Bos,SS,36,act,previously_reserved,"SS,MI",19,5,3,2,2,0,5,2,0.333,0.0,0.579,0,0,0,0,0,144,0
2019,mixed,Derek VanRiper,Anthony Rendon,3205,LAA,3B,29,act,previously_reserved,"3B,CI",3,1,0,0,0,0,2,0,0.25,0.0,0.0,0,0,0,1,146,0,0
2019,mixed,Derek VanRiper,Clint Frazier,4439,CWS,OF,0,act,previously_reserved,OF,44,13,5,3,9,0,11,3,0.312,0.0,0.5,15,0,0,0,0,0,53
2019,mixed,Derek VanRiper,Matt Kemp,799,FA,OF,1,rel,previously_reserved,,38,12,3,1,5,0,9,1,0.275,0.0,0.395,0,0,0,0,0,0,17
2019,mixed,Derek VanRiper,Harrison Bader,5366,Min,UT,22,rel,previously_reserved,,55,18,5,2,6,2,20,9,0.288,0.0,0.382,0,0,0,0,0,0,122
2019,mixed,Derek VanRiper,Ryan Zimmerman,1638,FA,UT,1,rel,previously_reserved,,43,11,5,0,4,0,9,2,0.326,0.0,0.419,3,0,44,0,0,0,0
2019,mixed,Derek VanRiper,Nate Lowe,6652,Was,CI,247,act,previously_reserved,1B,18,6,7,3,5,0,7,4,0.435,0.0,0.778,17,0,21,0,4,0,0
2019,mixed,Derek VanRiper,Tyler White,5443,NYM,CI,1,rel,previously_reserved,,38,12,4,0,1,0,19,7,0.356,0.0,0.263,19,0,56,0,0,0,0
2019,mixed,Derek VanRiper,Travis Shaw,4819,Bos,CI,1,rel,previously_reserved,,13,6,0,0,0,0,6,2,0.25,0.0,0.077,0,0,6,2,71,0,0
2019,mixed,Derek VanRiper,Daniel Robertson,4577,FA,CI,0,rel,previously_reserved,,104,34,12,2,13,1,30,15,0.286,0.0,0.279,0,0,0,26,43,16,0
2019,mixed,Derek VanRiper,Logan Forsythe,2920,FA,MI,11,rel,previously_reserved,,56,19,8,0,11,0,16,9,0.385,0.0,0.446,0,0,46,8,33,15,0
2019,mixed,Derek VanRiper,Tommy Edman,6447,LAD,MI,11,act,previously_reserved,"2B,3B,OF",71,19,15,5,10,4,13,3,0.39,0.0,0.704,0,0,0,29,55,0,13
2019,mixed,Zach Steinhorn,Carlos Santana,2181,Cle,1B,20,act,active,"1B,3B,CI",573,158,110,34,93,4,108,108,0.397,0.158,0.515,23,0,135,0,0,0,0
2019,mixed,Zach Steinhorn,Mike Moustakas,2004,FA,2B,11,act,active,"3B,2B,CI",519,141,78,33,82,3,98,51,0.324,0.333,0.503,1,0,0,47,105,0,0
2019,mixed,Zach Steinhorn,Elvis Andrus,1543,FA,SS,9,act,active,"SS,MI",597,146,81,12,72,30,96,33,0.311,0.429,0.392,1,0,0,0,0,146,0
2019,mixed,Zach Steinhorn,Vladimir Guerrero Jr.,5275,Tor,3B,22,act,active,"UT,3B",135,35,10,2,18,0,27,10,0.32,0.167,0.37,24,0,0,0,96,0,0
2019,mixed,Zach Steinhorn,Harrison Bader,5366,Min,OF,27,act,active,OF,110,32,17,5,17,4,40,10,0.293,0.259,0.391,0,0,0,0,0,0,122
2019,mixed,Zach Steinhorn,Mookie Betts,4670,LAD,OF,51,act,active,"UT,OF",597,150,135,29,80,16,101,97,0.391,0.5,0.524,7,0,0,0,0,0,143
2019,mixed,Zach Steinhorn,George Springer,3575,Tor,OF,26,act,active,OF,248,63,49,21,50,1,58,36,0.382,0.5,0.593,13,0,0,0,0,0,109
2019,mixed,Zach Steinhorn,Nick Markakis,134,Atl,OF,153,act,active,OF,35,9,2,0,4,0,6,4,0.282,0.409,0.257,1,0,0,0,0,0,111
2019,mixed,Zach Steinhorn,Brett Gardner,1038,FA,OF,1,act,active,OF,480,137,83,28,72,9,106,51,0.323,0.187,0.504,1,0,0,0,0,0,140
2019,mixed,Zach Steinhorn,Mitch Garver,5025,Sea,C,1,act,active,C,298,90,64,28,63,0,85,41,0.357,0.333,0.604,4,82,1,0,0,0,0
2019,mixed,Zach Steinhorn,Sean Murphy,5926,Atl,C,37,act,active,C,27,11,4,0,0,0,9,4,0.219,0.187,0.111,2,18,0,0,0,0,0
2019,mixed,Zach Steinhorn,Hunter Renfroe,4558,KC,UT,5,act,active,OF,408,128,57,28,56,5,144,39,0.278,0.2,0.461,0,0,0,0,0,0,127
2019,mixed,Zach Steinhorn,Albert Pujols,1411,StL,CI,62,act,active,"1B,CI",428,111,47,20,82,3,59,33,0.297,0.182,0.43,29,0,98,0,1,0,0
2019,mixed,Zach Steinhorn,Marcus Semien,4300,Tex,MI,9,act,active,"UT,SS,MI",657,162,123,33,92,10,102,87,0.369,0.375,0.522,0,0,0,0,0,161,0
2019,mixed,Zach Steinhorn,Yonder Alonso,2142,SD,1B,1,rel,previously_active,,196,58,22,7,26,0,50,27,0.283,0.0,0.321,41,0,32,0,0,0,0
2019,mixed,Zach Steinhorn,Robinson Cano,1008,FA,2B,19,rel,previously_active,,285,75,30,7,26,0,52,15,0.296,0.0,0.393,2,0,0,99,0,0,0
2019,mixed,Zach Steinhorn,Neil Walker,1221,Phi,2B,8,rel,previously_active,,42,14,5,1,6,0,7,4,0.283,0.0,0.333,3,0,69,1,26,0,0
2019,mixed,Zach Steinhorn,Ryon Healy,5786,FA,3B,18,dis,previously_active,"3B,1B,CI",2,1,0,0,1,0,2,0,0.0,0.0,0.0,0,0,11,0,44,0,0
2019,mixed,Zach Steinhorn,Ender Inciarte,4264,FA,OF,10,rel,previously_active,,124,40,13,2,9,3,27,12,0.3,0.0,0.323,0,0,0,0,0,0,63
2019,mixed,Zach Steinhorn,Brandon Dixon,5794,SD,OF,16,rel,previously_active,,22,5,0,0,0,0,11,0,0.227,0.0,0.318,15,0,61,3,4,0,33
2019,mixed,Zach Steinhorn,Michael Conforto,4911,LAD,OF,21,trd,previously_active,,284,80,47,16,44,5,79,48,0.361,0.0,0.475,0,0,0,0,0,0,149
2019,mixed,Zach Steinhorn,Brandon Drury,4055,CWS,OF,27,rel,previously_active,,17,5,0,0,0,0,5,0,0.059,0.0,0.059,2,0,12,16,65,5,25
2019,mixed,Zach Steinhorn,Oscar Mercado,5747,Phi,OF,134,trd,previously_active,,273,69,44,9,31,9,52,15,0.317,0.0,0.44,1,0,0,0,0,0,110
2019,mixed,Zach Steinhorn,Yan Gomes,3945,FA,C,8,rel,previously_active,,7,2,0,0,0,0,1,0,0.143,0.0,0.143,0,93,1,0,0,0,0
2019,mixed,Zach Steinhorn,Russell Martin,787,LAD,C,12,rel,previously_active,,3,1,1,0,0,0,0,0,0.25,0.0,0.0,0,60,0,0,7,0,0
2019,mixed,Zach Steinhorn,Austin Romine,2402,FA,C,12,rel,previously_active,,11,3,1,0,0,0,2,0,0.364,0.0,0.364,0,70,0,0,0,0,0
2019,mixed,Zach Steinhorn,Elias Diaz,5078,SD,C,22,rel,previously_active,,42,13,4,0,10,0,6,4,0.362,0.0,0.429,0,96,0,0,0,0,0
2019,mixed,Zach Steinhorn,Josh Phegley,3029,FA,C,23,res,previously_active,C,203,68,25,8,38,0,41,12,0.281,0.0,0.399,0,106,0,0,0,0,0
2019,mixed,Zach Steinhorn,Welington Castillo,2434,Was,C,8,rel,previously_active,,75,23,2,2,9,0,24,9,0.276,0.0,0.267,20,48,0,0,0,0,0
2019,mixed,Zach Steinhorn,Lourdes Gurriel,5350,Ari,UT,53,dis,previously_active,"OF,2B,MI,SS",216,55,39,15,36,4,59,14,0.323,0.0,0.537,9,0,3,9,0,0,63
2019,mixed,Zach Steinhorn,Justin Bour,4965,SF,UT,3,rel,previously_active,,59,17,5,1,6,0,18,9,0.319,0.0,0.305,2,0,37,0,0,0,0
2019,mixed,Zach Steinhorn,Jesus Aguilar,4118,FA,UT,18,rel,previously_active,,83,29,13,2,10,0,18,8,0.348,0.0,0.41,13,0,75,0,2,0,0
2019,mixed,Zach Steinhorn,Colin Moran,4435,Sea,UT,53,res,previously_active,"1B,3B,2B,CI",40,12,1,0,2,0,13,1,0.214,0.0,0.225,0,0,8,11,121,0,2
2019,mixed,Zach Steinhorn,Leonys Martin,3737,FA,UT,12,rel,previously_active,,84,25,7,3,7,1,24,7,0.209,0.0,0.262,0,0,0,0,0,0,65
2019,mixed,Zach Steinhorn,Ryon Healy,5786,FA,3B,18,dis,reserved,"3B,1B,CI",0,0,0,0,0,0,0,0,0.0,0.0,0.0,0,0,11,0,44,0,0
2019,mixed,Zach Steinhorn,Josh Phegley,3029,FA,C,23,res,reserved,C,32,11,3,0,3,0,7,1,0.235,0.0,0.219,0,106,0,0,0,0,0
2019,mixed,Zach Steinhorn,Colin Moran,4435,Sea,UT,53,res,reserved,"1B,3B,2B,CI",24,6,2,0,1,0,4,1,0.24,0.25,0.292,0,0,8,11,121,0,2
2019,mixed,Zach Steinhorn,Lourdes Gurriel,5350,Ari,UT,53,dis,reserved,"OF,2B,MI,SS",3,1,0,0,0,0,1,0,0.75,0.0,1.0,9,0,3,9,0,0,63
2019,mixed,Zach Steinhorn,Yonder Alonso,2142,SD,1B,1,rel,previously_reserved,,9,3,0,0,0,0,1,1,0.2,0.0,0.111,41,0,32,0,0,0,0
2019,mixed,Zach Steinhorn,Neil Walker,1221,Phi,2B,8,rel,previously_reserved,,115,39,8,3,10,1,31,14,0.38,0.0,0.452,3,0,69,1,26,0,0
2019,mixed,Zach Steinhorn,Mike Moustakas,2004,FA,2B,11,act,previously_reserved,"3B,2B,CI",4,2,2,2,5,0,0,2,0.833,0.0,2.25,1,0,0,47,105,0,0
2019,mixed,Zach Steinhorn,Robinson Cano,1008,FA,2B,19,rel,previously_reserved,,40,11,7,3,6,0,6,2,0.286,0.0,0.575,2,0,0,99,0,0,0
2019,mixed,Zach Steinhorn,Elvis Andrus,1543,FA,SS,9,act,previously_reserved,"SS,MI",3,1,0,0,0,1,0,1,0.75,0.0,0.667,1,0,0,0,0,146,0
2019,mixed,Zach Steinhorn,Michael Conforto,4911,LAD,OF,21,trd,previously_reserved,,3,1,0,0,0,0,0,0,0.25,0.0,0.0,0,0,0,0,0,0,149
2019,mixed,Zach Steinhorn,Brandon Dixon,5794,SD,OF,16,rel,previously_reserved,,56,17,7,1,8,0,24,5,0.266,0.0,0.357,15,0,61,3,4,0,33
2019,mixed,Zach Steinhorn,Brett Gardner,1038,FA,OF,1,act,previously_reserved,OF,11,4,3,0,2,1,2,1,0.417,0.0,0.455,1,0,0,0,0,0,140
2019,mixed,Zach Steinhorn,Mitch Garver,5025,Sea,C,1,act,previously_reserved,C,13,3,6,3,4,0,2,0,0.571,0.0,1.23,4,82,1,0,0,0,0
2019,mixed,Zach Steinhorn,Welington Castillo,2434,Was,C,8,rel,previously_reserved,,10,3,2,1,1,0,2,1,0.364,0.0,0.7,20,48,0,0,0,0,0
2019,mixed,Zach Steinhorn,Elias Diaz,5078,SD,C,22,rel,previously_reserved,,88,29,11,1,6,0,14,9,0.296,0.0,0.307,0,96,0,0,0,0,0
2019,mixed,Zach Steinhorn,Yan Gomes,3945,FA,C,8,rel,previously_reserved,,10,4,3,0,0,0,4,2,0.417,0.0,0.4,0,93,1,0,0,0,0
2019,mixed,Zach Steinhorn,Russell Martin,787,LAD,C,12,rel,previously_reserved,,11,4,1,0,0,0,2,2,0.286,0.0,0.091,0,60,0,0,7,0,0
2019,mixed,Zach Steinhorn,Hunter Renfroe,4558,KC,UT,5,act,previously_reserved,OF,32,12,7,5,8,0,10,7,0.425,0.2,0.844,0,0,0,0,0,0,127
2019,mixed,Zach Steinhorn,Jesus Aguilar,4118,FA,UT,18,rel,previously_reserved,,32,14,6,1,4,0,6,4,0.275,0.0,0.344,13,0,75,0,2,0,0
2019,mixed,Zach Steinhorn,Justin Bour,4965,SF,UT,3,rel,previously_reserved,,38,12,5,3,8,0,12,4,0.19,0.0,0.342,2,0,37,0,0,0,0
2019,mixed,Ray Flowers,Eric Thames,2895,Oak,1B,0,act,active,"1B,OF,CI",244,85,45,16,31,1,86,32,0.343,0.238,0.504,3,0,105,0,0,0,12
2019,mixed,Ray Flowers,Jose Altuve,3776,Hou,2B,34,act,active,"2B,MI",477,119,85,30,73,6,78,40,0.354,0.25,0.551,2,0,0,121,0,1,0
2019,mixed,Ray Flowers,Amed Rosario,4884,Was,SS,12,act,active,"SS,MI",599,153,72,14,66,19,118,30,0.323,0.333,0.429,1,0,0,0,0,152,1
2019,mixed,Ray Flowers,Manny Machado,3216,SD,3B,31,act,active,"3B,SS,CI,MI",587,156,81,32,85,5,128,65,0.334,0.45,0.462,0,0,0,0,119,37,0
2019,mixed,Ray Flowers,Marcell Ozuna,3280,Atl,OF,15,act,active,OF,120,31,14,5,15,0,31,18,0.275,0.429,0.325,0,0,0,0,0,0,129
2019,mixed,Ray Flowers,Garrett Hampson,6277,Ari,OF,22,act,active,"OF,SS,2B,MI",32,6,3,2,3,2,8,2,0.294,0.294,0.437,0,0,0,50,0,15,33
2019,mixed,Ray Flowers,Jorge Soler,3918,LAA,OF,2,act,active,OF,470,129,77,39,95,3,148,63,0.359,0.5,0.574,107,0,0,0,0,0,56
2019,mixed,Ray Flowers,Kole Calhoun,3983,FA,OF,1,act,active,"UT,OF",83,23,11,5,7,0,30,10,0.287,0.25,0.398,0,0,0,0,0,0,150
2019,mixed,Ray Flowers,Harold Castro,6431,KC,OF,11,act,active,"2B,MI,SS,OF,3B",12,3,0,0,0,0,5,0,0.083,0.083,0.083,4,0,1,34,10,2,45
2019,mixed,Ray Flowers,Austin Romine,2402,FA,C,3,act,active,C,22,8,3,1,1,0,5,0,0.227,0.375,0.364,0,70,0,0,0,0,0
2019,mixed,Ray Flowers,Jorge Alfaro,4004,Mil,C,3,act,active,C,422,127,43,17,55,4,149,22,0.314,0.368,0.422,1,118,1,0,0,0,0
2019,mixed,Ray Flowers,Nick Solak,6442,Pit,UT,38,act,active,"UT,3B,2B",94,26,15,4,15,2,22,12,0.38,0.3,0.479,17,0,0,5,11,0,0
2019,mixed,Ray Flowers,Eric Hosmer,2563,FA,CI,6,act,active,"1B,CI",600,155,67,20,94,0,157,38,0.307,0.045,0.413,1,0,157,0,0,0,0
2019,mixed,Ray Flowers,Luis Urias,5831,Oak,MI,39,act,active,"2B,SS,MI",40,12,3,1,4,0,16,2,0.295,0.409,0.325,0,0,0,26,1,41,0
2019,mixed,Ray Flowers,Freddie Freeman,2466,LAD,1B,36,res,previously_active,"1B,CI",587,155,112,38,121,6,123,86,0.391,0.0,0.555,0,0,158,0,0,0,0
2019,mixed,Ray Flowers,Paul DeJong,5714,Was,SS,6,trd,previously_active,,288,76,52,13,35,6,62,35,0.353,0.0,0.472,0,0,0,0,0,157,0
2019,mixed,Ray Flowers,Raimel Tapia,4798,FA,OF,39,res,previously_active,OF,97,26,10,1,9,1,13,5,0.373,0.0,0.402,0,0,0,0,0,0,106
2019,mixed,Ray Flowers,Jesse Winker,4483,NYM,OF,14,dis,previously_active,OF,338,113,51,16,38,0,60,38,0.357,0.0,0.473,1,0,0,0,0,0,93
2019,mixed,Ray Flowers,Brian Goodwin,3779,CWS,OF,21,rel,previously_active,,190,56,32,6,24,3,45,18,0.332,0.0,0.442,2,0,0,0,0,0,117
2019,mixed,Ray Flowers,Michael Brantley,2212,FA,OF,11,trd,previously_active,,480,122,80,19,80,3,53,44,0.398,0.0,0.546,25,0,0,0,0,0,123
2019,mixed,Ray Flowers,Jake Fraley,6173,Cin,OF,7,rel,previously_active,,12,4,0,0,1,0,4,0,0.083,0.0,0.083,0,0,0,0,0,0,12
2019,mixed,Ray Flowers,Byron Buxton,4014,Min,OF,7,dis,previously_active,OF,250,77,44,10,45,14,64,19,0.314,0.0,0.508,1,0,0,0,0,0,86
2019,mixed,Ray Flowers,Keon Broxton,3265,FA,OF,13,rel,previously_active,,16,5,2,1,1,1,8,1,0.176,0.0,0.312,3,0,0,0,0,0,89
2019,mixed,Ray Flowers,Nick Martini,4542,Col,OF,27,res,previously_active,OF,20,7,1,0,0,0,5,4,0.25,0.0,0.1,1,0,0,0,0,0,26
2019,mixed,Ray Flowers,Tony Wolters,3637,Min,C,12,rel,previously_active,,17,5,2,0,1,0,3,2,0.25,0.0,0.294,0,112,0,8,1,0,0
2019,mixed,Ray Flowers,Tom Murphy,4629,SF,C,4,rel,previously_active,,105,29,16,8,17,1,34,7,0.339,0.0,0.59,5,67,0,0,0,0,1
2019,mixed,Ray Flowers,Alex Avila,2369,FA,C,2,rel,previously_active,,15,4,2,1,2,0,10,1,0.187,0.0,0.4,0,54,0,0,0,0,0
2019,mixed,Ray Flowers,Austin Hedges,4064,Cle,C,3,rel,previously_active,,200,61,15,6,23,1,71,11,0.245,0.0,0.31,0,95,0,0,2,0,0
2019,mixed,Ray Flowers,David Peralta,4980,SD,UT,8,rel,previously_active,,310,79,39,11,47,0,78,29,0.349,0.0,0.474,1,0,0,0,0,0,93
2019,mixed,Ray Flowers,Scooter Gennett,3277,FA,UT,10,rel,previously_active,,89,27,13,2,9,0,26,1,0.269,0.0,0.393,0,0,0,36,0,0,0
2019,mixed,Ray Flowers,Brian Dozier,3489,NYM,UT,57,rel,previously_active,,206,71,33,12,30,2,45,33,0.372,0.0,0.51,0,0,0,123,0,0,0
2019,mixed,Ray Flowers,Jeimer Candelario,4071,Cin,CI,4,trd,previously_active,,12,3,1,0,4,0,3,0,0.25,0.0,0.333,4,0,20,0,69,0,0
2019,mixed,Ray Flowers,Jose Alb Martinez,5460,NYM,CI,1,rel,previously_active,,167,54,22,6,20,1,37,21,0.335,0.0,0.401,8,0,0,0,0,0,79
2019,mixed,Ray Flowers,Brandon Drury,4055,CWS,MI,36,rel,previously_active,,12,4,0,0,0,0,3,0,0.083,0.0,0.083,2,0,12,16,65,5,25
2019,mixed,Ray Flowers,Wilmer Flores,2527,SF,MI,26,res,previously_active,"1B,2B,CI",33,11,3,1,2,0,5,2,0.306,0.0,0.424,0,0,16,64,0,0,0
2019,mixed,Ray Flowers,Freddie Freeman,2466,LAD,1B,36,res,reserved,"1B,CI",10,3,1,0,0,0,4,1,0.273,0.273,0.2,0,0,158,0,0,0,0
2019,mixed,Ray Flowers,Jesse Winker,4483,NYM,OF,14,dis,reserved,OF,0,0,0,0,0,0,0,0,0.0,0.0,0.0,1,0,0,0,0,0,93
2019,mixed,Ray Flowers,Raimel Tapia,4798,FA,OF,39,res,reserved,OF,53,21,5,1,6,4,17,1,0.185,0.15,0.245,0,0,0,0,0,0,106
2019,mixed,Ray Flowers,Nick Martini,4542,Col,OF,27,res,reserved,OF,9,4,0,0,0,0,4,1,0.2,0.2,0.111,1,0,0,0,0,0,26
2019,mixed,Ray Flowers,Byron Buxton,4014,Min,OF,7,dis,reserved,OF,21,10,4,0,1,0,4,0,0.318,0.0,0.571,1,0,0,0,0,0,86
2019,mixed,Ray Flowers,Yoenis Cespedes,3837,FA,UT,0,dis,reserved,OF,0,0,0,0,0,0,0,0,0.0,0.0,0.0,0,0,0,0,0,0,0
2019,mixed,Ray Flowers,Wilmer Flores,2527,SF,MI,26,res,reserved,"1B,2B,CI",61,20,8,2,13,0,8,5,0.403,0.429,0.525,0,0,16,64,0,0,0
2019,mixed,Ray Flowers,Eric Thames,2895,Oak,1B,0,act,previously_reserved,"1B,OF,CI",152,64,22,9,30,2,54,19,0.353,0.0,0.507,3,0,105,0,0,0,12
2019,mixed,Ray Flowers,Jose Altuve,3776,Hou,2B,34,act,previously_reserved,"2B,MI",23,5,4,1,1,0,4,1,0.333,0.0,0.522,2,0,0,121,0,1,0
2019,mixed,Ray Flowers,Amed Rosario,4884,Was,SS,12,act,previously_reserved,"SS,MI",17,4,3,1,6,0,6,1,0.333,0.0,0.529,1,0,0,0,0,152,1
2019,mixed,Ray Flowers,Paul DeJong,5714,Was,SS,6,trd,previously_reserved,,42,11,3,0,1,0,10,1,0.267,0.0,0.238,0,0,0,0,0,157,0
2019,mixed,Ray Flowers,Brian Goodwin,3779,CWS,OF,21,rel,previously_reserved,,106,38,15,4,9,3,37,9,0.284,0.0,0.368,2,0,0,0,0,0,117
2019,mixed,Ray Flowers,Jorge Soler,3918,LAA,OF,2,act,previously_reserved,OF,119,33,18,9,22,0,30,10,0.331,0.0,0.546,107,0,0,0,0,0,56
2019,mixed,Ray Flowers,Keon Broxton,3265,FA,OF,13,rel,previously_reserved,,68,24,7,1,3,3,33,4,0.222,0.0,0.25,3,0,0,0,0,0,89
2019,mixed,Ray Flowers,Jorge Alfaro,4004,Mil,C,3,act,previously_reserved,C,9,3,1,1,2,0,5,0,0.222,0.0,0.556,1,118,1,0,0,0,0
2019,mixed,Ray Flowers,Brian Dozier,3489,NYM,UT,57,rel,previously_reserved,,29,9,2,0,2,0,6,6,0.257,0.0,0.103,0,0,0,123,0,0,0
2019,mixed,Ray Flowers,David Peralta,4980,SD,UT,8,rel,previously_reserved,,72,20,9,1,10,0,9,6,0.316,0.0,0.403,1,0,0,0,0,0,93
2019,mixed,Ray Flowers,Scooter Gennett,3277,FA,UT,10,rel,previously_reserved,,44,15,2,0,2,0,15,1,0.196,0.0,0.182,0,0,0,36,0,0,0
2019,mixed,Ray Flowers,David Freese,1432,LAD,UT,0,rel,previously_reserved,,2,1,1,1,1,0,1,0,0.5,0.0,2.0,3,0,50,0,2,0,0
2019,mixed,Ray Flowers,Eric Hosmer,2563,FA,CI,6,act,previously_reserved,"1B,CI",19,5,5,2,5,0,6,2,0.429,0.0,0.789,1,0,157,0,0,0,0
2019,mixed,Ray Flowers,Jeimer Candelario,4071,Cin,CI,4,trd,previously_reserved,,43,12,2,1,4,0,13,5,0.286,0.0,0.302,4,0,20,0,69,0,0
2019,mixed,Ray Flowers,Jose Alb Martinez,5460,NYM,CI,1,rel,previously_reserved,,154,65,21,4,20,2,38,14,0.349,0.0,0.396,8,0,0,0,0,0,79
2019,mixed,Ray Flowers,Brandon Drury,4055,CWS,MI,36,rel,previously_reserved,,13,4,4,0,2,0,2,1,0.267,0.0,0.308,2,0,12,16,65,5,25
2019,mixed,Al Melchior,Matt Olson,4465,Atl,1B,21,act,active,"1B,CI",461,121,69,34,88,0,134,48,0.354,0.318,0.549,0,0,127,0,0,0,0
2019,mixed,Al Melchior,Keston Hiura,6100,Col,2B,56,act,active,2B,131,33,22,6,18,2,45,11,0.342,0.357,0.504,0,0,0,81,0,0,0
2019,mixed,Al Melchior,Francisco Lindor,3668,NYM,SS,30,act,active,"SS,MI",589,141,99,31,73,22,96,46,0.337,0.125,0.518,5,0,0,0,0,137,0
2019,mixed,Al Melchior,Matt Chapman,5037,SF,3B,14,act,active,"3B,CI",583,156,102,36,91,1,147,73,0.342,0.348,0.506,0,0,0,0,156,0,0
2019,mixed,Al Melchior,Austin Hays,6076,Cin,OF,0,act,active,OF,25,6,6,2,6,2,8,3,0.393,0.393,0.64,0,0,0,0,0,0,20
2019,mixed,Al Melchior,Jose Osuna,4098,FA,OF,9,act,active,"1B,CI,OF,3B",129,33,18,2,11,0,23,8,0.264,0.346,0.333,0,0,31,0,19,0,25
2019,mixed,Al Melchior,Willie Calhoun,5692,LAA,OF,311,act,active,"UT,OF",235,65,35,15,29,0,37,20,0.312,0.4,0.472,7,0,0,0,0,0,71
2019,mixed,Al Melchior,Trent Grisham,5285,NYY,OF,3,act,active,OF,90,29,15,4,19,1,27,14,0.303,0.214,0.367,0,0,0,0,0,0,42
2019,mixed,Al Melchior,Shed Long,6122,Bal,OF,0,act,active,"OF,2B",48,12,8,2,6,0,12,5,0.34,0.16,0.521,1,0,0,24,1,0,16
2019,mixed,Al Melchior,Stephen Vogt,3569,Oak,C,2,act,active,"C,OF",25,9,4,1,5,2,6,3,0.31,0.417,0.44,2,60,1,0,0,0,7
2019,mixed,Al Melchior,James McCann,3906,Bal,C,12,act,active,C,388,105,54,16,55,2,125,26,0.321,0.273,0.456,13,106,0,0,0,0,0
2019,mixed,Al Melchior,Paul DeJong,5714,Was,UT,6,act,active,"SS,MI",230,65,38,15,39,3,69,23,0.284,0.28,0.443,0,0,0,0,0,157,0
2019,mixed,Al Melchior,Mark Canha,4430,Mil,CI,21,act,active,"OF,1B,CI",236,64,42,13,34,3,64,33,0.402,0.312,0.504,16,0,15,0,0,0,91
2019,mixed,Al Melchior,Gavin Lux,6141,Cin,MI,103,act,active,"UT,2B",75,23,12,2,9,2,24,7,0.305,0.19,0.4,0,0,0,22,0,0,0
2019,mixed,Al Melchior,Joey Gallo,4121,CWS,1B,23,dis,previously_active,"1B,OF,CI",241,70,54,22,49,4,114,52,0.389,0.0,0.598,7,0,0,0,0,0,63
2019,mixed,Al Melchior,Greg Bird,4379,FA,1B,52,dis,previously_active,"1B,CI",35,10,6,1,1,0,16,6,0.293,0.0,0.257,0,0,10,0,0,0,0
2019,mixed,Al Melchior,Tommy Edman,6447,LAD,2B,27,rel,previously_active,,20,6,2,1,6,1,4,1,0.333,0.0,0.55,0,0,0,29,55,0,13
2019,mixed,Al Melchior,Dylan Moore,6696,Sea,2B,14,rel,previously_active,,9,4,3,2,4,0,4,1,0.4,0.0,1.0,3,0,5,18,14,31,45
2019,mixed,Al Melchior,Asdrubal Cabrera,400,Cin,2B,4,res,previously_active,"3B,2B,MI,SS,CI",38,11,7,3,13,0,6,6,0.444,0.0,0.658,0,0,3,31,98,0,0
2019,mixed,Al Melchior,Josh Harrison,3747,Cin,2B,1,rel,previously_active,,57,14,4,1,1,2,14,4,0.19,0.0,0.175,1,0,0,34,0,0,0
2019,mixed,Al Melchior,Yairo Munoz,5335,Ari,OF,17,rel,previously_active,,9,4,1,0,2,0,4,1,0.273,0.0,0.222,0,0,0,4,21,17,28
2019,mixed,Al Melchior,Christin Stewart,5677,FA,OF,1,rel,previously_active,,200,56,19,6,26,0,52,26,0.316,0.0,0.385,12,0,0,0,0,0,89
2019,mixed,Al Melchior,Jarrod Dyson,2961,FA,OF,7,res,previously_active,OF,315,102,50,5,16,28,62,38,0.317,0.0,0.317,0,0,0,0,0,0,118
2019,mixed,Al Melchior,Phillip Ervin,4572,Atl,OF,14,rel,previously_active,,36,11,3,1,3,1,10,3,0.293,0.0,0.389,0,0,0,0,0,0,88
2019,mixed,Al Melchior,Jordan Luplow,5227,Phi,OF,44,rel,previously_active,,34,10,8,2,8,0,11,3,0.368,0.0,0.559,3,0,0,0,0,0,76
2019,mixed,Al Melchior,Brandon Dixon,5794,SD,OF,0,rel,previously_active,,126,36,16,7,20,1,36,7,0.265,0.0,0.421,15,0,61,3,4,0,33
2019,mixed,Al Melchior,Tyler Naquin,4363,Cle,OF,33,dis,previously_active,OF,49,15,10,2,8,1,12,1,0.373,0.0,0.592,3,0,0,0,0,0,80
2019,mixed,Al Melchior,Carlos Gonzalez,1077,FA,OF,0,rel,previously_active,,23,6,3,1,1,0,6,2,0.28,0.0,0.348,9,0,0,0,0,0,34
2019,mixed,Al Melchior,Teoscar Hernandez,4844,LAD,OF,6,res,previously_active,OF,174,52,22,11,25,0,77,19,0.299,0.0,0.471,2,0,0,0,0,0,118
2019,mixed,Al Melchior,Andrew McCutchen,1222,Pit,OF,19,rel,previously_active,,219,59,45,10,29,2,55,43,0.378,0.0,0.457,1,0,0,0,0,0,57
2019,mixed,Al Melchior,Kole Calhoun,3983,FA,OF,1,trd,previously_active,,450,123,78,27,65,4,127,57,0.33,0.0,0.48,0,0,0,0,0,0,150
2019,mixed,Al Melchior,Jake Cave,3729,Col,OF,64,rel,previously_active,,17,5,0,0,2,0,5,1,0.167,0.0,0.235,1,0,0,0,0,0,68
2019,mixed,Al Melchior,Derek Fisher,4917,FA,OF,12,rel,previously_active,,29,9,5,0,1,3,6,4,0.273,0.0,0.207,5,0,0,0,0,0,47
2019,mixed,Al Melchior,Leonys Martin,3737,FA,OF,1,rel,previously_active,,115,30,18,5,8,1,41,11,0.3,0.0,0.383,0,0,0,0,0,0,65
2019,mixed,Al Melchior,Francisco Cervelli,1004,FA,C,3,rel,previously_active,,80,23,9,1,4,0,24,6,0.241,0.0,0.237,1,41,3,0,0,0,0
2019,mixed,Al Melchior,Gary Sanchez,3259,Bal,C,26,res,previously_active,C,383,102,61,33,76,0,118,40,0.319,0.0,0.53,15,90,0,0,0,0,0
2019,mixed,Al Melchior,Josh Phegley,3029,FA,C,42,rel,previously_active,,9,4,0,0,0,0,3,0,0.1,0.0,0.0,0,106,0,0,0,0,0
2019,mixed,Al Melchior,Austin Hedges,4064,Cle,C,0,rel,previously_active,,8,3,1,0,0,0,3,1,0.222,0.0,0.125,0,95,0,0,2,0,0
2019,mixed,Al Melchior,Franchy Cordero,4877,FA,UT,1,trd,previously_active,,3,4,1,0,0,0,2,2,0.4,0.0,0.0,0,0,0,0,0,0,7
2019,mixed,Al Melchior,Joey Rickard,5527,SF,UT,0,rel,previously_active,,11,6,0,0,0,0,3,2,0.462,0.0,0.545,1,0,0,0,0,0,61
2019,mixed,Al Melchior,Rougned Odor,4026,NYY,UT,13,trd,previously_active,,246,70,33,13,43,5,82,25,0.298,0.0,0.451,3,0,0,137,0,0,0
2019,mixed,Al Melchior,Orlando Arcia,4503,Atl,UT,0,rel,previously_active,,73,22,7,2,5,0,19,3,0.224,0.0,0.329,0,0,0,0,0,150,0
2019,mixed,Al Melchior,Luis Rengifo,6622,LAA,UT,27,rel,previously_active,,14,5,0,0,0,0,3,0,0.143,0.0,0.357,0,0,0,104,0,12,0
2019,mixed,Al Melchior,Mac Williamson,4492,Was,UT,33,rel,previously_active,,30,10,1,0,2,2,13,4,0.229,0.0,0.133,1,0,0,0,0,0,38
2019,mixed,Al Melchior,Jake Rogers,6265,Det,UT,12,rel,previously_active,,19,6,4,2,3,0,8,4,0.304,0.0,0.474,1,34,0,0,0,0,0
2019,mixed,Al Melchior,Aledmys Diaz,4500,FA,UT,3,rel,previously_active,,12,5,1,0,3,0,3,2,0.437,0.0,0.5,2,0,26,25,19,5,4
2019,mixed,Al Melchior,Ryan Cordell,5026,NYM,UT,12,rel,previously_active,,45,21,2,1,6,1,15,6,0.346,0.0,0.356,0,0,0,0,0,0,91
2019,mixed,Al Melchior,Greg Allen,5702,ChC,UT,1,rel,previously_active,,16,4,0,0,0,1,5,0,0.125,0.0,0.125,0,0,0,0,0,0,84
2019,mixed,Al Melchior,Robel Garcia,7066,ChC,UT,22,rel,previously_active,,36,11,2,2,4,0,13,1,0.216,0.0,0.417,1,0,0,18,0,0,6
2019,mixed,Al Melchior,Howie Kendrick,739,Was,UT,12,trd,previously_active,,191,63,30,9,39,2,26,11,0.341,0.0,0.492,7,0,48,23,15,0,0
2019,mixed,Al Melchior,Ryan O'Hearn,5940,Bal,UT,16,rel,previously_active,,16,5,2,1,4,0,6,4,0.25,0.0,0.25,2,0,94,0,0,0,2
2019,mixed,Al Melchior,David Freese,1432,LAD,UT,0,trd,previously_active,,20,7,5,2,5,0,6,1,0.429,0.0,0.8,3,0,50,0,2,0,0
2019,mixed,Al Melchior,Jeimer Candelario,4071,Cin,CI,4,rel,previously_active,,22,5,1,0,0,0,4,2,0.125,0.0,0.045,4,0,20,0,69,0,0
2019,mixed,Al Melchior,Jesus Aguilar,4118,FA,CI,16,rel,previously_active,,84,26,7,0,9,0,21,14,0.273,0.0,0.179,13,0,75,0,2,0,0
2019,mixed,Al Melchior,Nick Ahmed,3807,Tex,MI,38,rel,previously_active,,23,6,3,1,2,0,10,0,0.261,0.0,0.435,0,0,0,0,0,158,0
2019,mixed,Al Melchior,Tim Beckham,2143,FA,MI,76,rel,previously_active,,120,33,12,4,14,1,41,7,0.266,0.0,0.392,9,0,5,8,10,41,13
2019,mixed,Al Melchior,Tommy La Stella,4099,FA,MI,32,dis,previously_active,"3B,2B,MI,CI",214,53,35,8,28,0,21,11,0.35,0.0,0.449,3,0,3,46,30,0,0
2019,mixed,Al Melchior,Brian Dozier,3489,NYM,MI,57,trd,previously_active,,24,7,3,1,4,0,6,2,0.308,0.0,0.458,0,0,0,123,0,0,0
2019,mixed,Al Melchior,Joey Gallo,4121,CWS,1B,23,dis,reserved,"1B,OF,CI",0,0,0,0,0,0,0,0,0.0,0.0,0.0,7,0,0,0,0,0,63
2019,mixed,Al Melchior,Greg Bird,4379,FA,1B,52,dis,reserved,"1B,CI",0,0,0,0,0,0,0,0,0.0,0.0,0.0,0,0,10,0,0,0,0
2019,mixed,Al Melchior,Asdrubal Cabrera,400,Cin,2B,4,res,reserved,"3B,2B,MI,SS,CI",30,10,8,1,8,0,4,5,0.361,0.476,0.5,0,0,3,31,98,0,0
2019,mixed,Al Melchior,Jarrod Dyson,2961,FA,OF,7,res,reserved,OF,52,16,8,0,6,0,16,4,0.25,0.25,0.231,0,0,0,0,0,0,118
2019,mixed,Al Melchior,Tyler Naquin,4363,Cle,OF,33,dis,reserved,OF,56,20,6,1,3,0,12,4,0.344,0.0,0.375,3,0,0,0,0,0,80
2019,mixed,Al Melchior,Teoscar Hernandez,4844,LAD,OF,6,res,reserved,OF,17,5,4,3,6,2,3,4,0.524,0.524,1.0,2,0,0,0,0,0,118
2019,mixed,Al Melchior,Gary Sanchez,3259,Bal,C,26,res,reserved,C,13,4,1,1,1,0,7,0,0.214,0.167,0.385,15,90,0,0,0,0,0
2019,mixed,Al Melchior,Tommy La Stella,4099,FA,MI,32,dis,reserved,"3B,2B,MI,CI",21,6,3,2,4,0,3,1,0.304,0.111,0.619,3,0,3,46,30,0,0
2019,mixed,Al Melchior,Matt Olson,4465,Atl,1B,21,act,previously_reserved,"1B,CI",22,6,4,2,3,0,4,3,0.28,0.0,0.455,0,0,127,0,0,0,0
2019,mixed,Al Melchior,Tommy Edman,6447,LAD,2B,27,rel,previously_reserved,,5,2,0,0,0,0,2,0,0.0,0.0,0.0,0,0,0,29,55,0,13
2019,mixed,Al Melchior,Keston Hiura,6100,Col,2B,56,act,previously_reserved,2B,23,8,4,2,4,0,7,1,0.36,0.0,0.609,0,0,0,81,0,0,0
2019,mixed,Al Melchior,Josh Harrison,3747,Cin,2B,1,rel,previously_reserved,,33,8,3,0,6,0,5,1,0.25,0.0,0.333,1,0,0,34,0,0,0
2019,mixed,Al Melchior,Francisco Lindor,3668,NYM,SS,30,act,previously_reserved,"SS,MI",9,2,2,1,1,0,2,0,0.222,0.0,0.556,5,0,0,0,0,137,0
2019,mixed,Al Melchior,Jordan Luplow,5227,Phi,OF,44,rel,previously_reserved,,21,10,1,0,2,0,5,7,0.429,0.0,0.286,3,0,0,0,0,0,76
2019,mixed,Al Melchior,Trent Grisham,5285,NYY,OF,3,act,previously_reserved,OF,58,19,8,1,3,0,19,6,0.369,0.0,0.431,0,0,0,0,0,0,42
2019,mixed,Al Melchior,Christin Stewart,5677,FA,OF,1,rel,previously_reserved,,45,12,6,0,4,0,12,0,0.319,0.0,0.444,12,0,0,0,0,0,89
2019,mixed,Al Melchior,Carlos Gonzalez,1077,FA,OF,0,rel,previously_reserved,,20,5,3,0,1,0,5,1,0.364,0.0,0.3,9,0,0,0,0,0,34
2019,mixed,Al Melchior,Kole Calhoun,3983,FA,OF,1,trd,previously_reserved,,19,6,3,1,2,0,5,3,0.364,0.0,0.474,0,0,0,0,0,0,150
2019,mixed,Al Melchior,Willie Calhoun,5692,LAA,OF,311,act,previously_reserved,"UT,OF",53,13,11,4,12,0,15,3,0.321,0.0,0.642,7,0,0,0,0,0,71
2019,mixed,Al Melchior,Jose Osuna,4098,FA,OF,9,act,previously_reserved,"1B,CI,OF,3B",18,6,3,0,2,0,3,2,0.3,0.0,0.278,0,0,31,0,19,0,25
2019,mixed,Al Melchior,Jake Cave,3729,Col,OF,64,rel,previously_reserved,,5,1,0,0,0,0,2,0,0.4,0.0,0.6,1,0,0,0,0,0,68
2019,mixed,Al Melchior,Francisco Cervelli,1004,FA,C,3,rel,previously_reserved,,18,7,2,0,1,1,3,3,0.458,0.0,0.333,1,41,3,0,0,0,0
2019,mixed,Al Melchior,Aledmys Diaz,4500,FA,UT,3,rel,previously_reserved,,15,5,1,0,2,1,3,5,0.4,0.0,0.267,2,0,26,25,19,5,4
2019,mixed,Al Melchior,Jake Rogers,6265,Det,UT,12,rel,previously_reserved,,34,10,2,1,2,0,20,3,0.158,0.0,0.147,1,34,0,0,0,0,0
2019,mixed,Al Melchior,Ryan Cordell,5026,NYM,UT,12,rel,previously_reserved,,11,5,0,0,0,0,5,0,0.0,0.0,0.0,0,0,0,0,0,0,91
2019,mixed,Al Melchior,Franchy Cordero,4877,FA,UT,1,trd,previously_reserved,,12,5,1,0,1,1,5,2,0.467,0.0,0.5,0,0,0,0,0,0,7
2019,mixed,Al Melchior,Rougned Odor,4026,NYY,UT,13,trd,previously_reserved,,146,38,24,8,23,3,55,13,0.245,0.0,0.384,3,0,0,137,0,0,0
2019,mixed,Al Melchior,Orlando Arcia,4503,Atl,UT,0,rel,previously_reserved,,19,6,5,2,5,0,5,4,0.478,0.0,0.684,0,0,0,0,0,150,0
2019,mixed,Al Melchior,Paul DeJong,5714,Was,UT,6,act,previously_reserved,"SS,MI",23,7,4,2,3,0,8,3,0.296,0.0,0.478,0,0,0,0,0,157,0
2019,mixed,Al Melchior,Robel Garcia,7066,ChC,UT,22,rel,previously_reserved,,5,1,0,0,0,0,4,0,0.0,0.0,0.0,1,0,0,18,0,0,6
2019,mixed,Al Melchior,Howie Kendrick,739,Was,UT,12,trd,previously_reserved,,2,3,1,0,1,0,0,1,1.0,0.0,1.0,7,0,48,23,15,0,0
2019,mixed,Al Melchior,Ryan O'Hearn,5940,Bal,UT,16,rel,previously_reserved,,15,4,0,0,3,0,4,2,0.294,0.0,0.267,2,0,94,0,0,0,2
2019,mixed,Al Melchior,David Freese,1432,LAD,UT,0,trd,previously_reserved,,21,11,3,1,3,0,6,1,0.304,0.0,0.381,3,0,50,0,2,0,0
2019,mixed,Al Melchior,Greg Allen,5702,ChC,UT,1,rel,previously_reserved,,24,12,1,0,2,2,8,1,0.321,0.0,0.25,0,0,0,0,0,0,84
2019,mixed,Al Melchior,Jesus Aguilar,4118,FA,CI,16,rel,previously_reserved,,83,42,9,5,16,0,25,13,0.343,0.0,0.458,13,0,75,0,2,0,0
2019,mixed,Al Melchior,Nick Ahmed,3807,Tex,MI,38,rel,previously_reserved,,47,13,5,1,5,0,8,6,0.302,0.0,0.362,0,0,0,0,0,158,0
2019,mixed,Al Melchior,Tim Beckham,2143,FA,MI,76,rel,previously_reserved,,8,3,1,1,1,0,1,0,0.25,0.0,0.75,9,0,5,8,10,41,13
2019,mixed,Scott Engel,Max Muncy,4851,LAD,1B,12,act,active,"3B,1B,CI,2B",475,138,99,35,98,4,143,88,0.377,0.481,0.526,0,0,65,70,35,0,0
2019,mixed,Scott Engel,Hanser Alberto,5076,FA,2B,4,act,active,"3B,MI,2B,SS",108,28,14,2,6,0,11,4,0.281,0.211,0.306,1,0,0,90,66,0,4
2019,mixed,Scott Engel,Didi Gregorius,3599,FA,SS,0,act,active,"SS,MI",315,79,45,15,59,2,51,17,0.275,0.133,0.435,1,0,0,0,0,80,0
2019,mixed,Scott Engel,Nolan Arenado,3214,StL,3B,39,act,active,"3B,CI",588,155,102,41,118,3,93,62,0.379,0.4,0.583,0,0,0,0,154,0,0
2019,mixed,Scott Engel,Jeff McNeil,6617,NYM,OF,1,act,active,"2B,3B,MI,OF",485,126,82,23,73,5,72,35,0.384,0.357,0.536,0,0,0,37,31,0,93
2019,mixed,Scott Engel,Andrew Benintendi,5386,CWS,OF,33,act,active,OF,541,138,72,13,68,10,140,59,0.343,0.25,0.431,0,0,0,0,0,0,136
2019,mixed,Scott Engel,Mallex Smith,4975,FA,OF,13,act,active,OF,467,123,65,5,31,40,132,38,0.296,0.167,0.328,1,0,0,0,0,0,132
2019,mixed,Scott Engel,Cavan Biggio,6063,KC,OF,125,act,active,"OF,2B,1B",344,97,65,15,46,14,120,71,0.365,0.429,0.424,4,0,8,85,0,0,8
2019,mixed,Scott Engel,Aaron Judge,4601,NYY,OF,46,act,active,OF,368,99,73,27,54,3,137,63,0.389,0.267,0.554,10,0,0,0,0,0,92
2019,mixed,Scott Engel,Jacob Stallings,5554,Col,C,1,act,active,C,64,20,10,2,4,0,12,5,0.304,0.2,0.359,0,61,0,0,0,0,0
2019,mixed,Scott Engel,Willians Astudillo,5536,FA,C,3,act,active,"3B,C,OF,1B",170,52,25,3,19,0,8,5,0.291,0.421,0.365,2,21,15,2,13,0,8
2019,mixed,Scott Engel,Brandon Nimmo,3778,NYM,UT,12,act,active,OF,199,68,33,8,29,3,71,45,0.373,0.393,0.407,0,0,0,0,0,0,66
2019,mixed,Scott Engel,Danny Santana,4232,Bos,CI,33,act,active,"OF,3B,1B,SS,2B",397,107,69,27,71,18,130,22,0.325,0.423,0.544,1,0,44,17,8,9,51
2019,mixed,Scott Engel,Jon Berti,5574,ChC,MI,2,act,active,"3B,MI,SS,OF,2B",193,51,40,5,18,15,56,18,0.352,0.382,0.404,0,0,0,0,20,32,28
2019,mixed,Scott Engel,Kevin Cron,6362,FA,1B,111,rel,previously_active,,8,6,2,0,0,0,2,1,0.444,0.0,0.75,4,0,12,0,1,0,0
2019,mixed,Scott Engel,Ronny Rodriguez,4051,Mil,SS,33,rel,previously_active,,84,25,8,3,11,1,34,2,0.17,0.0,0.345,7,0,13,31,6,20,1
2019,mixed,Scott Engel,Jose Iglesias,2913,NYM,SS,4,res,previously_active,"SS,MI",130,35,15,2,17,0,20,6,0.307,0.0,0.385,0,0,0,0,0,144,0
2019,mixed,Scott Engel,Johan Camargo,4869,FA,SS,1,rel,previously_active,,77,27,8,1,10,1,14,6,0.277,0.0,0.338,1,0,1,4,18,25,16
2019,mixed,Scott Engel,Dwight Smith Jr.,3730,FA,OF,16,rel,previously_active,,167,44,20,9,35,2,40,8,0.289,0.0,0.479,7,0,0,0,0,0,86
2019,mixed,Scott Engel,Raimel Tapia,4798,FA,OF,14,rel,previously_active,,147,40,25,4,18,2,37,8,0.303,0.0,0.449,0,0,0,0,0,0,106
2019,mixed,Scott Engel,Brian Anderson,5326,Atl,OF,1,rel,previously_active,,230,66,34,11,29,3,61,22,0.344,0.0,0.483,1,0,0,0,67,0,55
2019,mixed,Scott Engel,Cesar Puello,2728,FA,OF,4,rel,previously_active,,10,4,0,0,1,0,1,1,0.385,0.0,0.3,0,0,0,0,0,0,40
2019,mixed,Scott Engel,Mike Tauchman,5642,CWS,OF,5,dis,previously_active,OF,110,34,16,7,22,4,24,15,0.362,0.0,0.518,0,0,0,0,0,0,86
2019,mixed,Scott Engel,Manuel Margot,4858,Mil,OF,1,rel,previously_active,,48,17,7,2,7,1,7,1,0.347,0.0,0.562,0,0,0,0,0,0,135
2019,mixed,Scott Engel,Elias Diaz,5078,SD,C,0,rel,previously_active,,25,8,2,0,2,0,6,1,0.192,0.0,0.2,0,96,0,0,0,0,0
2019,mixed,Scott Engel,Alex Avila,2369,FA,C,22,res,previously_active,C,26,8,1,1,1,0,12,2,0.143,0.0,0.192,0,54,0,0,0,0,0
2019,mixed,Scott Engel,Jason Castro,2343,Hou,C,11,rel,previously_active,,151,45,27,10,24,0,53,14,0.321,0.0,0.503,0,78,0,0,0,0,0
2019,mixed,Scott Engel,Chris Iannetta,451,FA,C,2,rel,previously_active,,110,40,16,3,15,0,44,16,0.312,0.0,0.355,1,45,0,0,0,0,0
2019,mixed,Scott Engel,Brandon Drury,4055,CWS,UT,21,rel,previously_active,,22,6,1,0,0,0,11,1,0.174,0.0,0.136,2,0,12,16,65,5,25
2019,mixed,Scott Engel,Josh VanMeter,5912,NYY,UT,11,res,previously_active,"2B,1B,OF,3B",102,33,15,2,9,5,21,11,0.298,0.0,0.373,2,0,17,18,6,0,48
2019,mixed,Scott Engel,Austin Dean,4938,SF,UT,13,rel,previously_active,,10,3,0,0,0,0,6,0,0.1,0.0,0.2,0,0,5,0,0,0,49
2019,mixed,Scott Engel,Yandy Diaz,5735,TB,UT,39,rel,previously_active,,247,63,42,11,32,2,48,27,0.332,0.0,0.453,16,0,22,0,50,0,0
2019,mixed,Scott Engel,Mark Canha,4430,Mil,UT,78,rel,previously_active,,52,19,12,2,4,0,11,11,0.379,0.0,0.404,16,0,15,0,0,0,91
2019,mixed,Scott Engel,Tyler Wade,5629,SD,UT,29,rel,previously_active,,8,3,0,0,0,0,2,0,0.111,0.0,0.0,2,0,0,18,5,4,18
2019,mixed,Scott Engel,Joey Wendle,4608,Atl,CI,1,rel,previously_active,,57,20,7,0,4,3,11,5,0.303,0.0,0.298,0,0,0,48,27,10,1
2019,mixed,Scott Engel,David Bote,6286,LAD,CI,16,rel,previously_active,,126,43,19,6,20,4,32,17,0.315,0.0,0.413,0,0,0,50,67,9,1
2019,mixed,Scott Engel,Colin Moran,4435,Sea,CI,14,rel,previously_active,,7,3,0,0,1,0,1,2,0.333,0.0,0.143,0,0,8,11,121,0,2
2019,mixed,Scott Engel,Lourdes Gurriel,5350,Ari,MI,1,rel,previously_active,,40,13,2,0,7,1,12,3,0.25,0.0,0.275,9,0,3,9,0,0,63
2019,mixed,Scott Engel,Jose Iglesias,2913,NYM,SS,4,res,reserved,"SS,MI",279,81,36,7,35,5,35,9,0.316,0.409,0.416,0,0,0,0,0,144,0
2019,mixed,Scott Engel,Mike Tauchman,5642,CWS,OF,5,dis,reserved,OF,0,0,0,0,0,0,0,0,0.0,0.0,0.0,0,0,0,0,0,0,86
2019,mixed,Scott Engel,Alex Avila,2369,FA,C,22,res,reserved,C,31,13,4,0,2,0,17,7,0.368,0.25,0.323,0,54,0,0,0,0,0
2019,mixed,Scott Engel,Josh VanMeter,5912,NYY,UT,11,res,reserved,"2B,1B,OF,3B",57,22,7,2,4,3,16,8,0.262,0.357,0.298,2,0,17,18,6,0,48
2019,mixed,Scott Engel,Max Muncy,4851,LAD,1B,12,act,previously_reserved,"3B,1B,CI,2B",12,3,2,0,0,0,6,2,0.214,0.0,0.083,0,0,65,70,35,0,0
2019,mixed,Scott Engel,Kevin Cron,6362,FA,1B,111,rel,previously_reserved,,44,18,7,5,13,0,21,3,0.25,0.0,0.523,4,0,12,0,1,0,0
2019,mixed,Scott Engel,Hanser Alberto,5076,FA,2B,4,act,previously_reserved,"3B,MI,2B,SS",93,24,19,4,14,0,6,4,0.378,0.0,0.602,1,0,0,90,66,0,4
2019,mixed,Scott Engel,Johan Camargo,4869,FA,SS,1,rel,previously_reserved,,10,5,3,1,3,0,1,1,0.455,0.0,0.7,1,0,1,4,18,25,16
2019,mixed,Scott Engel,Ronny Rodriguez,4051,Mil,SS,33,rel,previously_reserved,,12,4,0,0,1,0,0,1,0.231,0.0,0.25,7,0,13,31,6,20,1
2019,mixed,Scott Engel,Didi Gregorius,3599,FA,SS,0,act,previously_reserved,"SS,MI",9,3,2,1,2,0,2,0,0.333,0.0,0.667,1,0,0,0,0,80,0
2019,mixed,Scott Engel,Manuel Margot,4858,Mil,OF,1,rel,previously_reserved,,93,42,7,0,3,6,27,7,0.24,0.0,0.183,0,0,0,0,0,0,135
2019,mixed,Scott Engel,Jeff McNeil,6617,NYM,OF,1,act,previously_reserved,"2B,3B,MI,OF",25,7,1,0,2,0,3,0,0.385,0.0,0.44,0,0,0,37,31,0,93
2019,mixed,Scott Engel,Cesar Puello,2728,FA,OF,4,rel,previously_reserved,,15,5,3,0,1,0,3,3,0.368,0.0,0.2,0,0,0,0,0,0,40
2019,mixed,Scott Engel,Dexter Fowler,484,Tor,OF,0,rel,previously_reserved,,41,14,5,0,1,1,14,6,0.333,0.0,0.293,0,0,0,0,0,0,140
2019,mixed,Scott Engel,Mallex Smith,4975,FA,OF,13,act,previously_reserved,OF,43,11,5,1,6,6,9,4,0.34,0.0,0.419,1,0,0,0,0,0,132
2019,mixed,Scott Engel,Brian Anderson,5326,Atl,OF,1,rel,previously_reserved,,229,60,23,9,37,2,53,22,0.341,0.0,0.454,1,0,0,0,67,0,55
2019,mixed,Scott Engel,Raimel Tapia,4798,FA,OF,14,rel,previously_reserved,,14,6,4,0,3,0,3,1,0.333,0.0,0.357,0,0,0,0,0,0,106
2019,mixed,Scott Engel,Aaron Judge,4601,NYY,OF,46,act,previously_reserved,OF,10,3,2,0,1,0,4,1,0.091,0.0,0.0,10,0,0,0,0,0,92
2019,mixed,Scott Engel,Dwight Smith Jr.,3730,FA,OF,16,rel,previously_reserved,,86,25,10,1,7,1,18,10,0.286,0.0,0.291,7,0,0,0,0,0,86
2019,mixed,Scott Engel,Willians Astudillo,5536,FA,C,3,act,previously_reserved,"3B,C,OF,1B",20,6,3,1,2,0,0,0,0.364,0.0,0.5,2,21,15,2,13,0,8
2019,mixed,Scott Engel,Chris Iannetta,451,FA,C,2,rel,previously_reserved,,34,12,4,3,6,0,10,2,0.306,0.0,0.618,1,45,0,0,0,0,0
2019,mixed,Scott Engel,Jason Castro,2343,Hou,C,11,rel,previously_reserved,,18,6,2,0,0,0,6,1,0.263,0.0,0.222,0,78,0,0,0,0,0
2019,mixed,Scott Engel,Yandy Diaz,5735,TB,UT,39,rel,previously_reserved,,42,11,9,2,5,0,11,7,0.392,0.0,0.571,16,0,22,0,50,0,0
2019,mixed,Scott Engel,Brandon Nimmo,3778,NYM,UT,12,act,previously_reserved,OF,0,1,1,0,0,0,0,1,1.0,0.0,0.0,0,0,0,0,0,0,66
2019,mixed,Scott Engel,Brandon Drury,4055,CWS,UT,21,rel,previously_reserved,,15,4,0,0,0,0,7,1,0.062,0.0,0.0,2,0,12,16,65,5,25
2019,mixed,Scott Engel,Danny Santana,4232,Bos,CI,33,act,previously_reserved,"OF,3B,1B,SS,2B",51,16,6,0,5,0,17,2,0.309,0.0,0.431,1,0,44,17,8,9,51
2019,mixed,Scott Engel,Ryan O'Hearn,5940,Bal,CI,0,rel,previously_reserved,,57,19,8,3,6,0,14,12,0.329,0.0,0.351,2,0,94,0,0,0,2
2019,mixed,Scott Engel,Colin Moran,4435,Sea,CI,14,rel,previously_reserved,,34,12,2,0,3,0,9,1,0.222,0.0,0.235,0,0,8,11,121,0,2
2019,mixed,Scott Engel,Joey Wendle,4608,Atl,CI,1,rel,previously_reserved,,84,26,7,0,6,1,18,3,0.253,0.0,0.262,0,0,0,48,27,10,1
2019,mixed,Scott Engel,David Bote,6286,LAD,CI,16,rel,previously_reserved,,101,46,14,3,11,0,39,15,0.403,0.0,0.455,0,0,0,50,67,9,1
2019,mixed,Scott Engel,Jon Berti,5574,ChC,MI,2,act,previously_reserved,"3B,MI,SS,OF,2B",17,4,3,0,3,2,6,0,0.353,0.0,0.588,0,0,0,0,20,32,28
2019,mixed,Ron Shandler,Paul Goldschmidt,3159,NYY,1B,43,act,active,"1B,CI",597,161,97,34,97,3,166,78,0.346,0.345,0.476,0,0,159,0,0,0,0
2019,mixed,Ron Shandler,Whit Merrifield,4419,Atl,2B,28,act,active,"2B,OF,1B,MI",681,162,105,16,74,20,126,45,0.348,0.333,0.463,8,0,5,82,0,0,77
2019,mixed,Ron Shandler,Jordy Mercer,3871,Was,SS,18,act,active,"2B,SS,1B,MI",26,7,0,0,3,0,5,1,0.259,0.25,0.346,1,0,5,8,1,59,0
2019,mixed,Ron Shandler,Hunter Dozier,4612,LAA,3B,18,act,active,"3B,1B,CI,OF",427,113,63,22,70,2,125,45,0.354,0.25,0.546,15,0,7,0,100,0,20
2019,mixed,Ron Shandler,Charlie Blackmon,2620,Col,OF,36,act,active,OF,573,138,110,32,85,2,102,39,0.365,0.375,0.581,2,0,0,0,0,0,135
2019,mixed,Ron Shandler,Victor Reyes,4936,CWS,OF,15,act,active,OF,103,24,10,2,12,6,20,3,0.327,0.36,0.447,0,0,0,0,0,0,68
2019,mixed,Ron Shandler,Joc Pederson,4090,Tex,OF,3,act,active,"1B,OF",450,149,83,36,74,1,111,50,0.339,0.421,0.538,2,0,20,0,0,0,122
2019,mixed,Ron Shandler,Nicholas Castellanos,3217,Phi,OF,13,act,active,OF,615,151,100,27,73,2,143,41,0.337,0.0,0.525,11,0,0,0,0,0,140
2019,mixed,Ron Shandler,Josh Rojas,6789,CWS,OF,57,act,active,"UT,OF",81,24,8,0,6,3,28,11,0.258,0.31,0.185,0,0,0,1,0,0,38
2019,mixed,Ron Shandler,Danny Jansen,5332,TB,C,8,act,active,C,347,107,41,13,43,0,79,31,0.279,0.2,0.36,4,103,0,0,0,0,0
2019,mixed,Ron Shandler,Brian McCann,73,FA,C,8,act,active,C,260,79,28,12,41,0,50,27,0.32,0.333,0.423,0,83,0,0,0,0,0
2019,mixed,Ron Shandler,Kike Hernandez,4992,LAD,UT,1,act,active,"UT,2B,OF,SS,MI",296,91,33,13,46,0,72,25,0.288,0.125,0.395,0,0,2,85,1,11,43
2019,mixed,Ron Shandler,Peter Alonso,6132,NYM,CI,2,act,active,1B,342,91,60,30,67,1,106,47,0.366,0.226,0.567,1,0,156,0,0,0,0
2019,mixed,Ron Shandler,Dee Gordon,2693,FA,MI,14,act,active,"UT,2B,MI,OF",382,114,36,3,34,22,59,18,0.305,0.571,0.361,1,0,0,111,0,2,0
2019,mixed,Ron Shandler,Starlin Castro,2724,FA,2B,1,rel,previously_active,,67,17,5,0,9,0,10,2,0.236,0.0,0.299,0,0,0,117,45,3,0
2019,mixed,Ron Shandler,Nicky Lopez,6356,ChC,2B,177,rel,previously_active,,88,22,10,1,4,1,19,3,0.209,0.0,0.261,1,0,0,76,0,33,0
2019,mixed,Ron Shandler,J.P. Crawford,4534,Sea,SS,27,trd,previously_active,,159,43,19,3,26,5,42,21,0.315,0.0,0.371,0,0,0,0,0,93,0
2019,mixed,Ron Shandler,Ketel Marte,4847,Ari,SS,6,res,previously_active,"2B,SS,OF,MI",569,144,97,32,92,10,86,53,0.389,0.0,0.592,0,0,0,83,0,11,96
2019,mixed,Ron Shandler,Jake Lamb,4537,SF,3B,7,trd,previously_active,,10,3,1,0,0,0,4,3,0.308,0.0,0.1,1,0,24,0,36,0,0
2019,mixed,Ron Shandler,Hernan Perez,3855,Cin,3B,0,rel,previously_active,,51,20,8,2,2,2,16,5,0.375,0.0,0.49,0,0,5,45,14,21,10
2019,mixed,Ron Shandler,Manuel Margot,4858,Mil,OF,0,res,previously_active,OF,34,13,1,1,4,1,5,1,0.222,0.0,0.265,0,0,0,0,0,0,135
2019,mixed,Ron Shandler,Christian Vazquez,4248,Min,C,3,rel,previously_active,,12,4,1,0,0,1,4,1,0.154,0.0,0.167,11,119,10,2,4,0,0
2019,mixed,Ron Shandler,Victor Caratini,4876,Hou,C,3,rel,previously_active,,4,2,0,0,1,0,2,0,0.5,0.0,1.0,0,59,23,0,2,0,0
2019,mixed,Ron Shandler,Yan Gomes,3945,FA,C,5,rel,previously_active,,7,2,1,1,1,0,0,0,0.143,0.0,0.571,0,93,1,0,0,0,0
2019,mixed,Ron Shandler,Jay Bruce,371,NYY,UT,3,res,previously_active,"1B,OF,CI",194,56,29,16,33,1,52,13,0.286,0.0,0.552,7,0,16,0,0,0,59
2019,mixed,Ron Shandler,Jeimer Candelario,4071,Cin,UT,27,rel,previously_active,,24,6,1,1,2,0,9,0,0.042,0.0,0.167,4,0,20,0,69,0,0
2019,mixed,Ron Shandler,Corey Dickerson,3661,FA,UT,3,dis,previously_active,OF,215,64,27,11,48,1,46,14,0.333,0.0,0.558,0,0,0,0,0,0,65
2019,mixed,Ron Shandler,Jung-ho Kang,5052,FA,UT,0,rel,previously_active,,57,19,2,2,5,0,20,5,0.21,0.0,0.298,0,0,0,0,44,15,0
2019,mixed,Ron Shandler,Todd Frazier,1979,Pit,UT,16,rel,previously_active,,187,53,26,10,35,0,36,18,0.318,0.0,0.422,3,0,3,0,120,0,0
2019,mixed,Ron Shandler,Kelvin Gutierrez,6133,FA,CI,29,rel,previously_active,,13,4,0,0,1,0,5,1,0.133,0.0,0.077,2,0,0,0,18,0,0
2019,mixed,Ron Shandler,Kendrys Morales,741,NYY,CI,3,rel,previously_active,,80,24,8,1,6,0,15,8,0.304,0.0,0.287,16,0,33,0,0,0,0
2019,mixed,Ron Shandler,Jurickson Profar,3198,Atl,CI,37,rel,previously_active,,106,29,13,5,20,2,17,7,0.322,0.0,0.472,8,0,1,124,0,0,7
2019,mixed,Ron Shandler,Freddy Galvis,3005,FA,MI,11,rel,previously_active,,85,20,9,2,7,2,20,1,0.267,0.0,0.376,5,0,0,32,0,110,0
2019,mixed,Ron Shandler,Nick Ahmed,3807,Tex,MI,22,rel,previously_active,,16,6,1,0,2,1,3,3,0.35,0.0,0.25,0,0,0,0,0,158,0
2019,mixed,Ron Shandler,Kolten Wong,3771,Ari,MI,27,res,previously_active,"2B,MI",69,23,8,1,8,3,17,6,0.418,0.0,0.42,0,0,0,147,0,0,0
2019,mixed,Ron Shandler,Ketel Marte,4847,Ari,SS,6,res,reserved,"2B,SS,OF,MI",0,0,0,0,0,0,0,0,0.0,0.0,0.0,0,0,0,83,0,11,96
2019,mixed,Ron Shandler,Manuel Margot,4858,Mil,OF,0,res,reserved,OF,50,19,5,1,5,1,17,3,0.245,0.143,0.34,0,0,0,0,0,0,135
2019,mixed,Ron Shandler,Corey Dickerson,3661,FA,UT,3,dis,reserved,OF,45,14,6,1,11,0,10,2,0.375,0.0,0.6,0,0,0,0,0,0,65
2019,mixed,Ron Shandler,Jay Bruce,371,NYY,UT,3,res,reserved,"1B,OF,CI",116,42,14,10,26,0,30,6,0.22,0.0,0.474,7,0,16,0,0,0,59
2019,mixed,Ron Shandler,Kolten Wong,3771,Ari,MI,27,res,reserved,"2B,MI",81,22,13,2,11,7,15,6,0.386,0.0,0.556,0,0,0,147,0,0,0
2019,mixed,Ron Shandler,Starlin Castro,2724,FA,2B,1,rel,previously_reserved,,4,1,1,0,0,0,1,0,0.25,0.0,0.25,0,0,0,117,45,3,0
2019,mixed,Ron Shandler,Nicky Lopez,6356,ChC,2B,177,rel,previously_reserved,,225,62,24,1,20,0,28,9,0.272,0.0,0.307,1,0,0,76,0,33,0
2019,mixed,Ron Shandler,Jordy Mercer,3871,Was,SS,18,act,previously_reserved,"2B,SS,1B,MI",71,21,11,3,8,0,19,4,0.373,0.0,0.535,1,0,5,8,1,59,0
2019,mixed,Ron Shandler,J.P. Crawford,4534,Sea,SS,27,trd,previously_reserved,,63,16,13,2,10,0,7,9,0.389,0.0,0.54,0,0,0,0,0,93,0
2019,mixed,Ron Shandler,Hunter Dozier,4612,LAA,3B,18,act,previously_reserved,"3B,1B,CI,OF",49,13,5,1,7,0,14,5,0.291,0.0,0.347,15,0,7,0,100,0,20
2019,mixed,Ron Shandler,Hernan Perez,3855,Cin,3B,0,rel,previously_reserved,,78,32,11,3,9,2,22,3,0.244,0.0,0.372,0,0,5,45,14,21,10
2019,mixed,Ron Shandler,Jake Lamb,4537,SF,3B,7,trd,previously_reserved,,5,2,0,0,2,0,2,0,0.6,0.0,0.8,1,0,24,0,36,0,0
2019,mixed,Ron Shandler,Charlie Blackmon,2620,Col,OF,36,act,previously_reserved,OF,7,2,2,0,1,0,2,1,0.333,0.0,0.143,2,0,0,0,0,0,135
2019,mixed,Ron Shandler,Victor Reyes,4936,CWS,OF,15,act,previously_reserved,OF,25,6,1,0,2,1,7,2,0.464,0.0,0.64,0,0,0,0,0,0,68
2019,mixed,Ron Shandler,Josh Rojas,6789,CWS,OF,57,act,previously_reserved,"UT,OF",36,10,6,2,8,0,8,4,0.4,0.0,0.583,0,0,0,1,0,0,38
2019,mixed,Ron Shandler,Brian McCann,73,FA,C,8,act,previously_reserved,C,3,1,0,0,0,0,1,0,0.0,0.0,0.0,0,83,0,0,0,0,0
2019,mixed,Ron Shandler,Victor Caratini,4876,Hou,C,3,rel,previously_reserved,,3,2,0,0,0,0,2,0,0.25,0.0,0.0,0,59,23,0,2,0,0
2019,mixed,Ron Shandler,Kike Hernandez,4992,LAD,UT,1,act,previously_reserved,"UT,2B,OF,SS,MI",118,39,24,4,18,4,25,11,0.343,0.0,0.449,0,0,2,85,1,11,43
2019,mixed,Ron Shandler,Jeimer Candelario,4071,Cin,UT,27,rel,previously_reserved,,9,3,1,0,0,0,4,0,0.111,0.0,0.111,4,0,20,0,69,0,0
2019,mixed,Ron Shandler,Todd Frazier,1979,Pit,UT,16,rel,previously_reserved,,70,18,7,2,3,0,23,4,0.23,0.0,0.343,3,0,3,0,120,0,0
2019,mixed,Ron Shandler,Jung-ho Kang,5052,FA,UT,0,rel,previously_reserved,,25,8,4,2,3,0,10,2,0.222,0.0,0.4,0,0,0,0,44,15,0
2019,mixed,Ron Shandler,Jurickson Profar,3198,Atl,CI,37,rel,previously_reserved,,116,41,16,6,12,2,23,10,0.248,0.0,0.379,8,0,1,124,0,0,7
2019,mixed,Ron Shandler,Kendrys Morales,741,NYY,CI,3,rel,previously_reserved,,28,10,1,0,1,0,5,6,0.324,0.0,0.179,16,0,33,0,0,0,0
2019,mixed,Ron Shandler,Dee Gordon,2693,FA,MI,14,act,previously_reserved,"UT,2B,MI,OF",11,3,0,0,0,0,2,0,0.273,0.0,0.273,1,0,0,111,0,2,0
2019,mixed,Ron Shandler,Freddy Galvis,3005,FA,MI,11,rel,previously_reserved,,22,6,1,0,1,0,6,1,0.261,0.0,0.273,5,0,0,32,0,110,0
2019,mixed,Gene McCaffrey,Justin Smoak,2117,FA,1B,6,act,active,"1B,CI",402,118,52,20,58,0,104,78,0.343,0.5,0.396,30,0,89,0,0,0,0
2019,mixed,Gene McCaffrey,Daniel Murphy,2100,LAA,2B,19,act,active,"1B,MI,2B",434,131,55,13,78,1,73,31,0.327,0.333,0.454,4,0,110,3,0,0,0
2019,mixed,Gene McCaffrey,Javier Baez,3804,Det,SS,30,act,active,"SS,MI,2B,3B,CI",531,138,89,29,85,11,156,28,0.316,0.0,0.531,2,0,0,0,1,129,0
2019,mixed,Gene McCaffrey,Josh Donaldson,2107,FA,3B,20,act,active,"3B,CI",549,155,96,37,94,4,155,100,0.379,0.474,0.521,1,0,0,0,148,0,0
2019,mixed,Gene McCaffrey,Stephen Piscotty,4095,FA,OF,5,act,active,OF,351,91,45,13,44,2,82,29,0.302,0.0,0.41,2,0,0,0,0,0,90
2019,mixed,Gene McCaffrey,Dexter Fowler,484,Tor,OF,4,act,active,OF,425,130,61,19,65,7,124,65,0.341,0.276,0.416,0,0,0,0,0,0,140
2019,mixed,Gene McCaffrey,Travis Demeritte,4839,FA,OF,3,act,active,OF,160,45,23,3,10,2,60,10,0.279,0.375,0.344,0,0,0,0,0,0,47
2019,mixed,Gene McCaffrey,Mike Yastrzemski,5314,SF,OF,3,act,active,OF,178,49,31,10,22,1,57,18,0.357,0.32,0.522,0,0,0,0,0,0,102
2019,mixed,Gene McCaffrey,Michael Conforto,4911,LAD,OF,21,act,active,OF,262,70,43,17,48,2,70,36,0.366,0.5,0.519,0,0,0,0,0,0,149
2019,mixed,Gene McCaffrey,Tony Wolters,3637,Min,C,0,act,active,"C,2B",152,54,14,0,17,0,31,15,0.302,0.357,0.257,0,112,0,8,1,0,0
2019,mixed,Gene McCaffrey,Omar Narvaez,5605,CWS,C,3,act,active,C,428,132,63,22,55,0,92,47,0.353,0.2,0.46,20,98,0,1,0,0,0
2019,mixed,Gene McCaffrey,Jackie Bradley,3595,NYM,UT,3,act,active,OF,423,125,56,17,53,8,133,48,0.313,0.345,0.409,0,0,0,0,0,0,145
2019,mixed,Gene McCaffrey,Cody Bellinger,4954,NYY,CI,28,act,active,"OF,1B,CI",558,156,121,47,115,15,108,95,0.406,0.471,0.629,0,0,36,0,0,0,136
2019,mixed,Gene McCaffrey,Marwin Gonzalez,3884,FA,MI,12,act,active,"OF,1B,2B,SS,MI,CI,3B",0,0,0,0,0,0,0,0,0.0,0.0,0.0,3,0,21,2,40,1,59
2019,mixed,Gene McCaffrey,Wilmer Difo,5044,CWS,2B,37,rel,previously_active,,52,15,7,1,2,0,13,5,0.316,0.0,0.346,0,0,0,2,6,33,0
2019,mixed,Gene McCaffrey,Orlando Arcia,4503,Atl,SS,0,rel,previously_active,,242,74,29,8,28,7,54,25,0.297,0.0,0.36,0,0,0,0,0,150,0
2019,mixed,Gene McCaffrey,Blake Swihart,3794,FA,OF,57,rel,previously_active,,18,8,1,0,1,0,7,0,0.056,0.0,0.056,0,8,2,0,0,0,19
2019,mixed,Gene McCaffrey,Greg Allen,5702,ChC,OF,1,rel,previously_active,,4,3,0,0,1,0,1,1,0.167,0.0,0.0,0,0,0,0,0,0,84
2019,mixed,Gene McCaffrey,Albert Almora,4126,Mia,OF,3,rel,previously_active,,114,39,12,5,12,0,18,5,0.244,0.0,0.377,0,0,0,0,0,0,125
2019,mixed,Gene McCaffrey,Ender Inciarte,4264,FA,OF,11,dis,previously_active,OF,69,21,16,3,15,3,12,12,0.427,0.0,0.565,0,0,0,0,0,0,63
2019,mixed,Gene McCaffrey,Curtis Granderson,517,Mia,OF,37,rel,previously_active,,142,52,16,5,16,0,51,14,0.264,0.0,0.366,1,0,0,0,0,0,89
2019,mixed,Gene McCaffrey,George Springer,3575,Tor,OF,26,trd,previously_active,,231,59,47,18,46,5,55,31,0.384,0.0,0.589,13,0,0,0,0,0,109
2019,mixed,Gene McCaffrey,Jonathan Lucroy,2346,Atl,C,1,rel,previously_active,,197,62,25,7,25,0,33,19,0.318,0.0,0.396,3,87,9,0,0,0,0
2019,mixed,Gene McCaffrey,Garrett Hampson,6277,Ari,UT,10,rel,previously_active,,82,27,9,1,6,1,22,3,0.221,0.0,0.28,0,0,0,50,0,15,33
2019,mixed,Gene McCaffrey,Hanley Ramirez,566,Bos,UT,0,rel,previously_active,,49,16,4,2,8,0,17,8,0.298,0.0,0.327,15,0,0,0,0,0,0
2019,mixed,Gene McCaffrey,Ian Kinsler,1520,SD,MI,37,rel,previously_active,,97,28,10,3,6,1,18,7,0.267,0.0,0.33,0,0,0,72,0,0,0
2019,mixed,Gene McCaffrey,Adalberto Mondesi,4431,FA,MI,24,rel,previously_active,,415,102,58,9,62,43,132,19,0.291,0.0,0.424,2,0,0,0,0,100,0
2019,mixed,Gene McCaffrey,Niko Goodrum,5931,SD,MI,108,dis,previously_active,"OF,2B,1B,MI,SS,CI",231,60,31,6,27,8,84,22,0.324,0.0,0.429,4,0,18,22,1,38,32
2019,mixed,Gene McCaffrey,Ender Inciarte,4264,FA,OF,11,dis,reserved,OF,0,0,0,0,0,0,0,0,0.0,0.0,0.0,0,0,0,0,0,0,63
2019,mixed,Gene McCaffrey,Niko Goodrum,5931,SD,MI,108,dis,reserved,"OF,2B,1B,MI,SS,CI",0,0,0,0,0,0,0,0,0.0,0.0,0.0,4,0,18,22,1,38,32
2019,mixed,Gene McCaffrey,Justin Smoak,2117,FA,1B,6,act,previously_reserved,"1B,CI",12,3,2,2,3,0,2,1,0.308,0.0,0.75,30,0,89,0,0,0,0
2019,mixed,Gene McCaffrey,Daniel Murphy,2100,LAA,2B,19,act,previously_reserved,"1B,MI,2B",4,1,1,0,0,0,1,1,0.4,0.0,0.25,4,0,110,3,0,0,0
2019,mixed,Gene McCaffrey,Blake Swihart,3794,FA,OF,57,rel,previously_reserved,,56,27,8,3,8,0,23,5,0.213,0.0,0.304,0,8,2,0,0,0,19
2019,mixed,Gene McCaffrey,Curtis Granderson,517,Mia,OF,37,rel,previously_reserved,,70,25,14,2,5,0,16,9,0.278,0.0,0.329,1,0,0,0,0,0,89
2019,mixed,Gene McCaffrey,Mike Yastrzemski,5314,SF,OF,3,act,previously_reserved,OF,65,18,12,6,15,0,10,5,0.38,0.0,0.738,0,0,0,0,0,0,102
2019,mixed,Gene McCaffrey,Greg Allen,5702,ChC,OF,1,rel,previously_reserved,,34,16,4,0,5,0,13,1,0.167,0.0,0.176,0,0,0,0,0,0,84
2019,mixed,Gene McCaffrey,Albert Almora,4126,Mia,OF,3,rel,previously_reserved,,59,25,5,3,6,0,12,2,0.286,0.0,0.458,0,0,0,0,0,0,125
2019,mixed,Gene McCaffrey,Stephen Piscotty,4095,FA,OF,5,act,previously_reserved,OF,6,2,1,0,0,0,2,0,0.625,0.0,0.5,2,0,0,0,0,0,90
2019,mixed,Gene McCaffrey,Jonathan Lucroy,2346,Atl,C,1,rel,previously_reserved,,43,12,3,0,5,0,6,2,0.267,0.0,0.256,3,87,9,0,0,0,0
2019,mixed,Gene McCaffrey,Jackie Bradley,3595,NYM,UT,3,act,previously_reserved,OF,71,22,13,4,9,0,22,8,0.341,0.0,0.493,0,0,0,0,0,0,145
2019,mixed,Gene McCaffrey,Garrett Hampson,6277,Ari,UT,10,rel,previously_reserved,,11,4,1,0,0,0,4,1,0.25,0.0,0.182,0,0,0,50,0,15,33
2019,mixed,Gene McCaffrey,Ian Kinsler,1520,SD,MI,37,rel,previously_reserved,,143,48,12,4,13,1,33,10,0.269,0.0,0.35,0,0,0,72,0,0,0
2019,mixed,Scott Pianowski,Matt Carpenter,3510,StL,1B,27,act,active,"1B,3B,CI",374,113,54,14,42,6,115,58,0.322,0.259,0.377,2,0,4,0,107,0,0
2019,mixed,Scott Pianowski,Austin Nola,4740,Col,2B,13,act,active,"C,1B,2B",94,28,13,3,14,1,28,12,0.315,0.421,0.362,0,7,59,15,4,0,2
2019,mixed,Scott Pianowski,Tim Anderson,4591,LAA,SS,6,act,active,"UT,SS,MI",312,76,52,9,30,4,69,8,0.365,0.444,0.513,0,0,0,0,0,122,0
2019,mixed,Scott Pianowski,Rafael Devers,4903,Bos,3B,13,act,active,"UT,3B,CI",498,115,102,30,94,3,95,30,0.346,0.414,0.584,1,0,0,0,152,1,0
2019,mixed,Scott Pianowski,Alex Gordon,681,KC,OF,0,act,active,OF,485,129,68,11,60,4,86,39,0.333,0.444,0.388,2,0,0,0,0,0,146
2019,mixed,Scott Pianowski,Kris Bryant,4434,Col,OF,35,act,active,"OF,3B,CI",543,147,108,31,77,4,145,74,0.382,0.0,0.521,3,0,3,0,115,0,44
2019,mixed,Scott Pianowski,Jason Heyward,1968,SD,OF,131,act,active,OF,441,128,65,18,52,6,95,62,0.349,0.25,0.431,0,0,0,0,0,0,144
2019,mixed,Scott Pianowski,Kevin Pillar,4578,Tex,OF,11,act,active,OF,334,85,43,11,50,6,46,10,0.303,0.24,0.455,0,0,0,0,0,0,156
2019,mixed,Scott Pianowski,Austin Meadows,4438,FA,OF,4,act,active,OF,526,137,82,32,87,12,130,53,0.362,0.455,0.551,44,0,0,0,0,0,88
2019,mixed,Scott Pianowski,Travis D'Arnaud,2621,LAA,C,2,act,active,"C,1B",225,61,34,11,50,0,52,23,0.34,0.211,0.471,4,85,21,0,0,0,0
2019,mixed,Scott Pianowski,Yadier Molina,1404,StL,C,6,act,active,C,309,84,28,6,44,6,45,14,0.292,0.393,0.369,0,111,4,0,1,0,0
2019,mixed,Scott Pianowski,Nick Ahmed,3807,Tex,UT,113,act,active,"SS,MI",125,35,12,3,14,1,27,10,0.252,0.214,0.344,0,0,0,0,0,158,0
2019,mixed,Scott Pianowski,Evan Longoria,1489,FA,CI,6,act,active,"3B,CI",156,43,19,6,23,1,42,20,0.335,0.364,0.391,0,0,0,0,119,0,0
2019,mixed,Scott Pianowski,Jean Segura,3177,Bal,MI,15,act,active,"UT,SS,MI",304,77,35,6,32,6,41,9,0.31,0.222,0.414,0,0,0,0,0,142,0
2019,mixed,Scott Pianowski,Joey Votto,345,Tor,1B,32,trd,previously_active,,136,38,18,3,7,1,39,21,0.325,0.0,0.338,4,0,133,0,0,0,1
2019,mixed,Scott Pianowski,Daniel Vogelbach,4058,FA,1B,0,res,previously_active,"1B,CI",284,83,44,19,50,0,89,52,0.331,0.0,0.44,81,0,57,0,0,0,0
2019,mixed,Scott Pianowski,Eduardo Nunez,1033,NYM,2B,0,rel,previously_active,,17,7,0,0,1,1,1,0,0.176,0.0,0.176,12,0,0,31,8,6,0
2019,mixed,Scott Pianowski,Logan Forsythe,2920,FA,2B,11,trd,previously_active,,9,3,1,0,2,0,2,1,0.5,0.0,0.444,0,0,46,8,33,15,0
2019,mixed,Scott Pianowski,Jason Kipnis,2727,Atl,2B,1,res,previously_active,"2B,MI",322,85,38,13,46,4,64,25,0.294,0.0,0.41,4,0,0,117,0,0,0
2019,mixed,Scott Pianowski,Willy Adames,5094,SF,SS,2,rel,previously_active,,82,24,7,0,2,1,27,4,0.198,0.0,0.207,0,0,0,0,0,152,0
2019,mixed,Scott Pianowski,JaCoby Jones,4996,FA,OF,33,dis,previously_active,OF,73,21,14,2,3,0,23,9,0.357,0.0,0.466,0,0,0,0,0,0,85
2019,mixed,Scott Pianowski,Nick Markakis,134,Atl,OF,2,rel,previously_active,,296,84,41,6,39,2,44,31,0.34,0.0,0.416,1,0,0,0,0,0,111
2019,mixed,Scott Pianowski,Gerardo Parra,2000,Was,OF,1,rel,previously_active,,15,4,1,0,0,0,1,1,0.187,0.0,0.133,0,0,14,1,1,0,63
2019,mixed,Scott Pianowski,Bryce Harper,2628,Phi,OF,42,trd,previously_active,,166,46,28,9,31,1,62,34,0.371,0.0,0.476,2,0,0,0,0,0,152
2019,mixed,Scott Pianowski,Odubel Herrera,5084,FA,OF,0,rel,previously_active,,8,3,1,0,0,0,3,0,0.25,0.0,0.25,0,0,0,0,0,0,37
2019,mixed,Scott Pianowski,Harrison Bader,5366,Min,OF,6,rel,previously_active,,58,19,7,3,9,0,22,9,0.357,0.0,0.414,0,0,0,0,0,0,122
2019,mixed,Scott Pianowski,Alex Avila,2369,FA,C,0,trd,previously_active,,9,4,3,1,4,0,4,3,0.5,0.0,0.778,0,54,0,0,0,0,0
2019,mixed,Scott Pianowski,J.T. Realmuto,4028,Phi,C,25,trd,previously_active,,242,66,44,10,36,3,59,18,0.331,0.0,0.455,1,133,4,0,0,0,0
2019,mixed,Scott Pianowski,Roberto Perez,4342,Bos,C,1,res,previously_active,C,204,59,26,14,32,0,67,23,0.299,0.0,0.466,1,118,0,0,0,0,0
2019,mixed,Scott Pianowski,Charlie Tilson,4089,FA,UT,31,rel,previously_active,,20,6,2,0,1,0,7,1,0.286,0.0,0.25,0,0,0,0,0,0,51
2019,mixed,Scott Pianowski,Mike Tauchman,5642,CWS,UT,20,rel,previously_active,,26,7,2,0,0,1,10,4,0.233,0.0,0.115,0,0,0,0,0,0,86
2019,mixed,Scott Pianowski,Pablo Sandoval,2182,SF,UT,0,rel,previously_active,,14,7,0,0,2,0,8,1,0.333,0.0,0.357,4,0,23,0,45,0,0
2019,mixed,Scott Pianowski,Ryon Healy,5786,FA,CI,7,rel,previously_active,,9,3,1,0,0,0,4,0,0.222,0.0,0.333,0,0,11,0,44,0,0
2019,mixed,Scott Pianowski,Ian Desmond,1671,Col,CI,10,trd,previously_active,,203,61,28,9,38,1,52,14,0.307,0.0,0.478,2,0,0,0,0,0,118
2019,mixed,Scott Pianowski,Yuli Gurriel,2160,SD,MI,3,rel,previously_active,,123,31,17,3,10,0,15,5,0.289,0.0,0.415,1,0,110,4,42,0,0
2019,mixed,Scott Pianowski,Kolten Wong,3771,Ari,MI,44,rel,previously_active,,133,42,13,2,15,3,17,20,0.316,0.0,0.286,0,0,0,147,0,0,0
2019,mixed,Scott Pianowski,Brandon Crawford,3051,FA,MI,0,rel,previously_active,,96,28,12,1,8,1,29,11,0.25,0.0,0.25,0,0,0,0,0,142,0
2019,mixed,Scott Pianowski,Garrett Hampson,6277,Ari,MI,41,rel,previously_active,,4,4,0,0,0,1,3,1,0.2,0.0,0.0,0,0,0,50,0,15,33
2019,mixed,Scott Pianowski,Starlin Castro,2724,FA,MI,0,rel,previously_active,,40,10,6,2,4,0,4,1,0.317,0.0,0.475,0,0,0,117,45,3,0
2019,mixed,Scott Pianowski,Adam Frazier,5555,Pit,MI,55,rel,previously_active,,114,32,14,0,2,0,22,11,0.315,0.0,0.316,0,0,0,142,0,0,0
2019,mixed,Scott Pianowski,Freddy Galvis,3005,FA,MI,33,rel,previously_active,,91,22,12,3,10,0,21,2,0.29,0.0,0.418,5,0,0,32,0,110,0
2019,mixed,Scott Pianowski,Daniel Vogelbach,4058,FA,1B,0,res,reserved,"1B,CI",72,26,8,2,7,0,29,16,0.307,0.167,0.25,81,0,57,0,0,0,0
2019,mixed,Scott Pianowski,Jason Kipnis,2727,Atl,2B,1,res,reserved,"2B,MI",53,14,11,4,15,0,7,6,0.4,0.0,0.623,4,0,0,117,0,0,0
2019,mixed,Scott Pianowski,JaCoby Jones,4996,FA,OF,33,dis,reserved,OF,61,16,7,1,2,1,15,5,0.227,0.0,0.311,0,0,0,0,0,0,85
2019,mixed,Scott Pianowski,Roberto Perez,4342,Bos,C,1,res,reserved,C,61,19,7,3,13,0,17,4,0.403,0.462,0.508,1,118,0,0,0,0,0
2019,mixed,Scott Pianowski,Matt Carpenter,3510,StL,1B,27,act,previously_reserved,"1B,3B,CI",42,16,5,1,4,0,14,5,0.44,0.0,0.524,2,0,4,0,107,0,0
2019,mixed,Scott Pianowski,Logan Forsythe,2920,FA,2B,11,trd,previously_reserved,,8,3,0,0,0,0,3,2,0.4,0.0,0.375,0,0,46,8,33,15,0
2019,mixed,Scott Pianowski,Tim Anderson,4591,LAA,SS,6,act,previously_reserved,"UT,SS,MI",25,6,2,1,2,0,8,1,0.222,0.0,0.4,0,0,0,0,0,122,0
2019,mixed,Scott Pianowski,Willy Adames,5094,SF,SS,2,rel,previously_reserved,,36,10,11,1,5,0,10,8,0.533,0.0,0.639,0,0,0,0,0,152,0
2019,mixed,Scott Pianowski,Harrison Bader,5366,Min,OF,6,rel,previously_reserved,,12,10,2,0,1,0,5,3,0.312,0.0,0.083,0,0,0,0,0,0,122
2019,mixed,Scott Pianowski,Odubel Herrera,5084,FA,OF,0,rel,previously_reserved,,99,29,10,1,15,1,23,9,0.3,0.0,0.374,0,0,0,0,0,0,37
2019,mixed,Scott Pianowski,Austin Meadows,4438,FA,OF,4,act,previously_reserved,OF,4,1,1,1,2,0,1,1,0.6,0.0,1.5,44,0,0,0,0,0,88
2019,mixed,Scott Pianowski,Nick Markakis,134,Atl,OF,2,rel,previously_reserved,,70,20,16,3,16,0,9,12,0.429,0.0,0.486,1,0,0,0,0,0,111
2019,mixed,Scott Pianowski,Alex Gordon,681,KC,OF,0,act,previously_reserved,OF,71,21,9,2,16,1,14,12,0.42,0.0,0.451,2,0,0,0,0,0,146
2019,mixed,Scott Pianowski,Jason Heyward,1968,SD,OF,131,act,previously_reserved,OF,42,11,6,0,2,0,11,2,0.227,0.0,0.262,0,0,0,0,0,0,144
2019,mixed,Scott Pianowski,Yadier Molina,1404,StL,C,6,act,previously_reserved,C,110,29,17,4,13,0,13,9,0.367,0.0,0.482,0,111,4,0,1,0,0
2019,mixed,Scott Pianowski,Alex Avila,2369,FA,C,0,trd,previously_reserved,,3,1,0,0,0,0,2,1,0.25,0.0,0.0,0,54,0,0,0,0,0
2019,mixed,Scott Pianowski,Pablo Sandoval,2182,SF,UT,0,rel,previously_reserved,,56,22,8,2,8,0,13,4,0.317,0.0,0.446,4,0,23,0,45,0,0
2019,mixed,Scott Pianowski,Charlie Tilson,4089,FA,UT,31,rel,previously_reserved,,63,24,7,1,9,0,15,6,0.324,0.0,0.333,0,0,0,0,0,0,51
2019,mixed,Scott Pianowski,Ian Desmond,1671,Col,CI,10,trd,previously_reserved,,123,39,19,4,14,1,36,11,0.35,0.0,0.512,2,0,0,0,0,0,118
2019,mixed,Scott Pianowski,Evan Longoria,1489,FA,CI,6,act,previously_reserved,"3B,CI",124,35,17,5,22,0,33,8,0.353,0.0,0.468,0,0,0,0,119,0,0
2019,mixed,Scott Pianowski,Adam Frazier,5555,Pit,MI,55,rel,previously_reserved,,245,65,29,5,20,2,29,19,0.307,0.0,0.371,0,0,0,142,0,0,0
2019,mixed,Scott Pianowski,Freddy Galvis,3005,FA,MI,33,rel,previously_reserved,,50,13,4,1,3,0,16,0,0.294,0.0,0.4,5,0,0,32,0,110,0
2019,mixed,Scott Pianowski,Jean Segura,3177,Bal,MI,15,act,previously_reserved,"UT,SS,MI",25,6,2,0,1,0,2,4,0.4,0.0,0.32,0,0,0,0,0,142,0
2019,mixed,Scott Pianowski,Garrett Hampson,6277,Ari,MI,41,rel,previously_reserved,,32,15,4,1,4,1,12,7,0.385,0.0,0.406,0,0,0,50,0,15,33
2019,mixed,Scott Pianowski,Brandon Crawford,3051,FA,MI,0,rel,previously_reserved,,73,21,7,3,7,0,15,5,0.325,0.0,0.452,0,0,0,0,0,142,0
2019,mixed,Scott Pianowski,Kolten Wong,3771,Ari,MI,44,rel,previously_reserved,,56,17,6,1,7,3,13,2,0.25,0.0,0.286,0,0,0,147,0,0,0
2019,mixed,Scott Pianowski,Yuli Gurriel,2160,SD,MI,3,rel,previously_reserved,,68,18,8,1,8,0,9,6,0.307,0.0,0.382,1,0,110,4,42,0,0
2019,mixed,Michael Rathburn,Edwin Encarnacion,339,FA,1B,17,act,active,"1B,CI",192,48,39,17,43,0,53,26,0.335,0.0,0.557,51,0,57,1,0,0,0
2019,mixed,Michael Rathburn,Luis Arraez,6138,SD,2B,9,act,active,"UT,3B,SS,OF,2B",242,66,40,2,21,1,21,26,0.38,0.222,0.409,5,0,0,49,17,8,21
2019,mixed,Michael Rathburn,Trea Turner,4555,Phi,SS,41,act,active,"SS,MI",482,113,91,19,56,32,107,39,0.354,0.419,0.508,0,0,0,0,0,122,0
2019,mixed,Michael Rathburn,Miguel Sano,3148,FA,3B,0,act,active,"3B,CI,1B",330,92,63,29,68,0,138,47,0.345,0.333,0.561,6,0,9,0,91,0,0
2019,mixed,Michael Rathburn,Eddie Rosario,3889,LAD,OF,13,act,active,OF,544,131,89,31,105,3,85,21,0.299,0.25,0.502,3,0,0,0,0,0,132
2019,mixed,Michael Rathburn,Brandon Drury,4055,CWS,OF,19,act,active,"2B,3B,1B,CI,SS,OF",48,14,6,1,1,0,14,5,0.264,0.222,0.312,2,0,12,16,65,5,25
2019,mixed,Michael Rathburn,Eloy Jimenez,4617,TB,OF,14,act,active,OF,120,29,22,9,27,0,31,6,0.391,0.25,0.658,8,0,0,0,0,0,114
2019,mixed,Michael Rathburn,Yasiel Puig,4153,FA,OF,24,act,active,OF,555,149,76,24,84,19,133,44,0.327,0.357,0.458,1,0,0,0,0,0,146
2019,mixed,Michael Rathburn,Brock Holt,4192,Atl,OF,22,act,active,"UT,SS,OF,2B,MI,1B",91,26,9,0,9,0,21,10,0.337,0.2,0.341,1,0,11,60,4,6,9
2019,mixed,Michael Rathburn,Christian Vazquez,4248,Min,C,2,act,active,"C,1B",429,121,58,19,61,3,88,31,0.331,0.462,0.476,11,119,10,2,4,0,0
2019,mixed,Michael Rathburn,J.T. Realmuto,4028,Phi,C,25,act,active,C,296,79,48,15,47,6,64,23,0.325,0.0,0.524,1,133,4,0,0,0,0
2019,mixed,Michael Rathburn,Ronny Rodriguez,4051,Mil,UT,19,act,active,"2B,SS,3B,1B,MI",48,15,3,1,4,0,16,4,0.25,0.308,0.25,7,0,13,31,6,20,1
2019,mixed,Michael Rathburn,Giovanny Urshela,5061,Oak,CI,39,act,active,"3B,CI",249,69,42,13,39,0,55,13,0.347,0.308,0.526,3,0,1,0,123,0,1
2019,mixed,Michael Rathburn,Jonathan Schoop,4005,FA,MI,2,act,active,"2B,SS,MI",401,110,54,19,51,1,108,18,0.298,0.316,0.451,4,0,0,113,0,0,0
2019,mixed,Michael Rathburn,Mitch Moreland,3033,Oak,1B,0,res,previously_active,"1B,CI",165,52,26,8,30,0,40,21,0.33,0.0,0.448,4,0,85,0,0,0,0
2019,mixed,Michael Rathburn,Christian Walker,4521,Hou,1B,129,trd,previously_active,,131,35,18,5,12,2,47,16,0.358,0.0,0.496,3,0,142,0,0,0,0
2019,mixed,Michael Rathburn,Jose Peraza,4468,NYM,2B,15,rel,previously_active,,73,25,8,2,2,1,16,4,0.244,0.0,0.288,0,0,0,78,5,39,35
2019,mixed,Michael Rathburn,Jean Segura,3177,Bal,SS,15,trd,previously_active,,242,59,40,6,26,4,30,17,0.321,0.0,0.426,0,0,0,0,0,142,0
2019,mixed,Michael Rathburn,Chris Owings,3271,FA,3B,2,rel,previously_active,,34,10,1,0,0,1,14,1,0.086,0.0,0.059,0,0,0,25,13,10,15
2019,mixed,Michael Rathburn,Chad Pinder,5441,Atl,3B,0,rel,previously_active,,90,29,14,3,11,0,17,5,0.333,0.0,0.456,2,0,2,21,17,3,77
2019,mixed,Michael Rathburn,Jeimer Candelario,4071,Cin,3B,1,rel,previously_active,,71,19,6,0,4,1,20,7,0.304,0.0,0.31,4,0,20,0,69,0,0
2019,mixed,Michael Rathburn,Alex Dickerson,4061,FA,OF,18,res,previously_active,OF,92,32,19,4,11,0,22,6,0.36,0.0,0.565,0,0,0,0,0,0,51
2019,mixed,Michael Rathburn,Dominic Smith,4549,NYY,OF,29,dis,previously_active,"1B,OF,CI",72,28,8,3,10,0,14,6,0.269,0.0,0.375,0,0,36,0,0,0,33
2019,mixed,Michael Rathburn,Josh Reddick,2163,NYM,OF,0,rel,previously_active,,201,55,17,4,22,2,28,11,0.27,0.0,0.353,4,0,4,0,0,0,133
2019,mixed,Michael Rathburn,Starling Marte,2908,NYM,OF,33,trd,previously_active,,184,43,28,5,19,7,36,6,0.321,0.0,0.435,0,0,0,0,0,0,130
2019,mixed,Michael Rathburn,Bryan Reynolds,6096,Pit,OF,9,trd,previously_active,,338,95,66,12,50,2,86,40,0.398,0.0,0.509,0,0,0,0,0,0,129
2019,mixed,Michael Rathburn,Domingo Santana,3213,Cle,OF,4,res,previously_active,OF,299,80,43,14,38,3,112,31,0.324,0.0,0.441,17,0,0,0,0,0,100
2019,mixed,Michael Rathburn,Kevin Pillar,4578,Tex,OF,3,rel,previously_active,,93,27,10,1,7,3,20,4,0.224,0.0,0.247,0,0,0,0,0,0,156
2019,mixed,Michael Rathburn,Matt Adams,3755,Was,OF,6,trd,previously_active,,44,17,7,2,4,0,17,5,0.306,0.0,0.409,0,0,79,0,0,0,0
2019,mixed,Michael Rathburn,Nick Hundley,1268,Phi,C,1,rel,previously_active,,23,8,0,0,1,0,5,0,0.13,0.0,0.13,0,30,0,0,0,0,0
2019,mixed,Michael Rathburn,Martin Maldonado,2347,SD,C,2,rel,previously_active,,32,10,4,0,0,0,10,4,0.263,0.0,0.187,0,103,1,0,0,0,0
2019,mixed,Michael Rathburn,Isiah Kiner-Falefa,6317,Pit,C,2,rel,previously_active,,100,35,13,1,12,1,31,10,0.304,0.0,0.34,1,38,0,0,25,0,0
2019,mixed,Michael Rathburn,D.J. Stewart,5315,Pit,UT,79,rel,previously_active,,5,2,0,0,0,0,1,0,0.2,0.0,0.2,3,0,0,0,0,0,35
2019,mixed,Michael Rathburn,Matt Wieters,146,FA,UT,9,rel,previously_active,,19,5,0,0,0,0,10,0,0.0,0.0,0.0,0,54,0,0,0,0,0
2019,mixed,Michael Rathburn,Josh Naylor,5389,Ari,UT,49,rel,previously_active,,15,5,3,1,3,0,4,0,0.2,0.0,0.467,4,0,0,0,0,0,62
2019,mixed,Michael Rathburn,Rowdy Tellez,4892,Sea,UT,39,rel,previously_active,,74,21,7,3,10,0,30,3,0.282,0.0,0.419,45,0,57,0,0,0,0
2019,mixed,Michael Rathburn,Giancarlo Stanton,2378,NYY,UT,38,res,previously_active,OF,14,5,2,1,3,0,5,7,0.524,0.0,0.5,5,0,0,0,0,0,13
2019,mixed,Michael Rathburn,Niko Goodrum,5931,SD,UT,2,rel,previously_active,,77,24,11,2,9,3,21,16,0.362,0.0,0.416,4,0,18,22,1,38,32
2019,mixed,Michael Rathburn,Gerardo Parra,2000,Was,CI,4,rel,previously_active,,14,4,2,1,3,1,3,0,0.286,0.0,0.571,0,0,14,1,1,0,63
2019,mixed,Michael Rathburn,Eric Sogard,3034,FA,CI,19,res,previously_active,"2B,MI,SS,OF,3B",315,86,51,12,33,5,44,35,0.37,0.0,0.483,16,0,0,74,6,4,7
2019,mixed,Michael Rathburn,J.D. Davis,5453,LAA,CI,9,rel,previously_active,,7,5,2,0,1,0,2,1,0.5,0.0,0.429,1,0,0,0,31,0,79
2019,mixed,Michael Rathburn,Brandon Belt,3336,FA,CI,1,rel,previously_active,,55,17,5,3,8,1,16,7,0.317,0.0,0.473,0,0,144,0,0,0,15
2019,mixed,Michael Rathburn,David Fletcher,6027,Atl,CI,39,trd,previously_active,,46,12,4,1,4,1,5,4,0.4,0.0,0.457,0,0,0,42,90,39,23
2019,mixed,Michael Rathburn,Mitch Moreland,3033,Oak,1B,0,res,reserved,"1B,CI",133,39,22,11,28,1,34,13,0.327,0.429,0.579,4,0,85,0,0,0,0
2019,mixed,Michael Rathburn,Domingo Santana,3213,Cle,OF,4,res,reserved,OF,27,11,4,1,1,1,15,5,0.25,0.333,0.259,17,0,0,0,0,0,100
2019,mixed,Michael Rathburn,Dominic Smith,4549,NYY,OF,29,dis,reserved,"1B,OF,CI",42,13,9,5,7,1,16,2,0.318,1.0,0.714,0,0,36,0,0,0,33
2019,mixed,Michael Rathburn,Alex Dickerson,4061,FA,OF,18,res,reserved,OF,31,14,2,0,3,0,7,3,0.229,0.286,0.194,0,0,0,0,0,0,51
2019,mixed,Michael Rathburn,Giancarlo Stanton,2378,NYY,UT,38,res,reserved,OF,45,13,6,2,10,0,19,5,0.353,0.381,0.489,5,0,0,0,0,0,13
2019,mixed,Michael Rathburn,Eric Sogard,3034,FA,CI,19,res,reserved,"2B,MI,SS,OF,3B",23,8,1,0,0,0,5,0,0.087,0.0,0.13,16,0,0,74,6,4,7
2019,mixed,Michael Rathburn,Christian Walker,4521,Hou,1B,129,trd,previously_reserved,,46,12,6,2,5,0,15,2,0.245,0.0,0.348,3,0,142,0,0,0,0
2019,mixed,Michael Rathburn,Edwin Encarnacion,339,FA,1B,17,act,previously_reserved,"1B,CI",22,5,4,2,6,0,5,0,0.318,0.0,0.636,51,0,57,1,0,0,0
2019,mixed,Michael Rathburn,Jose Peraza,4468,NYM,2B,15,rel,previously_reserved,,152,56,15,3,18,4,20,7,0.289,0.0,0.355,0,0,0,78,5,39,35
2019,mixed,Michael Rathburn,Jean Segura,3177,Bal,SS,15,trd,previously_reserved,,5,2,2,0,1,0,0,0,0.667,0.0,1.0,0,0,0,0,0,142,0
2019,mixed,Michael Rathburn,Trea Turner,4555,Phi,SS,41,act,previously_reserved,"SS,MI",39,9,5,0,1,3,6,4,0.349,0.0,0.359,0,0,0,0,0,122,0
2019,mixed,Michael Rathburn,Chad Pinder,5441,Atl,3B,0,rel,previously_reserved,,33,11,6,3,7,0,6,1,0.27,0.0,0.576,2,0,2,21,17,3,77
2019,mixed,Michael Rathburn,Chris Owings,3271,FA,3B,2,rel,previously_reserved,,14,4,1,0,0,0,6,0,0.25,0.0,0.214,0,0,0,25,13,10,15
2019,mixed,Michael Rathburn,Eddie Rosario,3889,LAD,OF,13,act,previously_reserved,OF,18,6,2,1,4,0,1,1,0.316,0.0,0.444,3,0,0,0,0,0,132
2019,mixed,Michael Rathburn,Kevin Pillar,4578,Tex,OF,3,rel,previously_reserved,,94,25,13,5,17,3,15,2,0.277,0.0,0.468,0,0,0,0,0,0,156
2019,mixed,Michael Rathburn,Matt Adams,3755,Was,OF,6,trd,previously_reserved,,116,37,19,11,26,0,34,5,0.264,0.0,0.543,0,0,79,0,0,0,0
2019,mixed,Michael Rathburn,Steven Duggar,6013,FA,OF,0,rel,previously_reserved,,147,37,18,3,20,1,43,9,0.306,0.0,0.388,0,0,0,0,0,0,72
2019,mixed,Michael Rathburn,Josh Reddick,2163,NYM,OF,0,rel,previously_reserved,,73,20,8,2,7,0,5,5,0.25,0.0,0.315,4,0,4,0,0,0,133
2019,mixed,Michael Rathburn,Brock Holt,4192,Atl,OF,22,act,previously_reserved,"UT,SS,OF,2B,MI,1B",103,40,16,2,11,0,19,12,0.39,0.0,0.447,1,0,11,60,4,6,9
2019,mixed,Michael Rathburn,Starling Marte,2908,NYM,OF,33,trd,previously_reserved,,26,5,5,2,6,2,5,1,0.259,0.0,0.5,0,0,0,0,0,0,130
2019,mixed,Michael Rathburn,Josh Naylor,5389,Ari,UT,49,rel,previously_reserved,,37,13,5,1,7,1,9,3,0.3,0.0,0.351,4,0,0,0,0,0,62
2019,mixed,Michael Rathburn,Rowdy Tellez,4892,Sea,UT,39,rel,previously_reserved,,69,20,8,4,11,0,16,4,0.27,0.0,0.464,45,0,57,0,0,0,0
2019,mixed,Michael Rathburn,Niko Goodrum,5931,SD,UT,2,rel,previously_reserved,,87,22,12,1,4,1,26,7,0.26,0.0,0.276,4,0,18,22,1,38,32
2019,mixed,Michael Rathburn,Matt Wieters,146,FA,UT,9,rel,previously_reserved,,4,3,0,0,0,0,0,1,0.2,0.0,0.0,0,54,0,0,0,0,0
2019,mixed,Michael Rathburn,Evan Longoria,1489,FA,CI,0,rel,previously_reserved,,82,22,7,2,6,1,17,3,0.256,0.0,0.366,0,0,0,0,119,0,0
2019,mixed,Michael Rathburn,Giovanny Urshela,5061,Oak,CI,39,act,previously_reserved,"3B,CI",102,31,19,6,20,0,16,6,0.336,0.0,0.578,3,0,1,0,123,0,1
2019,mixed,Michael Rathburn,J.D. Davis,5453,LAA,CI,9,rel,previously_reserved,,11,5,1,0,0,0,6,0,0.182,0.0,0.273,1,0,0,0,31,0,79
2019,mixed,Michael Rathburn,Brandon Belt,3336,FA,CI,1,rel,previously_reserved,,20,6,3,1,1,0,7,2,0.304,0.0,0.4,0,0,144,0,0,0,15
2019,mixed,Michael Rathburn,David Fletcher,6027,Atl,CI,39,trd,previously_reserved,,30,7,9,0,4,1,1,5,0.486,0.0,0.567,0,0,0,42,90,39,23
2019,mixed,Michael Rathburn,Jonathan Schoop,4005,FA,MI,2,act,previously_reserved,"2B,SS,MI",32,11,7,4,8,0,8,2,0.382,0.0,0.75,4,0,0,113,0,0,0
