year,league,team,player_name,player_id,mlb_team,position,salary,status,roster_section,eligibility,ab,g,r,hr,rbi,sb,so,bb,avg,obp,slg,gp_dh,gp_c,gp_1b,gp_2b,gp_3b,gp_ss,gp_of
2021,mixed,Michael Rathburn,Ryan Mountcastle,5676,Bal,1B,4,act,active,"1B,OF,CI",329,88,44,18,49,3,103,28,0.282,0.25,0.413,41,0,84,0,0,0,21
2021,mixed,Michael Rathburn,Ketel Marte,4847,Ari,2B,18,act,active,"2B,OF,MI",190,50,30,6,26,2,28,16,0.406,0.261,0.547,0,0,0,20,0,0,71
2021,mixed,Michael Rathburn,Marcus Semien,4300,Tex,SS,19,act,active,"2B,SS,MI",652,162,115,45,102,15,146,66,0.334,0.222,0.538,1,0,0,147,0,21,0
2021,mixed,Michael Rathburn,Rafael Devers,4903,Bos,3B,24,act,active,"UT,3B,CI",591,156,101,38,113,5,143,62,0.352,0.357,0.538,4,0,0,2,151,0,0
2021,mixed,Michael Rathburn,Mitch Haniger,4480,Sea,OF,2,act,active,OF,531,135,93,34,83,1,147,48,0.316,0.37,0.473,34,0,0,0,0,0,123
2021,mixed,Michael Rathburn,Juan Soto,6043,NYM,OF,52,act,active,OF,487,145,109,28,92,9,90,143,0.471,0.321,0.54,2,0,0,0,0,0,144
2021,mixed,Michael Rathburn,Austin Meadows,4438,FA,OF,22,act,active,OF,518,142,79,27,106,4,122,59,0.315,0.312,0.458,60,0,0,0,0,0,79
2021,mixed,Michael Rathburn,Robbie Grossman,2699,KC,OF,2,act,active,OF,463,130,74,19,54,18,126,81,0.358,0.357,0.419,7,0,0,0,0,0,146
2021,mixed,Michael Rathburn,Tyler O'Neill,5423,Bal,OF,1,act,active,OF,408,118,73,24,60,12,144,36,0.348,0.45,0.512,1,0,0,0,0,0,131
2021,mixed,Michael Rathburn,Eric Haase,5709,Mil,C,5,act,active,"C,OF",320,90,44,20,57,2,111,26,0.281,0.346,0.447,11,66,1,0,0,0,22
2021,mixed,Michael Rathburn,Ryan Jeffers,7271,Min,C,2,act,active,C,110,35,13,5,8,0,48,3,0.222,0.182,0.345,0,84,0,0,0,0,0
2021,mixed,Michael Rathburn,Adolis Garcia,5465,Tex,UT,9,act,active,OF,288,74,37,19,55,13,92,12,0.298,0.25,0.5,13,0,0,0,0,0,134
2021,mixed,Michael Rathburn,Kyle Farmer,4111,Col,CI,8,act,active,"2B,SS,3B,MI,1B",190,48,27,7,29,0,37,6,0.327,0.364,0.479,0,0,5,9,10,121,2
2021,mixed,Michael Rathburn,Jorge Polanco,4695,Sea,MI,0,act,active,"2B,SS,MI",501,129,79,29,89,9,107,38,0.323,0.273,0.503,8,0,0,120,0,39,0
2021,mixed,Michael Rathburn,Carlos Santana,2181,Cle,1B,10,res,previously_active,"1B,CI",522,145,63,19,64,2,94,80,0.322,0.0,0.354,19,0,136,0,0,0,0
2021,mixed,Michael Rathburn,Adam Frazier,5555,Pit,2B,105,res,previously_active,"2B,OF,MI",485,130,72,3,37,8,59,40,0.363,0.0,0.39,1,0,0,140,0,0,12
2021,mixed,Michael Rathburn,Erik Gonzalez,4680,Cin,SS,6,rel,previously_active,,18,4,1,1,2,0,3,0,0.111,0.0,0.278,0,0,13,0,38,17,0
2021,mixed,Michael Rathburn,Gavin Sheets,6582,SD,OF,11,rel,previously_active,,21,6,2,1,1,0,4,2,0.304,0.0,0.429,22,0,10,0,0,0,17
2021,mixed,Michael Rathburn,Franchy Cordero,4877,FA,OF,60,rel,previously_active,,45,17,4,0,5,1,23,4,0.265,0.0,0.244,1,0,11,0,0,0,35
2021,mixed,Michael Rathburn,Darin Ruf,4191,FA,OF,29,rel,previously_active,,20,10,2,1,3,0,5,3,0.375,0.0,0.4,2,0,44,0,0,0,36
2021,mixed,Michael Rathburn,Yonathan Daza,6290,FA,OF,3,rel,previously_active,,27,7,2,0,2,0,7,0,0.222,0.0,0.222,0,0,0,0,0,0,79
2021,mixed,Michael Rathburn,Jose Trevino,5991,Cin,C,1,rel,previously_active,,58,15,5,0,1,0,15,2,0.279,0.0,0.293,0,88,0,0,0,0,0
2021,mixed,Michael Rathburn,Yan Gomes,3945,FA,C,3,rel,previously_active,,48,14,5,2,7,0,7,2,0.294,0.0,0.417,6,92,0,0,0,0,0
2021,mixed,Michael Rathburn,Willians Astudillo,5536,FA,C,3,rel,previously_active,,25,10,4,1,3,0,1,0,0.385,0.0,0.56,0,10,27,4,29,0,1
2021,mixed,Michael Rathburn,William Contreras,6423,Mil,C,6,rel,previously_active,,139,43,16,7,20,0,50,12,0.273,0.0,0.388,0,49,0,0,0,0,0
2021,mixed,Michael Rathburn,Kyle Higashioka,3107,Tex,C,3,rel,previously_active,,40,13,5,2,3,0,14,6,0.239,0.0,0.3,0,66,0,0,0,0,0
2021,mixed,Michael Rathburn,Austin Riley,5688,Atl,UT,1,rel,previously_active,,29,9,3,0,0,0,9,2,0.281,0.0,0.207,0,0,10,0,156,0,1
2021,mixed,Michael Rathburn,Josh Fuentes,6707,FA,UT,33,rel,previously_active,,15,7,1,0,0,0,7,5,0.25,0.0,0.0,0,0,32,0,60,0,2
2021,mixed,Michael Rathburn,Mike Tauchman,5642,CWS,UT,37,rel,previously_active,,60,18,12,1,3,1,22,13,0.329,0.0,0.267,1,0,0,0,0,0,59
2021,mixed,Michael Rathburn,Bobby Bradley,5249,FA,UT,29,rel,previously_active,,25,7,3,2,4,0,11,3,0.25,0.0,0.4,5,0,68,0,0,0,0
2021,mixed,Michael Rathburn,Yohel Pozo,7795,StL,UT,2,res,previously_active,UT,23,6,2,0,2,0,2,0,0.261,0.0,0.304,17,2,0,0,0,0,0
2021,mixed,Michael Rathburn,Isiah Kiner-Falefa,6317,Pit,CI,1,rel,previously_active,,328,83,31,4,25,9,56,9,0.279,0.0,0.335,1,0,0,0,0,156,0
2021,mixed,Michael Rathburn,Phillip Evans,4091,Atl,CI,13,rel,previously_active,,58,16,8,1,3,1,20,7,0.265,0.0,0.207,1,0,20,0,14,0,29
2021,mixed,Michael Rathburn,Matt Duffy,4893,Tex,CI,9,rel,previously_active,,22,5,3,1,5,0,5,0,0.333,0.0,0.455,0,0,2,21,56,5,3
2021,mixed,Michael Rathburn,Carlos Santana,2181,Cle,1B,10,res,reserved,"1B,CI",43,13,3,0,5,0,8,6,0.28,0.321,0.186,19,0,136,0,0,0,0
2021,mixed,Michael Rathburn,Adam Frazier,5555,Pit,2B,105,res,reserved,"2B,OF,MI",92,25,11,2,6,2,10,8,0.396,0.286,0.522,1,0,0,140,0,0,12
2021,mixed,Michael Rathburn,Yohel Pozo,7795,StL,UT,2,res,reserved,UT,25,8,3,0,3,0,3,1,0.385,0.0,0.48,17,2,0,0,0,0,0
2021,mixed,Michael Rathburn,Ryan Mountcastle,5676,Bal,1B,4,act,previously_reserved,"1B,OF,CI",205,56,33,15,40,1,58,13,0.353,0.0,0.605,41,0,84,0,0,0,21
2021,mixed,Michael Rathburn,Ketel Marte,4847,Ari,2B,18,act,previously_reserved,"2B,OF,MI",150,40,22,8,24,0,32,15,0.341,0.0,0.513,0,0,0,20,0,0,71
2021,mixed,Michael Rathburn,Darin Ruf,4191,FA,OF,29,rel,previously_reserved,,11,6,1,0,2,0,3,4,0.533,0.0,0.455,2,0,44,0,0,0,36
2021,mixed,Michael Rathburn,Tyler O'Neill,5423,Bal,OF,1,act,previously_reserved,OF,74,20,16,10,20,3,24,2,0.377,0.0,0.824,1,0,0,0,0,0,131
2021,mixed,Michael Rathburn,Gavin Sheets,6582,SD,OF,11,rel,previously_reserved,,6,3,0,0,1,0,1,0,0.167,0.0,0.167,22,0,10,0,0,0,17
2021,mixed,Michael Rathburn,Robbie Grossman,2699,KC,OF,2,act,previously_reserved,OF,94,26,14,4,13,2,29,17,0.354,0.0,0.394,7,0,0,0,0,0,146
2021,mixed,Michael Rathburn,Juan Soto,6043,NYM,OF,52,act,previously_reserved,OF,15,6,2,1,3,0,3,2,0.235,0.0,0.333,2,0,0,0,0,0,144
2021,mixed,Michael Rathburn,Austin Riley,5688,Atl,UT,1,rel,previously_reserved,,18,7,3,0,1,0,4,2,0.375,0.0,0.222,0,0,10,0,156,0,1
2021,mixed,Michael Rathburn,Adolis Garcia,5465,Tex,UT,9,act,previously_reserved,OF,268,69,38,11,31,3,94,20,0.281,0.0,0.41,13,0,0,0,0,0,134
2021,mixed,Michael Rathburn,Bobby Bradley,5249,FA,UT,29,rel,previously_reserved,,71,21,14,6,9,0,30,9,0.313,0.0,0.493,5,0,68,0,0,0,0
2021,mixed,Michael Rathburn,Mike Tauchman,5642,CWS,UT,37,rel,previously_reserved,,45,18,3,1,4,0,13,6,0.25,0.0,0.222,1,0,0,0,0,0,59
2021,mixed,Michael Rathburn,Josh Fuentes,6707,FA,UT,33,rel,previously_reserved,,94,33,8,3,7,0,23,3,0.258,0.0,0.351,0,0,32,0,60,0,2
2021,mixed,Michael Rathburn,Phillip Evans,4091,Atl,CI,13,rel,previously_reserved,,16,5,0,0,0,0,3,3,0.316,0.0,0.187,1,0,20,0,14,0,29
2021,mixed,Michael Rathburn,Isiah Kiner-Falefa,6317,Pit,CI,1,rel,previously_reserved,,68,16,15,2,8,6,10,4,0.351,0.0,0.456,1,0,0,0,0,156,0
2021,mixed,Michael Rathburn,Kyle Farmer,4111,Col,CI,8,act,previously_reserved,"2B,SS,3B,MI,1B",22,6,2,1,4,0,7,1,0.348,0.0,0.545,0,0,5,9,10,121,2
2021,mixed,Michael Rathburn,Matt Duffy,4893,Tex,CI,9,rel,previously_reserved,,9,4,2,0,0,0,2,2,0.364,0.0,0.222,0,0,2,21,56,5,3
2021,mixed,Michael Rathburn,Jorge Polanco,4695,Sea,MI,0,act,previously_reserved,"2B,SS,MI",87,23,18,4,9,2,11,7,0.323,0.0,0.506,8,0,0,120,0,39,0
2021,mixed,Zach Steinhorn,Matt Olson,4465,Atl,1B,20,act,active,"1B,CI",565,156,101,39,111,4,113,88,0.371,0.269,0.54,4,0,152,0,0,0,0
2021,mixed,Zach Steinhorn,Cesar Hernandez,3413,FA,2B,2,act,active,"2B,MI",550,144,78,20,60,1,133,56,0.309,0.437,0.387,7,0,0,142,0,1,0
2021,mixed,Zach Steinhorn,Javier Baez,3804,Det,SS,15,act,active,"SS,2B,MI",498,137,78,31,86,18,183,28,0.316,0.3,0.49,0,0,0,35,0,100,0
2021,mixed,Zach Steinhorn,Kyle Seager,3774,Sea,3B,2,act,active,"3B,CI",603,159,73,35,101,3,161,59,0.285,0.12,0.438,10,0,0,0,149,0,0
2021,mixed,Zach Steinhorn,Leury Garcia,4245,Atl,OF,16,act,active,"2B,SS,OF,MI,3B",45,12,5,0,2,0,10,3,0.354,0.375,0.4,0,0,0,36,11,19,65
2021,mixed,Zach Steinhorn,Joc Pederson,4090,Tex,OF,3,act,active,OF,404,123,49,16,57,2,109,35,0.308,0.222,0.413,1,0,1,0,0,0,117
2021,mixed,Zach Steinhorn,Lorenzo Cain,2002,Mil,OF,2,act,active,OF,249,76,39,8,33,13,48,26,0.325,0.25,0.398,0,0,0,0,0,0,70
2021,mixed,Zach Steinhorn,Michael Conforto,4911,LAD,OF,24,act,active,OF,402,125,50,14,55,1,103,58,0.342,0.455,0.381,1,0,0,0,0,0,118
2021,mixed,Zach Steinhorn,Manuel Margot,4858,Mil,OF,8,act,active,OF,406,121,55,10,56,12,66,36,0.318,0.235,0.392,3,0,0,0,0,0,119
2021,mixed,Zach Steinhorn,Elias Diaz,5078,SD,C,32,act,active,C,179,55,33,11,26,0,29,13,0.33,0.455,0.536,0,98,0,0,0,0,0
2021,mixed,Zach Steinhorn,Yasmani Grandal,3311,Pit,C,82,act,active,"C,1B,CI",98,30,18,9,24,0,18,27,0.481,0.417,0.673,9,80,8,0,0,0,0
2021,mixed,Zach Steinhorn,Joey Wendle,4608,Atl,UT,0,act,active,"2B,SS,3B,CI,MI",237,70,33,4,25,2,61,15,0.293,0.125,0.363,0,0,0,16,107,25,0
2021,mixed,Zach Steinhorn,Paul Goldschmidt,3159,NYY,CI,18,act,active,"1B,CI",287,75,59,19,55,7,63,37,0.409,0.353,0.617,4,0,153,0,0,0,0
2021,mixed,Zach Steinhorn,Alcides Escobar,850,FA,MI,8,act,active,"SS,2B",24,6,4,1,2,0,6,4,0.464,0.464,0.583,0,0,0,17,0,61,0
2021,mixed,Zach Steinhorn,Mike Moustakas,2004,FA,2B,14,dis,previously_active,"3B,1B,CI,MI,2B",166,56,19,6,19,0,39,16,0.273,0.0,0.355,0,0,11,1,44,0,0
2021,mixed,Zach Steinhorn,Ronald Acuna,5737,Atl,OF,51,rel,previously_active,,297,82,72,24,52,17,85,49,0.394,0.0,0.596,0,0,0,0,0,0,81
2021,mixed,Zach Steinhorn,Taylor Ward,5398,LAA,OF,22,rel,previously_active,,144,43,24,5,20,0,38,14,0.333,0.0,0.437,0,1,0,0,0,0,64
2021,mixed,Zach Steinhorn,Tony Kemp,5292,Cin,OF,21,rel,previously_active,,105,39,17,2,8,2,22,20,0.364,0.0,0.343,1,0,0,89,0,1,49
2021,mixed,Zach Steinhorn,Gregory Polanco,4166,Tor,OF,0,rel,previously_active,,192,57,21,4,19,9,58,14,0.242,0.0,0.292,0,0,0,0,0,0,92
2021,mixed,Zach Steinhorn,Brandon Marsh,6077,Phi,OF,127,rel,previously_active,,18,7,2,0,0,0,10,4,0.273,0.0,0.167,0,0,0,0,0,0,70
2021,mixed,Zach Steinhorn,Garrett Cooper,6182,Atl,OF,23,dis,previously_active,"1B,CI,OF",74,26,10,3,12,1,22,16,0.446,0.0,0.473,2,0,19,0,0,0,41
2021,mixed,Zach Steinhorn,Jorge Mateo,5119,Bal,OF,53,dis,previously_active,"SS,2B,OF,3B,MI",96,29,7,2,7,3,25,7,0.327,0.0,0.406,0,0,0,19,9,18,24
2021,mixed,Zach Steinhorn,Jesus Sanchez,6068,Mia,OF,28,dis,previously_active,OF,101,28,15,8,19,0,39,11,0.342,0.308,0.545,0,0,0,0,0,0,62
2021,mixed,Zach Steinhorn,Oscar Mercado,5747,Phi,OF,73,rel,previously_active,,47,18,6,1,2,1,7,1,0.229,0.0,0.298,0,0,0,0,0,0,68
2021,mixed,Zach Steinhorn,Mitch Garver,5025,Sea,C,7,rel,previously_active,,182,61,27,13,29,0,65,29,0.352,0.0,0.527,3,59,4,0,0,0,0
2021,mixed,Zach Steinhorn,Pedro Severino,5243,FA,C,2,trd,previously_active,,88,25,6,1,2,0,23,5,0.258,0.0,0.284,4,109,0,0,0,0,0
2021,mixed,Zach Steinhorn,Ryan Jeffers,7271,Min,C,12,rel,previously_active,,73,23,6,4,11,0,27,13,0.291,0.0,0.356,0,84,0,0,0,0,0
2021,mixed,Zach Steinhorn,Yan Gomes,3945,FA,C,48,res,previously_active,C,146,41,22,4,22,0,35,11,0.331,0.0,0.425,6,92,0,0,0,0,0
2021,mixed,Zach Steinhorn,Jackie Bradley,3595,NYM,UT,1,trd,previously_active,,114,31,10,1,3,2,38,6,0.238,0.0,0.246,0,0,0,0,0,0,117
2021,mixed,Zach Steinhorn,Alec Bohm,6542,Phi,UT,14,rel,previously_active,,350,101,44,7,46,4,101,30,0.312,0.0,0.354,0,0,7,0,103,0,0
2021,mixed,Zach Steinhorn,Daniel Vogelbach,4058,FA,UT,18,rel,previously_active,,44,13,7,2,5,0,10,6,0.32,0.0,0.455,3,0,59,0,0,0,0
2021,mixed,Zach Steinhorn,Yonny Hernandez,7481,Mil,UT,12,res,previously_active,"2B,3B,SS",16,6,1,0,0,2,4,3,0.263,0.0,0.187,2,0,0,9,29,6,0
2021,mixed,Zach Steinhorn,Renato Nunez,3647,FA,UT,38,rel,previously_active,,11,3,0,0,0,0,4,0,0.182,0.0,0.273,6,0,8,0,0,0,0
2021,mixed,Zach Steinhorn,Nick Gordon,4960,Bal,MI,32,rel,previously_active,,8,3,0,0,0,0,2,0,0.25,0.0,0.375,0,0,0,17,2,14,45
2021,mixed,Zach Steinhorn,Elvis Andrus,1543,FA,MI,28,rel,previously_active,,20,6,0,0,0,0,3,1,0.19,0.0,0.15,0,0,0,0,0,143,0
2021,mixed,Zach Steinhorn,Jonathan Schoop,4005,FA,MI,0,trd,previously_active,,19,6,0,0,1,0,7,1,0.095,0.0,0.053,15,0,114,38,1,0,0
2021,mixed,Zach Steinhorn,Mike Moustakas,2004,FA,2B,14,dis,reserved,"3B,1B,CI,MI,2B",17,6,2,0,3,0,7,2,0.368,0.0,0.529,0,0,11,1,44,0,0
2021,mixed,Zach Steinhorn,Garrett Cooper,6182,Atl,OF,23,dis,reserved,"1B,CI,OF",7,3,4,1,2,0,2,3,0.7,0.0,1.29,2,0,19,0,0,0,41
2021,mixed,Zach Steinhorn,Jorge Mateo,5119,Bal,OF,53,dis,reserved,"SS,2B,OF,3B,MI",0,0,0,0,0,0,0,0,0.0,0.0,0.0,0,0,0,19,9,18,24
2021,mixed,Zach Steinhorn,Jesus Sanchez,6068,Mia,OF,28,dis,reserved,OF,0,0,0,0,0,0,0,0,0.0,0.0,0.0,0,0,0,0,0,0,62
2021,mixed,Zach Steinhorn,Yan Gomes,3945,FA,C,48,res,reserved,C,135,42,20,6,19,0,32,6,0.271,0.133,0.393,6,92,0,0,0,0,0
2021,mixed,Zach Steinhorn,Yonny Hernandez,7481,Mil,UT,12,res,reserved,"2B,3B,SS",15,4,0,0,0,0,7,0,0.067,0.067,0.133,2,0,0,9,29,6,0
2021,mixed,Zach Steinhorn,Cesar Hernandez,3413,FA,2B,2,act,previously_reserved,"2B,MI",20,5,6,1,2,0,2,3,0.261,0.0,0.35,7,0,0,142,0,1,0
2021,mixed,Zach Steinhorn,Javier Baez,3804,Det,SS,15,act,previously_reserved,"SS,2B,MI",4,1,2,0,1,0,1,0,0.6,0.0,1.0,0,0,0,35,0,100,0
2021,mixed,Zach Steinhorn,Michael Conforto,4911,LAD,OF,24,act,previously_reserved,OF,4,1,2,0,0,0,1,1,0.6,0.0,0.75,1,0,0,0,0,0,118
2021,mixed,Zach Steinhorn,Oscar Mercado,5747,Phi,OF,73,rel,previously_reserved,,83,26,8,2,6,2,13,12,0.323,0.0,0.349,0,0,0,0,0,0,68
2021,mixed,Zach Steinhorn,Manuel Margot,4858,Mil,OF,8,act,previously_reserved,OF,15,4,0,0,1,1,4,1,0.187,0.0,0.133,3,0,0,0,0,0,119
2021,mixed,Zach Steinhorn,Brandon Marsh,6077,Phi,OF,127,rel,previously_reserved,,21,7,2,0,0,0,10,3,0.208,0.0,0.143,0,0,0,0,0,0,70
2021,mixed,Zach Steinhorn,Joc Pederson,4090,Tex,OF,3,act,previously_reserved,OF,25,14,6,2,4,0,8,4,0.345,1.0,0.56,1,0,1,0,0,0,117
2021,mixed,Zach Steinhorn,Lorenzo Cain,2002,Mil,OF,2,act,previously_reserved,OF,8,2,1,0,3,0,0,0,0.444,0.0,0.5,0,0,0,0,0,0,70
2021,mixed,Zach Steinhorn,Gregory Polanco,4166,Tor,OF,0,rel,previously_reserved,,144,50,17,7,17,5,46,22,0.335,0.0,0.437,0,0,0,0,0,0,92
2021,mixed,Zach Steinhorn,Taylor Ward,5398,LAA,OF,22,rel,previously_reserved,,25,9,2,1,6,1,9,1,0.321,0.0,0.4,0,1,0,0,0,0,64
2021,mixed,Zach Steinhorn,Daniel Vogelbach,4058,FA,UT,18,rel,previously_reserved,,45,20,7,3,6,0,11,7,0.346,0.0,0.444,3,0,59,0,0,0,0
2021,mixed,Zach Steinhorn,Joey Wendle,4608,Atl,UT,0,act,previously_reserved,"2B,SS,3B,CI,MI",223,66,40,7,29,6,52,13,0.347,0.0,0.484,0,0,0,16,107,25,0
2021,mixed,Zach Steinhorn,Jackie Bradley,3595,NYM,UT,1,trd,previously_reserved,,45,15,6,3,9,0,19,2,0.163,0.0,0.333,0,0,0,0,0,0,117
2021,mixed,Zach Steinhorn,Alec Bohm,6542,Phi,UT,14,rel,previously_reserved,,21,10,2,0,1,0,7,1,0.136,0.0,0.143,0,0,7,0,103,0,0
2021,mixed,Zach Steinhorn,Jonathan Schoop,4005,FA,MI,0,trd,previously_reserved,,117,31,12,2,10,0,30,6,0.274,0.0,0.333,15,0,114,38,1,0,0
2021,mixed,Zach Steinhorn,Nick Gordon,4960,Bal,MI,32,rel,previously_reserved,,56,23,5,0,3,0,17,5,0.274,0.0,0.268,0,0,0,17,2,14,45
2021,mixed,Brent Hershey,Cody Bellinger,4954,NYY,1B,38,act,active,"OF,CI,1B",247,72,33,9,33,3,76,25,0.261,0.333,0.34,0,0,4,0,0,0,91
2021,mixed,Brent Hershey,Kolten Wong,3771,Ari,2B,6,act,active,"2B,MI",426,111,65,13,48,11,80,30,0.329,0.2,0.441,0,0,0,113,0,0,0
2021,mixed,Brent Hershey,Xander Bogaerts,3822,SD,SS,30,act,active,"SS,MI",526,143,90,23,79,5,113,61,0.367,0.407,0.492,6,0,0,0,0,138,0
2021,mixed,Brent Hershey,Luis Urias,5831,Oak,3B,7,act,active,"2B,3B,SS,MI,CI",342,100,62,18,52,3,72,41,0.355,0.412,0.474,0,0,0,25,68,68,0
2021,mixed,Brent Hershey,Mark Canha,4430,Mil,OF,9,act,active,OF,469,128,90,17,59,10,111,72,0.367,0.35,0.409,6,0,2,0,0,0,134
2021,mixed,Brent Hershey,Nick Gordon,4960,Bal,OF,15,act,active,"OF,2B,SS",13,5,1,0,2,0,2,1,0.133,0.133,0.077,0,0,0,17,2,14,45
2021,mixed,Brent Hershey,Jorge Soler,3918,LAA,OF,7,act,active,OF,481,137,68,25,66,0,129,61,0.313,0.529,0.428,47,0,0,0,0,0,96
2021,mixed,Brent Hershey,Myles Straw,6413,Tor,OF,7,act,active,OF,508,141,76,4,42,27,110,61,0.344,0.324,0.341,0,0,0,0,0,0,156
2021,mixed,Brent Hershey,Hunter Renfroe,4558,KC,OF,32,act,active,OF,396,109,71,26,77,1,99,38,0.33,0.231,0.53,1,0,0,0,0,0,142
2021,mixed,Brent Hershey,Willson Contreras,5435,StL,C,14,act,active,"UT,C",397,122,57,20,55,5,131,50,0.341,0.462,0.441,0,116,0,0,1,0,1
2021,mixed,Brent Hershey,Alejandro Kirk,6935,Tor,C,11,act,active,C,87,31,9,5,12,0,9,11,0.327,0.25,0.437,8,44,0,0,0,0,0
2021,mixed,Brent Hershey,Wander Franco,6256,TB,UT,4,act,active,"SS,3B",277,69,53,7,39,2,36,23,0.347,0.321,0.462,0,0,0,1,8,63,0
2021,mixed,Brent Hershey,Jean Segura,3177,Bal,CI,8,act,active,"3B,2B,MI,CI",490,125,71,13,54,9,71,38,0.341,0.083,0.427,0,0,0,128,0,1,0
2021,mixed,Brent Hershey,Brandon Lowe,6565,TB,MI,18,act,active,"2B,OF,MI",535,149,97,39,99,7,167,68,0.34,0.455,0.523,3,0,1,133,0,0,15
2021,mixed,Brent Hershey,Brandon Belt,3336,FA,1B,2,dis,previously_active,"1B,CI",249,72,53,21,46,3,81,36,0.392,0.0,0.618,0,0,93,0,0,0,0
2021,mixed,Brent Hershey,Yandy Diaz,5735,TB,3B,43,rel,previously_active,,78,21,11,0,6,0,12,17,0.396,0.0,0.295,5,0,81,1,58,0,0
2021,mixed,Brent Hershey,Hunter Dozier,4612,LAA,3B,4,rel,previously_active,,179,50,17,7,21,1,60,14,0.227,0.0,0.352,11,0,19,0,57,0,70
2021,mixed,Brent Hershey,Asdrubal Cabrera,400,Cin,3B,48,rel,previously_active,,89,26,13,2,12,1,22,11,0.382,0.0,0.461,2,0,19,0,65,1,0
2021,mixed,Brent Hershey,Phil Gosselin,4644,FA,3B,15,rel,previously_active,,33,9,3,0,4,2,14,3,0.306,0.0,0.273,3,0,23,4,32,0,40
2021,mixed,Brent Hershey,Tyler Naquin,4363,Cle,OF,123,dis,previously_active,OF,275,84,33,12,41,3,74,21,0.317,0.0,0.476,0,0,0,0,0,0,120
2021,mixed,Brent Hershey,DJ Peters,6092,Tex,OF,37,rel,previously_active,,43,12,4,1,5,1,17,1,0.205,0.0,0.349,2,0,0,0,0,0,64
2021,mixed,Brent Hershey,Cal Raleigh,6814,Sea,C,18,rel,previously_active,,90,29,5,1,11,0,34,6,0.245,0.0,0.3,0,43,0,0,0,0,0
2021,mixed,Brent Hershey,Reese McGuire,4631,ChC,C,6,rel,previously_active,,8,3,0,0,0,0,2,0,0.125,0.0,0.25,1,73,0,0,0,0,0
2021,mixed,Brent Hershey,Jose Trevino,5991,Cin,C,13,rel,previously_active,,92,34,6,2,14,0,17,1,0.211,0.0,0.293,0,88,0,0,0,0,0
2021,mixed,Brent Hershey,Victor Caratini,4876,Hou,C,1,rel,previously_active,,65,23,5,1,11,1,25,10,0.316,0.0,0.292,0,101,5,0,2,0,0
2021,mixed,Brent Hershey,Evan White,6194,LAA,UT,0,rel,previously_active,,31,9,4,0,3,0,9,1,0.182,0.0,0.194,0,0,30,0,0,0,0
2021,mixed,Brent Hershey,Jose Iglesias,2913,NYM,UT,21,rel,previously_active,,102,27,18,5,16,1,15,7,0.364,0.0,0.52,1,0,0,18,0,119,0
2021,mixed,Brent Hershey,Orlando Arcia,4503,Atl,UT,4,rel,previously_active,,32,9,3,1,6,1,9,2,0.265,0.0,0.344,0,0,0,1,3,5,14
2021,mixed,Brent Hershey,Manny Pina,2391,FA,UT,3,rel,previously_active,,14,7,2,2,2,0,2,4,0.389,0.0,0.714,0,65,0,0,0,0,0
2021,mixed,Brent Hershey,Pavin Smith,6109,Ari,CI,32,rel,previously_active,,54,15,8,1,3,0,11,4,0.276,0.0,0.296,0,0,54,0,0,0,98
2021,mixed,Brent Hershey,Bobby Dalbec,5764,CWS,CI,33,rel,previously_active,,13,4,0,0,1,0,9,1,0.067,0.0,0.0,1,0,123,0,14,2,0
2021,mixed,Brent Hershey,Mauricio Dubon,5380,Hou,CI,9,rel,previously_active,,31,16,4,1,7,0,7,2,0.265,0.0,0.387,0,0,0,20,12,21,27
2021,mixed,Brent Hershey,Christian Arroyo,4872,Phi,MI,23,rel,previously_active,,31,11,4,0,2,0,10,2,0.314,0.0,0.258,2,0,1,51,0,2,0
2021,mixed,Brent Hershey,Rougned Odor,4026,NYY,MI,46,rel,previously_active,,46,14,5,1,3,0,13,5,0.231,0.0,0.217,0,0,0,74,33,0,0
2021,mixed,Brent Hershey,Jeff McNeil,6617,NYM,MI,16,res,previously_active,"2B,OF,MI,3B,CI",240,75,29,6,25,2,36,21,0.347,0.0,0.4,2,0,0,80,2,0,28
2021,mixed,Brent Hershey,Brandon Belt,3336,FA,1B,2,dis,reserved,"1B,CI",76,25,12,8,13,0,22,12,0.333,0.0,0.526,0,0,93,0,0,0,0
2021,mixed,Brent Hershey,Tyler Naquin,4363,Cle,OF,123,dis,reserved,OF,105,34,12,2,15,1,24,10,0.356,0.0,0.381,0,0,0,0,0,0,120
2021,mixed,Brent Hershey,Jeff McNeil,6617,NYM,MI,16,res,reserved,"2B,OF,MI,3B,CI",146,46,19,1,10,1,22,8,0.266,0.333,0.288,2,0,0,80,2,0,28
2021,mixed,Brent Hershey,Cody Bellinger,4954,NYY,1B,38,act,previously_reserved,"OF,CI,1B",68,23,6,1,3,0,18,6,0.162,0.0,0.162,0,0,4,0,0,0,91
2021,mixed,Brent Hershey,Kolten Wong,3771,Ari,2B,6,act,previously_reserved,"2B,MI",19,5,5,1,2,1,3,1,0.476,0.0,0.579,0,0,0,113,0,0,0
2021,mixed,Brent Hershey,Xander Bogaerts,3822,SD,SS,30,act,previously_reserved,"SS,MI",3,1,0,0,0,0,0,1,0.75,0.0,0.667,6,0,0,0,0,138,0
2021,mixed,Brent Hershey,Hunter Dozier,4612,LAA,3B,4,rel,previously_reserved,,12,4,2,0,0,0,2,2,0.214,0.0,0.083,11,0,19,0,57,0,70
2021,mixed,Brent Hershey,Asdrubal Cabrera,400,Cin,3B,48,rel,previously_reserved,,33,14,4,1,4,0,10,5,0.205,0.0,0.212,2,0,19,0,65,1,0
2021,mixed,Brent Hershey,Luis Urias,5831,Oak,3B,7,act,previously_reserved,"2B,3B,SS,MI,CI",7,2,0,0,1,0,2,1,0.333,0.0,0.286,0,0,0,25,68,68,0
2021,mixed,Brent Hershey,Yandy Diaz,5735,TB,3B,43,rel,previously_reserved,,58,18,3,0,5,0,9,11,0.391,0.0,0.31,5,0,81,1,58,0,0
2021,mixed,Brent Hershey,Myles Straw,6413,Tor,OF,7,act,previously_reserved,OF,56,17,10,0,6,3,11,6,0.385,0.0,0.411,0,0,0,0,0,0,156
2021,mixed,Brent Hershey,Hunter Renfroe,4558,KC,OF,32,act,previously_reserved,OF,5,1,1,0,0,0,1,0,0.4,0.0,0.8,1,0,0,0,0,0,142
2021,mixed,Brent Hershey,Mark Canha,4430,Mil,OF,9,act,previously_reserved,OF,50,13,3,0,2,2,17,5,0.276,0.0,0.18,6,0,2,0,0,0,134
2021,mixed,Brent Hershey,Jorge Soler,3918,LAA,OF,7,act,previously_reserved,OF,35,12,6,2,4,0,13,6,0.366,0.0,0.486,47,0,0,0,0,0,96
2021,mixed,Brent Hershey,Willson Contreras,5435,StL,C,14,act,previously_reserved,"UT,C",16,6,4,1,2,0,7,2,0.316,0.0,0.375,0,116,0,0,1,0,1
2021,mixed,Brent Hershey,Jose Trevino,5991,Cin,C,13,rel,previously_reserved,,3,1,0,0,0,0,1,0,0.0,0.0,0.0,0,88,0,0,0,0,0
2021,mixed,Brent Hershey,Manny Pina,2391,FA,UT,3,rel,previously_reserved,,5,2,2,1,3,0,1,1,0.667,0.0,1.4,0,65,0,0,0,0,0
2021,mixed,Brent Hershey,Orlando Arcia,4503,Atl,UT,4,rel,previously_reserved,,9,5,1,1,2,0,2,1,0.273,0.0,0.556,0,0,0,1,3,5,14
2021,mixed,Brent Hershey,Evan White,6194,LAA,UT,0,rel,previously_reserved,,20,8,2,1,2,0,7,3,0.348,0.0,0.4,0,0,30,0,0,0,0
2021,mixed,Brent Hershey,Jose Iglesias,2913,NYM,UT,21,rel,previously_reserved,,62,15,5,0,3,2,12,1,0.27,0.0,0.339,1,0,0,18,0,119,0
2021,mixed,Brent Hershey,Wander Franco,6256,TB,UT,4,act,previously_reserved,"SS,3B",4,1,0,0,0,0,1,1,0.4,0.0,0.5,0,0,0,1,8,63,0
2021,mixed,Brent Hershey,Jean Segura,3177,Bal,CI,8,act,previously_reserved,"3B,2B,MI,CI",24,6,5,1,4,0,7,1,0.5,0.0,0.625,0,0,0,128,0,1,0
2021,mixed,Brent Hershey,Bobby Dalbec,5764,CWS,CI,33,rel,previously_reserved,,53,18,7,1,3,0,19,0,0.264,0.0,0.358,1,0,123,0,14,2,0
2021,mixed,Brent Hershey,Pavin Smith,6109,Ari,CI,32,rel,previously_reserved,,41,10,6,0,8,0,10,0,0.293,0.0,0.341,0,0,54,0,0,0,98
2021,mixed,Brent Hershey,Mauricio Dubon,5380,Hou,CI,9,rel,previously_reserved,,7,4,2,1,1,1,2,0,0.143,0.0,0.571,0,0,0,20,12,21,27
2021,mixed,Brent Hershey,Rougned Odor,4026,NYY,MI,46,rel,previously_reserved,,40,12,4,2,3,0,16,2,0.349,0.0,0.575,0,0,0,74,33,0,0
2021,mixed,Bret Sayre,Joey Votto,345,Tor,1B,6,act,active,"1B,CI",413,120,68,34,88,1,119,73,0.381,0.286,0.576,3,0,123,0,0,0,0
2021,mixed,Bret Sayre,Brendan Rodgers,5254,Hou,2B,1,act,active,"2B,SS,MI",345,88,46,13,46,0,73,14,0.326,0.304,0.484,0,0,0,81,0,26,0
2021,mixed,Bret Sayre,Trea Turner,4555,Phi,SS,45,act,active,"SS,MI,2B",587,145,104,28,77,31,109,39,0.374,0.48,0.538,0,0,0,49,0,98,0
2021,mixed,Bret Sayre,Alex Bregman,4907,Bos,3B,28,act,active,"3B,CI",339,89,53,12,54,1,52,44,0.358,0.136,0.425,0,0,0,0,90,0,0
2021,mixed,Bret Sayre,Mookie Betts,4670,LAD,OF,45,act,active,"UT,OF,2B",455,118,92,23,58,10,82,65,0.369,0.333,0.497,0,0,0,7,0,0,116
2021,mixed,Bret Sayre,Brandon Marsh,6077,Phi,OF,37,act,active,OF,150,42,19,2,17,3,54,10,0.331,0.2,0.407,0,0,0,0,0,0,70
2021,mixed,Bret Sayre,Niko Goodrum,5931,SD,OF,45,act,active,"OF,SS,2B,MI",174,52,23,3,18,11,62,18,0.286,0.381,0.31,1,0,1,9,0,66,15
2021,mixed,Bret Sayre,Willie Calhoun,5692,LAA,OF,1,act,active,"UT,OF",238,68,25,6,24,0,31,19,0.296,0.143,0.374,29,0,0,0,0,0,41
2021,mixed,Bret Sayre,Yordan Alvarez,6185,Hou,OF,15,act,active,OF,524,140,88,32,103,1,143,49,0.346,0.261,0.529,98,0,0,0,0,0,41
2021,mixed,Bret Sayre,J.T. Realmuto,4028,Phi,C,20,act,active,"C,1B,CI",476,134,64,17,73,13,129,48,0.343,0.059,0.439,3,118,16,0,0,0,0
2021,mixed,Bret Sayre,Will Smith,5805,LAD,C,13,act,active,C,414,130,71,25,76,3,101,58,0.365,0.2,0.495,3,117,1,0,1,0,0
2021,mixed,Bret Sayre,Ji-Man Choi,4487,NYM,UT,42,act,active,"1B,CI",244,78,34,11,44,0,85,43,0.343,0.316,0.41,4,0,73,0,0,0,0
2021,mixed,Bret Sayre,Jonathan India,6595,KC,CI,0,act,active,"2B,3B",452,124,88,19,53,10,126,61,0.376,0.364,0.467,0,0,0,148,0,0,0
2021,mixed,Bret Sayre,Jazz Chisholm,6130,NYY,MI,83,act,active,"2B,SS,MI",438,118,65,17,52,22,140,34,0.301,0.286,0.42,0,0,0,91,0,37,0
2021,mixed,Bret Sayre,Brad Miller,4310,SD,1B,21,trd,previously_active,,61,24,8,2,10,2,21,8,0.304,0.0,0.344,3,0,58,14,7,0,20
2021,mixed,Bret Sayre,Brian Anderson,5326,Atl,3B,2,dis,previously_active,"3B,CI",207,61,19,5,23,4,57,24,0.339,0.0,0.362,0,0,0,0,65,1,0
2021,mixed,Bret Sayre,Justin Upton,39,FA,OF,1,dis,previously_active,OF,314,88,47,17,41,4,106,39,0.3,0.0,0.414,1,0,0,0,0,0,87
2021,mixed,Bret Sayre,D.J. Stewart,5315,Pit,OF,24,dis,previously_active,OF,160,57,23,9,21,0,56,25,0.319,0.0,0.419,13,0,0,0,0,0,72
2021,mixed,Bret Sayre,Danny Santana,4232,Bos,OF,24,dis,previously_active,"OF,1B,CI",6,2,0,0,1,0,0,0,0.167,0.0,0.167,2,0,14,0,0,0,19
2021,mixed,Bret Sayre,Jo Adell,6143,LAA,OF,0,dis,previously_active,OF,107,29,15,4,22,1,27,6,0.281,0.0,0.393,0,0,0,0,0,0,35
2021,mixed,Bret Sayre,Taylor Trammell,6079,Hou,OF,141,res,previously_active,OF,99,33,13,5,12,2,52,14,0.261,0.0,0.323,0,0,0,0,0,0,50
2021,mixed,Bret Sayre,Jason Heyward,1968,SD,OF,1,dis,previously_active,OF,194,61,14,4,16,3,47,15,0.248,0.0,0.309,0,0,0,0,0,0,97
2021,mixed,Bret Sayre,Eli White,6872,Atl,UT,24,rel,previously_active,,38,12,4,1,2,0,12,3,0.19,0.0,0.211,1,0,0,3,0,0,59
2021,mixed,Bret Sayre,Josh Fuentes,6707,FA,UT,53,rel,previously_active,,30,8,4,2,7,0,10,0,0.133,0.0,0.333,0,0,32,0,60,0,2
2021,mixed,Bret Sayre,David Dahl,4049,Phi,UT,1,rel,previously_active,,204,62,19,4,18,2,59,10,0.248,0.0,0.324,16,0,0,0,0,0,44
2021,mixed,Bret Sayre,Aledmys Diaz,4500,FA,UT,1,rel,previously_active,,8,2,0,0,1,0,1,0,0.25,0.0,0.375,5,0,12,13,30,9,16
2021,mixed,Bret Sayre,Tommy La Stella,4099,FA,CI,1,rel,previously_active,,89,33,9,1,7,0,10,8,0.32,0.0,0.371,2,0,0,54,5,0,0
2021,mixed,Bret Sayre,Brian Anderson,5326,Atl,3B,2,dis,reserved,"3B,CI",26,7,5,2,5,1,8,2,0.321,0.0,0.5,0,0,0,0,65,1,0
2021,mixed,Bret Sayre,Taylor Trammell,6079,Hou,OF,141,res,reserved,OF,57,18,10,3,6,0,23,3,0.246,0.0,0.421,0,0,0,0,0,0,50
2021,mixed,Bret Sayre,Jason Heyward,1968,SD,OF,1,dis,reserved,OF,129,43,21,4,14,2,21,12,0.329,0.0,0.403,0,0,0,0,0,0,97
2021,mixed,Bret Sayre,Jo Adell,6143,LAA,OF,0,dis,reserved,OF,23,6,2,0,4,1,5,2,0.36,0.0,0.478,0,0,0,0,0,0,35
2021,mixed,Bret Sayre,Kyle Lewis,5726,FA,OF,0,dis,reserved,OF,0,0,0,0,0,0,0,0,0.0,0.0,0.0,2,0,0,0,0,0,34
2021,mixed,Bret Sayre,Danny Santana,4232,Bos,OF,24,dis,reserved,"OF,1B,CI",20,7,5,2,4,1,5,3,0.348,0.0,0.6,2,0,14,0,0,0,19
2021,mixed,Bret Sayre,D.J. Stewart,5315,Pit,OF,24,dis,reserved,OF,82,34,11,2,8,0,25,14,0.32,0.0,0.28,13,0,0,0,0,0,72
2021,mixed,Bret Sayre,Justin Upton,39,FA,OF,1,dis,reserved,OF,4,1,0,0,0,0,1,0,0.0,0.0,0.0,1,0,0,0,0,0,87
2021,mixed,Bret Sayre,Brad Miller,4310,SD,1B,21,trd,previously_reserved,,20,8,6,2,4,1,6,2,0.455,0.0,0.85,3,0,58,14,7,0,20
2021,mixed,Bret Sayre,Joey Votto,345,Tor,1B,6,act,previously_reserved,"1B,CI",35,9,5,2,11,0,8,4,0.308,0.0,0.4,3,0,123,0,0,0,0
2021,mixed,Bret Sayre,Brendan Rodgers,5254,Hou,2B,1,act,previously_reserved,"2B,SS,MI",42,14,3,2,5,0,11,5,0.34,0.0,0.357,0,0,0,81,0,26,0
2021,mixed,Bret Sayre,Trea Turner,4555,Phi,SS,45,act,previously_reserved,"SS,MI,2B",8,3,3,0,0,1,1,2,0.4,0.0,0.375,0,0,0,49,0,98,0
2021,mixed,Bret Sayre,Alex Bregman,4907,Bos,3B,28,act,previously_reserved,"3B,CI",9,2,1,0,1,0,1,0,0.222,0.0,0.333,0,0,0,0,90,0,0
2021,mixed,Bret Sayre,Carter Kieboom,5799,LAA,3B,0,rel,previously_reserved,,1,2,0,0,0,0,1,1,0.5,0.0,0.0,0,0,0,0,60,0,0
2021,mixed,Bret Sayre,Mookie Betts,4670,LAD,OF,45,act,previously_reserved,"UT,OF,2B",11,4,1,0,0,0,4,3,0.286,0.0,0.091,0,0,0,7,0,0,116
2021,mixed,Bret Sayre,Willie Calhoun,5692,LAA,OF,1,act,previously_reserved,"UT,OF",22,7,1,0,1,0,3,2,0.458,0.0,0.455,29,0,0,0,0,0,41
2021,mixed,Bret Sayre,Niko Goodrum,5931,SD,OF,45,act,previously_reserved,"OF,SS,2B,MI",42,16,6,2,9,1,12,5,0.354,0.0,0.452,1,0,1,9,0,66,15
2021,mixed,Bret Sayre,Yordan Alvarez,6185,Hou,OF,15,act,previously_reserved,OF,13,4,4,1,1,0,2,1,0.357,0.0,0.615,98,0,0,0,0,0,41
2021,mixed,Bret Sayre,David Dahl,4049,Phi,UT,1,rel,previously_reserved,,1,1,0,0,0,0,0,0,0.0,0.0,0.0,16,0,0,0,0,0,44
2021,mixed,Bret Sayre,Josh Fuentes,6707,FA,UT,53,rel,previously_reserved,,25,8,2,0,2,0,6,0,0.2,0.0,0.24,0,0,32,0,60,0,2
2021,mixed,Bret Sayre,Ji-Man Choi,4487,NYM,UT,42,act,previously_reserved,"1B,CI",10,4,1,0,0,0,2,2,0.333,0.0,0.2,4,0,73,0,0,0,0
2021,mixed,Bret Sayre,Jonathan India,6595,KC,CI,0,act,previously_reserved,"2B,3B",80,26,10,2,16,2,15,10,0.375,0.0,0.412,0,0,0,148,0,0,0
2021,mixed,Bret Sayre,Tommy La Stella,4099,FA,CI,1,rel,previously_reserved,,34,11,3,1,4,0,5,3,0.27,0.0,0.294,2,0,0,54,5,0,0
2021,mixed,Bret Sayre,Jazz Chisholm,6130,NYY,MI,83,act,previously_reserved,"2B,SS,MI",26,7,5,1,1,1,5,0,0.346,0.0,0.5,0,0,0,91,0,37,0
2021,mixed,Eric Karabell,Jose Abreu,4038,FA,1B,21,act,active,"1B,CI",566,152,86,30,117,1,143,61,0.351,0.304,0.481,18,0,135,0,1,0,0
2021,mixed,Eric Karabell,David Fletcher,6027,Atl,2B,1,act,active,"2B,SS,CI,3B,MI",447,114,50,2,31,12,38,24,0.301,0.227,0.336,0,0,0,142,0,20,0
2021,mixed,Eric Karabell,Chris Taylor,4604,LAD,SS,9,act,active,"OF,SS,2B,MI,3B",507,148,92,20,73,13,167,63,0.344,0.429,0.438,0,0,0,46,11,23,89
2021,mixed,Eric Karabell,Ty France,6723,Min,3B,4,act,active,"1B,2B,3B,CI,MI",549,146,83,18,70,0,102,45,0.372,0.429,0.454,26,0,106,21,5,0,0
2021,mixed,Eric Karabell,Jake Meyers,7399,Hou,OF,51,act,active,OF,84,28,14,3,16,2,29,7,0.309,0.375,0.381,2,0,0,0,0,0,44
2021,mixed,Eric Karabell,Starling Marte,2908,NYM,OF,28,act,active,OF,461,118,89,12,55,47,97,41,0.379,0.286,0.453,0,0,0,0,0,0,119
2021,mixed,Eric Karabell,Dylan Carlson,6519,Bal,OF,10,act,active,OF,521,143,76,17,63,2,146,54,0.34,0.5,0.438,0,0,0,0,0,0,145
2021,mixed,Eric Karabell,Alex Verdugo,4948,FA,OF,15,act,active,OF,544,146,88,13,63,6,96,51,0.351,0.278,0.426,1,0,0,0,0,0,143
2021,mixed,Eric Karabell,Trent Grisham,5285,NYY,OF,23,act,active,OF,446,127,58,13,59,13,114,51,0.323,0.333,0.401,0,0,0,0,0,0,127
2021,mixed,Eric Karabell,Francisco Mejia,4850,Mil,C,1,act,active,C,219,73,27,4,29,0,43,13,0.312,0.615,0.411,4,76,2,0,0,0,0
2021,mixed,Eric Karabell,Austin Nola,4740,Col,C,3,act,active,C,163,52,15,2,29,0,16,12,0.352,0.0,0.399,0,48,1,4,0,0,0
2021,mixed,Eric Karabell,Franmil Reyes,5308,FA,UT,8,act,active,OF,409,113,57,30,85,4,144,43,0.324,0.3,0.526,103,0,0,0,0,0,11
2021,mixed,Eric Karabell,Dominic Smith,4549,NYY,CI,4,act,active,"1B,OF,CI",446,146,43,11,58,2,112,32,0.304,0.273,0.363,2,0,15,0,0,0,115
2021,mixed,Eric Karabell,Tommy Edman,6447,LAD,MI,9,act,active,"2B,OF,MI,3B,CI,SS",641,159,91,11,56,30,95,38,0.308,0.278,0.387,0,0,0,130,0,4,41
2021,mixed,Eric Karabell,Wilmer Flores,2527,SF,2B,0,rel,previously_active,,22,8,2,1,2,1,5,3,0.36,0.0,0.409,4,0,34,30,58,0,0
2021,mixed,Eric Karabell,Whit Merrifield,4419,Atl,2B,27,trd,previously_active,,153,40,24,4,24,12,18,14,0.326,0.0,0.405,2,0,0,149,0,0,20
2021,mixed,Eric Karabell,Anthony Rendon,3205,LAA,3B,33,dis,previously_active,"3B,CI",206,55,22,6,34,0,37,28,0.335,0.0,0.398,1,0,0,0,57,0,0
2021,mixed,Eric Karabell,Adam Eaton,3588,FA,OF,0,rel,previously_active,,112,36,19,2,17,2,30,14,0.289,0.0,0.304,0,0,1,0,0,0,80
2021,mixed,Eric Karabell,Daulton Varsho,6326,Tor,C,5,rel,previously_active,,32,14,2,0,1,0,11,3,0.171,0.0,0.094,0,41,0,0,0,0,49
2021,mixed,Eric Karabell,Tyler Stephenson,5388,Cin,C,1,rel,previously_active,,22,8,3,0,1,0,5,0,0.364,0.0,0.455,0,78,23,0,0,0,1
2021,mixed,Eric Karabell,Ryan Jeffers,7271,Min,C,5,rel,previously_active,,21,7,3,0,1,0,12,2,0.261,0.0,0.19,0,84,0,0,0,0,0
2021,mixed,Eric Karabell,Austin Barnes,4739,LAD,C,2,res,previously_active,"C,2B",52,20,9,2,3,0,16,5,0.317,0.0,0.365,1,52,0,7,0,0,0
2021,mixed,Eric Karabell,Danny Santana,4232,Bos,UT,69,rel,previously_active,,6,3,0,0,1,0,3,1,0.286,0.0,0.5,2,0,14,0,0,0,19
2021,mixed,Eric Karabell,Willy Adames,5094,SF,MI,80,rel,previously_active,,317,86,51,17,49,4,92,40,0.373,0.0,0.533,2,0,0,0,0,136,0
2021,mixed,Eric Karabell,Brad Miller,4310,SD,1B,21,res,reserved,"1B,3B,OF,CI,2B",211,90,33,14,30,0,69,33,0.31,0.375,0.445,3,0,58,14,7,0,20
2021,mixed,Eric Karabell,Anthony Rendon,3205,LAA,3B,33,dis,reserved,"3B,CI",11,3,2,0,0,0,4,1,0.231,0.0,0.091,1,0,0,0,57,0,0
2021,mixed,Eric Karabell,Austin Barnes,4739,LAD,C,2,res,reserved,"C,2B",61,25,9,2,6,1,15,2,0.222,0.2,0.311,1,52,0,7,0,0,0
2021,mixed,Eric Karabell,Wilmer Flores,2527,SF,2B,0,rel,previously_reserved,,91,37,12,2,14,0,13,10,0.311,0.0,0.352,4,0,34,30,58,0,0
2021,mixed,Eric Karabell,David Fletcher,6027,Atl,2B,1,act,previously_reserved,"2B,SS,CI,3B,MI",19,6,3,0,3,1,2,2,0.429,0.0,0.474,0,0,0,142,0,20,0
2021,mixed,Eric Karabell,Ty France,6723,Min,3B,4,act,previously_reserved,"1B,2B,3B,CI,MI",22,6,2,0,3,0,4,1,0.25,0.0,0.227,26,0,106,21,5,0,0
2021,mixed,Eric Karabell,Dylan Carlson,6519,Bal,OF,10,act,previously_reserved,OF,21,6,3,1,2,0,6,3,0.407,0.0,0.429,0,0,0,0,0,0,145
2021,mixed,Eric Karabell,Trent Grisham,5285,NYY,OF,23,act,previously_reserved,OF,16,5,3,2,3,0,5,3,0.421,0.0,0.75,0,0,0,0,0,0,127
2021,mixed,Eric Karabell,Starling Marte,2908,NYM,OF,28,act,previously_reserved,OF,6,2,0,0,0,0,2,2,0.5,0.0,0.667,0,0,0,0,0,0,119
2021,mixed,Eric Karabell,Adam Eaton,3588,FA,OF,0,rel,previously_reserved,,132,43,19,4,13,1,38,7,0.285,0.0,0.371,0,0,1,0,0,0,80
2021,mixed,Eric Karabell,Jake Meyers,7399,Hou,OF,51,act,previously_reserved,OF,18,6,0,0,1,0,7,1,0.263,0.0,0.278,2,0,0,0,0,0,44
2021,mixed,Eric Karabell,Tyler Stephenson,5388,Cin,C,1,rel,previously_reserved,,40,16,4,1,3,0,10,6,0.319,0.0,0.325,0,78,23,0,0,0,1
2021,mixed,Eric Karabell,Daulton Varsho,6326,Tor,C,5,rel,previously_reserved,,9,5,4,0,1,0,1,0,0.444,0.0,0.778,0,41,0,0,0,0,49
2021,mixed,Eric Karabell,Austin Nola,4740,Col,C,3,act,previously_reserved,C,10,4,0,0,0,0,3,2,0.167,0.0,0.0,0,48,1,4,0,0,0
2021,mixed,Eric Karabell,Francisco Mejia,4850,Mil,C,1,act,previously_reserved,C,28,9,4,2,5,0,6,3,0.382,0.0,0.464,4,76,2,0,0,0,0
2021,mixed,Eric Karabell,Danny Santana,4232,Bos,UT,69,rel,previously_reserved,,32,11,2,0,0,0,8,2,0.118,0.0,0.062,2,0,14,0,0,0,19
2021,mixed,Eric Karabell,Franmil Reyes,5308,FA,UT,8,act,previously_reserved,OF,9,2,0,0,0,0,5,0,0.333,0.0,0.333,103,0,0,0,0,0,11
2021,mixed,Eric Karabell,Willy Adames,5094,SF,MI,80,rel,previously_reserved,,22,6,5,2,6,0,6,3,0.308,0.0,0.5,2,0,0,0,0,136,0
2021,mixed,Ian Kahn,Vladimir Guerrero Jr.,5275,Tor,1B,26,act,active,"1B,CI",604,161,123,48,111,4,110,86,0.401,0.308,0.601,28,0,133,0,1,0,0
2021,mixed,Ian Kahn,Jonathan Schoop,4005,FA,2B,0,act,active,"2B,MI,1B",487,119,73,20,73,2,96,30,0.34,0.321,0.474,15,0,114,38,1,0,0
2021,mixed,Ian Kahn,Gleyber Torres,4619,Det,SS,56,act,active,"2B,SS,MI",44,12,8,2,6,0,9,5,0.388,0.333,0.523,0,0,0,19,0,108,0
2021,mixed,Ian Kahn,Josh Donaldson,2107,FA,3B,14,act,active,"3B,CI",435,126,71,25,68,0,106,70,0.351,0.423,0.478,34,0,0,0,92,0,0
2021,mixed,Ian Kahn,Byron Buxton,4014,Min,OF,12,act,active,OF,215,56,48,18,30,9,54,12,0.373,0.481,0.674,0,0,0,0,0,0,60
2021,mixed,Ian Kahn,Jarred Kelenic,6602,Atl,OF,8,act,active,OF,274,77,33,11,32,6,83,31,0.262,0.417,0.332,0,0,0,0,0,0,93
2021,mixed,Ian Kahn,Yoshitomo Tsutsugo,6952,FA,OF,41,act,active,"1B,OF,3B,CI",109,32,14,1,13,0,33,14,0.339,0.259,0.33,9,0,31,0,0,0,30
2021,mixed,Ian Kahn,Jared Walsh,6822,CWS,OF,2,act,active,"1B,OF,CI",530,144,70,29,98,2,152,48,0.34,0.462,0.509,0,0,128,0,0,0,18
2021,mixed,Ian Kahn,Joey Gallo,4121,CWS,OF,15,act,active,"UT,OF",498,153,90,38,77,6,213,111,0.351,0.211,0.458,14,0,0,0,0,0,138
2021,mixed,Ian Kahn,Gary Sanchez,3259,Bal,C,12,act,active,C,383,117,54,23,54,0,121,52,0.307,0.235,0.423,5,110,0,0,0,0,0
2021,mixed,Ian Kahn,Max Stassi,3002,SF,C,0,act,active,C,12,3,1,1,2,0,5,0,0.083,0.083,0.333,0,86,0,0,0,0,0
2021,mixed,Ian Kahn,LaMonte Wade,5773,SF,UT,31,act,active,"1B,OF",166,55,23,6,26,3,44,14,0.31,0.167,0.428,0,0,31,0,0,0,80
2021,mixed,Ian Kahn,Nate Lowe,6652,Was,CI,0,act,active,"1B,CI",353,103,46,9,35,3,106,58,0.343,0.375,0.368,8,0,148,0,1,0,0
2021,mixed,Ian Kahn,J.P. Crawford,4534,Sea,MI,22,act,active,"SS,MI",432,106,66,8,37,1,74,37,0.335,0.464,0.396,0,0,0,0,0,160,0
2021,mixed,Ian Kahn,Gavin Lux,6141,Cin,2B,9,trd,previously_active,,64,19,6,0,6,1,15,3,0.261,0.0,0.312,0,0,0,27,1,59,17
2021,mixed,Ian Kahn,David Fletcher,6027,Atl,2B,1,trd,previously_active,,160,37,21,0,13,2,20,5,0.271,0.0,0.275,0,0,0,142,0,20,0
2021,mixed,Ian Kahn,Miguel Rojas,4814,LAD,SS,0,res,previously_active,"SS,MI",439,117,61,8,42,11,65,31,0.328,0.0,0.403,0,0,0,0,0,128,0
2021,mixed,Ian Kahn,Freddy Galvis,3005,FA,SS,1,rel,previously_active,,161,45,24,6,20,0,34,11,0.303,0.0,0.404,0,0,1,2,19,82,0
2021,mixed,Ian Kahn,Kyle Lewis,5726,FA,OF,12,rel,previously_active,,68,20,10,2,6,2,23,11,0.35,0.0,0.353,2,0,0,0,0,0,34
2021,mixed,Ian Kahn,Connor Joe,5311,SD,OF,19,dis,previously_active,"OF,1B",80,23,14,3,13,0,19,15,0.39,0.0,0.425,3,0,14,0,0,0,32
2021,mixed,Ian Kahn,Brent Rooker,6204,Oak,OF,11,rel,previously_active,,26,6,2,0,1,0,7,2,0.179,0.0,0.231,10,0,0,0,0,0,45
2021,mixed,Ian Kahn,Aaron Hicks,2591,FA,OF,7,rel,previously_active,,106,31,13,4,13,0,29,14,0.301,0.0,0.34,0,0,0,0,0,0,32
2021,mixed,Ian Kahn,Adam Engel,4816,FA,OF,13,rel,previously_active,,53,17,7,1,5,5,15,8,0.365,0.0,0.377,1,0,0,0,0,0,37
2021,mixed,Ian Kahn,Yadiel Hernandez,5664,FA,OF,13,trd,previously_active,,16,5,0,0,0,0,6,0,0.125,0.0,0.125,0,0,0,0,0,0,61
2021,mixed,Ian Kahn,Austin Slater,6014,CWS,OF,93,trd,previously_active,,20,7,2,0,0,1,7,1,0.238,0.0,0.2,1,0,0,0,0,0,118
2021,mixed,Ian Kahn,Miguel Andujar,5142,Oak,OF,5,dis,previously_active,"OF,3B,CI",58,16,11,5,7,0,9,4,0.302,0.0,0.517,0,0,2,0,4,0,37
2021,mixed,Ian Kahn,Kevin Pillar,4578,Tex,OF,18,rel,previously_active,,76,26,9,3,8,0,21,4,0.235,0.0,0.355,0,0,0,0,0,0,108
2021,mixed,Ian Kahn,Bradley Zimmer,4122,FA,OF,44,rel,previously_active,,81,27,9,1,9,3,32,11,0.361,0.0,0.346,1,0,0,0,0,0,97
2021,mixed,Ian Kahn,Billy Hamilton,3576,FA,OF,5,rel,previously_active,,8,5,0,0,2,0,1,0,0.222,0.0,0.5,1,0,0,0,0,0,67
2021,mixed,Ian Kahn,Daz Cameron,4914,Bal,OF,120,rel,previously_active,,15,5,2,0,0,1,6,2,0.176,0.0,0.067,2,0,0,0,0,0,33
2021,mixed,Ian Kahn,Mitch Haniger,4480,Sea,OF,2,trd,previously_active,,89,22,17,5,17,0,22,6,0.33,0.0,0.562,34,0,0,0,0,0,123
2021,mixed,Ian Kahn,Leury Garcia,4245,Atl,OF,13,rel,previously_active,,5,2,1,0,0,0,1,2,0.375,0.0,0.0,0,0,0,36,11,19,65
2021,mixed,Ian Kahn,Brian Goodwin,3779,CWS,OF,23,rel,previously_active,,62,19,9,4,11,0,15,7,0.319,0.0,0.468,2,0,0,0,0,0,68
2021,mixed,Ian Kahn,Steven Duggar,6013,FA,OF,41,rel,previously_active,,17,6,1,0,0,1,10,1,0.222,0.0,0.176,0,0,0,0,0,0,94
2021,mixed,Ian Kahn,Hunter Renfroe,4558,KC,OF,32,trd,previously_active,,25,7,3,1,2,0,5,0,0.24,0.0,0.44,1,0,0,0,0,0,142
2021,mixed,Ian Kahn,Kyle Higashioka,3107,Tex,C,3,rel,previously_active,,19,5,1,1,3,0,9,2,0.136,0.0,0.211,0,66,0,0,0,0,0
2021,mixed,Ian Kahn,Jonah Heim,5632,Tex,C,13,rel,previously_active,,9,4,0,0,0,0,1,0,0.333,0.0,0.333,2,78,0,0,0,0,0
2021,mixed,Ian Kahn,Travis D'Arnaud,2621,LAA,C,11,rel,previously_active,,82,23,5,2,11,0,20,4,0.253,0.0,0.341,1,57,0,0,0,0,0
2021,mixed,Ian Kahn,Mike Zunino,4012,FA,C,64,rel,previously_active,,225,74,41,21,40,0,89,24,0.302,0.0,0.547,0,105,0,0,0,0,0
2021,mixed,Ian Kahn,Andrew Knizner,6049,Was,C,13,trd,previously_active,,12,4,1,0,0,0,6,0,0.083,0.0,0.083,0,57,1,0,0,0,0
2021,mixed,Ian Kahn,Danny Jansen,5332,TB,C,3,trd,previously_active,,14,5,2,0,1,0,4,2,0.312,0.0,0.286,0,69,0,0,0,0,0
2021,mixed,Ian Kahn,Yandy Diaz,5735,TB,UT,18,res,previously_active,"1B,3B,CI",46,13,8,3,6,0,11,4,0.314,0.0,0.522,5,0,81,1,58,0,0
2021,mixed,Ian Kahn,Pavin Smith,6109,Ari,UT,0,rel,previously_active,,93,27,13,1,9,0,19,8,0.376,0.0,0.441,0,0,54,0,0,0,98
2021,mixed,Ian Kahn,Luis Robert,5725,CWS,UT,21,rel,previously_active,,95,25,11,1,8,4,28,7,0.359,0.0,0.463,1,0,0,0,0,0,67
2021,mixed,Ian Kahn,Daniel Vogelbach,4058,FA,UT,18,trd,previously_active,,16,6,1,0,3,0,4,4,0.4,0.0,0.375,3,0,59,0,0,0,0
2021,mixed,Ian Kahn,Brett Gardner,1038,FA,UT,1,rel,previously_active,,11,5,0,0,0,0,5,1,0.167,0.0,0.091,0,0,0,0,0,0,136
2021,mixed,Ian Kahn,Albert Pujols,1411,StL,UT,12,rel,previously_active,,28,7,1,1,2,0,5,0,0.172,0.0,0.25,2,0,76,0,1,0,0
2021,mixed,Ian Kahn,Elvis Andrus,1543,FA,UT,21,rel,previously_active,,126,32,16,2,11,3,21,5,0.271,0.0,0.349,0,0,0,0,0,143,0
2021,mixed,Ian Kahn,Patrick Wisdom,4570,FA,CI,133,res,previously_active,"1B,CI,OF,3B",176,55,29,13,25,1,83,22,0.296,0.0,0.449,0,0,13,0,77,0,18
2021,mixed,Ian Kahn,Evan Longoria,1489,FA,CI,42,trd,previously_active,,64,21,12,2,7,0,14,9,0.37,0.0,0.484,0,0,0,0,78,0,0
2021,mixed,Ian Kahn,Darin Ruf,4191,FA,CI,16,rel,previously_active,,10,3,1,1,3,0,4,1,0.455,0.0,0.9,2,0,44,0,0,0,36
2021,mixed,Ian Kahn,Kevin Newman,5393,LAA,MI,0,rel,previously_active,,4,1,0,0,0,0,0,0,0.0,0.0,0.0,0,0,0,15,0,132,0
2021,mixed,Ian Kahn,Chad Pinder,5441,Atl,MI,7,rel,previously_active,,17,5,6,1,1,0,1,2,0.368,0.0,0.588,2,0,0,7,6,8,55
2021,mixed,Ian Kahn,Miguel Rojas,4814,LAD,SS,0,res,reserved,"SS,MI",56,16,5,1,6,2,9,6,0.274,0.235,0.304,0,0,0,0,0,128,0
2021,mixed,Ian Kahn,Miguel Andujar,5142,Oak,OF,5,dis,reserved,"OF,3B,CI",87,26,8,1,5,0,18,3,0.3,0.0,0.333,0,0,2,0,4,0,37
2021,mixed,Ian Kahn,Connor Joe,5311,SD,OF,19,dis,reserved,"OF,1B",0,0,0,0,0,0,0,0,0.0,0.0,0.0,3,0,14,0,0,0,32
2021,mixed,Ian Kahn,Yandy Diaz,5735,TB,UT,18,res,reserved,"1B,3B,CI",127,37,14,4,24,1,22,12,0.324,0.308,0.409,5,0,81,1,58,0,0
2021,mixed,Ian Kahn,Patrick Wisdom,4570,FA,CI,133,res,reserved,"1B,CI,OF,3B",128,38,16,8,26,2,57,8,0.281,0.0,0.461,0,0,13,0,77,0,18
2021,mixed,Ian Kahn,Gavin Lux,6141,Cin,2B,9,trd,previously_reserved,,22,6,0,0,2,0,9,2,0.208,0.0,0.136,0,0,0,27,1,59,17
2021,mixed,Ian Kahn,Freddy Galvis,3005,FA,SS,1,rel,previously_reserved,,16,5,2,2,3,0,3,1,0.444,0.0,0.812,0,0,1,2,19,82,0
2021,mixed,Ian Kahn,Josh Donaldson,2107,FA,3B,14,act,previously_reserved,"3B,CI",22,9,2,1,4,0,8,4,0.37,0.0,0.409,34,0,0,0,92,0,0
2021,mixed,Ian Kahn,Austin Slater,6014,CWS,OF,93,trd,previously_reserved,,7,4,4,2,4,1,2,2,0.556,0.0,1.29,1,0,0,0,0,0,118
2021,mixed,Ian Kahn,Adam Engel,4816,FA,OF,13,rel,previously_reserved,,19,6,3,1,2,0,6,1,0.25,0.0,0.474,1,0,0,0,0,0,37
2021,mixed,Ian Kahn,Aaron Hicks,2591,FA,OF,7,rel,previously_reserved,,2,1,0,0,1,0,1,0,0.0,0.0,0.0,0,0,0,0,0,0,32
2021,mixed,Ian Kahn,Kevin Pillar,4578,Tex,OF,18,rel,previously_reserved,,58,19,8,3,10,0,13,2,0.267,0.0,0.448,0,0,0,0,0,0,108
2021,mixed,Ian Kahn,Byron Buxton,4014,Min,OF,12,act,previously_reserved,OF,20,5,2,1,2,0,8,1,0.19,0.0,0.35,0,0,0,0,0,0,60
2021,mixed,Ian Kahn,Jarred Kelenic,6602,Atl,OF,8,act,previously_reserved,OF,63,16,8,3,11,0,23,5,0.279,0.0,0.429,0,0,0,0,0,0,93
2021,mixed,Ian Kahn,Bradley Zimmer,4122,FA,OF,44,rel,previously_reserved,,131,42,18,4,12,5,57,12,0.275,0.0,0.305,1,0,0,0,0,0,97
2021,mixed,Ian Kahn,Steven Duggar,6013,FA,OF,41,rel,previously_reserved,,19,7,8,2,5,2,2,4,0.565,0.0,1.0,0,0,0,0,0,0,94
2021,mixed,Ian Kahn,Brian Goodwin,3779,CWS,OF,23,rel,previously_reserved,,20,6,2,0,1,0,5,2,0.273,0.0,0.2,2,0,0,0,0,0,68
2021,mixed,Ian Kahn,Leury Garcia,4245,Atl,OF,13,rel,previously_reserved,,19,6,1,0,0,0,6,2,0.227,0.0,0.158,0,0,0,36,11,19,65
2021,mixed,Ian Kahn,Jonah Heim,5632,Tex,C,13,rel,previously_reserved,,20,10,1,0,0,0,6,2,0.227,0.0,0.2,2,78,0,0,0,0,0
2021,mixed,Ian Kahn,Pavin Smith,6109,Ari,UT,0,rel,previously_reserved,,35,10,2,2,4,0,10,4,0.282,0.0,0.371,0,0,54,0,0,0,98
2021,mixed,Ian Kahn,LaMonte Wade,5773,SF,UT,31,act,previously_reserved,"1B,OF",22,5,4,0,3,0,8,2,0.292,0.0,0.227,0,0,31,0,0,0,80
2021,mixed,Ian Kahn,Brett Gardner,1038,FA,UT,1,rel,previously_reserved,,14,7,1,1,1,1,4,5,0.368,0.0,0.429,0,0,0,0,0,0,136
2021,mixed,Ian Kahn,Elvis Andrus,1543,FA,UT,21,rel,previously_reserved,,99,29,11,0,8,2,19,8,0.291,0.0,0.263,0,0,0,0,0,143,0
2021,mixed,Ian Kahn,Garrett Cooper,6182,Atl,CI,4,rel,previously_reserved,,46,16,4,0,4,0,18,4,0.264,0.0,0.174,2,0,19,0,0,0,41
2021,mixed,Ian Kahn,Nate Lowe,6652,Was,CI,0,act,previously_reserved,"1B,CI",68,18,11,2,12,1,15,4,0.397,0.0,0.529,8,0,148,0,1,0,0
2021,mixed,Ian Kahn,Rowdy Tellez,4892,Sea,CI,0,rel,previously_reserved,,57,17,5,1,3,0,13,1,0.22,0.0,0.281,19,0,65,0,0,0,0
2021,mixed,Ian Kahn,Evan Longoria,1489,FA,CI,42,trd,previously_reserved,,14,6,2,0,3,0,6,4,0.389,0.0,0.286,0,0,0,0,78,0,0
2021,mixed,Ian Kahn,J.P. Crawford,4534,Sea,MI,22,act,previously_reserved,"SS,MI",52,13,5,0,3,1,14,7,0.39,0.0,0.365,0,0,0,0,0,160,0
2021,mixed,Ian Kahn,Chad Pinder,5441,Atl,MI,7,rel,previously_reserved,,13,4,2,0,2,0,3,2,0.375,0.0,0.308,2,0,0,7,6,8,55
2021,mixed,Ian Kahn,Kevin Newman,5393,LAA,MI,0,rel,previously_reserved,,52,14,3,0,2,0,3,2,0.222,0.0,0.231,0,0,0,15,0,132,0
2021,mixed,Derek VanRiper,Colin Moran,4435,Sea,1B,0,act,active,"1B,CI",306,95,29,10,49,1,83,35,0.338,0.345,0.392,3,0,84,0,1,0,0
2021,mixed,Derek VanRiper,Josh Harrison,3747,Cin,2B,57,act,active,"3B,2B,OF,MI,SS,CI",160,42,17,1,20,2,24,6,0.295,0.077,0.331,0,0,0,102,23,8,22
2021,mixed,Derek VanRiper,Carlos Correa,4010,Min,SS,12,act,active,"SS,MI",555,148,104,26,92,0,116,75,0.366,0.421,0.485,0,0,0,0,0,148,0
2021,mixed,Derek VanRiper,Jose Ramirez,4602,Cle,3B,44,act,active,"3B,CI",552,152,111,36,103,27,87,72,0.355,0.273,0.538,19,0,0,0,133,0,0
2021,mixed,Derek VanRiper,Avisail Garcia,3485,FA,OF,0,act,active,OF,279,82,40,18,54,4,70,22,0.342,0.214,0.513,0,0,0,0,0,0,122
2021,mixed,Derek VanRiper,Yadiel Hernandez,5664,FA,OF,11,act,active,OF,190,68,25,7,28,1,36,17,0.341,0.333,0.442,0,0,0,0,0,0,61
2021,mixed,Derek VanRiper,Kyle Schwarber,4901,Phi,OF,9,act,active,"OF,1B",369,106,73,31,69,1,119,63,0.38,0.545,0.561,14,0,10,0,0,0,87
2021,mixed,Derek VanRiper,Harrison Bader,5366,Min,OF,0,act,active,OF,333,94,40,13,40,6,77,22,0.329,0.25,0.462,0,0,0,0,0,0,103
2021,mixed,Derek VanRiper,J.D. Davis,5453,LAA,OF,1,act,active,"3B,OF,CI",145,62,12,1,13,1,57,22,0.364,0.0,0.345,1,0,0,0,50,0,0
2021,mixed,Derek VanRiper,Buster Posey,2187,SF,C,2,act,active,C,395,113,68,18,56,0,87,56,0.39,0.478,0.499,1,106,0,0,0,0,0
2021,mixed,Derek VanRiper,James McCann,3906,Bal,C,5,act,active,"C,1B",372,120,29,10,46,1,114,32,0.296,0.263,0.352,1,107,6,0,0,0,0
2021,mixed,Derek VanRiper,Jurickson Profar,3198,Atl,UT,0,act,active,"OF,2B,MI,1B",252,86,38,2,21,8,51,35,0.317,0.273,0.29,0,0,20,10,0,0,81
2021,mixed,Derek VanRiper,Frank Schwindel,6357,FA,CI,11,act,active,1B,153,36,33,9,25,2,23,10,0.378,0.321,0.595,8,0,52,0,0,0,0
2021,mixed,Derek VanRiper,Edmundo Sosa,5463,Phi,MI,22,act,active,"2B,SS,3B",59,18,6,1,6,0,17,3,0.312,0.25,0.339,0,0,0,25,9,71,1
2021,mixed,Derek VanRiper,Andrew Vaughn,6905,CWS,1B,4,res,previously_active,"1B,OF",305,93,35,11,31,1,75,31,0.301,0.0,0.38,6,0,15,1,2,0,107
2021,mixed,Derek VanRiper,Michael Chavis,5112,CWS,2B,0,rel,previously_active,,13,6,2,0,2,0,4,0,0.133,0.0,0.077,0,0,9,29,4,0,1
2021,mixed,Derek VanRiper,Keston Hiura,6100,Col,2B,17,res,previously_active,"1B,2B,MI",160,56,16,4,18,2,72,13,0.265,0.0,0.319,0,0,49,7,0,0,1
2021,mixed,Derek VanRiper,Francisco Lindor,3668,NYM,SS,29,trd,previously_active,,193,52,29,5,13,4,37,23,0.305,0.0,0.342,0,0,0,0,0,125,0
2021,mixed,Derek VanRiper,Trevor Larnach,6611,Min,OF,57,rel,previously_active,,245,74,29,7,27,1,99,29,0.326,0.0,0.367,0,0,0,0,0,0,77
2021,mixed,Derek VanRiper,Guillermo Heredia,5329,FA,OF,0,rel,previously_active,,22,7,2,0,1,0,7,0,0.182,0.0,0.182,0,0,0,0,0,0,111
2021,mixed,Derek VanRiper,Matt Beaty,6433,FA,OF,57,trd,previously_active,,39,18,8,2,8,0,9,3,0.286,0.0,0.41,2,0,21,0,5,0,46
2021,mixed,Derek VanRiper,Mauricio Dubon,5380,Hou,OF,1,rel,previously_active,,10,5,0,0,0,0,4,2,0.25,0.0,0.1,0,0,0,20,12,21,27
2021,mixed,Derek VanRiper,Mike Trout,2844,LAA,OF,51,dis,previously_active,OF,117,36,23,8,18,2,41,27,0.466,0.0,0.624,0,0,0,0,0,0,36
2021,mixed,Derek VanRiper,Derek Hill,5097,Mia,OF,57,res,previously_active,OF,20,6,2,1,3,0,7,1,0.19,0.0,0.3,2,0,0,0,0,0,45
2021,mixed,Derek VanRiper,Jesus Sanchez,6068,Mia,OF,57,rel,previously_active,,61,18,5,2,7,0,15,5,0.343,0.0,0.459,0,0,0,0,0,0,62
2021,mixed,Derek VanRiper,Zach McKinstry,7128,Det,OF,0,rel,previously_active,,105,40,12,3,12,1,34,8,0.254,0.0,0.324,0,0,0,20,12,0,36
2021,mixed,Derek VanRiper,Ramon Laureano,5858,Bal,OF,5,rel,previously_active,,336,87,42,13,38,12,97,27,0.319,0.0,0.437,5,0,0,0,0,0,83
2021,mixed,Derek VanRiper,Nick Senzel,5674,CWS,OF,7,rel,previously_active,,111,36,18,1,8,2,16,12,0.323,0.0,0.315,0,0,0,8,3,0,29
2021,mixed,Derek VanRiper,Robinson Chirinos,3011,Bal,C,3,rel,previously_active,,28,8,4,0,5,0,10,1,0.258,0.0,0.286,1,27,0,2,0,0,0
2021,mixed,Derek VanRiper,Travis Shaw,4819,Bos,UT,77,rel,previously_active,,147,46,12,4,16,0,41,17,0.268,0.0,0.293,4,0,31,0,48,0,0
2021,mixed,Derek VanRiper,Isaac Paredes,6242,Hou,UT,22,rel,previously_active,,4,1,0,0,0,0,1,1,0.4,0.0,0.25,0,0,0,10,8,5,0
2021,mixed,Derek VanRiper,Bradley Zimmer,4122,FA,UT,3,rel,previously_active,,12,5,3,0,2,1,6,2,0.437,0.0,0.25,1,0,0,0,0,0,97
2021,mixed,Derek VanRiper,Mitch Moreland,3033,Oak,CI,2,rel,previously_active,,77,28,9,1,8,0,20,4,0.244,0.0,0.286,60,0,7,0,0,0,0
2021,mixed,Derek VanRiper,Carter Kieboom,5799,LAA,CI,37,res,previously_active,"UT,3B,CI",22,6,1,0,2,0,7,1,0.304,0.0,0.318,0,0,0,0,60,0,0
2021,mixed,Derek VanRiper,Andy Ibanez,5306,Det,MI,22,rel,previously_active,,19,6,1,0,0,0,3,0,0.105,0.0,0.105,16,0,12,31,11,0,1
2021,mixed,Derek VanRiper,Starlin Castro,2724,FA,MI,1,rel,previously_active,,96,27,12,1,17,0,15,8,0.41,0.0,0.5,0,0,0,0,85,1,0
2021,mixed,Derek VanRiper,Vidal Brujan,6571,ChC,MI,1,rel,previously_active,,11,3,2,0,1,0,3,0,0.091,0.0,0.091,1,0,0,4,0,0,4
2021,mixed,Derek VanRiper,Aledmys Diaz,4500,FA,MI,37,rel,previously_active,,59,16,2,1,6,0,16,4,0.254,0.0,0.288,5,0,12,13,30,9,16
2021,mixed,Derek VanRiper,Andrew Vaughn,6905,CWS,1B,4,res,reserved,"1B,OF",112,34,21,4,17,0,26,10,0.331,0.222,0.438,6,0,15,1,2,0,107
2021,mixed,Derek VanRiper,Keston Hiura,6100,Col,2B,17,res,reserved,"1B,2B,MI",13,5,0,0,1,1,5,1,0.143,0.25,0.077,0,0,49,7,0,0,1
2021,mixed,Derek VanRiper,Derek Hill,5097,Mia,OF,57,res,reserved,OF,63,21,6,2,6,0,22,0,0.27,0.0,0.476,2,0,0,0,0,0,45
2021,mixed,Derek VanRiper,Mike Trout,2844,LAA,OF,51,dis,reserved,OF,0,0,0,0,0,0,0,0,0.0,0.0,0.0,0,0,0,0,0,0,36
2021,mixed,Derek VanRiper,Carter Kieboom,5799,LAA,CI,37,res,reserved,"UT,3B,CI",148,40,18,4,11,0,42,17,0.282,0.25,0.291,0,0,0,0,60,0,0
2021,mixed,Derek VanRiper,Colin Moran,4435,Sea,1B,0,act,previously_reserved,"1B,CI",12,4,0,0,1,0,4,1,0.231,0.0,0.333,3,0,84,0,1,0,0
2021,mixed,Derek VanRiper,Mike Brosseau,6855,SD,2B,0,rel,previously_reserved,,55,19,7,2,6,0,17,4,0.262,0.0,0.345,0,0,10,27,23,0,2
2021,mixed,Derek VanRiper,Michael Chavis,5112,CWS,2B,0,rel,previously_reserved,,21,11,1,1,2,0,10,0,0.143,0.0,0.381,0,0,9,29,4,0,1
2021,mixed,Derek VanRiper,Harrison Bader,5366,Min,OF,0,act,previously_reserved,OF,34,9,5,3,10,3,8,5,0.282,0.0,0.441,0,0,0,0,0,0,103
2021,mixed,Derek VanRiper,Kyle Schwarber,4901,Phi,OF,9,act,previously_reserved,"OF,1B",30,7,3,1,2,0,8,1,0.29,0.0,0.467,14,0,10,0,0,0,87
2021,mixed,Derek VanRiper,Mauricio Dubon,5380,Hou,OF,1,rel,previously_reserved,,14,7,0,0,0,0,2,0,0.071,0.0,0.071,0,0,0,20,12,21,27
2021,mixed,Derek VanRiper,Trevor Larnach,6611,Min,OF,57,rel,previously_reserved,,11,4,0,0,1,0,5,2,0.286,0.0,0.091,0,0,0,0,0,0,77
2021,mixed,Derek VanRiper,Guillermo Heredia,5329,FA,OF,0,rel,previously_reserved,,12,6,2,0,1,0,3,2,0.267,0.0,0.167,0,0,0,0,0,0,111
2021,mixed,Derek VanRiper,Ramon Laureano,5858,Bal,OF,5,rel,previously_reserved,,5,1,1,1,1,0,1,0,0.2,0.0,0.8,5,0,0,0,0,0,83
2021,mixed,Derek VanRiper,J.D. Davis,5453,LAA,OF,1,act,previously_reserved,"3B,OF,CI",34,11,6,4,10,0,11,2,0.474,0.0,0.824,1,0,0,0,50,0,0
2021,mixed,Derek VanRiper,Jesus Sanchez,6068,Mia,OF,57,rel,previously_reserved,,20,7,2,1,3,0,6,3,0.333,0.0,0.45,0,0,0,0,0,0,62
2021,mixed,Derek VanRiper,Zach McKinstry,7128,Det,OF,0,rel,previously_reserved,,13,6,0,0,2,0,7,0,0.071,0.0,0.077,0,0,0,20,12,0,36
2021,mixed,Derek VanRiper,James McCann,3906,Bal,C,5,act,previously_reserved,"C,1B",3,1,0,0,0,0,1,0,0.0,0.0,0.0,1,107,6,0,0,0,0
2021,mixed,Derek VanRiper,Jurickson Profar,3198,Atl,UT,0,act,previously_reserved,"OF,2B,MI,1B",101,51,9,2,12,2,14,14,0.359,0.0,0.396,0,0,20,10,0,0,81
2021,mixed,Derek VanRiper,Travis Shaw,4819,Bos,UT,77,rel,previously_reserved,,8,4,0,0,2,0,5,0,0.125,0.0,0.25,4,0,31,0,48,0,0
2021,mixed,Derek VanRiper,Isaac Paredes,6242,Hou,UT,22,rel,previously_reserved,,4,4,1,0,2,0,0,2,0.375,0.0,0.25,0,0,0,10,8,5,0
2021,mixed,Derek VanRiper,Bradley Zimmer,4122,FA,UT,3,rel,previously_reserved,,9,3,3,0,1,0,3,2,0.455,0.0,0.333,1,0,0,0,0,0,97
2021,mixed,Derek VanRiper,Mitch Moreland,3033,Oak,CI,2,rel,previously_reserved,,77,27,10,6,10,0,20,6,0.31,0.0,0.584,60,0,7,0,0,0,0
2021,mixed,Derek VanRiper,Starlin Castro,2724,FA,MI,1,rel,previously_reserved,,10,4,1,0,1,0,3,1,0.364,0.0,0.5,0,0,0,0,85,1,0
2021,mixed,Derek VanRiper,Vidal Brujan,6571,ChC,MI,1,rel,previously_reserved,,15,7,1,0,1,1,5,0,0.067,0.0,0.067,1,0,0,4,0,0,4
2021,mixed,Scott Swanay,Kris Bryant,4434,Col,1B,14,act,active,"OF,3B,CI,1B",513,144,86,25,73,10,135,62,0.353,0.35,0.481,0,0,12,0,55,1,93
2021,mixed,Scott Swanay,Garrett Hampson,6277,Ari,2B,5,act,active,"OF,SS,2B,MI",431,141,67,11,30,17,114,32,0.282,0.071,0.371,0,0,0,47,2,5,91
2021,mixed,Scott Swanay,Corey Seager,4154,Tex,SS,29,act,active,"SS,MI",343,92,52,16,57,1,65,47,0.393,0.52,0.525,0,0,0,0,0,92,0
2021,mixed,Scott Swanay,Austin Riley,5688,Atl,3B,112,act,active,"3B,CI,1B",532,139,81,31,103,0,151,43,0.366,0.318,0.551,0,0,10,0,156,0,1
2021,mixed,Scott Swanay,Ian Happ,5352,ChC,OF,17,act,active,"OF,2B",355,111,49,18,50,8,119,49,0.317,0.444,0.406,1,0,0,8,2,0,123
2021,mixed,Scott Swanay,Aaron Judge,4601,NYY,OF,25,act,active,OF,541,145,89,39,97,5,155,74,0.371,0.44,0.547,22,0,0,0,0,0,125
2021,mixed,Scott Swanay,Nicholas Castellanos,3217,Phi,OF,12,act,active,OF,515,134,92,33,98,3,113,39,0.365,0.316,0.581,1,0,0,0,0,0,135
2021,mixed,Scott Swanay,Bryan Reynolds,6096,Pit,OF,1,act,active,OF,506,145,84,22,85,5,100,70,0.397,0.619,0.534,1,0,0,0,0,0,153
2021,mixed,Scott Swanay,Nick Solak,6442,Pit,OF,14,act,active,"UT,2B,MI,OF",95,28,10,1,10,2,19,12,0.352,0.533,0.337,5,0,0,121,0,0,0
2021,mixed,Scott Swanay,Sean Murphy,5926,Atl,C,9,act,active,C,393,119,47,17,59,0,114,40,0.306,0.25,0.405,5,112,0,0,0,0,0
2021,mixed,Scott Swanay,Tyler Stephenson,5388,Cin,C,35,act,active,"C,1B",219,83,35,6,28,0,46,23,0.364,0.333,0.438,0,78,23,0,0,0,1
2021,mixed,Scott Swanay,Miguel Sano,3148,FA,UT,6,act,active,"3B,1B,CI",350,97,49,23,63,1,138,40,0.295,0.5,0.451,11,0,118,0,9,0,0
2021,mixed,Scott Swanay,Jeimer Candelario,4071,Cin,CI,65,act,active,"3B,CI,1B",230,63,34,8,34,0,44,29,0.366,0.364,0.487,7,0,0,0,142,0,0
2021,mixed,Scott Swanay,Jonathan Villar,3345,Sea,MI,0,act,active,"2B,SS,MI,3B",400,119,58,18,39,14,109,44,0.332,0.304,0.432,0,0,0,9,97,26,0
2021,mixed,Scott Swanay,Rhys Hoskins,5321,Mil,1B,19,rel,previously_active,,386,106,62,25,69,3,108,46,0.33,0.0,0.513,1,0,103,0,0,0,0
2021,mixed,Scott Swanay,Luis Arraez,6138,SD,2B,28,rel,previously_active,,130,37,22,1,10,1,14,17,0.34,0.0,0.315,4,0,0,48,55,0,27
2021,mixed,Scott Swanay,Rougned Odor,4026,NYY,2B,17,rel,previously_active,,52,17,6,1,4,0,18,6,0.283,0.0,0.25,0,0,0,74,33,0,0
2021,mixed,Scott Swanay,Nicky Lopez,6356,ChC,SS,13,rel,previously_active,,20,6,1,0,0,1,5,2,0.318,0.0,0.3,0,0,0,4,0,148,0
2021,mixed,Scott Swanay,Marcell Ozuna,3280,Atl,OF,26,rel,previously_active,,188,48,21,7,26,0,46,19,0.288,0.0,0.356,0,0,0,0,0,0,48
2021,mixed,Scott Swanay,Nico Hoerner,6691,ChC,OF,0,dis,previously_active,"2B,SS,CI,OF,MI,3B",59,18,4,0,5,0,10,6,0.403,0.0,0.373,0,0,0,30,1,12,5
2021,mixed,Scott Swanay,LaMonte Wade,5773,SF,OF,28,rel,previously_active,,20,6,2,2,4,0,3,1,0.304,0.0,0.6,0,0,31,0,0,0,80
2021,mixed,Scott Swanay,Edward Olivares,6637,Pit,OF,35,rel,previously_active,,19,6,2,2,2,1,2,0,0.2,0.0,0.474,1,0,0,0,0,0,36
2021,mixed,Scott Swanay,Jarren Duran,6946,Bos,OF,29,rel,previously_active,,40,14,7,1,4,0,17,2,0.186,0.0,0.3,0,0,0,0,0,0,29
2021,mixed,Scott Swanay,Eloy Jimenez,4617,TB,OF,10,res,previously_active,OF,192,49,20,9,35,0,50,12,0.291,0.0,0.437,18,0,0,0,0,0,37
2021,mixed,Scott Swanay,Alejandro Kirk,6935,Tor,C,13,rel,previously_active,,15,6,6,2,5,0,2,2,0.412,0.0,0.733,8,44,0,0,0,0,0
2021,mixed,Scott Swanay,Willians Astudillo,5536,FA,C,28,rel,previously_active,,61,19,4,2,4,0,6,0,0.238,0.0,0.344,0,10,27,4,29,0,1
2021,mixed,Scott Swanay,Edwin Rios,6222,Cin,UT,74,rel,previously_active,,17,10,0,0,0,0,7,3,0.238,0.0,0.059,1,0,10,0,6,0,2
2021,mixed,Scott Swanay,Danny Jansen,5332,TB,UT,3,trd,previously_active,,34,13,3,1,1,0,12,3,0.162,0.0,0.206,0,69,0,0,0,0,0
2021,mixed,Scott Swanay,Paul Goldschmidt,3159,NYY,CI,18,trd,previously_active,,316,83,43,12,44,5,73,30,0.324,0.0,0.421,4,0,153,0,0,0,0
2021,mixed,Scott Swanay,Ha-Seong Kim,7554,TB,MI,2,rel,previously_active,,6,3,0,0,1,0,2,0,0.333,0.0,0.333,0,0,0,21,23,35,0
2021,mixed,Scott Swanay,Jon Berti,5574,ChC,MI,35,dis,previously_active,"3B,2B,OF,MI,CI",119,39,18,2,8,4,28,15,0.336,0.0,0.328,0,0,0,27,46,2,12
2021,mixed,Scott Swanay,Eloy Jimenez,4617,TB,OF,10,res,reserved,OF,21,6,3,1,2,0,7,4,0.4,0.4,0.429,18,0,0,0,0,0,37
2021,mixed,Scott Swanay,Nico Hoerner,6691,ChC,OF,0,dis,reserved,"2B,SS,CI,OF,MI,3B",19,6,0,0,2,2,3,2,0.273,0.0,0.158,0,0,0,30,1,12,5
2021,mixed,Scott Swanay,Jon Berti,5574,ChC,MI,35,dis,reserved,"3B,2B,OF,MI,CI",2,1,1,0,1,0,1,0,0.5,0.0,1.0,0,0,0,27,46,2,12
2021,mixed,Scott Swanay,Rhys Hoskins,5321,Mil,1B,19,rel,previously_reserved,,3,1,2,2,2,0,0,1,0.75,0.0,2.67,1,0,103,0,0,0,0
2021,mixed,Scott Swanay,Luis Arraez,6138,SD,2B,28,rel,previously_reserved,,58,16,9,0,9,0,6,2,0.339,0.0,0.466,4,0,0,48,55,0,27
2021,mixed,Scott Swanay,Rougned Odor,4026,NYY,2B,17,rel,previously_reserved,,60,21,8,2,5,0,21,7,0.282,0.0,0.267,0,0,0,74,33,0,0
2021,mixed,Scott Swanay,Garrett Hampson,6277,Ari,2B,5,act,previously_reserved,"OF,SS,2B,MI",22,6,2,0,3,0,4,1,0.435,0.0,0.545,0,0,0,47,2,5,91
2021,mixed,Scott Swanay,Corey Seager,4154,Tex,SS,29,act,previously_reserved,"SS,MI",10,3,2,0,0,0,1,1,0.417,0.0,0.4,0,0,0,0,0,92,0
2021,mixed,Scott Swanay,Nicky Lopez,6356,ChC,SS,13,rel,previously_reserved,,20,6,2,0,3,0,1,2,0.364,0.0,0.35,0,0,0,4,0,148,0
2021,mixed,Scott Swanay,Bryan Reynolds,6096,Pit,OF,1,act,previously_reserved,OF,53,14,9,2,5,0,19,5,0.322,0.0,0.415,1,0,0,0,0,0,153
2021,mixed,Scott Swanay,Aaron Judge,4601,NYY,OF,25,act,previously_reserved,OF,9,3,0,0,1,1,3,1,0.455,0.0,0.333,22,0,0,0,0,0,125
2021,mixed,Scott Swanay,Ian Happ,5352,ChC,OF,17,act,previously_reserved,"OF,2B",110,37,14,7,16,1,37,13,0.341,0.0,0.527,1,0,0,8,2,0,123
2021,mixed,Scott Swanay,Nicholas Castellanos,3217,Phi,OF,12,act,previously_reserved,OF,16,4,3,1,2,0,8,2,0.278,0.0,0.437,1,0,0,0,0,0,135
2021,mixed,Scott Swanay,Edward Olivares,6637,Pit,OF,35,rel,previously_reserved,,1,1,0,0,1,0,0,0,1.0,0.0,1.0,1,0,0,0,0,0,36
2021,mixed,Scott Swanay,LaMonte Wade,5773,SF,OF,28,rel,previously_reserved,,8,4,1,0,0,0,4,4,0.333,0.0,0.0,0,0,31,0,0,0,80
2021,mixed,Scott Swanay,Jarren Duran,6946,Bos,OF,29,rel,previously_reserved,,67,19,10,1,6,2,23,2,0.275,0.0,0.358,0,0,0,0,0,0,29
2021,mixed,Scott Swanay,Alejandro Kirk,6935,Tor,C,13,rel,previously_reserved,,24,8,3,0,1,0,6,2,0.37,0.0,0.458,8,44,0,0,0,0,0
2021,mixed,Scott Swanay,Willians Astudillo,5536,FA,C,28,rel,previously_reserved,,6,2,2,0,0,0,1,2,0.5,0.0,0.333,0,10,27,4,29,0,1
2021,mixed,Scott Swanay,Miguel Sano,3148,FA,UT,6,act,previously_reserved,"3B,1B,CI",120,38,19,7,12,1,45,19,0.36,0.25,0.508,11,0,118,0,9,0,0
2021,mixed,Scott Swanay,Edwin Rios,6222,Cin,UT,74,rel,previously_reserved,,17,8,1,0,0,0,5,2,0.105,0.0,0.0,1,0,10,0,6,0,2
2021,mixed,Scott Swanay,Danny Jansen,5332,TB,UT,3,trd,previously_reserved,,47,17,7,2,5,0,12,3,0.216,0.0,0.277,0,69,0,0,0,0,0
2021,mixed,Scott Swanay,Jeimer Candelario,4071,Cin,CI,65,act,previously_reserved,"3B,CI,1B",71,18,12,4,14,0,19,5,0.329,0.0,0.577,7,0,0,0,142,0,0
2021,mixed,Scott Swanay,Ha-Seong Kim,7554,TB,MI,2,rel,previously_reserved,,32,12,4,1,1,1,7,3,0.278,0.0,0.281,0,0,0,21,23,35,0
2021,mixed,Scott Swanay,Jonathan Villar,3345,Sea,MI,0,act,previously_reserved,"2B,SS,MI,3B",54,23,5,0,3,0,23,2,0.246,0.0,0.296,0,0,0,9,97,26,0
2021,mixed,Joe Pisapia,Eric Hosmer,2563,FA,1B,6,act,active,"1B,CI",509,151,53,12,65,5,99,48,0.337,0.389,0.395,2,0,131,0,0,0,0
2021,mixed,Joe Pisapia,Jose Altuve,3776,Hou,2B,20,act,active,"2B,MI",572,139,115,31,79,4,85,65,0.358,0.333,0.503,1,0,0,144,0,0,0
2021,mixed,Joe Pisapia,Fernando Tatis Jr.,5793,SD,SS,47,act,active,"OF,SS,MI",465,127,97,41,96,25,147,61,0.37,0.238,0.619,1,0,0,0,0,102,24
2021,mixed,Joe Pisapia,Nolan Arenado,3214,StL,3B,26,act,active,"3B,CI",593,157,81,34,105,2,96,50,0.312,0.267,0.494,2,0,0,0,155,0,0
2021,mixed,Joe Pisapia,Corey Dickerson,3661,FA,OF,0,act,active,OF,208,65,22,4,17,4,46,13,0.284,0.278,0.375,6,0,0,0,0,0,91
2021,mixed,Joe Pisapia,Brandon Nimmo,3778,NYM,OF,4,act,active,OF,325,93,51,8,28,5,79,54,0.401,0.276,0.437,0,0,0,0,0,0,88
2021,mixed,Joe Pisapia,Bryce Harper,2628,Phi,OF,45,act,active,"UT,OF",488,141,101,35,84,13,134,100,0.429,0.304,0.615,2,0,1,0,0,0,139
2021,mixed,Joe Pisapia,Alex Dickerson,4061,FA,OF,1,act,active,OF,228,91,31,11,34,1,56,18,0.311,0.5,0.439,5,0,0,0,0,0,82
2021,mixed,Joe Pisapia,David Peralta,4980,SD,OF,2,act,active,OF,487,150,57,8,63,2,92,46,0.325,0.357,0.402,1,0,0,0,0,0,137
2021,mixed,Joe Pisapia,Kurt Suzuki,1063,FA,C,1,act,active,C,219,72,17,6,16,0,44,12,0.294,0.308,0.342,0,69,0,0,0,0,0
2021,mixed,Joe Pisapia,Tucker Barnhart,3911,Tex,C,0,act,active,C,348,116,41,7,48,0,100,29,0.317,0.167,0.368,0,102,2,0,0,0,0
2021,mixed,Joe Pisapia,Shohei Ohtani-Hitter,6322,LAD,UT,6,act,active,OF,537,158,103,46,100,26,189,96,0.372,0.407,0.592,126,0,0,0,0,0,7
2021,mixed,Joe Pisapia,Trey Mancini,5439,Ari,CI,8,act,active,"1B,OF",556,147,77,21,71,0,143,51,0.326,0.333,0.432,68,0,77,0,0,0,0
2021,mixed,Joe Pisapia,Andrelton Simmons,3717,FA,MI,25,act,active,"SS,MI",217,73,12,0,15,1,24,13,0.25,0.182,0.221,0,0,0,0,0,131,0
2021,mixed,Joe Pisapia,Kole Calhoun,3983,FA,OF,0,res,previously_active,"UT,OF",3,1,0,0,0,1,0,0,0.333,0.0,0.333,3,0,0,0,0,0,39
2021,mixed,Joe Pisapia,Michael Taylor,4060,CWS,OF,15,res,previously_active,OF,159,47,21,5,19,6,33,12,0.318,0.0,0.377,2,0,0,0,0,0,139
2021,mixed,Joe Pisapia,Jeimer Candelario,4071,Cin,CI,3,rel,previously_active,,218,57,27,4,18,0,63,22,0.336,0.0,0.381,7,0,0,0,142,0,0
2021,mixed,Joe Pisapia,Jake Lamb,4537,SF,CI,9,rel,previously_active,,19,6,2,1,3,0,8,1,0.25,0.0,0.368,8,0,3,0,16,0,25
2021,mixed,Joe Pisapia,Nico Hoerner,6691,ChC,MI,0,trd,previously_active,,55,14,9,0,5,3,9,5,0.4,0.0,0.418,0,0,0,30,1,12,5
2021,mixed,Joe Pisapia,Nick Madrigal,6496,NYM,MI,1,dis,previously_active,"2B,MI",158,44,23,1,17,1,13,9,0.357,0.0,0.424,0,0,0,53,0,0,0
2021,mixed,Joe Pisapia,Christian Arroyo,4872,Phi,MI,25,res,previously_active,"2B,MI",12,4,1,1,4,0,4,0,0.25,0.0,0.5,2,0,1,51,0,2,0
2021,mixed,Joe Pisapia,Michael Taylor,4060,CWS,OF,15,res,reserved,OF,134,37,12,2,13,4,38,7,0.273,0.217,0.336,2,0,0,0,0,0,139
2021,mixed,Joe Pisapia,Kole Calhoun,3983,FA,OF,0,res,reserved,"UT,OF",163,50,17,5,17,0,41,15,0.296,0.2,0.374,3,0,0,0,0,0,39
2021,mixed,Joe Pisapia,Joey Bart,6596,Pit,C,1,res,reserved,C,6,2,1,0,1,0,2,0,0.333,0.0,0.333,0,1,0,0,0,0,0
2021,mixed,Joe Pisapia,Christian Arroyo,4872,Phi,MI,25,res,reserved,"2B,MI",39,16,5,2,6,0,6,3,0.326,0.5,0.487,2,0,1,51,0,2,0
2021,mixed,Joe Pisapia,Nick Madrigal,6496,NYM,MI,1,dis,reserved,"2B,MI",42,10,7,1,4,0,4,2,0.318,0.0,0.429,0,0,0,53,0,0,0
2021,mixed,Joe Pisapia,Jose Altuve,3776,Hou,2B,20,act,previously_reserved,"2B,MI",29,7,2,0,4,1,6,1,0.187,0.0,0.207,1,0,0,144,0,0,0
2021,mixed,Joe Pisapia,Fernando Tatis Jr.,5793,SD,SS,47,act,previously_reserved,"OF,SS,MI",13,3,2,1,1,0,6,1,0.143,0.0,0.308,1,0,0,0,0,102,24
2021,mixed,Joe Pisapia,Corey Dickerson,3661,FA,OF,0,act,previously_reserved,OF,128,44,21,2,12,2,22,12,0.392,0.0,0.461,6,0,0,0,0,0,91
2021,mixed,Joe Pisapia,Alex Dickerson,4061,FA,OF,1,act,previously_reserved,OF,55,20,6,2,4,0,20,5,0.279,0.0,0.345,5,0,0,0,0,0,82
2021,mixed,Joe Pisapia,Jeimer Candelario,4071,Cin,CI,3,rel,previously_reserved,,21,6,2,0,1,0,6,6,0.407,0.0,0.333,7,0,0,0,142,0,0
2021,mixed,Joe Pisapia,Andrelton Simmons,3717,FA,MI,25,act,previously_reserved,"SS,MI",168,49,19,3,13,0,32,13,0.286,0.0,0.31,0,0,0,0,0,131,0
2021,mixed,Joe Pisapia,Nico Hoerner,6691,ChC,MI,0,trd,previously_reserved,,16,6,0,0,4,0,3,4,0.381,0.0,0.437,0,0,0,30,1,12,5
2021,mixed,Justin Mason,C.J. Cron,3696,FA,1B,13,act,active,"1B,CI",452,137,66,28,90,1,112,60,0.375,0.5,0.533,3,0,130,0,0,0,0
2021,mixed,Justin Mason,Luis Garcia,6213,Was,2B,0,act,active,"2B,SS,MI",180,48,23,5,21,0,32,7,0.283,0.333,0.439,0,0,0,59,0,8,0
2021,mixed,Justin Mason,Paul DeJong,5714,Was,SS,3,act,active,"SS,MI",346,110,43,18,44,4,99,34,0.286,0.263,0.39,0,0,0,0,0,107,0
2021,mixed,Justin Mason,Ke'Bryan Hayes,5397,Pit,3B,10,act,active,"3B,CI",344,92,45,5,35,9,83,30,0.31,0.0,0.355,0,0,0,0,95,0,0
2021,mixed,Justin Mason,Josh Rojas,6789,CWS,OF,57,act,active,"3B,2B,SS,OF,MI",426,117,61,10,37,8,118,48,0.342,0.25,0.423,0,0,0,55,14,42,53
2021,mixed,Justin Mason,Kyle Tucker,5384,ChC,OF,28,act,active,OF,459,126,74,28,89,11,81,51,0.357,0.435,0.549,4,0,0,0,0,0,135
2021,mixed,Justin Mason,Cedric Mullins,6128,Bal,OF,0,act,active,OF,589,156,87,30,59,30,124,58,0.352,0.12,0.509,3,0,0,0,0,0,153
2021,mixed,Justin Mason,George Springer,3575,Tor,OF,29,act,active,OF,282,73,57,22,49,3,76,35,0.361,0.536,0.585,38,0,0,0,0,0,40
2021,mixed,Justin Mason,Randy Arozarena,6129,Sea,OF,24,act,active,OF,529,141,94,20,69,20,170,56,0.356,0.435,0.459,19,0,0,0,0,0,119
2021,mixed,Justin Mason,Omar Narvaez,5605,CWS,C,3,act,active,C,385,120,54,11,49,0,82,38,0.342,0.125,0.408,1,111,0,1,0,0,0
2021,mixed,Justin Mason,Dom Nunez,5287,Cle,C,3,act,active,C,115,42,13,5,13,0,40,18,0.316,0.538,0.409,0,77,1,0,0,0,0
2021,mixed,Justin Mason,Nelson Cruz,1529,SD,UT,22,act,active,UT,513,140,79,32,86,3,126,51,0.334,0.222,0.497,133,0,1,0,0,0,0
2021,mixed,Justin Mason,Giovanny Urshela,5061,Oak,CI,3,act,active,"3B,SS,CI",407,112,42,14,49,1,106,20,0.308,0.304,0.43,0,0,0,0,96,28,0
2021,mixed,Justin Mason,Andres Gimenez,5824,Tor,MI,14,act,active,"2B,SS,3B,MI,CI",185,67,23,5,15,11,54,11,0.288,0.389,0.357,0,0,0,25,0,42,0
2021,mixed,Justin Mason,Rowdy Tellez,4892,Sea,1B,8,rel,previously_active,,6,4,0,0,0,0,3,2,0.375,0.0,0.167,19,0,65,0,0,0,0
2021,mixed,Justin Mason,Gavin Lux,6141,Cin,2B,9,res,previously_active,"OF,2B,SS,MI",149,46,25,3,15,2,40,22,0.306,0.0,0.309,0,0,0,27,1,59,17
2021,mixed,Justin Mason,Taylor Walls,7321,TB,SS,33,rel,previously_active,,34,13,4,0,4,1,12,8,0.381,0.0,0.294,1,0,0,3,1,49,0
2021,mixed,Justin Mason,Lewis Brinson,4446,FA,OF,0,rel,previously_active,,47,13,8,3,8,0,8,4,0.294,0.0,0.468,0,0,0,0,0,0,79
2021,mixed,Justin Mason,Randal Grichuk,2843,Ari,OF,54,res,previously_active,OF,318,84,40,18,54,0,80,14,0.274,0.0,0.456,12,0,0,0,0,0,134
2021,mixed,Justin Mason,Victor Robles,5309,Sea,OF,21,res,previously_active,OF,274,93,30,1,14,8,73,32,0.32,0.0,0.281,0,0,0,0,0,0,104
2021,mixed,Justin Mason,Kyle Isbel,6916,KC,OF,54,rel,previously_active,,24,7,5,0,3,1,11,1,0.32,0.0,0.375,2,0,0,0,0,0,25
2021,mixed,Justin Mason,Tom Murphy,4629,SF,C,1,rel,previously_active,,111,37,14,6,12,0,46,8,0.225,0.0,0.369,4,88,0,0,0,0,0
2021,mixed,Justin Mason,Austin Barnes,4739,LAD,C,2,rel,previously_active,,12,4,2,0,2,0,2,1,0.308,0.0,0.333,1,52,0,7,0,0,0
2021,mixed,Justin Mason,Evan Longoria,1489,FA,UT,42,res,previously_active,"3B,CI",72,20,12,5,16,1,18,10,0.366,0.0,0.528,0,0,0,0,78,0,0
2021,mixed,Justin Mason,Nate Lowe,6652,Was,CI,0,trd,previously_active,,122,33,16,6,16,4,36,18,0.376,0.0,0.459,8,0,148,0,1,0,0
2021,mixed,Justin Mason,Willi Castro,6289,Min,MI,6,rel,previously_active,,195,56,20,3,20,3,46,9,0.269,0.0,0.349,6,0,0,91,0,20,10
2021,mixed,Justin Mason,Gavin Lux,6141,Cin,2B,9,res,reserved,"OF,2B,SS,MI",100,31,18,4,23,1,19,14,0.426,0.375,0.53,0,0,0,27,1,59,17
2021,mixed,Justin Mason,Marcell Ozuna,3280,Atl,OF,1,dis,reserved,OF,0,0,0,0,0,0,0,0,0.0,0.0,0.0,0,0,0,0,0,0,48
2021,mixed,Justin Mason,Victor Robles,5309,Sea,OF,21,res,reserved,OF,41,14,7,1,5,0,12,1,0.233,0.0,0.39,0,0,0,0,0,0,104
2021,mixed,Justin Mason,Randal Grichuk,2843,Ari,OF,54,res,reserved,OF,193,65,19,4,27,0,34,13,0.292,0.0,0.368,12,0,0,0,0,0,134
2021,mixed,Justin Mason,Evan Longoria,1489,FA,UT,42,res,reserved,"3B,CI",92,31,17,4,16,0,26,10,0.305,0.095,0.424,0,0,0,0,78,0,0
2021,mixed,Justin Mason,Nick Senzel,5674,CWS,MI,7,res,reserved,"UT,OF,2B",0,0,0,0,0,0,0,0,0.0,0.0,0.0,0,0,0,8,3,0,29
2021,mixed,Justin Mason,C.J. Cron,3696,FA,1B,13,act,previously_reserved,"1B,CI",18,5,4,0,2,0,5,0,0.368,0.0,0.444,3,0,130,0,0,0,0
2021,mixed,Justin Mason,Rowdy Tellez,4892,Sea,1B,8,rel,previously_reserved,,48,20,5,2,4,0,10,5,0.333,0.0,0.458,19,0,65,0,0,0,0
2021,mixed,Justin Mason,Luis Garcia,6213,Was,2B,0,act,previously_reserved,"2B,SS,MI",23,6,2,0,0,0,5,1,0.25,0.0,0.304,0,0,0,59,0,8,0
2021,mixed,Justin Mason,Taylor Walls,7321,TB,SS,33,rel,previously_reserved,,34,11,3,1,3,2,10,6,0.325,0.0,0.353,1,0,0,3,1,49,0
2021,mixed,Justin Mason,Paul DeJong,5714,Was,SS,3,act,previously_reserved,"SS,MI",10,3,1,1,1,0,4,1,0.182,0.0,0.4,0,0,0,0,0,107,0
2021,mixed,Justin Mason,Ke'Bryan Hayes,5397,Pit,3B,10,act,previously_reserved,"3B,CI",18,4,4,1,3,0,4,1,0.421,0.0,0.722,0,0,0,0,95,0,0
2021,mixed,Justin Mason,Kyle Tucker,5384,ChC,OF,28,act,previously_reserved,OF,47,14,9,2,3,3,9,2,0.388,0.0,0.638,4,0,0,0,0,0,135
2021,mixed,Justin Mason,Lewis Brinson,4446,FA,OF,0,rel,previously_reserved,,26,8,2,1,3,1,7,3,0.207,0.0,0.231,0,0,0,0,0,0,79
2021,mixed,Justin Mason,Sam Hilliard,6107,Col,OF,1,rel,previously_reserved,,37,20,6,2,4,0,19,2,0.154,0.0,0.324,1,0,0,0,0,0,63
2021,mixed,Justin Mason,Josh Rojas,6789,CWS,OF,57,act,previously_reserved,"3B,2B,SS,OF,MI",11,3,2,0,2,0,4,1,0.417,0.0,0.455,0,0,0,55,14,42,53
2021,mixed,Justin Mason,Kyle Isbel,6916,KC,OF,54,rel,previously_reserved,,10,5,0,0,0,0,4,1,0.273,0.0,0.2,2,0,0,0,0,0,25
2021,mixed,Justin Mason,George Springer,3575,Tor,OF,29,act,previously_reserved,OF,17,5,2,0,1,1,3,2,0.2,0.0,0.059,38,0,0,0,0,0,40
2021,mixed,Justin Mason,Cedric Mullins,6128,Bal,OF,0,act,previously_reserved,OF,13,3,4,0,0,0,1,1,0.714,0.0,0.923,3,0,0,0,0,0,153
2021,mixed,Justin Mason,Omar Narvaez,5605,CWS,C,3,act,previously_reserved,C,6,3,0,0,0,0,2,3,0.333,0.0,0.0,1,111,0,1,0,0,0
2021,mixed,Justin Mason,Nate Lowe,6652,Was,CI,0,trd,previously_reserved,,14,3,2,1,9,0,5,0,0.357,0.0,0.643,8,0,148,0,1,0,0
2021,mixed,Justin Mason,Giovanny Urshela,5061,Oak,CI,3,act,previously_reserved,"3B,SS,CI",13,4,0,0,0,0,3,0,0.077,0.0,0.077,0,0,0,0,96,28,0
2021,mixed,Justin Mason,Bobby Bradley,5249,FA,CI,0,rel,previously_reserved,,9,2,0,0,1,0,3,0,0.222,0.0,0.222,5,0,68,0,0,0,0
2021,mixed,Justin Mason,Andres Gimenez,5824,Tor,MI,14,act,previously_reserved,"2B,SS,3B,MI,CI",3,1,0,0,1,0,0,0,0.0,0.0,0.0,0,0,0,25,0,42,0
2021,mixed,Justin Mason,Willi Castro,6289,Min,MI,6,rel,previously_reserved,,162,48,29,6,17,3,53,11,0.273,0.0,0.37,6,0,0,91,0,20,10
2021,mixed,Scott Pianowski,D.J. LeMahieu,3275,NYY,1B,27,act,active,"2B,3B,1B,MI,CI",535,135,73,10,49,4,86,64,0.342,0.25,0.351,1,0,55,83,39,0,0
2021,mixed,Scott Pianowski,Kike Hernandez,4992,LAD,2B,0,act,active,"UT,OF,2B,MI,SS",346,93,61,12,41,1,76,42,0.346,0.2,0.457,0,0,0,47,0,8,93
2021,mixed,Scott Pianowski,Trevor Story,4020,Bos,SS,39,act,active,"SS,MI",519,140,87,24,75,20,136,52,0.332,0.522,0.478,1,0,0,0,0,138,0
2021,mixed,Scott Pianowski,Matt Chapman,5037,SF,3B,15,act,active,"3B,CI",529,151,75,27,72,3,202,80,0.314,0.235,0.403,0,0,0,0,150,3,0
2021,mixed,Scott Pianowski,Rafael Ortega,3646,NYM,OF,63,act,active,OF,183,53,29,5,18,8,41,22,0.354,0.52,0.41,0,0,0,0,0,0,93
2021,mixed,Scott Pianowski,Max Kepler,3195,Phi,OF,7,act,active,OF,329,94,43,14,40,8,72,38,0.295,0.19,0.395,4,0,0,0,0,0,114
2021,mixed,Scott Pianowski,Jake Fraley,6173,Cin,OF,5,act,active,OF,84,29,11,4,15,4,29,17,0.347,0.5,0.357,7,0,0,0,0,0,69
2021,mixed,Scott Pianowski,Mike Yastrzemski,5314,SF,OF,9,act,active,OF,459,136,75,25,71,4,128,50,0.31,0.421,0.46,0,0,0,0,0,0,127
2021,mixed,Scott Pianowski,Dylan Moore,6696,Sea,OF,10,act,active,"2B,OF,MI,3B",256,96,35,9,36,17,86,30,0.271,0.333,0.332,1,0,0,66,10,4,57
2021,mixed,Scott Pianowski,Pedro Severino,5243,FA,C,2,act,active,C,166,51,14,6,27,0,49,19,0.337,0.381,0.416,4,109,0,0,0,0,0
2021,mixed,Scott Pianowski,Carson Kelly,4512,ChC,C,5,act,active,C,282,91,36,10,41,0,63,36,0.332,0.375,0.394,0,91,0,0,0,0,0
2021,mixed,Scott Pianowski,Miguel Cabrera,509,Det,UT,8,act,active,1B,222,61,20,7,35,0,48,17,0.314,0.19,0.392,83,0,44,0,0,0,0
2021,mixed,Scott Pianowski,Eduardo Escobar,3138,Tor,CI,0,act,active,"3B,CI,2B,1B",403,105,55,19,65,1,98,28,0.306,0.389,0.479,0,0,18,42,99,1,0
2021,mixed,Scott Pianowski,Dansby Swanson,5276,ChC,MI,14,act,active,"SS,MI",588,160,78,27,88,9,167,52,0.311,0.444,0.449,0,0,0,0,0,159,0
2021,mixed,Scott Pianowski,Wilmer Flores,2527,SF,2B,55,res,previously_active,"1B,2B,CI,MI,3B",152,55,27,10,23,0,25,20,0.36,0.0,0.507,4,0,34,30,58,0,0
2021,mixed,Scott Pianowski,Anthony Santander,5903,Tor,OF,6,dis,previously_active,OF,390,106,51,17,48,1,96,21,0.279,0.0,0.423,21,0,0,0,0,0,85
2021,mixed,Scott Pianowski,Sam Haggerty,6912,Tex,OF,1,rel,previously_active,,18,7,2,0,0,2,10,2,0.15,0.0,0.056,1,0,0,4,0,0,28
2021,mixed,Scott Pianowski,Austin Slater,6014,CWS,OF,93,rel,previously_active,,22,10,4,1,3,1,7,4,0.269,0.0,0.273,1,0,0,0,0,0,118
2021,mixed,Scott Pianowski,Steven Duggar,6013,FA,OF,77,rel,previously_active,,38,12,4,0,2,0,16,3,0.22,0.0,0.184,0,0,0,0,0,0,94
2021,mixed,Scott Pianowski,Jesse Winker,4483,NYM,OF,13,dis,previously_active,OF,394,103,73,23,67,1,70,52,0.399,0.0,0.563,5,0,0,0,0,0,102
2021,mixed,Scott Pianowski,Kyle Lewis,5726,FA,OF,12,trd,previously_active,,33,8,2,1,3,0,5,2,0.371,0.0,0.485,2,0,0,0,0,0,34
2021,mixed,Scott Pianowski,Rob Refsnyder,4986,Bos,OF,31,rel,previously_active,,4,1,1,0,0,0,2,0,0.0,0.0,0.0,1,0,0,0,0,0,49
2021,mixed,Scott Pianowski,Seth Brown,7100,Oak,OF,0,rel,previously_active,,58,20,9,2,4,0,14,9,0.224,0.0,0.224,8,0,6,0,0,0,94
2021,mixed,Scott Pianowski,Leody Taveras,5412,Tex,OF,3,rel,previously_active,,25,8,1,0,1,1,12,1,0.148,0.0,0.08,0,0,0,0,0,0,48
2021,mixed,Scott Pianowski,Andrew Knizner,6049,Was,C,13,rel,previously_active,,1,2,0,0,0,0,1,0,0.0,0.0,0.0,0,57,1,0,0,0,0
2021,mixed,Scott Pianowski,Jorge Alfaro,4004,Mil,C,2,dis,previously_active,"C,OF",251,79,16,4,24,6,82,10,0.272,0.0,0.323,0,61,3,0,0,0,21
2021,mixed,Scott Pianowski,Maikel Franco,4021,FA,UT,0,rel,previously_active,,80,21,7,2,8,0,19,5,0.259,0.0,0.337,3,0,2,0,99,0,0
2021,mixed,Scott Pianowski,Rowdy Tellez,4892,Sea,UT,19,res,previously_active,"1B,CI",29,12,4,2,8,0,2,4,0.424,0.0,0.586,19,0,65,0,0,0,0
2021,mixed,Scott Pianowski,Roberto Perez,4342,Bos,UT,70,rel,previously_active,,52,15,1,1,5,1,22,5,0.172,0.0,0.154,0,43,1,0,0,0,0
2021,mixed,Scott Pianowski,Luke Voit,6139,NYM,CI,20,dis,previously_active,"1B,CI",157,54,21,8,25,0,52,17,0.339,0.0,0.439,13,0,42,0,0,0,0
2021,mixed,Scott Pianowski,Yandy Diaz,5735,TB,CI,44,rel,previously_active,,44,11,6,1,4,0,12,7,0.333,0.0,0.318,5,0,81,1,58,0,0
2021,mixed,Scott Pianowski,Marwin Gonzalez,3884,FA,CI,64,rel,previously_active,,130,40,13,2,13,0,36,9,0.278,0.0,0.338,2,0,17,39,11,12,14
2021,mixed,Scott Pianowski,Edmundo Sosa,5463,Phi,MI,7,rel,previously_active,,35,10,2,1,3,0,10,2,0.243,0.0,0.286,0,0,0,25,9,71,1
2021,mixed,Scott Pianowski,Wilmer Flores,2527,SF,2B,55,res,reserved,"1B,2B,CI,MI,3B",59,18,5,1,5,0,7,3,0.306,0.409,0.373,4,0,34,30,58,0,0
2021,mixed,Scott Pianowski,Anthony Santander,5903,Tor,OF,6,dis,reserved,OF,16,4,3,1,2,0,5,2,0.444,0.0,0.687,21,0,0,0,0,0,85
2021,mixed,Scott Pianowski,Jesse Winker,4483,NYM,OF,13,dis,reserved,OF,29,7,4,1,4,0,5,1,0.323,0.0,0.448,5,0,0,0,0,0,102
2021,mixed,Scott Pianowski,Jorge Alfaro,4004,Mil,C,2,dis,reserved,"C,OF",44,13,6,0,6,2,17,1,0.348,0.0,0.455,0,61,3,0,0,0,21
2021,mixed,Scott Pianowski,Rowdy Tellez,4892,Sea,UT,19,res,reserved,"1B,CI",83,26,9,1,8,0,21,4,0.253,0.429,0.361,19,0,65,0,0,0,0
2021,mixed,Scott Pianowski,Luke Voit,6139,NYM,CI,20,dis,reserved,"1B,CI",56,14,5,3,10,0,22,4,0.295,0.0,0.429,13,0,42,0,0,0,0
2021,mixed,Scott Pianowski,D.J. LeMahieu,3275,NYY,1B,27,act,previously_reserved,"2B,3B,1B,MI,CI",62,15,11,0,8,0,8,9,0.408,0.0,0.452,1,0,55,83,39,0,0
2021,mixed,Scott Pianowski,Kike Hernandez,4992,LAD,2B,0,act,previously_reserved,"UT,OF,2B,MI,SS",162,41,23,8,19,0,34,19,0.317,0.304,0.432,0,0,0,47,0,8,93
2021,mixed,Scott Pianowski,Trevor Story,4020,Bos,SS,39,act,previously_reserved,"SS,MI",7,2,1,0,0,0,3,1,0.125,0.0,0.0,1,0,0,0,0,138,0
2021,mixed,Scott Pianowski,Dylan Moore,6696,Sea,OF,10,act,previously_reserved,"2B,OF,MI,3B",76,30,7,3,7,4,25,10,0.291,0.0,0.342,1,0,0,66,10,4,57
2021,mixed,Scott Pianowski,Austin Slater,6014,CWS,OF,93,rel,previously_reserved,,25,15,3,2,3,0,10,2,0.259,0.0,0.44,1,0,0,0,0,0,118
2021,mixed,Scott Pianowski,Mike Yastrzemski,5314,SF,OF,9,act,previously_reserved,OF,9,3,0,0,0,0,3,1,0.364,0.0,0.333,0,0,0,0,0,0,127
2021,mixed,Scott Pianowski,Sam Haggerty,6912,Tex,OF,1,rel,previously_reserved,,31,14,5,0,0,0,10,2,0.235,0.0,0.226,1,0,0,4,0,0,28
2021,mixed,Scott Pianowski,Jake Fraley,6173,Cin,OF,5,act,previously_reserved,OF,124,46,15,5,20,6,40,23,0.333,0.375,0.379,7,0,0,0,0,0,69
2021,mixed,Scott Pianowski,Max Kepler,3195,Phi,OF,7,act,previously_reserved,OF,97,27,18,5,14,2,24,16,0.342,0.0,0.474,4,0,0,0,0,0,114
2021,mixed,Scott Pianowski,Seth Brown,7100,Oak,OF,0,rel,previously_reserved,,78,35,10,6,19,0,25,4,0.289,0.0,0.538,8,0,6,0,0,0,94
2021,mixed,Scott Pianowski,Rob Refsnyder,4986,Bos,OF,31,rel,previously_reserved,,14,5,3,0,1,0,3,4,0.5,0.0,0.5,1,0,0,0,0,0,49
2021,mixed,Scott Pianowski,Kyle Lewis,5726,FA,OF,12,trd,previously_reserved,,29,8,3,2,2,0,9,3,0.25,0.0,0.379,2,0,0,0,0,0,34
2021,mixed,Scott Pianowski,Carson Kelly,4512,ChC,C,5,act,previously_reserved,C,22,7,5,3,5,0,11,8,0.452,0.0,0.636,0,91,0,0,0,0,0
2021,mixed,Scott Pianowski,Andrew Knizner,6049,Was,C,13,rel,previously_reserved,,5,3,1,0,0,0,1,0,0.333,0.0,0.2,0,57,1,0,0,0,0
2021,mixed,Scott Pianowski,Pedro Severino,5243,FA,C,2,act,previously_reserved,C,125,37,12,4,17,0,37,10,0.301,0.0,0.408,4,109,0,0,0,0,0
2021,mixed,Scott Pianowski,Willy Adames,5094,SF,UT,0,rel,previously_reserved,,68,21,7,2,5,1,22,3,0.225,0.0,0.353,2,0,0,0,0,136,0
2021,mixed,Scott Pianowski,Maikel Franco,4021,FA,UT,0,rel,previously_reserved,,86,22,5,2,15,0,11,8,0.253,0.0,0.326,3,0,2,0,99,0,0
2021,mixed,Scott Pianowski,Miguel Cabrera,509,Det,UT,8,act,previously_reserved,1B,118,32,8,3,14,0,35,13,0.278,0.0,0.28,83,0,44,0,0,0,0
2021,mixed,Scott Pianowski,Roberto Perez,4342,Bos,UT,70,rel,previously_reserved,,37,11,4,3,6,0,11,4,0.268,0.0,0.459,0,43,1,0,0,0,0
2021,mixed,Scott Pianowski,Eduardo Escobar,3138,Tor,CI,0,act,previously_reserved,"3B,CI,2B,1B",146,41,22,9,25,0,26,20,0.333,0.0,0.452,0,0,18,42,99,1,0
2021,mixed,Scott Pianowski,Marwin Gonzalez,3884,FA,CI,64,rel,previously_reserved,,76,27,7,0,3,1,26,5,0.256,0.0,0.224,2,0,17,39,11,12,14
2021,mixed,Scott Engel,Peter Alonso,6132,NYM,1B,23,act,active,"1B,CI",561,153,81,37,94,3,127,60,0.344,0.414,0.519,3,0,149,0,0,0,0
2021,mixed,Scott Engel,Ozzie Albies,5099,Atl,2B,25,act,active,"2B,MI",629,156,103,30,106,20,128,47,0.31,0.286,0.488,0,0,0,156,0,0,0
2021,mixed,Scott Engel,Bo Bichette,6070,Tor,SS,31,act,active,"SS,MI",640,159,121,29,102,25,137,40,0.343,0.52,0.484,11,0,0,0,0,148,0
2021,mixed,Scott Engel,Manny Machado,3216,SD,3B,35,act,active,"3B,CI",564,153,92,28,106,12,102,63,0.347,0.286,0.489,3,0,0,0,144,0,0
2021,mixed,Scott Engel,Bryan De La Cruz,7602,Atl,OF,1,act,active,OF,162,48,16,5,17,1,42,17,0.376,0.2,0.463,0,0,0,0,0,0,56
2021,mixed,Scott Engel,Jordan Luplow,5227,Phi,OF,29,act,active,"OF,1B",95,33,12,7,16,1,33,14,0.327,0.0,0.484,4,0,17,1,1,0,38
2021,mixed,Scott Engel,Chas McCormick,7201,Hou,OF,4,act,active,OF,125,44,17,4,15,2,49,11,0.341,0.462,0.416,3,0,0,0,0,0,101
2021,mixed,Scott Engel,Yonathan Daza,6290,FA,OF,7,act,active,OF,165,57,14,1,19,0,29,16,0.35,0.4,0.358,0,0,0,0,0,0,79
2021,mixed,Scott Engel,Lourdes Gurriel,5350,Ari,OF,11,act,active,"OF,1B",500,141,62,21,84,1,102,32,0.319,0.0,0.466,14,0,11,0,0,0,119
2021,mixed,Scott Engel,Luis Torrens,5151,NYM,C,5,act,active,"C,1B",197,57,22,10,28,0,60,18,0.296,0.308,0.426,59,35,5,0,2,0,0
2021,mixed,Scott Engel,Riley Adams,7290,Was,C,4,act,active,C,31,15,2,0,2,0,14,6,0.425,0.4,0.419,0,34,0,0,0,0,0
2021,mixed,Scott Engel,Jack Mayfield,6410,LAA,UT,3,act,active,"2B,3B,SS,MI,CI",54,17,3,0,4,2,13,5,0.295,0.308,0.241,0,0,0,9,68,12,0
2021,mixed,Scott Engel,Bobby Dalbec,5764,CWS,CI,5,act,active,"1B,3B,CI",97,31,16,11,26,1,32,10,0.352,0.091,0.701,1,0,123,0,14,2,0
2021,mixed,Scott Engel,Francisco Lindor,3668,NYM,MI,29,act,active,"SS,MI",259,74,44,15,50,6,59,35,0.336,0.333,0.463,0,0,0,0,0,125,0
2021,mixed,Scott Engel,Mauricio Dubon,5380,Hou,OF,49,rel,previously_active,,9,5,1,0,0,1,4,0,0.2,0.0,0.222,0,0,0,20,12,21,27
2021,mixed,Scott Engel,Kevin Kiermaier,4671,LAD,OF,49,rel,previously_active,,40,13,8,1,1,0,14,2,0.279,0.0,0.4,1,0,0,0,0,0,116
2021,mixed,Scott Engel,Phillip Evans,4091,Atl,OF,3,rel,previously_active,,17,6,1,0,2,0,5,2,0.211,0.0,0.176,1,0,20,0,14,0,29
2021,mixed,Scott Engel,Billy McKinney,4849,Pit,OF,4,rel,previously_active,,58,26,10,2,6,0,18,9,0.328,0.0,0.397,0,0,10,0,0,0,73
2021,mixed,Scott Engel,Kevin Pillar,4578,Tex,OF,1,rel,previously_active,,15,7,1,1,3,0,4,0,0.187,0.0,0.333,0,0,0,0,0,0,108
2021,mixed,Scott Engel,Harold Castro,6431,KC,OF,16,rel,previously_active,,24,7,1,0,0,0,5,2,0.231,0.0,0.167,1,0,15,33,12,43,5
2021,mixed,Scott Engel,Tyrone Taylor,4506,NYM,OF,56,rel,previously_active,,14,5,0,0,0,0,6,2,0.176,0.0,0.0,0,0,0,0,0,0,77
2021,mixed,Scott Engel,Greg Allen,5702,ChC,OF,4,rel,previously_active,,10,5,2,0,0,1,5,1,0.333,0.0,0.4,0,0,0,0,0,0,14
2021,mixed,Scott Engel,Michael Hermosillo,6029,FA,OF,4,dis,previously_active,OF,26,11,4,2,5,0,7,1,0.259,0.0,0.538,0,0,0,0,0,0,12
2021,mixed,Scott Engel,Dustin Fowler,5630,FA,OF,25,rel,previously_active,,18,7,2,0,0,0,8,2,0.25,0.0,0.167,0,0,0,0,0,0,13
2021,mixed,Scott Engel,Ben Gamel,5506,Hou,OF,2,rel,previously_active,,109,36,14,0,4,1,38,19,0.364,0.0,0.33,0,0,4,0,0,0,103
2021,mixed,Scott Engel,Cavan Biggio,6063,KC,OF,34,dis,previously_active,"OF,3B,2B,MI,1B,CI",234,74,23,5,24,3,77,35,0.303,0.0,0.308,2,0,7,7,52,0,16
2021,mixed,Scott Engel,Shed Long,6122,Bal,OF,25,dis,previously_active,"OF,2B,MI",60,19,5,2,6,1,24,7,0.269,0.0,0.3,1,0,0,10,0,0,25
2021,mixed,Scott Engel,Adam Duvall,4413,Atl,OF,1,rel,previously_active,,36,10,1,0,5,1,13,1,0.184,0.0,0.167,0,0,0,0,0,0,137
2021,mixed,Scott Engel,Josh Naylor,5389,Ari,OF,1,rel,previously_active,,25,7,1,0,0,0,7,1,0.269,0.0,0.32,4,0,15,0,0,0,51
2021,mixed,Scott Engel,Anthony Alford,4658,FA,OF,4,rel,previously_active,,24,10,1,0,0,1,19,3,0.111,0.0,0.0,0,0,0,0,0,0,39
2021,mixed,Scott Engel,Avisail Garcia,3485,FA,OF,0,trd,previously_active,,160,46,26,11,30,3,44,12,0.301,0.0,0.481,0,0,0,0,0,0,122
2021,mixed,Scott Engel,Dom Nunez,5287,Cle,C,19,rel,previously_active,,73,26,12,2,13,0,33,12,0.294,0.0,0.37,0,77,1,0,0,0,0
2021,mixed,Scott Engel,Elias Diaz,5078,SD,C,1,rel,previously_active,,19,7,2,0,0,0,8,2,0.19,0.0,0.105,0,98,0,0,0,0,0
2021,mixed,Scott Engel,Austin Wynns,5955,Cin,C,2,rel,previously_active,,10,3,1,0,0,0,5,0,0.1,0.0,0.2,0,44,1,0,0,0,0
2021,mixed,Scott Engel,Tomas Nido,5883,Det,C,7,rel,previously_active,,30,9,2,1,4,0,13,1,0.226,0.0,0.3,0,52,0,0,1,0,0
2021,mixed,Scott Engel,Jacob Stallings,5554,Col,C,1,dis,previously_active,C,363,109,35,8,53,0,83,47,0.329,0.0,0.366,0,104,1,0,0,0,0
2021,mixed,Scott Engel,Matt Beaty,6433,FA,UT,57,rel,previously_active,,20,12,1,0,1,0,4,0,0.25,0.0,0.1,2,0,21,0,5,0,46
2021,mixed,Scott Engel,Jesus Aguilar,4118,FA,UT,0,dis,previously_active,"1B,CI",409,120,44,19,82,0,85,41,0.322,0.0,0.447,4,0,113,0,2,0,0
2021,mixed,Scott Engel,Abraham Toro,6790,Bos,UT,19,res,previously_active,"UT,3B,CI,2B",174,50,27,7,21,3,27,16,0.311,0.0,0.385,0,0,2,58,32,0,0
2021,mixed,Scott Engel,Ryan O'Hearn,5940,Bal,UT,8,rel,previously_active,,41,11,4,1,2,0,10,2,0.256,0.0,0.317,29,0,20,0,0,0,26
2021,mixed,Scott Engel,Harold Ramirez,4883,Atl,UT,44,rel,previously_active,,150,45,16,3,16,2,26,9,0.341,0.0,0.42,2,0,1,0,0,0,93
2021,mixed,Scott Engel,Ramon Urias,6726,Bal,UT,3,dis,previously_active,"3B,SS,2B,MI",53,16,8,1,8,1,13,5,0.356,0.0,0.377,0,0,0,31,10,49,0
2021,mixed,Scott Engel,Yermin Mercedes,6030,FA,UT,77,rel,previously_active,,215,61,20,6,28,0,44,18,0.302,0.0,0.363,61,2,1,0,0,0,0
2021,mixed,Scott Engel,Yandy Diaz,5735,TB,CI,3,rel,previously_active,,10,3,2,0,2,0,1,0,0.364,0.0,0.4,5,0,81,1,58,0,0
2021,mixed,Scott Engel,Nick Maton,7179,CWS,MI,25,rel,previously_active,,6,5,1,0,0,0,2,2,0.25,0.0,0.0,0,0,0,21,0,20,0
2021,mixed,Scott Engel,Josh Rojas,6789,CWS,MI,0,rel,previously_active,,27,9,1,0,0,0,7,4,0.194,0.0,0.074,0,0,0,55,14,42,53
2021,mixed,Scott Engel,Starlin Castro,2724,FA,MI,1,trd,previously_active,,158,43,10,2,15,0,29,15,0.312,0.0,0.335,0,0,0,0,85,1,0
2021,mixed,Scott Engel,Michael Hermosillo,6029,FA,OF,4,dis,reserved,OF,0,0,0,0,0,0,0,0,0.0,0.0,0.0,0,0,0,0,0,0,12
2021,mixed,Scott Engel,Shed Long,6122,Bal,OF,25,dis,reserved,"OF,2B,MI",0,0,0,0,0,0,0,0,0.0,0.0,0.0,1,0,0,10,0,0,25
2021,mixed,Scott Engel,Cavan Biggio,6063,KC,OF,34,dis,reserved,"OF,3B,2B,MI,1B,CI",16,5,4,2,3,0,1,2,0.611,0.75,1.06,2,0,7,7,52,0,16
2021,mixed,Scott Engel,Jacob Stallings,5554,Col,C,1,dis,reserved,C,11,3,3,0,0,0,2,2,0.538,0.538,0.455,0,104,1,0,0,0,0
2021,mixed,Scott Engel,Ramon Urias,6726,Bal,UT,3,dis,reserved,"3B,SS,2B,MI",94,29,11,2,12,0,34,13,0.373,0.0,0.404,0,0,0,31,10,49,0
2021,mixed,Scott Engel,Jesus Aguilar,4118,FA,UT,0,dis,reserved,"1B,CI",40,12,5,3,11,0,8,5,0.4,0.0,0.575,4,0,113,0,2,0,0
2021,mixed,Scott Engel,Abraham Toro,6790,Bos,UT,19,res,reserved,"UT,3B,CI,2B",115,30,13,2,15,2,19,10,0.315,0.28,0.357,0,0,2,58,32,0,0
2021,mixed,Scott Engel,Tyrone Taylor,4506,NYM,OF,56,rel,previously_reserved,,5,3,0,0,0,0,0,0,0.2,0.0,0.4,0,0,0,0,0,0,77
2021,mixed,Scott Engel,Yonathan Daza,6290,FA,OF,7,act,previously_reserved,OF,30,11,3,0,1,0,7,0,0.2,0.0,0.233,0,0,0,0,0,0,79
2021,mixed,Scott Engel,Harold Castro,6431,KC,OF,16,rel,previously_reserved,,12,3,1,1,2,0,3,0,0.083,0.0,0.333,1,0,15,33,12,43,5
2021,mixed,Scott Engel,Jordan Luplow,5227,Phi,OF,29,act,previously_reserved,"OF,1B",54,24,9,2,5,0,21,11,0.318,0.0,0.333,4,0,17,1,1,0,38
2021,mixed,Scott Engel,Chas McCormick,7201,Hou,OF,4,act,previously_reserved,OF,17,7,1,0,0,0,4,1,0.222,0.0,0.176,3,0,0,0,0,0,101
2021,mixed,Scott Engel,Kevin Kiermaier,4671,LAD,OF,49,rel,previously_reserved,,57,20,7,0,3,4,19,7,0.297,0.0,0.263,1,0,0,0,0,0,116
2021,mixed,Scott Engel,Phillip Evans,4091,Atl,OF,3,rel,previously_reserved,,14,5,2,1,3,0,6,0,0.286,0.0,0.5,1,0,20,0,14,0,29
2021,mixed,Scott Engel,Avisail Garcia,3485,FA,OF,0,trd,previously_reserved,,22,7,2,0,2,1,7,4,0.385,0.0,0.273,0,0,0,0,0,0,122
2021,mixed,Scott Engel,Anthony Alford,4658,FA,OF,4,rel,previously_reserved,,16,6,1,1,2,1,7,1,0.294,0.0,0.5,0,0,0,0,0,0,39
2021,mixed,Scott Engel,Josh Naylor,5389,Ari,OF,1,rel,previously_reserved,,37,11,3,0,2,0,9,2,0.256,0.0,0.297,4,0,15,0,0,0,51
2021,mixed,Scott Engel,Adam Duvall,4413,Atl,OF,1,rel,previously_reserved,,139,41,18,9,28,1,47,10,0.26,0.0,0.446,0,0,0,0,0,0,137
2021,mixed,Scott Engel,Victor Reyes,4936,CWS,OF,1,rel,previously_reserved,,15,5,2,1,1,0,4,0,0.067,0.0,0.267,4,0,0,0,0,0,62
2021,mixed,Scott Engel,Ben Gamel,5506,Hou,OF,2,rel,previously_reserved,,4,1,0,0,1,0,2,0,0.25,0.0,0.25,0,0,4,0,0,0,103
2021,mixed,Scott Engel,Dustin Fowler,5630,FA,OF,25,rel,previously_reserved,,5,2,0,0,0,0,4,0,0.0,0.0,0.0,0,0,0,0,0,0,13
2021,mixed,Scott Engel,Greg Allen,5702,ChC,OF,4,rel,previously_reserved,,3,1,1,0,0,0,0,0,0.5,0.0,0.333,0,0,0,0,0,0,14
2021,mixed,Scott Engel,Riley Adams,7290,Was,C,4,act,previously_reserved,C,7,6,1,0,1,0,4,5,0.417,0.0,0.0,0,34,0,0,0,0,0
2021,mixed,Scott Engel,Luis Torrens,5151,NYM,C,5,act,previously_reserved,"C,1B",43,17,5,0,8,0,12,5,0.408,0.0,0.488,59,35,5,0,2,0,0
2021,mixed,Scott Engel,Matt Beaty,6433,FA,UT,57,rel,previously_reserved,,13,5,0,0,0,0,4,0,0.286,0.0,0.385,2,0,21,0,5,0,46
2021,mixed,Scott Engel,Yermin Mercedes,6030,FA,UT,77,rel,previously_reserved,,11,4,4,0,3,0,0,2,0.462,0.0,0.455,61,2,1,0,0,0,0
2021,mixed,Scott Engel,Jack Mayfield,6410,LAA,UT,3,act,previously_reserved,"2B,3B,SS,MI,CI",99,29,14,3,18,2,22,8,0.278,0.0,0.394,0,0,0,9,68,12,0
2021,mixed,Scott Engel,Ryan O'Hearn,5940,Bal,UT,8,rel,previously_reserved,,8,2,1,0,0,0,4,0,0.125,0.0,0.125,29,0,20,0,0,0,26
2021,mixed,Scott Engel,Harold Ramirez,4883,Atl,UT,44,rel,previously_reserved,,46,14,6,3,7,1,6,1,0.229,0.0,0.435,2,0,1,0,0,0,93
2021,mixed,Scott Engel,Starlin Castro,2724,FA,MI,1,trd,previously_reserved,,51,13,2,0,5,0,15,2,0.245,0.0,0.235,0,0,0,0,85,1,0
2021,mixed,Scott Engel,Josh Rojas,6789,CWS,MI,0,rel,previously_reserved,,8,5,3,1,1,0,3,3,0.455,0.0,0.625,0,0,0,55,14,42,53
2021,mixed,Alex Chamberlain,Freddie Freeman,2466,LAD,1B,40,act,active,"1B,CI",600,159,120,31,83,8,107,86,0.393,0.4,0.503,0,0,159,0,0,0,0
2021,mixed,Alex Chamberlain,Jake Cronenworth,6463,SD,2B,3,act,active,"2B,SS,1B,MI,CI",551,147,92,20,68,4,87,54,0.341,0.217,0.459,0,0,24,94,0,41,0
2021,mixed,Alex Chamberlain,Eugenio Suarez,4330,Ari,SS,27,act,active,"3B,SS,CI",505,145,71,31,79,0,171,56,0.286,0.52,0.428,0,0,0,0,104,34,0
2021,mixed,Alex Chamberlain,Justin Turner,2415,ChC,3B,3,act,active,"UT,3B,CI",533,151,87,27,87,3,98,61,0.361,0.45,0.471,4,0,0,0,143,0,0
2021,mixed,Alex Chamberlain,Tommy Pham,5041,Pit,OF,12,act,active,OF,475,155,74,15,49,14,128,78,0.34,0.222,0.383,3,0,0,0,0,0,124
2021,mixed,Alex Chamberlain,Eddie Rosario,3889,LAD,OF,14,act,active,OF,345,96,37,11,54,10,58,23,0.306,0.273,0.42,6,0,0,0,0,0,100
2021,mixed,Alex Chamberlain,Raimel Tapia,4798,FA,OF,6,act,active,OF,469,128,64,5,45,20,70,36,0.318,0.269,0.358,0,0,0,0,0,0,120
2021,mixed,Alex Chamberlain,Charlie Blackmon,2620,Col,OF,11,act,active,OF,514,150,76,13,78,3,91,54,0.351,0.4,0.411,1,0,0,0,0,0,137
2021,mixed,Alex Chamberlain,Amed Rosario,4884,Was,OF,0,act,active,"UT,SS,OF,MI",379,91,52,7,40,8,84,16,0.324,0.44,0.42,3,0,0,0,0,121,18
2021,mixed,Alex Chamberlain,Salvador Perez,3457,KC,C,12,act,active,C,620,161,88,48,121,1,170,28,0.316,0.37,0.544,40,124,0,0,0,0,0
2021,mixed,Alex Chamberlain,Victor Caratini,4876,Hou,C,2,act,active,"C,1B",210,81,20,5,23,0,46,23,0.314,0.4,0.329,0,101,5,0,2,0,0
2021,mixed,Alex Chamberlain,Donovan Solano,3063,Sea,UT,0,act,active,"UT,2B,3B,MI,CI",183,65,22,5,19,1,32,15,0.368,0.385,0.454,0,0,0,91,0,2,0
2021,mixed,Alex Chamberlain,Christian Walker,4521,Hou,CI,5,act,active,"1B,CI",373,108,54,10,42,0,99,36,0.318,0.435,0.394,1,0,107,0,0,0,0
2021,mixed,Alex Chamberlain,Didi Gregorius,3599,FA,MI,7,act,active,"SS,MI",361,101,34,12,53,3,65,24,0.267,0.167,0.36,0,0,0,0,0,101,0
2021,mixed,Alex Chamberlain,Nicky Lopez,6356,ChC,2B,3,rel,previously_active,,14,6,4,0,0,0,3,6,0.35,0.0,0.214,0,0,0,4,0,148,0
2021,mixed,Alex Chamberlain,Tim Locastro,6280,SD,OF,0,dis,previously_active,OF,58,29,4,0,1,2,10,4,0.262,0.0,0.207,0,0,0,0,0,0,47
2021,mixed,Alex Chamberlain,A.J. Pollock,2837,FA,OF,5,res,previously_active,OF,331,96,45,16,55,9,72,25,0.352,0.0,0.523,0,0,0,0,0,0,108
2021,mixed,Alex Chamberlain,Wilson Ramos,2170,FA,C,3,rel,previously_active,,120,35,12,6,13,0,29,6,0.238,0.0,0.392,11,34,0,0,0,0,0
2021,mixed,Alex Chamberlain,Kevin Newman,5393,LAA,UT,3,rel,previously_active,,124,33,14,0,5,1,9,6,0.262,0.0,0.266,0,0,0,15,0,132,0
2021,mixed,Alex Chamberlain,Nick Ahmed,3807,Tex,UT,3,rel,previously_active,,80,25,7,0,6,1,30,7,0.352,0.0,0.425,0,0,0,0,0,127,0
2021,mixed,Alex Chamberlain,Renato Nunez,3647,FA,CI,0,rel,previously_active,,24,6,5,2,3,0,5,0,0.2,0.0,0.5,6,0,8,0,0,0,0
2021,mixed,Alex Chamberlain,Jon Berti,5574,ChC,MI,4,rel,previously_active,,26,10,2,1,2,0,9,2,0.233,0.0,0.269,0,0,0,27,46,2,12
2021,mixed,Alex Chamberlain,Tim Locastro,6280,SD,OF,0,dis,reserved,OF,81,35,11,2,6,3,23,3,0.264,0.0,0.284,0,0,0,0,0,0,47
2021,mixed,Alex Chamberlain,A.J. Pollock,2837,FA,OF,5,res,reserved,OF,53,21,8,5,14,0,8,5,0.377,0.318,0.623,0,0,0,0,0,0,108
2021,mixed,Alex Chamberlain,Jake Cronenworth,6463,SD,2B,3,act,previously_reserved,"2B,SS,1B,MI,CI",16,5,2,1,3,0,3,1,0.294,0.0,0.5,0,0,24,94,0,41,0
2021,mixed,Alex Chamberlain,Nicky Lopez,6356,ChC,2B,3,rel,previously_reserved,,20,6,1,0,0,0,7,2,0.182,0.0,0.2,0,0,0,4,0,148,0
2021,mixed,Alex Chamberlain,Eddie Rosario,3889,LAD,OF,14,act,previously_reserved,OF,34,15,5,3,8,1,3,3,0.289,0.0,0.588,6,0,0,0,0,0,100
2021,mixed,Alex Chamberlain,Raimel Tapia,4798,FA,OF,6,act,previously_reserved,OF,18,5,5,1,5,0,0,4,0.522,0.0,0.722,0,0,0,0,0,0,120
2021,mixed,Alex Chamberlain,Amed Rosario,4884,Was,OF,0,act,previously_reserved,"UT,SS,OF,MI",171,50,25,4,17,5,36,15,0.316,0.0,0.386,3,0,0,0,0,121,18
2021,mixed,Alex Chamberlain,Victor Caratini,4876,Hou,C,2,act,previously_reserved,"C,1B",28,9,4,0,4,1,9,2,0.258,0.0,0.214,0,101,5,0,2,0,0
2021,mixed,Alex Chamberlain,Donovan Solano,3063,Sea,UT,0,act,previously_reserved,"UT,2B,3B,MI,CI",124,36,13,2,12,1,26,10,0.309,0.0,0.331,0,0,0,91,0,2,0
2021,mixed,Alex Chamberlain,Nick Ahmed,3807,Tex,UT,3,rel,previously_reserved,,107,34,13,2,6,1,23,12,0.3,0.0,0.327,0,0,0,0,0,127,0
2021,mixed,Alex Chamberlain,Kevin Newman,5393,LAA,UT,3,rel,previously_reserved,,82,25,6,2,3,1,6,6,0.27,0.0,0.305,0,0,0,15,0,132,0
2021,mixed,Alex Chamberlain,Christian Walker,4521,Hou,CI,5,act,previously_reserved,"1B,CI",28,7,1,0,4,0,7,2,0.267,0.0,0.214,1,0,107,0,0,0,0
2021,mixed,Alex Chamberlain,Renato Nunez,3647,FA,CI,0,rel,previously_reserved,,3,1,0,0,0,0,3,1,0.25,0.0,0.0,6,0,8,0,0,0,0
2021,mixed,Alex Chamberlain,Jon Berti,5574,ChC,MI,4,rel,previously_reserved,,64,25,11,1,6,1,16,12,0.303,0.0,0.312,0,0,0,27,46,2,12
2021,mixed,Alex Chamberlain,Didi Gregorius,3599,FA,MI,7,act,previously_reserved,"SS,MI",7,2,1,1,1,0,2,1,0.375,0.0,0.857,0,0,0,0,0,101,0
2021,mixed,CJ Kaltenbach,Yuli Gurriel,2160,SD,1B,0,act,active,"1B,CI",530,143,83,15,81,1,68,59,0.383,0.437,0.462,1,0,142,0,1,0,0
2021,mixed,CJ Kaltenbach,Ryan McMahon,4613,Col,2B,5,act,active,"3B,2B,CI,1B,MI",528,151,80,23,86,6,147,59,0.331,0.296,0.449,0,0,0,52,113,0,0
2021,mixed,CJ Kaltenbach,Adalberto Mondesi,4431,FA,SS,27,act,active,"SS,MI,3B",102,29,11,3,10,11,36,5,0.25,0.167,0.373,5,0,0,0,20,11,0
2021,mixed,CJ Kaltenbach,Yoan Moncada,5023,LAA,3B,14,act,active,"3B,CI",520,144,74,14,61,3,157,84,0.375,0.32,0.412,6,0,0,0,138,0,0
2021,mixed,CJ Kaltenbach,Christian Yelich,3314,Mil,OF,40,act,active,OF,326,96,58,6,37,7,92,63,0.367,0.437,0.359,4,0,0,0,0,0,107
2021,mixed,CJ Kaltenbach,Akil Baddoo,6487,Det,OF,88,act,active,OF,318,91,45,11,48,9,100,28,0.301,0.406,0.421,5,0,0,0,0,0,117
2021,mixed,CJ Kaltenbach,Austin Hays,6076,Cin,OF,5,act,active,OF,437,117,65,19,65,3,91,25,0.316,0.36,0.471,0,0,0,0,0,0,128
2021,mixed,CJ Kaltenbach,Odubel Herrera,5084,FA,OF,62,act,active,OF,322,84,44,7,35,4,53,17,0.298,0.261,0.394,0,0,0,0,0,0,120
2021,mixed,CJ Kaltenbach,Luis Robert,5725,CWS,OF,12,act,active,OF,160,38,28,11,32,2,27,6,0.395,0.296,0.631,1,0,0,0,0,0,67
2021,mixed,CJ Kaltenbach,Christian Vazquez,4248,Min,C,11,act,active,C,458,138,51,6,49,8,84,33,0.308,0.214,0.352,3,132,1,2,2,0,0
2021,mixed,CJ Kaltenbach,Yadier Molina,1404,StL,C,5,act,active,C,432,119,45,11,62,3,77,24,0.295,0.143,0.366,0,118,1,0,0,0,0
2021,mixed,CJ Kaltenbach,Tim Anderson,4591,LAA,UT,21,act,active,"SS,MI",486,114,85,16,59,17,107,21,0.336,0.5,0.469,0,0,0,0,0,122,0
2021,mixed,CJ Kaltenbach,Hunter Dozier,4612,LAA,CI,11,act,active,"3B,OF,1B,CI",280,84,35,9,32,4,86,25,0.328,0.308,0.446,11,0,19,0,57,0,70
2021,mixed,CJ Kaltenbach,Jed Lowrie,201,Oak,MI,8,act,active,"UT,2B",404,122,46,14,66,0,92,40,0.311,0.0,0.403,58,0,0,71,1,0,0
2021,mixed,CJ Kaltenbach,Sam Hilliard,6107,Col,OF,3,rel,previously_active,,76,25,10,4,11,1,31,9,0.282,0.0,0.421,1,0,0,0,0,0,63
2021,mixed,CJ Kaltenbach,Stephen Piscotty,4095,FA,OF,2,rel,previously_active,,28,11,0,0,1,1,8,1,0.172,0.0,0.143,5,0,0,0,0,0,67
2021,mixed,CJ Kaltenbach,Adam Duvall,4413,Atl,OF,11,res,previously_active,OF,187,55,30,16,46,1,57,21,0.329,0.0,0.551,0,0,0,0,0,0,137
2021,mixed,CJ Kaltenbach,Michael Brantley,2212,FA,OF,10,dis,previously_active,OF,434,111,64,8,39,1,50,31,0.353,0.0,0.422,30,0,0,0,0,0,89
2021,mixed,CJ Kaltenbach,Jackie Bradley,3595,NYM,OF,1,rel,previously_active,,55,19,4,1,7,1,13,4,0.288,0.0,0.364,0,0,0,0,0,0,117
2021,mixed,CJ Kaltenbach,Cristian Pache,6097,Ari,OF,2,rel,previously_active,,10,3,1,0,0,0,4,0,0.1,0.0,0.2,0,0,0,0,0,0,22
2021,mixed,CJ Kaltenbach,Austin Slater,6014,CWS,OF,0,rel,previously_active,,12,3,1,1,1,0,7,1,0.154,0.0,0.333,1,0,0,0,0,0,118
2021,mixed,CJ Kaltenbach,Clint Frazier,4439,CWS,OF,7,dis,previously_active,OF,159,55,15,5,11,2,53,25,0.301,0.0,0.308,0,0,0,0,0,0,63
2021,mixed,CJ Kaltenbach,Jake Cave,3729,Col,OF,4,rel,previously_active,,30,11,3,1,2,1,15,3,0.242,0.0,0.333,1,0,0,0,0,0,70
2021,mixed,CJ Kaltenbach,Nomar Mazara,3791,Was,OF,2,rel,previously_active,,21,7,1,1,2,0,7,1,0.182,0.0,0.333,7,0,0,0,0,0,41
2021,mixed,CJ Kaltenbach,Mike Zunino,4012,FA,C,1,rel,previously_active,,16,5,2,1,4,0,8,0,0.25,0.0,0.437,0,105,0,0,0,0,0
2021,mixed,CJ Kaltenbach,Yadiel Hernandez,5664,FA,UT,13,rel,previously_active,,5,4,2,1,1,0,1,0,0.4,0.0,1.0,0,0,0,0,0,0,61
2021,mixed,CJ Kaltenbach,Isan Diaz,5464,FA,UT,4,rel,previously_active,,7,2,0,0,0,0,5,0,0.143,0.0,0.143,0,0,0,35,37,0,0
2021,mixed,CJ Kaltenbach,Luis Urias,5831,Oak,UT,0,rel,previously_active,,39,14,4,1,7,1,13,12,0.353,0.0,0.308,0,0,0,25,68,68,0
2021,mixed,CJ Kaltenbach,Bobby Dalbec,5764,CWS,CI,5,rel,previously_active,,139,42,11,5,22,1,54,9,0.262,0.0,0.388,1,0,123,0,14,2,0
2021,mixed,CJ Kaltenbach,Alex Kirilloff,5827,Min,CI,8,dis,previously_active,"OF,1B",127,34,13,6,23,1,30,9,0.336,0.0,0.512,0,0,29,0,0,0,37
2021,mixed,CJ Kaltenbach,Josh Naylor,5389,Ari,CI,47,dis,previously_active,"1B,OF,CI",136,41,19,5,16,1,25,10,0.306,0.0,0.397,4,0,15,0,0,0,51
2021,mixed,CJ Kaltenbach,Niko Goodrum,5931,SD,MI,2,rel,previously_active,,33,10,5,2,3,1,16,3,0.27,0.0,0.394,1,0,1,9,0,66,15
2021,mixed,CJ Kaltenbach,Michael Brantley,2212,FA,OF,10,dis,reserved,OF,35,10,4,0,8,0,3,2,0.474,0.2,0.629,30,0,0,0,0,0,89
2021,mixed,CJ Kaltenbach,Adam Duvall,4413,Atl,OF,11,res,reserved,OF,122,33,14,10,26,0,45,3,0.268,0.133,0.525,0,0,0,0,0,0,137
2021,mixed,CJ Kaltenbach,Clint Frazier,4439,CWS,OF,7,dis,reserved,OF,24,11,5,0,4,0,12,7,0.406,0.0,0.375,0,0,0,0,0,0,63
2021,mixed,CJ Kaltenbach,Josh Naylor,5389,Ari,CI,47,dis,reserved,"1B,OF,CI",17,5,2,2,3,0,2,1,0.333,0.0,0.647,4,0,15,0,0,0,51
2021,mixed,CJ Kaltenbach,Alex Kirilloff,5827,Min,CI,8,dis,reserved,"OF,1B",88,25,10,2,11,0,22,5,0.245,0.0,0.295,0,0,29,0,0,0,37
2021,mixed,CJ Kaltenbach,Adalberto Mondesi,4431,FA,SS,27,act,previously_reserved,"SS,MI,3B",24,6,8,3,7,4,7,1,0.36,0.0,0.792,5,0,0,0,20,11,0
2021,mixed,CJ Kaltenbach,Jake Cave,3729,Col,OF,4,rel,previously_reserved,,25,10,2,0,0,0,10,1,0.259,0.0,0.28,1,0,0,0,0,0,70
2021,mixed,CJ Kaltenbach,Christian Yelich,3314,Mil,OF,40,act,previously_reserved,OF,73,21,12,3,14,2,21,7,0.337,0.0,0.438,4,0,0,0,0,0,107
2021,mixed,CJ Kaltenbach,Cristian Pache,6097,Ari,OF,2,rel,previously_reserved,,20,8,2,0,0,0,9,1,0.19,0.0,0.2,0,0,0,0,0,0,22
2021,mixed,CJ Kaltenbach,Austin Slater,6014,CWS,OF,0,rel,previously_reserved,,30,10,3,1,5,1,10,6,0.389,0.0,0.467,1,0,0,0,0,0,118
2021,mixed,CJ Kaltenbach,Akil Baddoo,6487,Det,OF,88,act,previously_reserved,OF,92,32,14,1,6,9,21,17,0.422,0.0,0.457,5,0,0,0,0,0,117
2021,mixed,CJ Kaltenbach,Sam Hilliard,6107,Col,OF,3,rel,previously_reserved,,43,15,7,3,8,1,14,3,0.362,0.0,0.558,1,0,0,0,0,0,63
2021,mixed,CJ Kaltenbach,Odubel Herrera,5084,FA,OF,62,act,previously_reserved,OF,64,20,9,4,10,1,9,6,0.366,0.0,0.562,0,0,0,0,0,0,120
2021,mixed,CJ Kaltenbach,Austin Hays,6076,Cin,OF,5,act,previously_reserved,OF,51,14,8,3,6,1,16,3,0.241,0.0,0.373,0,0,0,0,0,0,128
2021,mixed,CJ Kaltenbach,Jackie Bradley,3595,NYM,OF,1,rel,previously_reserved,,97,34,11,1,10,3,32,11,0.286,0.0,0.278,0,0,0,0,0,0,117
2021,mixed,CJ Kaltenbach,Stephen Piscotty,4095,FA,OF,2,rel,previously_reserved,,36,14,4,2,5,0,10,6,0.31,0.0,0.389,5,0,0,0,0,0,67
2021,mixed,CJ Kaltenbach,Luis Robert,5725,CWS,OF,12,act,previously_reserved,OF,20,5,3,1,3,0,6,1,0.333,0.0,0.55,1,0,0,0,0,0,67
2021,mixed,CJ Kaltenbach,Mike Zunino,4012,FA,C,1,rel,previously_reserved,,12,4,2,2,2,0,3,3,0.333,0.0,0.667,0,105,0,0,0,0,0
2021,mixed,CJ Kaltenbach,Yadier Molina,1404,StL,C,5,act,previously_reserved,C,8,2,0,0,4,0,2,0,0.375,0.0,0.625,0,118,1,0,0,0,0
2021,mixed,CJ Kaltenbach,Tim Anderson,4591,LAA,UT,21,act,previously_reserved,"SS,MI",41,9,9,1,2,1,12,1,0.357,0.0,0.463,0,0,0,0,0,122,0
2021,mixed,CJ Kaltenbach,Matt Carpenter,3510,StL,UT,1,rel,previously_reserved,,40,20,4,1,4,0,18,5,0.208,0.0,0.15,2,0,14,34,6,0,0
2021,mixed,CJ Kaltenbach,Luis Urias,5831,Oak,UT,0,rel,previously_reserved,,86,28,10,4,13,0,24,8,0.309,0.0,0.43,0,0,0,25,68,68,0
2021,mixed,CJ Kaltenbach,Yadiel Hernandez,5664,FA,UT,13,rel,previously_reserved,,6,6,2,0,0,0,2,0,0.333,0.0,0.333,0,0,0,0,0,0,61
2021,mixed,CJ Kaltenbach,Jed Lowrie,201,Oak,MI,8,act,previously_reserved,"UT,2B",42,13,8,0,2,0,13,7,0.367,0.0,0.357,58,0,0,71,1,0,0
