year,league,team,player_name,player_id,mlb_team,position,salary,status,roster_section,eligibility,ab,h,g,r,hr,rbi,sb,so,bb,obp,slg,gp_dh,gp_c,gp_1b,gp_2b,gp_3b,gp_ss,gp_of
2022,mixed,Derek VanRiper,Christian Walker,4521,Hou,1B,1,act,active,"1B,CI",583,141,160,84,36,94,2,131,69,0.327,0.477,11,0,150,0,0,0,0
2022,mixed,Derek VanRiper,Spencer Steer,8005,Cin,2B,22,act,active,"1B,2B,3B",86,18,25,10,1,7,0,24,8,0.292,0.291,2,0,9,5,14,0,0
2022,mixed,Derek VanRiper,Xander Bogaerts,3822,SD,SS,29,act,active,"SS,MI",557,171,150,84,15,73,8,118,57,0.377,0.456,4,0,0,0,0,146,0
2022,mixed,Derek VanRiper,J.D. Davis,5453,LAA,3B,2,act,active,"1B,3B,CI",11,0,3,1,0,0,0,6,2,0.154,0.0,56,0,18,0,30,0,2
2022,mixed,Derek VanRiper,Andrew McCutchen,1222,Pit,OF,0,act,active,OF,215,45,59,26,10,31,2,57,33,0.319,0.4,82,0,0,0,0,0,50
2022,mixed,Derek VanRiper,Brandon Nimmo,3778,NYM,OF,1,act,active,OF,561,154,145,99,16,63,3,114,67,0.366,0.437,0,0,0,0,0,0,151
2022,mixed,Derek VanRiper,Cody Bellinger,4954,NYY,OF,15,act,active,OF,504,106,144,70,19,68,14,150,38,0.265,0.389,0,0,0,0,0,0,144
2022,mixed,Derek VanRiper,David Peralta,4980,SD,OF,11,act,active,OF,36,8,12,0,0,6,0,13,4,0.31,0.278,11,0,0,0,0,0,113
2022,mixed,Derek VanRiper,A.J. Pollock,2837,FA,OF,22,act,active,OF,204,53,54,28,9,23,2,33,15,0.311,0.446,0,0,0,0,0,0,137
2022,mixed,Derek VanRiper,Willson Contreras,5435,StL,C,15,act,active,"UT,C",409,100,111,65,22,55,4,102,45,0.352,0.472,39,72,0,0,0,0,0
2022,mixed,Derek VanRiper,Will Smith,5805,LAD,C,22,act,active,C,508,132,137,68,24,87,1,96,56,0.343,0.465,25,109,0,0,0,0,0
2022,mixed,Derek VanRiper,Corbin Carroll,7007,Ari,UT,327,act,active,OF,104,27,32,13,4,14,2,31,8,0.33,0.5,2,0,0,0,0,0,29
2022,mixed,Derek VanRiper,Rowdy Tellez,4892,Sea,CI,1,act,active,"1B,CI",522,113,151,65,34,87,2,119,61,0.303,0.456,9,0,139,0,0,0,0
2022,mixed,Derek VanRiper,Francisco Lindor,3668,NYM,MI,23,act,active,"SS,MI",630,170,161,98,26,107,16,133,59,0.339,0.449,2,0,0,0,0,159,0
2022,mixed,Derek VanRiper,Paul Goldschmidt,3159,NYY,1B,27,trd,previously_active,,352,118,93,68,24,77,5,85,48,0.417,0.619,23,0,128,0,0,0,0
2022,mixed,Derek VanRiper,Jazz Chisholm,6130,NYY,2B,14,dis,previously_active,"2B,SS,MI",213,54,60,39,14,45,12,66,21,0.325,0.535,0,0,0,60,0,0,0
2022,mixed,Derek VanRiper,Whit Merrifield,4419,Atl,2B,21,res,previously_active,"2B,OF,MI",128,31,40,19,4,12,3,26,8,0.287,0.398,5,0,2,83,0,0,62
2022,mixed,Derek VanRiper,Jonathan Villar,3345,Sea,2B,22,rel,previously_active,,39,7,10,5,0,2,1,13,2,0.22,0.179,1,0,0,29,28,2,0
2022,mixed,Derek VanRiper,Hunter Dozier,4612,LAA,3B,0,res,previously_active,"3B,OF,1B,CI",395,91,111,40,10,34,3,107,31,0.289,0.375,25,0,42,0,27,0,40
2022,mixed,Derek VanRiper,Alex Bregman,4907,Bos,3B,23,trd,previously_active,,288,69,82,46,11,45,0,48,50,0.359,0.42,0,0,0,0,154,0,0
2022,mixed,Derek VanRiper,Aaron Judge,4601,NYY,OF,29,trd,previously_active,,416,125,111,96,46,100,12,125,66,0.398,0.678,25,0,0,0,0,0,129
2022,mixed,Derek VanRiper,Willi Castro,6289,Min,OF,22,rel,previously_active,,68,13,18,6,0,3,1,16,1,0.233,0.221,5,0,0,16,6,16,80
2022,mixed,Derek VanRiper,Romy Gonzalez,7828,Bos,OF,3,rel,previously_active,,14,1,5,0,0,0,0,6,0,0.071,0.143,0,0,0,25,0,3,3
2022,mixed,Derek VanRiper,Akil Baddoo,6487,Det,OF,2,rel,previously_active,,5,1,4,1,0,0,0,2,2,0.429,0.2,2,0,0,0,0,0,65
2022,mixed,Derek VanRiper,Trent Grisham,5285,NYY,OF,77,rel,previously_active,,182,36,64,36,12,28,4,62,27,0.313,0.412,0,0,0,0,0,0,148
2022,mixed,Derek VanRiper,Eloy Jimenez,4617,TB,OF,15,trd,previously_active,,36,8,11,2,1,7,0,10,2,0.256,0.333,50,0,0,0,0,0,30
2022,mixed,Derek VanRiper,Harold Ramirez,4883,Atl,OF,11,res,previously_active,"OF,1B",42,15,12,4,0,6,0,6,2,0.413,0.452,52,0,32,0,0,0,29
2022,mixed,Derek VanRiper,Kevin Kiermaier,4671,LAD,OF,2,rel,previously_active,,33,5,12,5,1,1,3,11,1,0.176,0.303,2,0,0,0,0,0,60
2022,mixed,Derek VanRiper,Yan Gomes,3945,FA,C,3,rel,previously_active,,38,8,11,3,1,8,1,11,0,0.205,0.342,9,69,0,0,0,0,0
2022,mixed,Derek VanRiper,Jose Barrero,6187,StL,UT,1,rel,previously_active,,23,6,6,2,0,1,1,13,0,0.261,0.304,0,0,0,0,0,48,0
2022,mixed,Derek VanRiper,Kyle Isbel,6916,KC,UT,3,rel,previously_active,,37,8,15,8,1,4,2,10,3,0.293,0.459,2,0,0,0,0,0,101
2022,mixed,Derek VanRiper,Diego A. Castillo,7853,Min,UT,37,rel,previously_active,,9,4,3,2,0,0,0,2,0,0.444,0.556,1,0,7,28,4,32,22
2022,mixed,Derek VanRiper,Josh Lowe,6072,TB,UT,11,rel,previously_active,,82,14,24,9,1,6,1,32,6,0.227,0.305,7,0,0,0,0,0,44
2022,mixed,Derek VanRiper,Jazz Chisholm,6130,NYY,2B,14,dis,reserved,"2B,SS,MI",0,0,0,0,0,0,0,0,0,0.0,0.0,0,0,0,60,0,0,0
2022,mixed,Derek VanRiper,Whit Merrifield,4419,Atl,2B,21,res,reserved,"2B,OF,MI",65,22,22,11,4,13,0,11,3,0.362,0.6,5,0,2,83,0,0,62
2022,mixed,Derek VanRiper,Hunter Dozier,4612,LAA,3B,0,res,reserved,"3B,OF,1B,CI",67,18,18,11,2,7,1,18,3,0.31,0.463,25,0,42,0,27,0,40
2022,mixed,Derek VanRiper,Harold Ramirez,4883,Atl,OF,11,res,reserved,"OF,1B",163,42,42,15,2,23,0,36,3,0.287,0.344,52,0,32,0,0,0,29
2022,mixed,Derek VanRiper,Jonathan Villar,3345,Sea,2B,22,rel,previously_reserved,,7,1,2,1,1,1,0,2,1,0.25,0.571,1,0,0,29,28,2,0
2022,mixed,Derek VanRiper,Andrew McCutchen,1222,Pit,OF,0,act,previously_reserved,OF,91,26,22,15,3,13,1,18,6,0.327,0.451,82,0,0,0,0,0,50
2022,mixed,Derek VanRiper,Trent Grisham,5285,NYY,OF,77,rel,previously_reserved,,90,14,33,6,2,7,1,30,6,0.214,0.256,0,0,0,0,0,0,148
2022,mixed,Derek VanRiper,A.J. Pollock,2837,FA,OF,22,act,previously_reserved,OF,18,5,7,1,0,2,0,4,2,0.35,0.389,0,0,0,0,0,0,137
2022,mixed,Derek VanRiper,Brandon Nimmo,3778,NYM,OF,1,act,previously_reserved,OF,19,5,6,3,0,1,0,2,4,0.391,0.316,0,0,0,0,0,0,151
2022,mixed,Derek VanRiper,Akil Baddoo,6487,Det,OF,2,rel,previously_reserved,,12,3,5,2,0,2,0,5,1,0.308,0.25,2,0,0,0,0,0,65
2022,mixed,Derek VanRiper,Willi Castro,6289,Min,OF,22,rel,previously_reserved,,34,10,10,5,1,4,0,6,0,0.286,0.529,5,0,0,16,6,16,80
2022,mixed,Derek VanRiper,Willson Contreras,5435,StL,C,15,act,previously_reserved,"UT,C",7,1,2,0,0,0,0,1,0,0.143,0.143,39,72,0,0,0,0,0
2022,mixed,Derek VanRiper,Josh Lowe,6072,TB,UT,11,rel,previously_reserved,,75,21,22,12,1,6,1,24,8,0.357,0.413,7,0,0,0,0,0,44
2022,mixed,Derek VanRiper,Diego A. Castillo,7853,Min,UT,37,rel,previously_reserved,,89,19,29,7,2,7,1,19,4,0.253,0.303,1,0,7,28,4,32,22
2022,mixed,Derek VanRiper,Kyle Isbel,6916,KC,UT,3,rel,previously_reserved,,32,6,15,6,1,8,2,11,4,0.278,0.312,2,0,0,0,0,0,101
2022,mixed,Derek VanRiper,Jose Barrero,6187,StL,UT,1,rel,previously_reserved,,21,3,6,0,0,2,0,9,0,0.143,0.143,0,0,0,0,0,48,0
2022,mixed,Derek VanRiper,Rowdy Tellez,4892,Sea,CI,1,act,previously_reserved,"1B,CI",7,3,2,2,1,2,0,2,1,0.5,0.857,9,0,139,0,0,0,0
2022,mixed,Tim Heaney,Carlos Santana,2181,Cle,1B,11,act,active,"1B,CI",198,36,60,23,11,31,0,46,24,0.271,0.384,50,0,76,0,0,0,1
2022,mixed,Tim Heaney,Brandon Drury,4055,CWS,2B,24,act,active,"2B,3B,OF,1B",420,111,110,73,21,71,2,105,33,0.328,0.479,26,0,30,27,67,2,1
2022,mixed,Tim Heaney,Dansby Swanson,5276,ChC,SS,11,act,active,"SS,MI",640,177,162,99,25,96,18,182,49,0.329,0.447,0,0,0,0,0,161,0
2022,mixed,Tim Heaney,Rafael Devers,4903,Bos,3B,32,act,active,"3B,CI",544,161,138,83,26,84,3,110,48,0.359,0.518,3,0,0,0,138,0,0
2022,mixed,Tim Heaney,Seth Brown,7100,Oak,OF,11,act,active,"OF,1B",200,47,59,24,13,32,4,65,32,0.343,0.48,2,0,84,0,0,0,77
2022,mixed,Tim Heaney,Adolis Garcia,5465,Tex,OF,2,act,active,OF,605,151,156,88,27,101,25,183,40,0.3,0.456,21,0,0,0,0,0,134
2022,mixed,Tim Heaney,Eloy Jimenez,4617,TB,OF,15,act,active,OF,256,78,73,38,15,47,0,62,26,0.372,0.523,50,0,0,0,0,0,30
2022,mixed,Tim Heaney,Patrick Wisdom,4570,FA,OF,127,act,active,"1B,OF,3B,CI",419,85,118,58,23,55,8,162,47,0.296,0.422,3,0,18,0,105,0,14
2022,mixed,Tim Heaney,Randy Arozarena,6129,Sea,OF,24,act,active,OF,586,154,153,72,20,89,32,156,46,0.327,0.445,27,0,0,0,0,0,126
2022,mixed,Tim Heaney,William Contreras,6423,Mil,C,11,act,active,C,278,78,80,41,14,34,1,85,34,0.359,0.486,34,60,0,0,0,0,1
2022,mixed,Tim Heaney,Francisco Mejia,4850,Mil,C,4,act,active,C,112,20,37,6,0,10,0,27,2,0.2,0.232,3,83,2,0,0,0,0
2022,mixed,Tim Heaney,Jarred Kelenic,6602,Atl,UT,20,act,active,OF,93,13,31,9,3,10,4,35,10,0.229,0.28,2,0,0,0,0,0,50
2022,mixed,Tim Heaney,Isaac Paredes,6242,Hou,CI,146,act,active,"3B,2B,MI,1B",174,30,54,19,5,14,0,42,23,0.275,0.299,0,0,29,43,50,1,0
2022,mixed,Tim Heaney,Bryson Stott,6943,Phi,MI,4,act,active,"2B,SS",237,61,68,31,5,23,8,55,16,0.306,0.388,0,0,0,47,2,83,0
2022,mixed,Tim Heaney,Frank Schwindel,6357,FA,1B,1,rel,previously_active,,91,19,25,6,2,9,0,21,5,0.25,0.308,26,0,48,0,0,0,0
2022,mixed,Tim Heaney,Willians Astudillo,5536,FA,1B,0,rel,previously_active,,8,3,5,3,0,1,0,1,1,0.444,0.375,1,0,3,8,9,0,0
2022,mixed,Tim Heaney,Edwin Rios,6222,Cin,1B,87,rel,previously_active,,10,1,4,1,1,1,0,5,1,0.25,0.4,20,0,4,0,4,0,0
2022,mixed,Tim Heaney,Alek Thomas,6957,Ari,OF,0,rel,previously_active,,307,75,92,36,6,30,4,60,19,0.29,0.349,0,0,0,0,0,0,112
2022,mixed,Tim Heaney,Gavin Sheets,6582,SD,OF,0,rel,previously_active,,31,10,9,3,1,2,0,8,1,0.364,0.452,15,0,13,0,0,0,88
2022,mixed,Tim Heaney,A.J. Pollock,2837,FA,OF,3,rel,previously_active,,117,19,35,12,0,6,1,25,4,0.189,0.205,0,0,0,0,0,0,137
2022,mixed,Tim Heaney,Whit Merrifield,4419,Atl,OF,21,trd,previously_active,,296,68,73,38,3,31,12,46,27,0.29,0.318,5,0,2,83,0,0,62
2022,mixed,Tim Heaney,Luis Torrens,5151,NYM,C,1,rel,previously_active,,3,1,1,1,0,0,0,1,1,0.5,0.333,9,42,0,2,0,0,0
2022,mixed,Tim Heaney,Martin Maldonado,2347,SD,C,0,rel,previously_active,,82,19,27,8,4,15,0,25,2,0.273,0.427,0,113,0,0,0,0,0
2022,mixed,Tim Heaney,Nick Fortes,6902,Mia,C,0,trd,previously_active,,23,6,8,6,1,2,1,3,1,0.292,0.565,13,59,1,0,0,0,0
2022,mixed,Tim Heaney,Zack Collins,5728,Cle,C,11,rel,previously_active,,38,6,10,3,2,6,0,18,3,0.238,0.342,13,13,9,0,0,0,0
2022,mixed,Tim Heaney,Mitch Garver,5025,Sea,C,12,rel,previously_active,,165,35,46,20,9,23,1,45,19,0.294,0.412,36,14,0,0,0,0,0
2022,mixed,Tim Heaney,Jesus Sanchez,6068,Mia,UT,66,rel,previously_active,,114,19,40,11,3,9,1,27,12,0.252,0.298,2,0,0,0,0,0,91
2022,mixed,Tim Heaney,Jose Siri,6249,NYM,UT,15,rel,previously_active,,11,3,4,2,1,2,0,5,0,0.273,0.636,2,0,0,0,0,0,100
2022,mixed,Tim Heaney,Elvis Andrus,1543,FA,UT,0,trd,previously_active,,11,2,3,2,0,0,0,1,1,0.25,0.364,4,0,0,0,0,143,0
2022,mixed,Tim Heaney,Nomar Mazara,3791,Was,UT,32,rel,previously_active,,15,3,6,2,0,0,0,5,3,0.333,0.333,0,0,0,0,0,0,50
2022,mixed,Tim Heaney,Mike Yastrzemski,5314,SF,UT,1,res,previously_active,OF,459,95,140,71,16,52,5,135,57,0.299,0.386,1,0,0,0,0,0,144
2022,mixed,Tim Heaney,Mike Toglia,7038,Col,CI,26,res,previously_active,"1B,OF",62,13,17,7,1,7,1,22,5,0.269,0.387,0,0,15,0,0,0,17
2022,mixed,Tim Heaney,LaMonte Wade,5773,SF,CI,7,res,previously_active,"1B,OF,CI",25,9,6,6,0,1,0,7,1,0.385,0.4,10,0,22,0,0,0,45
2022,mixed,Tim Heaney,Anthony Rendon,3205,LAA,CI,16,rel,previously_active,,151,36,42,15,5,23,2,31,21,0.331,0.397,0,0,0,0,47,0,0
2022,mixed,Tim Heaney,Brad Miller,4310,SD,CI,6,rel,previously_active,,70,16,27,8,4,10,2,23,7,0.299,0.4,22,0,0,0,27,0,29
2022,mixed,Tim Heaney,Tim Anderson,4591,LAA,MI,23,trd,previously_active,,239,76,57,36,5,21,10,34,10,0.358,0.427,0,0,0,0,0,79,0
2022,mixed,Tim Heaney,Nick Solak,6442,Pit,MI,11,rel,previously_active,,12,2,5,1,1,2,0,3,0,0.167,0.417,11,0,0,1,0,0,22
2022,mixed,Tim Heaney,Mike Yastrzemski,5314,SF,UT,1,res,reserved,OF,26,9,8,2,1,5,0,6,4,0.406,0.5,1,0,0,0,0,0,144
2022,mixed,Tim Heaney,Mike Toglia,7038,Col,CI,26,res,reserved,"1B,OF",28,5,8,1,0,2,0,14,3,0.258,0.214,0,0,15,0,0,0,17
2022,mixed,Tim Heaney,LaMonte Wade,5773,SF,CI,7,res,reserved,"1B,OF,CI",57,13,20,8,0,2,1,12,8,0.343,0.246,10,0,22,0,0,0,45
2022,mixed,Tim Heaney,Carlos Santana,2181,Cle,1B,11,act,previously_reserved,"1B,CI",18,2,7,3,1,2,0,4,4,0.273,0.278,50,0,76,0,0,0,1
2022,mixed,Tim Heaney,Brandon Drury,4055,CWS,2B,24,act,previously_reserved,"2B,3B,OF,1B",46,12,11,7,3,8,0,10,1,0.271,0.543,26,0,30,27,67,2,1
2022,mixed,Tim Heaney,Rafael Devers,4903,Bos,3B,32,act,previously_reserved,"3B,CI",11,3,3,1,1,4,0,4,1,0.333,0.636,3,0,0,0,138,0,0
2022,mixed,Tim Heaney,Alek Thomas,6957,Ari,OF,0,rel,previously_reserved,,47,12,12,7,2,8,0,10,3,0.3,0.489,0,0,0,0,0,0,112
2022,mixed,Tim Heaney,Patrick Wisdom,4570,FA,OF,127,act,previously_reserved,"1B,OF,3B,CI",2,0,1,0,0,0,0,0,0,0.0,0.0,3,0,18,0,105,0,14
2022,mixed,Tim Heaney,Gavin Sheets,6582,SD,OF,0,rel,previously_reserved,,6,0,2,0,0,0,0,1,0,0.0,0.0,15,0,13,0,0,0,88
2022,mixed,Tim Heaney,A.J. Pollock,2837,FA,OF,3,rel,previously_reserved,,114,37,32,17,4,19,0,29,9,0.376,0.509,0,0,0,0,0,0,137
2022,mixed,Tim Heaney,Whit Merrifield,4419,Atl,OF,21,trd,previously_reserved,,15,5,4,2,0,2,1,2,0,0.294,0.333,5,0,2,83,0,0,62
2022,mixed,Tim Heaney,Francisco Mejia,4850,Mil,C,4,act,previously_reserved,C,77,28,24,14,2,12,0,14,3,0.395,0.571,3,83,2,0,0,0,0
2022,mixed,Tim Heaney,Martin Maldonado,2347,SD,C,0,rel,previously_reserved,,14,1,5,1,0,0,0,5,1,0.187,0.143,0,113,0,0,0,0,0
2022,mixed,Tim Heaney,Nick Fortes,6902,Mia,C,0,trd,previously_reserved,,11,2,4,0,0,0,1,4,1,0.308,0.182,13,59,1,0,0,0,0
2022,mixed,Tim Heaney,Mitch Garver,5025,Sea,C,12,rel,previously_reserved,,23,4,8,3,1,1,0,8,4,0.321,0.348,36,14,0,0,0,0,0
2022,mixed,Tim Heaney,William Contreras,6423,Mil,C,11,act,previously_reserved,C,30,9,9,3,2,4,0,10,1,0.323,0.533,34,60,0,0,0,0,1
2022,mixed,Tim Heaney,Jesus Sanchez,6068,Mia,UT,66,rel,previously_reserved,,17,4,5,3,2,4,0,6,2,0.316,0.588,2,0,0,0,0,0,91
2022,mixed,Tim Heaney,Jose Siri,6249,NYM,UT,15,rel,previously_reserved,,9,0,6,0,0,1,0,4,0,0.1,0.0,2,0,0,0,0,0,100
2022,mixed,Tim Heaney,Jarred Kelenic,6602,Atl,UT,20,act,previously_reserved,OF,7,0,3,1,0,0,0,4,1,0.125,0.0,2,0,0,0,0,0,50
2022,mixed,Tim Heaney,Isaac Paredes,6242,Hou,CI,146,act,previously_reserved,"3B,2B,MI,1B",59,13,23,12,5,10,0,10,13,0.37,0.542,0,0,29,43,50,1,0
2022,mixed,Tim Heaney,Anthony Rendon,3205,LAA,CI,16,rel,previously_reserved,,11,1,3,0,0,1,0,1,2,0.231,0.182,0,0,0,0,47,0,0
2022,mixed,Tim Heaney,Brad Miller,4310,SD,CI,6,rel,previously_reserved,,7,2,3,2,0,1,0,1,2,0.444,0.286,22,0,0,0,27,0,29
2022,mixed,Tim Heaney,Bryson Stott,6943,Phi,MI,4,act,previously_reserved,"2B,SS",67,16,21,11,2,7,2,6,9,0.329,0.373,0,0,0,47,2,83,0
2022,mixed,Zach Steinhorn,Josh Bell,3669,Was,1B,15,act,active,"1B,CI",552,147,156,78,17,71,0,102,81,0.362,0.422,32,0,124,0,0,0,0
2022,mixed,Zach Steinhorn,Kolten Wong,3771,Ari,2B,8,act,active,"2B,MI",430,108,134,65,15,47,17,88,46,0.339,0.43,1,0,0,131,0,1,0
2022,mixed,Zach Steinhorn,Gleyber Torres,4619,Det,SS,10,act,active,"2B,SS,MI",512,131,136,72,24,73,10,126,37,0.308,0.455,9,0,0,124,0,6,0
2022,mixed,Zach Steinhorn,Jose Ramirez,4602,Cle,3B,49,act,active,"3B,CI",601,168,157,91,29,126,20,82,69,0.355,0.514,30,0,0,0,127,0,0
2022,mixed,Zach Steinhorn,Amed Rosario,4884,Was,OF,7,act,active,"UT,SS,OF,MI",616,173,148,82,11,70,16,108,25,0.311,0.406,6,0,0,0,0,140,6
2022,mixed,Zach Steinhorn,Jurickson Profar,3198,Atl,OF,53,act,active,"OF,1B,CI",98,25,25,10,2,5,0,18,5,0.288,0.378,6,0,0,0,0,0,146
2022,mixed,Zach Steinhorn,Kyle Tucker,5384,ChC,OF,36,act,active,OF,544,140,150,71,30,107,25,95,59,0.33,0.478,3,0,0,0,0,0,147
2022,mixed,Zach Steinhorn,Joc Pederson,4090,Tex,OF,0,act,active,"UT,OF",373,102,131,56,23,69,3,98,40,0.351,0.525,14,0,0,0,0,0,114
2022,mixed,Zach Steinhorn,Nicholas Castellanos,3217,Phi,OF,22,act,active,OF,505,132,130,53,13,61,7,126,28,0.303,0.392,12,0,0,0,0,0,123
2022,mixed,Zach Steinhorn,Martin Maldonado,2347,SD,C,6,act,active,C,6,1,3,1,1,1,0,4,0,0.167,0.667,0,113,0,0,0,0,0
2022,mixed,Zach Steinhorn,Eric Haase,5709,Mil,C,12,act,active,"C,OF",50,13,15,6,2,5,0,13,4,0.315,0.42,12,84,0,0,0,0,11
2022,mixed,Zach Steinhorn,Jose Miranda,6559,Min,UT,83,act,active,"3B,1B",248,61,65,21,5,27,1,53,19,0.314,0.355,21,0,77,0,34,0,0
2022,mixed,Zach Steinhorn,Nate Lowe,6652,Was,CI,2,act,active,"1B,CI",536,166,140,68,24,69,1,133,44,0.366,0.502,4,0,153,0,0,0,0
2022,mixed,Zach Steinhorn,Wilmer Flores,2527,SF,MI,0,act,active,"1B,2B,3B,MI,CI",450,100,131,60,17,58,0,91,51,0.311,0.391,26,0,45,61,34,0,0
2022,mixed,Zach Steinhorn,Myles Straw,6413,Tor,OF,36,res,previously_active,OF,36,9,11,7,0,4,3,7,5,0.341,0.333,0,0,0,0,0,0,152
2022,mixed,Zach Steinhorn,Darin Ruf,4191,FA,OF,26,rel,previously_active,,14,3,5,2,0,3,0,5,0,0.267,0.286,36,0,45,0,0,0,37
2022,mixed,Zach Steinhorn,Avisail Garcia,3485,FA,OF,6,rel,previously_active,,264,62,70,24,6,24,3,77,11,0.271,0.322,11,0,0,0,0,0,86
2022,mixed,Zach Steinhorn,Jo Adell,6143,LAA,OF,2,rel,previously_active,,22,2,7,0,0,0,0,8,0,0.091,0.091,1,0,0,0,0,0,84
2022,mixed,Zach Steinhorn,Max Kepler,3195,Phi,OF,1,dis,previously_active,OF,358,81,106,48,5,33,3,63,48,0.322,0.321,2,0,0,0,0,0,110
2022,mixed,Zach Steinhorn,James McCann,3906,Bal,C,12,rel,previously_active,,82,15,29,6,1,7,2,20,2,0.233,0.256,0,60,3,0,0,0,0
2022,mixed,Zach Steinhorn,Omar Narvaez,5605,CWS,C,7,rel,previously_active,,247,51,79,19,4,23,0,54,28,0.294,0.308,1,83,0,0,0,0,0
2022,mixed,Zach Steinhorn,Mike Zunino,4012,FA,C,27,dis,previously_active,C,27,4,9,1,1,3,0,10,1,0.207,0.259,0,35,0,0,0,0,0
2022,mixed,Zach Steinhorn,Seby Zavala,6393,Bos,C,33,dis,previously_active,C,84,18,28,10,1,9,0,32,5,0.28,0.298,2,58,2,0,0,0,0
2022,mixed,Zach Steinhorn,Max Stassi,3002,SF,C,18,rel,previously_active,,29,1,7,0,0,0,0,11,0,0.034,0.034,1,97,0,0,0,0,0
2022,mixed,Zach Steinhorn,Christian Bethancourt,3224,Tor,C,23,rel,previously_active,,50,10,15,3,0,4,0,15,4,0.273,0.22,10,49,37,0,1,0,0
2022,mixed,Zach Steinhorn,Austin Hedges,4064,Cle,C,7,rel,previously_active,,11,2,4,1,0,0,0,3,0,0.182,0.273,0,105,0,0,0,0,0
2022,mixed,Zach Steinhorn,Robinson Cano,1008,FA,UT,28,rel,previously_active,,12,2,3,1,1,1,0,2,0,0.167,0.417,8,0,0,20,0,0,0
2022,mixed,Zach Steinhorn,Keston Hiura,6100,Col,UT,0,rel,previously_active,,3,0,1,0,0,0,0,2,1,0.25,0.0,26,0,33,14,0,0,5
2022,mixed,Zach Steinhorn,Ji-Man Choi,4487,NYM,CI,57,rel,previously_active,,212,54,61,21,6,37,0,66,31,0.346,0.401,12,0,98,0,0,0,0
2022,mixed,Zach Steinhorn,Rougned Odor,4026,NYY,MI,17,rel,previously_active,,18,2,6,1,0,2,0,2,1,0.15,0.222,1,0,0,129,2,0,0
2022,mixed,Zach Steinhorn,Max Kepler,3195,Phi,OF,1,dis,reserved,OF,30,7,9,6,4,10,0,3,1,0.273,0.667,2,0,0,0,0,0,110
2022,mixed,Zach Steinhorn,Myles Straw,6413,Tor,OF,36,res,reserved,OF,9,3,3,2,0,2,1,2,1,0.364,0.333,0,0,0,0,0,0,152
2022,mixed,Zach Steinhorn,Mike Zunino,4012,FA,C,27,dis,reserved,C,0,0,0,0,0,0,0,0,0,0.0,0.0,0,35,0,0,0,0,0
2022,mixed,Zach Steinhorn,Seby Zavala,6393,Bos,C,33,dis,reserved,C,7,2,3,1,0,0,0,1,1,0.375,0.429,2,58,2,0,0,0,0
2022,mixed,Zach Steinhorn,Gleyber Torres,4619,Det,SS,10,act,previously_reserved,"2B,SS,MI",14,4,4,1,0,3,0,3,2,0.375,0.286,9,0,0,124,0,6,0
2022,mixed,Zach Steinhorn,Jo Adell,6143,LAA,OF,2,rel,previously_reserved,,62,19,18,5,3,10,1,22,3,0.338,0.532,1,0,0,0,0,0,84
2022,mixed,Zach Steinhorn,Nicholas Castellanos,3217,Phi,OF,22,act,previously_reserved,OF,19,6,6,3,0,1,0,4,1,0.35,0.316,12,0,0,0,0,0,123
2022,mixed,Zach Steinhorn,Avisail Garcia,3485,FA,OF,6,rel,previously_reserved,,86,18,26,7,2,11,1,27,5,0.261,0.326,11,0,0,0,0,0,86
2022,mixed,Zach Steinhorn,Joc Pederson,4090,Tex,OF,0,act,previously_reserved,"UT,OF",7,2,3,1,0,1,0,2,2,0.444,0.286,14,0,0,0,0,0,114
2022,mixed,Zach Steinhorn,Amed Rosario,4884,Was,OF,7,act,previously_reserved,"UT,SS,OF,MI",21,7,5,3,0,1,2,3,0,0.333,0.333,6,0,0,0,0,140,6
2022,mixed,Zach Steinhorn,Max Stassi,3002,SF,C,18,rel,previously_reserved,,19,2,7,3,1,3,0,6,4,0.261,0.263,1,97,0,0,0,0,0
2022,mixed,Zach Steinhorn,Austin Hedges,4064,Cle,C,7,rel,previously_reserved,,8,0,3,0,0,1,0,2,1,0.111,0.0,0,105,0,0,0,0,0
2022,mixed,Zach Steinhorn,Omar Narvaez,5605,CWS,C,7,rel,previously_reserved,,11,3,3,1,0,0,0,2,0,0.273,0.364,1,83,0,0,0,0,0
2022,mixed,Zach Steinhorn,James McCann,3906,Bal,C,12,rel,previously_reserved,,26,4,9,3,1,5,0,6,2,0.214,0.308,0,60,3,0,0,0,0
2022,mixed,Zach Steinhorn,Robinson Cano,1008,FA,UT,28,rel,previously_reserved,,18,3,6,0,0,0,0,6,1,0.211,0.167,8,0,0,20,0,0,0
2022,mixed,Zach Steinhorn,Jose Miranda,6559,Min,UT,83,act,previously_reserved,"3B,1B",170,54,53,22,9,36,0,37,7,0.359,0.541,21,0,77,0,34,0,0
2022,mixed,Zach Steinhorn,Keston Hiura,6100,Col,UT,0,rel,previously_reserved,,10,3,5,2,0,0,1,3,2,0.417,0.3,26,0,33,14,0,0,5
2022,mixed,Zach Steinhorn,Alec Bohm,6542,Phi,UT,1,rel,previously_reserved,,2,2,1,0,0,0,0,0,1,1.0,1.5,9,0,10,0,135,0,0
2022,mixed,Zach Steinhorn,Ji-Man Choi,4487,NYM,CI,57,rel,previously_reserved,,117,16,41,8,2,6,0,49,16,0.252,0.231,12,0,98,0,0,0,0
2022,mixed,Zach Steinhorn,Nate Lowe,6652,Was,CI,2,act,previously_reserved,"1B,CI",57,13,17,6,3,7,1,14,4,0.279,0.404,4,0,153,0,0,0,0
2022,mixed,Zach Steinhorn,Rougned Odor,4026,NYY,MI,17,rel,previously_reserved,,5,0,3,0,0,0,0,3,0,0.0,0.0,1,0,0,129,2,0,0
2022,mixed,Zach Steinhorn,Wilmer Flores,2527,SF,MI,0,act,previously_reserved,"1B,2B,3B,MI,CI",75,20,20,12,2,13,0,12,8,0.341,0.413,26,0,45,61,34,0,0
2022,mixed,Bret Sayre,Luke Voit,6139,NYM,1B,2,act,active,"1B,CI",299,57,84,31,10,35,1,120,40,0.295,0.328,96,0,37,0,0,0,0
2022,mixed,Bret Sayre,Trea Turner,4555,Phi,2B,47,act,active,"SS,MI,2B",652,194,160,101,21,100,27,131,45,0.343,0.466,0,0,0,0,0,160,0
2022,mixed,Bret Sayre,Carlos Correa,4010,Min,SS,18,act,active,"SS,MI",493,139,128,62,20,58,0,117,55,0.355,0.45,4,0,0,0,0,132,0
2022,mixed,Bret Sayre,Gunnar Henderson,7317,Bal,3B,44,act,active,"SS,3B",75,18,22,9,3,14,0,25,12,0.345,0.44,4,0,0,3,24,7,0
2022,mixed,Bret Sayre,Jake Fraley,6173,Cin,OF,107,act,active,OF,117,31,35,12,5,11,2,32,12,0.341,0.436,14,0,0,0,0,0,51
2022,mixed,Bret Sayre,Ronald Acuna,5737,Atl,OF,29,act,active,OF,467,124,119,71,15,50,29,126,53,0.351,0.413,27,0,0,0,0,0,92
2022,mixed,Bret Sayre,Andrew Vaughn,6905,CWS,OF,4,act,active,"1B,OF,CI",506,137,133,60,17,76,0,94,31,0.321,0.431,29,0,23,2,0,0,84
2022,mixed,Bret Sayre,Bryan De La Cruz,7602,Atl,OF,112,act,active,OF,12,6,3,3,1,3,1,3,1,0.538,0.917,6,0,0,0,0,0,106
2022,mixed,Bret Sayre,Mike Trout,2844,LAA,OF,33,act,active,OF,434,123,118,85,40,80,1,137,54,0.37,0.634,7,0,0,0,0,0,111
2022,mixed,Bret Sayre,Yasmani Grandal,3311,Pit,C,24,act,active,"C,1B",325,66,98,15,5,27,1,79,43,0.298,0.271,25,71,5,0,0,0,0
2022,mixed,Bret Sayre,Reese McGuire,4631,ChC,C,0,act,active,C,66,21,25,9,3,9,1,16,5,0.375,0.545,1,84,0,0,0,0,0
2022,mixed,Bret Sayre,Brendan Rodgers,5254,Hou,UT,4,act,active,"2B,MI,SS",487,129,125,66,12,59,0,93,42,0.325,0.409,2,0,0,134,0,0,0
2022,mixed,Bret Sayre,Eugenio Suarez,4330,Ari,CI,7,act,active,"3B,CI,SS,MI",540,128,149,76,31,87,0,193,72,0.333,0.461,19,0,0,0,130,0,0
2022,mixed,Bret Sayre,Jeremy Pena,7200,Hou,MI,0,act,active,SS,501,125,131,69,21,62,11,127,21,0.285,0.417,0,0,0,0,0,134,0
2022,mixed,Bret Sayre,Yuli Gurriel,2160,SD,1B,4,res,previously_active,"1B,CI",516,127,138,51,8,53,8,70,29,0.292,0.366,3,0,142,0,0,0,0
2022,mixed,Bret Sayre,Charlie Blackmon,2620,Col,OF,2,dis,previously_active,OF,530,140,135,60,16,78,4,109,32,0.314,0.419,80,0,0,0,0,0,51
2022,mixed,Bret Sayre,Starling Marte,2908,NYM,OF,25,dis,previously_active,OF,466,136,118,76,16,63,18,97,26,0.347,0.468,1,0,0,0,0,0,116
2022,mixed,Bret Sayre,Nick Senzel,5674,CWS,OF,0,rel,previously_active,,124,27,37,15,2,5,1,23,7,0.271,0.323,5,0,0,1,2,0,101
2022,mixed,Bret Sayre,Trevor Larnach,6611,Min,OF,0,dis,previously_active,OF,97,18,30,10,2,5,0,37,8,0.248,0.289,7,0,0,0,0,0,43
2022,mixed,Bret Sayre,Yadier Molina,1404,StL,C,1,rel,previously_active,,176,34,53,10,2,11,1,27,2,0.207,0.256,1,77,1,0,0,0,0
2022,mixed,Bret Sayre,Geraldo Perdomo,6842,Ari,UT,7,rel,previously_active,,8,1,4,1,0,0,0,2,5,0.462,0.125,0,0,0,2,6,140,0
2022,mixed,Bret Sayre,Austin Nola,4740,Col,UT,0,rel,previously_active,,43,10,15,2,0,3,0,8,9,0.358,0.302,6,101,0,2,1,0,0
2022,mixed,Bret Sayre,Miguel Cabrera,509,Det,CI,2,rel,previously_active,,7,1,2,0,0,0,0,3,0,0.143,0.143,109,0,0,0,0,0,0
2022,mixed,Bret Sayre,Mike Moustakas,2004,FA,CI,1,rel,previously_active,,97,16,30,12,2,6,1,24,14,0.302,0.258,30,0,24,0,25,0,0
2022,mixed,Bret Sayre,Yuli Gurriel,2160,SD,1B,4,res,reserved,"1B,CI",29,5,8,2,0,0,0,3,1,0.2,0.241,3,0,142,0,0,0,0
2022,mixed,Bret Sayre,Starling Marte,2908,NYM,OF,25,dis,reserved,OF,0,0,0,0,0,0,0,0,0,0.0,0.0,1,0,0,0,0,0,116
2022,mixed,Bret Sayre,Charlie Blackmon,2620,Col,OF,2,dis,reserved,OF,0,0,0,0,0,0,0,0,0,0.0,0.0,80,0,0,0,0,0,51
2022,mixed,Bret Sayre,Trevor Larnach,6611,Min,OF,0,dis,reserved,OF,63,19,21,12,3,13,0,20,10,0.387,0.587,7,0,0,0,0,0,43
2022,mixed,Bret Sayre,Luke Voit,6139,NYM,1B,2,act,previously_reserved,"1B,CI",201,56,51,24,12,34,0,59,15,0.329,0.512,96,0,37,0,0,0,0
2022,mixed,Bret Sayre,Carlos Correa,4010,Min,SS,18,act,previously_reserved,"SS,MI",29,13,8,8,2,6,0,4,6,0.543,0.759,4,0,0,0,0,132,0
2022,mixed,Bret Sayre,Gunnar Henderson,7317,Bal,3B,44,act,previously_reserved,"SS,3B",41,12,12,3,1,4,1,9,4,0.356,0.439,4,0,0,3,24,7,0
2022,mixed,Bret Sayre,Mike Trout,2844,LAA,OF,33,act,previously_reserved,OF,4,1,1,0,0,0,0,2,0,0.25,0.25,7,0,0,0,0,0,111
2022,mixed,Bret Sayre,Nick Senzel,5674,CWS,OF,0,rel,previously_reserved,,164,43,48,22,2,15,5,40,13,0.326,0.323,5,0,0,1,2,0,101
2022,mixed,Bret Sayre,Andrew Vaughn,6905,CWS,OF,4,act,previously_reserved,"1B,OF,CI",4,1,1,0,0,0,0,2,0,0.25,0.25,29,0,23,2,0,0,84
2022,mixed,Bret Sayre,Yasmani Grandal,3311,Pit,C,24,act,previously_reserved,"C,1B",2,0,1,0,0,0,0,0,2,0.5,0.0,25,71,5,0,0,0,0
2022,mixed,Bret Sayre,Yadier Molina,1404,StL,C,1,rel,previously_reserved,,29,7,9,2,0,1,0,6,2,0.29,0.241,1,77,1,0,0,0,0
2022,mixed,Bret Sayre,Geraldo Perdomo,6842,Ari,UT,7,rel,previously_reserved,,254,52,82,33,2,20,3,61,29,0.291,0.268,0,0,0,2,6,140,0
2022,mixed,Bret Sayre,Brendan Rodgers,5254,Hou,UT,4,act,previously_reserved,"2B,MI,SS",40,11,12,6,1,4,0,8,4,0.333,0.4,2,0,0,134,0,0,0
2022,mixed,Bret Sayre,Austin Nola,4740,Col,UT,0,rel,previously_reserved,,77,21,26,13,2,10,0,13,6,0.326,0.403,6,101,0,2,1,0,0
2022,mixed,Bret Sayre,Eugenio Suarez,4330,Ari,CI,7,act,previously_reserved,"3B,CI,SS,MI",3,0,1,0,0,0,0,3,1,0.25,0.0,19,0,0,0,130,0,0
2022,mixed,Bret Sayre,Mike Moustakas,2004,FA,CI,1,rel,previously_reserved,,131,29,42,14,4,15,1,45,10,0.276,0.374,30,0,24,0,25,0,0
2022,mixed,Bret Sayre,Jeremy Pena,7200,Hou,MI,0,act,previously_reserved,SS,20,7,5,3,1,1,0,8,1,0.381,0.65,0,0,0,0,0,134,0
2022,mixed,Scott Engel,Jose Abreu,4038,FA,1B,17,act,active,"1B,CI",256,78,67,33,4,29,0,52,18,0.366,0.414,29,0,128,0,0,0,0
2022,mixed,Scott Engel,Nico Hoerner,6691,ChC,2B,24,act,active,"2B,MI,SS",361,94,100,46,6,37,17,42,23,0.315,0.38,1,0,0,0,1,133,0
2022,mixed,Scott Engel,Corey Seager,4154,Tex,SS,15,act,active,"SS,MI",566,136,144,87,30,79,3,100,55,0.313,0.445,7,0,0,0,0,144,0
2022,mixed,Scott Engel,Aledmys Diaz,4500,FA,3B,7,act,active,"SS,3B,OF,1B,CI,2B",82,17,23,6,1,10,0,11,1,0.221,0.293,7,0,6,22,10,18,29
2022,mixed,Scott Engel,Jose Siri,6249,NYM,OF,37,act,active,OF,132,32,45,28,4,13,5,43,9,0.296,0.386,2,0,0,0,0,0,100
2022,mixed,Scott Engel,Dylan Carlson,6519,Bal,OF,0,act,active,OF,323,66,93,38,7,34,4,74,31,0.285,0.356,2,0,0,0,0,0,124
2022,mixed,Scott Engel,Oswaldo Cabrera,7893,NYY,OF,2,act,active,"UT,OF",34,10,10,4,2,2,1,8,3,0.351,0.5,0,0,3,3,3,4,34
2022,mixed,Scott Engel,Lars Nootbaar,7582,StL,OF,3,act,active,OF,180,43,59,34,9,23,3,37,36,0.364,0.483,8,0,0,0,0,0,94
2022,mixed,Scott Engel,Sam Haggerty,6912,Tex,OF,15,act,active,OF,84,24,40,14,2,13,7,26,11,0.367,0.44,6,0,0,4,0,0,70
2022,mixed,Scott Engel,Shea Langeliers,6913,Oak,C,6,act,active,C,123,25,35,10,5,18,0,44,9,0.256,0.382,24,17,0,0,0,0,0
2022,mixed,Scott Engel,Cal Raleigh,6814,Sea,C,15,act,active,C,260,57,81,29,16,37,1,86,25,0.29,0.481,1,115,0,0,0,0,0
2022,mixed,Scott Engel,Matt Wallner,7058,Min,UT,0,act,active,OF,9,2,3,1,0,1,0,2,1,0.364,0.222,1,0,0,0,0,0,16
2022,mixed,Scott Engel,Anthony Rizzo,3156,FA,CI,9,act,active,"1B,CI",444,100,125,75,31,73,6,95,57,0.342,0.484,9,0,120,0,0,0,0
2022,mixed,Scott Engel,Jeff McNeil,6617,NYM,MI,1,act,active,"2B,OF,MI",482,165,133,70,9,57,4,52,36,0.397,0.479,4,0,0,106,1,0,47
2022,mixed,Scott Engel,Ketel Marte,4847,Ari,2B,14,trd,previously_active,,266,76,75,42,7,28,4,50,39,0.382,0.459,37,0,0,94,0,0,0
2022,mixed,Scott Engel,Ozzie Albies,5099,Atl,2B,29,rel,previously_active,,242,59,62,34,8,33,3,46,15,0.289,0.405,0,0,0,64,0,0,0
2022,mixed,Scott Engel,Adam Frazier,5555,Pit,2B,0,rel,previously_active,,176,42,47,19,2,15,1,26,16,0.306,0.318,8,0,0,124,0,4,38
2022,mixed,Scott Engel,Ezequiel Duran,7343,Tex,3B,2,rel,previously_active,,23,4,7,2,0,5,1,7,3,0.269,0.261,1,0,0,9,51,0,0
2022,mixed,Scott Engel,Ramon Urias,6726,Bal,3B,32,rel,previously_active,,188,43,56,20,6,19,1,47,16,0.3,0.351,2,0,0,21,98,8,0
2022,mixed,Scott Engel,Ke'Bryan Hayes,5397,Pit,3B,7,rel,previously_active,,315,76,83,37,3,22,10,72,33,0.314,0.333,2,0,0,0,133,3,0
2022,mixed,Scott Engel,Jerar Encarnacion,7071,SF,OF,4,rel,previously_active,,4,0,1,0,0,0,0,0,0,0.0,0.0,2,0,0,0,0,0,20
2022,mixed,Scott Engel,Yadiel Hernandez,5664,FA,OF,61,rel,previously_active,,38,9,11,4,1,5,0,11,3,0.293,0.342,10,0,0,0,0,0,79
2022,mixed,Scott Engel,Gavin Sheets,6582,SD,OF,64,rel,previously_active,,23,4,7,0,0,0,0,8,2,0.24,0.174,15,0,13,0,0,0,88
2022,mixed,Scott Engel,Corey Dickerson,3661,FA,OF,12,rel,previously_active,,77,20,24,5,1,7,0,14,1,0.269,0.364,20,0,0,0,0,0,67
2022,mixed,Scott Engel,Seth Brown,7100,Oak,OF,7,rel,previously_active,,19,2,6,1,0,0,0,5,1,0.19,0.158,2,0,84,0,0,0,77
2022,mixed,Scott Engel,Clint Frazier,4439,CWS,OF,0,rel,previously_active,,4,1,3,2,0,0,0,2,1,0.4,0.5,8,0,0,0,0,0,7
2022,mixed,Scott Engel,Rafael Ortega,3646,NYM,OF,0,rel,previously_active,,19,3,9,2,0,1,0,3,5,0.333,0.211,22,0,0,0,0,0,93
2022,mixed,Scott Engel,Luis Robert,5725,CWS,OF,29,dis,previously_active,OF,346,97,90,51,12,51,10,70,15,0.315,0.428,4,0,0,0,0,0,91
2022,mixed,Scott Engel,Connor Joe,5311,SD,OF,1,rel,previously_active,,334,84,87,47,4,22,5,81,49,0.355,0.365,27,0,24,0,0,0,64
2022,mixed,Scott Engel,Jake Meyers,7399,Hou,OF,46,rel,previously_active,,60,15,17,9,1,10,0,19,4,0.303,0.383,0,0,0,0,0,0,51
2022,mixed,Scott Engel,Kole Calhoun,3983,FA,OF,81,rel,previously_active,,67,16,16,10,1,9,1,16,6,0.301,0.373,20,0,0,0,0,0,101
2022,mixed,Scott Engel,Calvin Mitchell,6587,CWS,OF,6,rel,previously_active,,15,1,5,1,0,1,0,5,1,0.125,0.067,11,0,0,0,0,0,54
2022,mixed,Scott Engel,Garrett Mitchell,7349,Mil,OF,2,rel,previously_active,,14,2,5,1,0,1,2,8,2,0.25,0.214,0,0,0,0,0,0,28
2022,mixed,Scott Engel,Dylan Moore,6696,Sea,OF,6,rel,previously_active,,23,3,10,2,0,1,1,11,4,0.276,0.174,2,0,8,12,2,26,61
2022,mixed,Scott Engel,Tyler Stephenson,5388,Cin,C,11,rel,previously_active,,141,43,42,18,4,27,0,37,10,0.359,0.44,3,45,1,0,0,0,0
2022,mixed,Scott Engel,Aramis Garcia,5193,Ari,C,5,rel,previously_active,,18,2,8,2,1,1,0,7,1,0.158,0.278,1,41,5,0,0,0,0
2022,mixed,Scott Engel,Tucker Barnhart,3911,Tex,C,11,rel,previously_active,,58,11,17,1,0,3,0,16,0,0.19,0.207,0,92,0,0,1,0,0
2022,mixed,Scott Engel,Eric Haase,5709,Mil,C,1,rel,previously_active,,39,5,16,3,1,2,0,6,5,0.227,0.231,12,84,0,0,0,0,11
2022,mixed,Scott Engel,Jose Trevino,5991,Cin,C,11,res,previously_active,C,171,45,54,23,8,24,0,31,6,0.291,0.444,1,112,0,0,0,0,0
2022,mixed,Scott Engel,Tyler Naquin,4363,Cle,UT,3,rel,previously_active,,13,3,4,2,1,3,0,3,1,0.286,0.692,15,0,0,0,0,0,83
2022,mixed,Scott Engel,Lane Thomas,6727,Cle,UT,1,rel,previously_active,,7,0,3,0,0,0,0,4,1,0.125,0.0,1,0,0,0,0,0,142
2022,mixed,Scott Engel,Jared Walsh,6822,CWS,UT,11,rel,previously_active,,140,33,38,10,3,11,1,42,5,0.272,0.371,0,0,118,0,0,0,2
2022,mixed,Scott Engel,Alec Bohm,6542,Phi,UT,70,rel,previously_active,,133,34,32,18,2,8,1,34,6,0.291,0.346,9,0,10,0,135,0,0
2022,mixed,Scott Engel,Owen Miller,7014,Col,UT,56,rel,previously_active,,71,14,19,6,0,3,0,22,5,0.247,0.239,22,0,80,25,4,0,0
2022,mixed,Scott Engel,Odubel Herrera,5084,FA,UT,9,rel,previously_active,,10,2,4,0,0,1,0,3,0,0.2,0.2,0,0,0,0,0,0,59
2022,mixed,Scott Engel,Mark Vientos,5740,NYM,UT,3,rel,previously_active,,9,1,5,0,0,1,0,5,1,0.2,0.111,11,0,0,0,2,0,0
2022,mixed,Scott Engel,Daniel Vogelbach,4058,FA,CI,6,rel,previously_active,,128,29,47,15,6,23,0,42,30,0.377,0.437,116,0,5,0,0,0,0
2022,mixed,Scott Engel,Keston Hiura,6100,Col,CI,14,rel,previously_active,,22,3,7,3,0,1,1,15,4,0.321,0.182,26,0,33,14,0,0,5
2022,mixed,Scott Engel,Emmanuel Rivera,6532,Bal,CI,27,rel,previously_active,,23,6,7,3,0,2,0,3,1,0.292,0.391,8,0,5,0,86,0,0
2022,mixed,Scott Engel,Darin Ruf,4191,FA,CI,46,rel,previously_active,,34,6,9,3,0,1,0,12,6,0.317,0.235,36,0,45,0,0,0,37
2022,mixed,Scott Engel,LaMonte Wade,5773,SF,CI,1,rel,previously_active,,18,5,5,2,0,3,0,4,3,0.391,0.278,10,0,22,0,0,0,45
2022,mixed,Scott Engel,Garrett Cooper,6182,Atl,CI,0,rel,previously_active,,228,63,64,22,5,31,0,67,20,0.346,0.439,56,0,59,0,0,0,0
2022,mixed,Scott Engel,Oswald Peraza,7536,NYY,MI,7,rel,previously_active,,16,6,5,3,0,0,1,1,3,0.5,0.5,0,0,0,4,0,12,0
2022,mixed,Scott Engel,Luis Robert,5725,CWS,OF,29,dis,reserved,OF,34,11,8,3,0,5,1,7,2,0.361,0.412,4,0,0,0,0,0,91
2022,mixed,Scott Engel,Jose Trevino,5991,Cin,C,11,res,reserved,C,92,21,31,7,1,9,1,20,4,0.268,0.315,1,112,0,0,0,0,0
2022,mixed,Scott Engel,Nico Hoerner,6691,ChC,2B,24,act,previously_reserved,"2B,MI,SS",71,25,20,10,3,10,1,8,4,0.382,0.521,1,0,0,0,1,133,0
2022,mixed,Scott Engel,Adam Frazier,5555,Pit,2B,0,rel,previously_reserved,,96,19,26,9,0,6,1,8,11,0.275,0.26,8,0,0,124,0,4,38
2022,mixed,Scott Engel,Ozzie Albies,5099,Atl,2B,29,rel,previously_reserved,,5,2,2,2,0,2,0,1,1,0.5,0.6,0,0,0,64,0,0,0
2022,mixed,Scott Engel,Ketel Marte,4847,Ari,2B,14,trd,previously_reserved,,26,3,7,3,1,1,0,6,1,0.148,0.346,37,0,0,94,0,0,0
2022,mixed,Scott Engel,Corey Seager,4154,Tex,SS,15,act,previously_reserved,"SS,MI",27,9,7,4,3,4,0,3,3,0.4,0.667,7,0,0,0,0,144,0
2022,mixed,Scott Engel,Ke'Bryan Hayes,5397,Pit,3B,7,rel,previously_reserved,,107,26,29,7,3,14,4,32,7,0.302,0.383,2,0,0,0,133,3,0
2022,mixed,Scott Engel,Aledmys Diaz,4500,FA,3B,7,act,previously_reserved,"SS,3B,OF,1B,CI,2B",11,4,3,2,2,3,0,1,1,0.417,0.909,7,0,6,22,10,18,29
2022,mixed,Scott Engel,Ramon Urias,6726,Bal,3B,32,rel,previously_reserved,,3,3,1,1,1,1,0,0,0,1.0,2.67,2,0,0,21,98,8,0
2022,mixed,Scott Engel,Kole Calhoun,3983,FA,OF,81,rel,previously_reserved,,20,3,6,1,0,2,0,6,1,0.217,0.15,20,0,0,0,0,0,101
2022,mixed,Scott Engel,Garrett Mitchell,7349,Mil,OF,2,rel,previously_reserved,,6,3,2,2,0,1,0,2,1,0.571,0.5,0,0,0,0,0,0,28
2022,mixed,Scott Engel,Dylan Carlson,6519,Bal,OF,0,act,previously_reserved,OF,109,36,35,18,1,8,1,20,14,0.407,0.45,2,0,0,0,0,0,124
2022,mixed,Scott Engel,Dylan Moore,6696,Sea,OF,6,rel,previously_reserved,,12,2,6,2,1,2,0,4,5,0.412,0.417,2,0,8,12,2,26,61
2022,mixed,Scott Engel,Sam Haggerty,6912,Tex,OF,15,act,previously_reserved,OF,39,5,16,4,1,5,2,14,5,0.244,0.231,6,0,0,4,0,0,70
2022,mixed,Scott Engel,Yadiel Hernandez,5664,FA,OF,61,rel,previously_reserved,,37,5,11,3,1,3,1,11,4,0.22,0.243,10,0,0,0,0,0,79
2022,mixed,Scott Engel,Gavin Sheets,6582,SD,OF,64,rel,previously_reserved,,14,2,4,0,0,0,0,1,3,0.294,0.214,15,0,13,0,0,0,88
2022,mixed,Scott Engel,Rafael Ortega,3646,NYM,OF,0,rel,previously_reserved,,20,5,7,3,0,0,0,5,0,0.25,0.35,22,0,0,0,0,0,93
2022,mixed,Scott Engel,Connor Joe,5311,SD,OF,1,rel,previously_reserved,,52,9,17,6,2,4,1,10,4,0.246,0.308,27,0,24,0,0,0,64
2022,mixed,Scott Engel,Cal Raleigh,6814,Sea,C,15,act,previously_reserved,C,15,5,5,6,4,9,0,1,2,0.389,1.13,1,115,0,0,0,0,0
2022,mixed,Scott Engel,Tyler Stephenson,5388,Cin,C,11,rel,previously_reserved,,25,10,8,6,2,8,1,10,2,0.444,0.72,3,45,1,0,0,0,0
2022,mixed,Scott Engel,Eric Haase,5709,Mil,C,1,rel,previously_reserved,,7,1,2,0,0,1,0,1,0,0.143,0.143,12,84,0,0,0,0,11
2022,mixed,Scott Engel,Odubel Herrera,5084,FA,UT,9,rel,previously_reserved,,19,5,6,3,0,0,0,5,1,0.3,0.368,0,0,0,0,0,0,59
2022,mixed,Scott Engel,Owen Miller,7014,Col,UT,56,rel,previously_reserved,,33,9,9,8,2,9,0,6,3,0.316,0.515,22,0,80,25,4,0,0
2022,mixed,Scott Engel,Tyler Naquin,4363,Cle,UT,3,rel,previously_reserved,,11,0,7,2,0,0,0,9,1,0.083,0.0,15,0,0,0,0,0,83
2022,mixed,Scott Engel,Lane Thomas,6727,Cle,UT,1,rel,previously_reserved,,53,12,17,3,0,8,1,18,3,0.263,0.283,1,0,0,0,0,0,142
2022,mixed,Scott Engel,Jared Walsh,6822,CWS,UT,11,rel,previously_reserved,,86,14,25,6,1,2,1,30,6,0.226,0.244,0,0,118,0,0,0,2
2022,mixed,Scott Engel,Alec Bohm,6542,Phi,UT,70,rel,previously_reserved,,78,16,19,8,1,8,0,19,4,0.241,0.282,9,0,10,0,135,0,0
2022,mixed,Scott Engel,Emmanuel Rivera,6532,Bal,CI,27,rel,previously_reserved,,16,5,4,2,0,1,0,6,0,0.312,0.312,8,0,5,0,86,0,0
2022,mixed,Scott Engel,Garrett Cooper,6182,Atl,CI,0,rel,previously_reserved,,186,45,55,15,4,19,0,52,20,0.325,0.387,56,0,59,0,0,0,0
2022,mixed,Scott Engel,Anthony Rizzo,3156,FA,CI,9,act,previously_reserved,"1B,CI",21,4,5,2,1,2,0,6,1,0.227,0.381,9,0,120,0,0,0,0
2022,mixed,Scott Engel,Darin Ruf,4191,FA,CI,46,rel,previously_reserved,,49,9,13,4,0,3,2,12,6,0.273,0.184,36,0,45,0,0,0,37
2022,mixed,Scott Engel,LaMonte Wade,5773,SF,CI,1,rel,previously_reserved,,36,5,13,3,2,6,0,6,4,0.244,0.333,10,0,22,0,0,0,45
2022,mixed,Scott Engel,Jeff McNeil,6617,NYM,MI,1,act,previously_reserved,"2B,OF,MI",51,9,15,3,0,5,0,9,4,0.246,0.216,4,0,0,106,1,0,47
2022,mixed,Scott Swanay,Vinnie Pasquantino,7939,KC,1B,24,act,active,1B,125,42,35,11,3,14,1,13,20,0.429,0.44,35,0,37,0,0,0,0
2022,mixed,Scott Swanay,Jose Altuve,3776,Hou,2B,23,act,active,"2B,MI",153,53,42,39,9,16,8,26,20,0.432,0.608,2,0,0,135,0,0,0
2022,mixed,Scott Swanay,Isiah Kiner-Falefa,6317,Pit,SS,1,act,active,"SS,3B,MI",465,122,136,63,4,47,21,71,34,0.316,0.329,0,0,0,0,6,138,0
2022,mixed,Scott Swanay,Matt Chapman,5037,SF,3B,8,act,active,"3B,CI",520,118,150,78,25,72,2,167,66,0.323,0.425,1,0,0,0,153,0,0
2022,mixed,Scott Swanay,Jorge Mateo,5119,Bal,OF,0,act,active,"SS,OF,MI,2B",485,107,147,62,13,49,34,143,24,0.264,0.379,0,0,0,0,0,149,0
2022,mixed,Scott Swanay,George Springer,3575,Tor,OF,25,act,active,OF,135,33,33,23,6,19,3,23,13,0.313,0.43,40,0,0,0,0,0,89
2022,mixed,Scott Swanay,Josh Naylor,5389,Ari,OF,67,act,active,"1B,OF,CI",400,102,109,42,19,72,5,75,37,0.324,0.462,27,0,88,0,0,0,5
2022,mixed,Scott Swanay,Jesse Winker,4483,NYM,OF,15,act,active,OF,403,88,121,46,11,49,0,92,78,0.348,0.335,17,0,0,0,0,0,118
2022,mixed,Scott Swanay,Drew Waters,6537,KC,OF,1,act,active,OF,12,2,3,1,1,4,0,9,0,0.167,0.417,0,0,0,0,0,0,31
2022,mixed,Scott Swanay,Sean Murphy,5926,Atl,C,4,act,active,C,537,134,148,67,18,66,1,124,56,0.332,0.426,30,116,0,0,0,0,0
2022,mixed,Scott Swanay,Carson Kelly,4512,ChC,C,3,act,active,C,313,67,102,40,7,34,2,70,27,0.282,0.339,2,100,0,0,0,0,0
2022,mixed,Scott Swanay,Shohei Ohtani-Hitter,6322,LAD,UT,23,act,active,UT,586,160,157,90,34,95,11,161,72,0.356,0.519,152,0,0,0,0,0,0
2022,mixed,Scott Swanay,Ke'Bryan Hayes,5397,Pit,CI,31,act,active,"3B,CI",38,9,12,4,0,3,3,6,3,0.318,0.263,2,0,0,0,133,3,0
2022,mixed,Scott Swanay,Jean Segura,3177,Bal,MI,5,act,active,"2B,MI",344,95,95,44,10,33,12,56,25,0.337,0.39,0,0,0,97,0,1,0
2022,mixed,Scott Swanay,Peter Alonso,6132,NYM,1B,27,trd,previously_active,,424,119,114,66,29,97,2,96,47,0.36,0.538,27,0,134,0,0,0,0
2022,mixed,Scott Swanay,Luis Guillorme,5961,Hou,2B,0,rel,previously_active,,51,15,15,3,0,1,0,8,2,0.321,0.333,3,0,0,67,22,15,0
2022,mixed,Scott Swanay,Kike Hernandez,4992,LAD,2B,7,rel,previously_active,,116,27,26,15,3,12,0,19,10,0.297,0.379,0,0,0,11,0,10,80
2022,mixed,Scott Swanay,CJ Abrams,6954,Was,SS,38,rel,previously_active,,36,12,14,4,1,5,0,7,0,0.324,0.472,2,0,0,13,0,75,3
2022,mixed,Scott Swanay,Dylan Moore,6696,Sea,SS,13,trd,previously_active,,5,0,6,1,0,0,0,4,2,0.375,0.0,2,0,8,12,2,26,61
2022,mixed,Scott Swanay,J.D. Davis,5453,LAA,3B,0,rel,previously_active,,13,3,5,1,0,1,0,5,1,0.286,0.231,56,0,18,0,30,0,2
2022,mixed,Scott Swanay,Ryan Mountcastle,5676,Bal,OF,8,res,previously_active,"1B,CI,OF",455,108,118,47,17,70,4,124,33,0.288,0.402,21,0,124,0,0,0,0
2022,mixed,Scott Swanay,Ketel Marte,4847,Ari,OF,14,res,previously_active,"2B,MI,OF",200,39,55,23,4,23,1,45,15,0.257,0.345,37,0,0,94,0,0,0
2022,mixed,Scott Swanay,Giancarlo Stanton,2378,NYY,OF,17,trd,previously_active,,289,66,80,40,24,61,0,93,35,0.309,0.498,65,0,0,0,0,0,38
2022,mixed,Scott Swanay,Tyler O'Neill,5423,Bal,OF,20,dis,previously_active,OF,300,66,87,52,13,52,13,92,35,0.302,0.39,1,0,0,0,0,0,94
2022,mixed,Scott Swanay,Nolan Jones,6075,Col,OF,48,rel,previously_active,,57,12,20,9,1,9,0,22,5,0.274,0.333,4,0,0,0,0,0,22
2022,mixed,Scott Swanay,Joey Gallo,4121,CWS,OF,21,rel,previously_active,,208,30,71,27,9,23,2,96,37,0.273,0.308,5,0,1,0,0,0,118
2022,mixed,Scott Swanay,Andrew Knizner,6049,Was,C,0,rel,previously_active,,52,10,19,4,0,5,0,13,3,0.263,0.212,1,90,5,0,0,0,0
2022,mixed,Scott Swanay,Brett Baty,7037,NYM,CI,89,rel,previously_active,,16,4,5,1,1,1,0,2,1,0.294,0.437,0,0,0,0,11,0,0
2022,mixed,Scott Swanay,Jose Abreu,4038,FA,CI,17,trd,previously_active,,322,100,84,48,11,45,0,53,38,0.388,0.484,29,0,128,0,0,0,0
2022,mixed,Scott Swanay,Jeimer Candelario,4071,Cin,CI,29,rel,previously_active,,40,5,12,3,0,1,0,14,3,0.186,0.125,8,0,0,0,117,0,0
2022,mixed,Scott Swanay,Tyler O'Neill,5423,Bal,OF,20,dis,reserved,OF,34,10,9,4,1,6,1,11,3,0.359,0.412,1,0,0,0,0,0,94
2022,mixed,Scott Swanay,Ryan Mountcastle,5676,Bal,OF,8,res,reserved,"1B,CI,OF",100,31,27,15,5,15,0,30,10,0.381,0.52,21,0,124,0,0,0,0
2022,mixed,Scott Swanay,Ketel Marte,4847,Ari,OF,14,res,reserved,"2B,MI,OF",0,0,0,0,0,0,0,0,0,0.0,0.0,37,0,0,94,0,0,0
2022,mixed,Scott Swanay,Vinnie Pasquantino,7939,KC,1B,24,act,previously_reserved,1B,133,34,37,14,7,12,0,21,15,0.338,0.459,35,0,37,0,0,0,0
2022,mixed,Scott Swanay,Kike Hernandez,4992,LAD,2B,7,rel,previously_reserved,,119,23,30,13,2,19,0,28,8,0.244,0.319,0,0,0,11,0,10,80
2022,mixed,Scott Swanay,Luis Guillorme,5961,Hou,2B,0,rel,previously_reserved,,37,7,12,2,1,3,0,7,4,0.268,0.324,3,0,0,67,22,15,0
2022,mixed,Scott Swanay,CJ Abrams,6954,Was,SS,38,rel,previously_reserved,,6,1,2,0,0,0,0,1,0,0.286,0.167,2,0,0,13,0,75,3
2022,mixed,Scott Swanay,Dylan Moore,6696,Sea,SS,13,trd,previously_reserved,,4,0,3,2,0,0,2,3,1,0.333,0.0,2,0,8,12,2,26,61
2022,mixed,Scott Swanay,Isiah Kiner-Falefa,6317,Pit,SS,1,act,previously_reserved,"SS,3B,MI",18,4,6,3,0,1,1,1,1,0.263,0.278,0,0,0,0,6,138,0
2022,mixed,Scott Swanay,Matt Chapman,5037,SF,3B,8,act,previously_reserved,"3B,CI",18,5,5,5,2,4,0,3,2,0.35,0.667,1,0,0,0,153,0,0
2022,mixed,Scott Swanay,J.D. Davis,5453,LAA,3B,0,rel,previously_reserved,,158,37,57,24,3,18,1,56,19,0.328,0.354,56,0,18,0,30,0,2
2022,mixed,Scott Swanay,Giancarlo Stanton,2378,NYY,OF,17,trd,previously_reserved,,12,2,3,0,0,3,0,1,2,0.286,0.167,65,0,0,0,0,0,38
2022,mixed,Scott Swanay,Jesse Winker,4483,NYM,OF,15,act,previously_reserved,OF,53,12,15,5,3,4,0,11,6,0.305,0.415,17,0,0,0,0,0,118
2022,mixed,Scott Swanay,Josh Naylor,5389,Ari,OF,67,act,previously_reserved,"1B,OF,CI",24,3,6,1,0,2,1,2,0,0.12,0.125,27,0,88,0,0,0,5
2022,mixed,Scott Swanay,Joey Gallo,4121,CWS,OF,21,rel,previously_reserved,,66,16,27,13,6,8,0,28,10,0.351,0.561,5,0,1,0,0,0,118
2022,mixed,Scott Swanay,Jorge Mateo,5119,Bal,OF,0,act,previously_reserved,"SS,OF,MI,2B",9,2,3,1,0,1,1,4,3,0.417,0.333,0,0,0,0,0,149,0
2022,mixed,Scott Swanay,Carson Kelly,4512,ChC,C,3,act,previously_reserved,C,4,0,2,0,0,1,0,1,2,0.333,0.0,2,100,0,0,0,0,0
2022,mixed,Scott Swanay,Jose Abreu,4038,FA,CI,17,trd,previously_reserved,,23,5,6,4,0,1,0,5,6,0.379,0.261,29,0,128,0,0,0,0
2022,mixed,Scott Swanay,Jeimer Candelario,4071,Cin,CI,29,rel,previously_reserved,,12,1,4,1,0,1,0,2,1,0.143,0.083,8,0,0,0,117,0,0
2022,mixed,Scott Swanay,Jean Segura,3177,Bal,MI,5,act,previously_reserved,"2B,MI",10,3,3,1,0,0,1,2,0,0.3,0.3,0,0,0,97,0,1,0
2022,mixed,Alex Chamberlain,Matt Olson,4465,Atl,1B,31,act,active,"1B,CI",616,148,162,86,34,103,0,170,75,0.325,0.477,0,0,162,0,0,0,0
2022,mixed,Alex Chamberlain,Ha-Seong Kim,7554,TB,2B,2,act,active,"SS,3B,CI,2B,MI",470,118,135,49,8,49,12,89,47,0.326,0.37,0,0,0,0,24,131,0
2022,mixed,Alex Chamberlain,Thairo Estrada,6305,Col,SS,68,act,active,"2B,SS,OF,MI",418,109,120,55,10,48,17,78,29,0.327,0.39,0,0,0,102,3,37,19
2022,mixed,Alex Chamberlain,Justin Turner,2415,ChC,3B,7,act,active,"UT,3B,CI",452,126,124,61,13,78,3,85,50,0.353,0.44,61,0,0,0,66,0,0
2022,mixed,Alex Chamberlain,Mark Canha,4430,Mil,OF,10,act,active,OF,444,119,135,70,13,58,3,93,48,0.372,0.41,3,0,1,0,1,0,132
2022,mixed,Alex Chamberlain,Tommy Pham,5041,Pit,OF,5,act,active,OF,554,131,144,89,17,63,8,167,56,0.312,0.374,10,0,0,0,0,0,134
2022,mixed,Alex Chamberlain,Bryce Harper,2628,Phi,OF,47,act,active,"UT,OF",366,105,98,63,18,63,11,87,46,0.365,0.516,90,0,0,0,0,0,8
2022,mixed,Alex Chamberlain,Steven Kwan,7878,Cle,OF,0,act,active,OF,491,142,126,81,6,47,16,55,57,0.368,0.395,6,0,0,0,0,0,137
2022,mixed,Alex Chamberlain,Brian Anderson,5326,Atl,OF,0,act,active,"OF,3B,CI",202,47,59,30,3,12,1,63,29,0.343,0.351,9,0,0,1,48,0,44
2022,mixed,Alex Chamberlain,Salvador Perez,3457,KC,C,22,act,active,C,429,110,110,45,20,68,0,104,18,0.296,0.455,40,77,0,0,0,0,0
2022,mixed,Alex Chamberlain,Victor Caratini,4876,Hou,C,1,act,active,C,7,1,2,0,0,0,0,1,1,0.25,0.286,1,90,2,0,0,0,0
2022,mixed,Alex Chamberlain,Eduardo Escobar,3138,Tor,UT,2,act,active,"3B,1B,CI,2B,MI",450,110,124,55,18,65,0,117,38,0.301,0.436,6,0,0,2,130,0,0
2022,mixed,Alex Chamberlain,Josh Rojas,6789,CWS,CI,3,act,active,"3B,2B,OF,MI,SS",436,117,123,65,9,56,23,97,54,0.348,0.392,5,0,0,26,89,0,0
2022,mixed,Alex Chamberlain,Andres Gimenez,5824,Tor,MI,0,act,active,"2B,SS,MI",464,138,137,64,17,66,19,108,33,0.373,0.474,0,0,0,125,0,18,0
2022,mixed,Alex Chamberlain,Jonathan Schoop,4005,FA,2B,2,rel,previously_active,,58,9,15,4,1,5,0,10,3,0.21,0.241,1,0,2,129,0,0,0
2022,mixed,Alex Chamberlain,Rafael Ortega,3646,NYM,OF,13,dis,previously_active,OF,186,41,70,18,5,27,8,45,23,0.306,0.344,22,0,0,0,0,0,93
2022,mixed,Alex Chamberlain,Adam Duvall,4413,Atl,OF,3,rel,previously_active,,222,48,64,33,10,31,0,76,16,0.279,0.414,0,0,0,0,0,0,86
2022,mixed,Alex Chamberlain,Jake Fraley,6173,Cin,OF,1,rel,previously_active,,13,1,5,1,0,2,0,4,2,0.2,0.077,14,0,0,0,0,0,51
2022,mixed,Alex Chamberlain,Yadier Molina,1404,StL,C,1,rel,previously_active,,31,5,10,2,1,5,0,6,0,0.156,0.258,1,77,1,0,0,0,0
2022,mixed,Alex Chamberlain,Keibert Ruiz,6179,Was,C,8,dis,previously_active,C,394,99,112,33,7,36,6,50,30,0.312,0.36,1,106,0,0,0,0,0
2022,mixed,Alex Chamberlain,Luis Gonzalez,6775,NYY,UT,15,res,previously_active,OF,20,2,6,1,0,2,1,5,2,0.174,0.15,3,0,0,0,0,0,92
2022,mixed,Alex Chamberlain,Max Stassi,3002,SF,UT,4,rel,previously_active,,83,17,26,11,3,10,0,28,10,0.295,0.386,1,97,0,0,0,0,0
2022,mixed,Alex Chamberlain,Carlos Santana,2181,Cle,CI,1,rel,previously_active,,63,10,19,6,1,6,0,8,14,0.312,0.254,50,0,76,0,0,0,1
2022,mixed,Alex Chamberlain,Darick Hall,6600,Pit,CI,135,res,previously_active,1B,111,30,33,16,6,12,0,35,5,0.308,0.523,31,0,7,0,0,0,0
2022,mixed,Alex Chamberlain,Rafael Ortega,3646,NYM,OF,13,dis,reserved,OF,0,0,0,0,0,0,0,0,0,0.0,0.0,22,0,0,0,0,0,93
2022,mixed,Alex Chamberlain,Keibert Ruiz,6179,Was,C,8,dis,reserved,C,0,0,0,0,0,0,0,0,0,0.0,0.0,1,106,0,0,0,0,0
2022,mixed,Alex Chamberlain,Luis Gonzalez,6775,NYY,UT,15,res,reserved,OF,57,13,20,5,0,4,0,20,4,0.29,0.281,3,0,0,0,0,0,92
2022,mixed,Alex Chamberlain,Darick Hall,6600,Pit,CI,135,res,reserved,1B,7,0,4,0,0,0,0,4,0,0.0,0.0,31,0,7,0,0,0,0
2022,mixed,Alex Chamberlain,Ha-Seong Kim,7554,TB,2B,2,act,previously_reserved,"SS,3B,CI,2B,MI",47,12,15,9,3,10,0,11,4,0.314,0.511,0,0,0,0,24,131,0
2022,mixed,Alex Chamberlain,Jonathan Schoop,4005,FA,2B,2,rel,previously_reserved,,68,11,19,5,1,1,0,16,2,0.197,0.235,1,0,2,129,0,0,0
2022,mixed,Alex Chamberlain,Thairo Estrada,6305,Col,SS,68,act,previously_reserved,"2B,SS,OF,MI",12,3,4,3,2,4,1,2,0,0.25,0.833,0,0,0,102,3,37,19
2022,mixed,Alex Chamberlain,Justin Turner,2415,ChC,3B,7,act,previously_reserved,"UT,3B,CI",16,4,4,0,0,3,0,4,0,0.235,0.375,61,0,0,0,66,0,0
2022,mixed,Alex Chamberlain,Jake Fraley,6173,Cin,OF,1,rel,previously_reserved,,30,4,10,4,1,1,1,8,2,0.212,0.3,14,0,0,0,0,0,51
2022,mixed,Alex Chamberlain,Adam Duvall,4413,Atl,OF,3,rel,previously_reserved,,65,13,22,6,2,5,0,25,5,0.268,0.354,0,0,0,0,0,0,86
2022,mixed,Alex Chamberlain,Mark Canha,4430,Mil,OF,10,act,previously_reserved,OF,18,4,5,1,0,3,0,4,0,0.222,0.222,3,0,1,0,1,0,132
2022,mixed,Alex Chamberlain,Brian Anderson,5326,Atl,OF,0,act,previously_reserved,"OF,3B,CI",136,28,39,13,5,16,0,38,8,0.259,0.338,9,0,0,1,48,0,44
2022,mixed,Alex Chamberlain,Steven Kwan,7878,Cle,OF,0,act,previously_reserved,OF,72,26,21,8,0,5,3,5,5,0.405,0.431,6,0,0,0,0,0,137
2022,mixed,Alex Chamberlain,Bryce Harper,2628,Phi,OF,47,act,previously_reserved,"UT,OF",4,1,1,0,0,2,0,0,0,0.25,0.25,90,0,0,0,0,0,8
2022,mixed,Alex Chamberlain,Salvador Perez,3457,KC,C,22,act,previously_reserved,C,16,3,4,3,3,8,0,5,0,0.176,0.75,40,77,0,0,0,0,0
2022,mixed,Alex Chamberlain,Eduardo Escobar,3138,Tor,UT,2,act,previously_reserved,"3B,1B,CI,2B,MI",45,9,12,3,2,4,0,12,2,0.234,0.378,6,0,0,2,130,0,0
2022,mixed,Alex Chamberlain,Josh Rojas,6789,CWS,CI,3,act,previously_reserved,"3B,2B,OF,MI,SS",7,2,2,1,0,0,0,1,1,0.375,0.286,5,0,0,26,89,0,0
2022,mixed,Alex Chamberlain,Carlos Santana,2181,Cle,CI,1,rel,previously_reserved,,132,31,39,12,3,15,0,26,25,0.357,0.356,50,0,76,0,0,0,1
2022,mixed,Alex Chamberlain,Andres Gimenez,5824,Tor,MI,0,act,previously_reserved,"2B,SS,MI",27,8,9,2,0,3,1,4,1,0.321,0.333,0,0,0,125,0,18,0
2022,mixed,Justin Mason,Joey Meneses,8250,NYM,1B,7,act,active,"1B,OF",187,58,46,25,8,27,1,47,12,0.351,0.513,0,0,40,0,0,0,24
2022,mixed,Justin Mason,Kike Hernandez,4992,LAD,2B,4,act,active,"UT,OF,2B,SS,MI",91,20,26,13,0,8,0,15,10,0.304,0.275,0,0,0,11,0,10,80
2022,mixed,Justin Mason,Oneil Cruz,6521,Pit,SS,5,act,active,"UT,SS,MI",331,77,87,45,17,54,11,126,28,0.294,0.45,8,0,0,0,0,79,1
2022,mixed,Justin Mason,Manny Machado,3216,SD,3B,30,act,active,"3B,CI",578,172,150,100,32,102,9,133,63,0.366,0.531,15,0,0,0,134,0,0
2022,mixed,Justin Mason,Manuel Margot,4858,Mil,OF,20,act,active,OF,154,37,38,15,1,20,2,33,7,0.276,0.318,16,0,0,0,0,0,70
2022,mixed,Justin Mason,Kyle Schwarber,4901,Phi,OF,18,act,active,OF,577,126,155,100,46,94,10,200,86,0.323,0.504,15,0,0,0,0,0,139
2022,mixed,Justin Mason,Randal Grichuk,2843,Ari,OF,222,act,active,OF,378,105,104,48,16,55,3,92,17,0.317,0.452,1,0,0,0,0,0,137
2022,mixed,Justin Mason,Edward Olivares,6637,Pit,OF,57,act,active,OF,56,14,17,9,1,2,0,14,2,0.276,0.321,8,0,0,0,0,0,39
2022,mixed,Justin Mason,Christian Yelich,3314,Mil,OF,21,act,active,OF,575,145,154,99,14,57,19,162,88,0.355,0.383,36,0,0,0,0,0,115
2022,mixed,Justin Mason,Alejandro Kirk,6935,Tor,C,4,act,active,C,434,118,129,45,10,54,0,56,58,0.36,0.376,50,78,0,0,0,0,0
2022,mixed,Justin Mason,Adley Rutschman,6876,Bal,C,6,act,active,C,249,57,69,44,8,23,2,61,40,0.34,0.382,23,93,0,0,0,0,0
2022,mixed,Justin Mason,Julio Rodriguez,6579,Sea,UT,2,act,active,OF,507,142,131,83,28,74,25,144,40,0.342,0.505,1,0,0,0,0,0,130
2022,mixed,Justin Mason,Evan Longoria,1489,FA,CI,27,act,active,"3B,CI",189,48,64,23,10,32,0,60,21,0.327,0.466,17,0,0,0,68,0,0
2022,mixed,Justin Mason,Adam Frazier,5555,Pit,MI,3,act,active,"2B,MI,OF",90,18,30,5,0,9,2,10,5,0.245,0.267,8,0,0,124,0,4,38
2022,mixed,Justin Mason,Frank Schwindel,6357,FA,1B,44,rel,previously_active,,122,28,34,10,4,19,0,25,10,0.284,0.361,26,0,48,0,0,0,0
2022,mixed,Justin Mason,Jared Walsh,6822,CWS,1B,11,trd,previously_active,,168,41,46,23,10,29,0,53,12,0.298,0.47,0,0,118,0,0,0,2
2022,mixed,Justin Mason,Michael Chavis,5112,CWS,2B,35,res,previously_active,"2B,3B,MI,1B",276,63,89,24,10,28,1,88,10,0.26,0.384,6,0,107,14,9,0,0
2022,mixed,Justin Mason,Cesar Hernandez,3413,FA,2B,3,rel,previously_active,,348,86,87,43,0,19,3,68,23,0.301,0.31,0,0,0,126,9,0,10
2022,mixed,Justin Mason,Brandon Lowe,6565,TB,OF,22,dis,previously_active,"2B,MI,OF",224,46,62,27,8,25,1,59,26,0.295,0.366,11,0,0,53,0,0,1
2022,mixed,Justin Mason,David Peralta,4980,SD,OF,1,rel,previously_active,,50,16,14,4,0,6,0,9,4,0.382,0.44,11,0,0,0,0,0,113
2022,mixed,Justin Mason,Jorge Soler,3918,LAA,OF,7,dis,previously_active,OF,254,55,67,31,13,34,0,82,30,0.306,0.421,14,0,0,0,0,0,57
2022,mixed,Justin Mason,J.J. Bleday,6951,Oak,OF,17,res,previously_active,OF,64,9,22,4,2,4,1,22,12,0.295,0.297,0,0,0,0,0,0,64
2022,mixed,Justin Mason,Jarred Kelenic,6602,Atl,OF,5,rel,previously_active,,24,2,9,2,1,2,1,9,0,0.083,0.208,2,0,0,0,0,0,50
2022,mixed,Justin Mason,Esteury Ruiz,6230,Oak,OF,1,rel,previously_active,,8,1,8,0,0,0,0,1,0,0.125,0.125,0,0,0,0,0,0,17
2022,mixed,Justin Mason,Eddie Rosario,3889,LAD,OF,1,rel,previously_active,,41,8,12,3,2,4,1,11,0,0.186,0.366,9,0,0,0,0,0,67
2022,mixed,Justin Mason,MJ Melendez,6478,KC,C,47,trd,previously_active,,241,54,67,29,12,36,0,70,31,0.308,0.436,23,78,0,0,0,0,38
2022,mixed,Justin Mason,Kyle Higashioka,3107,Tex,C,0,rel,previously_active,,48,7,18,5,0,4,0,12,3,0.208,0.208,1,82,0,0,0,0,0
2022,mixed,Justin Mason,Travis Swaggerty,6508,LAD,UT,55,rel,previously_active,,9,1,5,0,0,0,0,4,0,0.111,0.111,0,0,0,0,0,0,4
2022,mixed,Justin Mason,Nick Pratto,6202,KC,UT,37,rel,previously_active,,55,9,18,8,2,6,0,24,11,0.309,0.345,0,0,43,0,0,0,8
2022,mixed,Justin Mason,Nelson Cruz,1529,SD,UT,15,rel,previously_active,,369,87,103,44,8,53,4,95,43,0.32,0.341,123,0,0,0,0,0,0
2022,mixed,Justin Mason,J.D. Davis,5453,LAA,CI,2,rel,previously_active,,17,4,7,5,1,1,0,7,3,0.35,0.471,56,0,18,0,30,0,2
2022,mixed,Justin Mason,Bobby Dalbec,5764,CWS,CI,17,rel,previously_active,,17,3,7,1,1,2,0,9,2,0.263,0.471,1,0,89,2,24,1,0
2022,mixed,Justin Mason,Adalberto Mondesi,4431,FA,CI,14,rel,previously_active,,50,7,15,3,0,3,5,20,4,0.204,0.14,0,0,0,0,0,15,0
2022,mixed,Justin Mason,Yoshitomo Tsutsugo,6952,FA,CI,0,rel,previously_active,,27,6,8,1,1,3,0,5,3,0.3,0.37,15,0,35,0,0,0,0
2022,mixed,Justin Mason,Jonathan Villar,3345,Sea,MI,27,rel,previously_active,,35,7,11,6,0,3,2,9,4,0.282,0.343,1,0,0,29,28,2,0
2022,mixed,Justin Mason,Giovanny Urshela,5061,Oak,MI,0,rel,previously_active,,260,69,76,30,7,32,0,48,20,0.313,0.404,4,0,0,0,136,2,0
2022,mixed,Justin Mason,Eguy Rosario,7609,SD,MI,0,rel,previously_active,,0,0,1,0,0,0,0,0,0,0.0,0.0,0,0,0,0,4,2,0
2022,mixed,Justin Mason,Michael Chavis,5112,CWS,2B,35,res,reserved,"2B,3B,MI,1B",69,13,22,8,1,9,0,24,6,0.25,0.304,6,0,107,14,9,0,0
2022,mixed,Justin Mason,Jorge Soler,3918,LAA,OF,7,dis,reserved,OF,16,1,5,1,0,0,0,8,1,0.118,0.062,14,0,0,0,0,0,57
2022,mixed,Justin Mason,Brandon Lowe,6565,TB,OF,22,dis,reserved,"2B,MI,OF",11,6,3,4,0,0,0,2,1,0.583,0.727,11,0,0,53,0,0,1
2022,mixed,Justin Mason,J.J. Bleday,6951,Oak,OF,17,res,reserved,OF,65,9,21,9,1,9,1,22,8,0.227,0.231,0,0,0,0,0,0,64
2022,mixed,Justin Mason,Frank Schwindel,6357,FA,1B,44,rel,previously_reserved,,12,3,3,1,0,1,0,2,1,0.308,0.333,26,0,48,0,0,0,0
2022,mixed,Justin Mason,Cesar Hernandez,3413,FA,2B,3,rel,previously_reserved,,21,3,6,1,0,1,0,4,6,0.333,0.19,0,0,0,126,9,0,10
2022,mixed,Justin Mason,Eddie Rosario,3889,LAD,OF,1,rel,previously_reserved,,63,16,20,8,1,13,2,18,6,0.319,0.413,9,0,0,0,0,0,67
2022,mixed,Justin Mason,Esteury Ruiz,6230,Oak,OF,1,rel,previously_reserved,,19,5,6,1,0,2,1,4,0,0.263,0.421,0,0,0,0,0,0,17
2022,mixed,Justin Mason,Randal Grichuk,2843,Ari,OF,222,act,previously_reserved,OF,128,26,37,12,3,18,1,35,7,0.248,0.344,1,0,0,0,0,0,137
2022,mixed,Justin Mason,Edward Olivares,6637,Pit,OF,57,act,previously_reserved,OF,70,19,21,10,3,10,0,17,6,0.333,0.443,8,0,0,0,0,0,39
2022,mixed,Justin Mason,Alejandro Kirk,6935,Tor,C,4,act,previously_reserved,C,36,16,10,14,4,9,0,2,5,0.512,0.889,50,78,0,0,0,0,0
2022,mixed,Justin Mason,MJ Melendez,6478,KC,C,47,trd,previously_reserved,,26,8,7,3,1,2,0,11,4,0.4,0.5,23,78,0,0,0,0,38
2022,mixed,Justin Mason,Adley Rutschman,6876,Bal,C,6,act,previously_reserved,C,149,44,44,26,5,19,2,25,25,0.398,0.55,23,93,0,0,0,0,0
2022,mixed,Justin Mason,Julio Rodriguez,6579,Sea,UT,2,act,previously_reserved,OF,4,3,1,1,0,1,0,1,0,0.75,1.0,1,0,0,0,0,0,130
2022,mixed,Justin Mason,Nick Pratto,6202,KC,UT,37,rel,previously_reserved,,14,0,6,0,0,0,0,8,0,0.0,0.0,0,0,43,0,0,0,8
2022,mixed,Justin Mason,Nelson Cruz,1529,SD,UT,15,rel,previously_reserved,,79,18,21,6,2,11,0,24,6,0.284,0.316,123,0,0,0,0,0,0
2022,mixed,Justin Mason,Evan Longoria,1489,FA,CI,27,act,previously_reserved,"3B,CI",27,5,10,2,0,0,0,7,4,0.312,0.222,17,0,0,0,68,0,0
2022,mixed,Justin Mason,J.D. Davis,5453,LAA,CI,2,rel,previously_reserved,,38,7,15,4,1,2,0,19,5,0.295,0.316,56,0,18,0,30,0,2
2022,mixed,Justin Mason,Yoshitomo Tsutsugo,6952,FA,CI,0,rel,previously_reserved,,105,19,32,8,1,12,0,31,15,0.274,0.238,15,0,35,0,0,0,0
2022,mixed,Justin Mason,Adam Frazier,5555,Pit,MI,3,act,previously_reserved,"2B,MI,OF",17,4,6,3,0,2,1,5,2,0.316,0.353,8,0,0,124,0,4,38
2022,mixed,Justin Mason,Jonathan Villar,3345,Sea,MI,27,rel,previously_reserved,,5,0,3,0,0,0,0,0,0,0.0,0.0,1,0,0,29,28,2,0
2022,mixed,Justin Mason,Giovanny Urshela,5061,Oak,MI,0,rel,previously_reserved,,23,5,6,3,1,4,0,5,1,0.25,0.478,4,0,0,0,136,2,0
2022,mixed,Doug Anderson,Paul Goldschmidt,3159,NYY,1B,27,act,active,"1B,CI",209,60,58,38,11,38,2,56,31,0.382,0.507,23,0,128,0,0,0,0
2022,mixed,Doug Anderson,Dylan Moore,6696,Sea,2B,13,act,active,"2B,OF,SS,1B,MI",54,17,26,14,1,8,8,16,7,0.422,0.463,2,0,8,12,2,26,61
2022,mixed,Doug Anderson,Bobby Witt,6904,KC,SS,11,act,active,"SS,3B",591,150,150,82,20,80,30,135,30,0.294,0.428,2,0,0,0,55,98,0
2022,mixed,Doug Anderson,Austin Riley,5688,Atl,3B,20,act,active,"3B,CI",615,168,159,90,38,93,2,168,57,0.349,0.528,0,0,1,0,159,0,0
2022,mixed,Doug Anderson,Hunter Renfroe,4558,KC,OF,8,act,active,OF,442,111,117,57,26,63,0,112,38,0.311,0.477,7,0,1,0,0,0,118
2022,mixed,Doug Anderson,Franmil Reyes,5308,FA,OF,16,act,active,OF,418,91,113,41,13,45,2,147,29,0.27,0.356,100,0,0,0,0,0,14
2022,mixed,Doug Anderson,Yordan Alvarez,6185,Hou,OF,33,act,active,OF,470,144,135,95,37,97,1,106,78,0.406,0.613,77,0,0,0,0,0,56
2022,mixed,Doug Anderson,Nomar Mazara,3791,Was,OF,17,act,active,OF,36,6,16,2,0,1,0,13,2,0.211,0.222,0,0,0,0,0,0,50
2022,mixed,Doug Anderson,Cedric Mullins,6128,Bal,OF,28,act,active,OF,608,157,156,89,16,64,34,126,47,0.318,0.403,4,0,0,0,0,0,150
2022,mixed,Doug Anderson,Jorge Alfaro,4004,Mil,C,1,act,active,"C,OF",256,63,82,25,7,40,1,98,11,0.285,0.383,11,65,0,0,0,0,0
2022,mixed,Doug Anderson,Gary Sanchez,3259,Bal,C,8,act,active,C,419,86,128,42,16,61,2,136,40,0.282,0.377,32,91,1,0,0,0,0
2022,mixed,Doug Anderson,Brandon Marsh,6077,Phi,UT,0,act,active,OF,424,104,134,49,11,52,10,158,28,0.295,0.384,0,0,0,0,0,0,131
2022,mixed,Doug Anderson,Peter Alonso,6132,NYM,CI,27,act,active,"1B,CI",173,43,46,29,11,34,3,32,20,0.332,0.468,27,0,134,0,0,0,0
2022,mixed,Doug Anderson,Garrett Hampson,6277,Ari,MI,2,act,active,"OF,2B,3B,SS,MI",186,40,84,25,1,12,11,60,19,0.288,0.301,3,0,0,10,7,32,36
2022,mixed,Doug Anderson,Spencer Torkelson,7073,Det,1B,1,res,previously_active,1B,264,52,83,25,5,21,0,76,29,0.282,0.295,0,0,109,0,0,0,0
2022,mixed,Doug Anderson,Jose Altuve,3776,Hou,2B,23,trd,previously_active,,374,105,99,64,19,41,10,61,46,0.369,0.503,2,0,0,135,0,0,0
2022,mixed,Doug Anderson,Raimel Tapia,4798,FA,OF,1,res,previously_active,OF,125,40,37,14,3,24,2,26,3,0.336,0.472,1,0,0,0,0,0,124
2022,mixed,Doug Anderson,Wil Myers,3153,FA,OF,2,res,previously_active,"OF,1B",103,23,27,9,0,13,0,33,7,0.27,0.282,0,0,25,0,1,0,52
2022,mixed,Doug Anderson,Victor Robles,5309,Sea,UT,0,res,previously_active,OF,85,20,35,9,2,5,6,17,5,0.301,0.329,2,0,0,0,0,0,128
2022,mixed,Doug Anderson,Kevin Smith,6623,NYY,CI,0,rel,previously_active,,111,20,37,6,2,12,4,32,5,0.212,0.315,0,0,0,0,39,10,0
2022,mixed,Doug Anderson,Alex Kirilloff,5827,Min,CI,5,dis,previously_active,"OF,1B,CI",102,25,31,11,3,12,0,24,3,0.284,0.363,3,0,18,0,0,0,30
2022,mixed,Doug Anderson,CJ Abrams,6954,Was,MI,701,rel,previously_active,,55,10,20,9,1,4,1,14,4,0.27,0.273,2,0,0,13,0,75,3
2022,mixed,Doug Anderson,Spencer Torkelson,7073,Det,1B,1,res,reserved,1B,96,21,27,13,3,7,0,23,8,0.292,0.385,0,0,109,0,0,0,0
2022,mixed,Doug Anderson,Wil Myers,3153,FA,OF,2,res,reserved,"OF,1B",158,45,50,20,7,28,2,53,14,0.343,0.475,0,0,25,0,1,0,52
2022,mixed,Doug Anderson,Raimel Tapia,4798,FA,OF,1,res,reserved,OF,286,69,91,33,4,28,6,55,13,0.273,0.339,1,0,0,0,0,0,124
2022,mixed,Doug Anderson,Victor Robles,5309,Sea,UT,0,res,reserved,OF,281,62,97,33,4,28,9,87,12,0.264,0.306,2,0,0,0,0,0,128
2022,mixed,Doug Anderson,Alex Kirilloff,5827,Min,CI,5,dis,reserved,"OF,1B,CI",42,11,14,3,0,9,0,12,2,0.304,0.357,3,0,18,0,0,0,30
2022,mixed,Doug Anderson,Hunter Renfroe,4558,KC,OF,8,act,previously_reserved,OF,32,10,8,5,3,9,1,9,1,0.371,0.687,7,0,1,0,0,0,118
2022,mixed,Doug Anderson,Franmil Reyes,5308,FA,OF,16,act,previously_reserved,OF,20,6,5,2,1,2,0,10,1,0.333,0.55,100,0,0,0,0,0,14
2022,mixed,Doug Anderson,Kevin Smith,6623,NYY,CI,0,rel,previously_reserved,,28,5,10,3,0,1,0,10,2,0.233,0.25,0,0,0,0,39,10,0
2022,mixed,Doug Anderson,Garrett Hampson,6277,Ari,MI,2,act,previously_reserved,"OF,2B,3B,SS,MI",13,2,6,4,1,3,1,3,2,0.267,0.385,3,0,0,10,7,32,36
2022,mixed,Jeff Zimmerman,Vladimir Guerrero Jr.,5275,Tor,1B,38,act,active,"1B,CI",638,175,160,90,32,97,8,116,58,0.339,0.48,32,0,128,0,1,0,0
2022,mixed,Jeff Zimmerman,Luis Garcia,6213,Was,2B,12,act,active,"2B,MI,SS",202,60,53,17,3,22,1,41,6,0.318,0.421,0,0,0,33,0,59,0
2022,mixed,Jeff Zimmerman,Luis Rengifo,6622,LAA,SS,1,act,active,"3B,SS,OF,MI,2B",288,77,69,27,12,37,3,41,7,0.29,0.455,0,0,0,99,39,19,5
2022,mixed,Jeff Zimmerman,Josh Jung,6979,Tex,3B,42,act,active,3B,86,17,23,7,4,13,1,33,4,0.233,0.395,1,0,0,0,25,0,0
2022,mixed,Jeff Zimmerman,Aaron Judge,4601,NYY,OF,29,act,active,OF,154,52,46,37,16,31,4,50,45,0.49,0.708,25,0,0,0,0,0,129
2022,mixed,Jeff Zimmerman,Bubba Thompson,6199,Cin,OF,12,act,active,OF,82,23,26,7,1,6,5,27,2,0.306,0.341,1,0,0,0,0,0,52
2022,mixed,Jeff Zimmerman,Bryan Reynolds,6096,Pit,OF,20,act,active,OF,517,135,138,69,27,61,6,135,51,0.341,0.466,18,0,0,0,0,0,128
2022,mixed,Jeff Zimmerman,Oscar Gonzalez,7841,SD,OF,21,act,active,OF,330,95,83,38,10,41,1,69,15,0.323,0.452,7,0,0,0,0,0,84
2022,mixed,Jeff Zimmerman,Seiya Suzuki,6324,ChC,OF,20,act,active,OF,394,102,110,52,14,46,9,109,41,0.333,0.426,1,0,0,0,0,0,106
2022,mixed,Jeff Zimmerman,J.T. Realmuto,4028,Phi,C,24,act,active,"C,CI,1B",504,139,139,75,22,84,21,119,41,0.342,0.478,3,133,3,0,0,0,0
2022,mixed,Jeff Zimmerman,Nick Fortes,6902,Mia,C,0,act,active,C,162,35,53,24,6,16,2,35,12,0.278,0.352,13,59,1,0,0,0,0
2022,mixed,Jeff Zimmerman,Jake McCarthy,6977,Ari,UT,26,act,active,OF,191,56,53,28,5,31,17,37,15,0.358,0.429,11,0,0,0,0,0,82
2022,mixed,Jeff Zimmerman,Alec Bohm,6542,Phi,CI,3,act,active,"3B,CI,1B",219,57,56,30,8,32,1,38,12,0.305,0.42,9,0,10,0,135,0,0
2022,mixed,Jeff Zimmerman,Livan Soto,6932,Bal,MI,1,act,active,SS,9,3,3,2,0,0,0,1,0,0.333,0.333,0,0,0,0,1,18,0
2022,mixed,Jeff Zimmerman,Christopher Morel,7389,TB,2B,7,res,previously_active,"OF,3B,2B,SS",315,73,93,46,10,34,9,117,33,0.309,0.406,2,0,0,33,18,13,58
2022,mixed,Jeff Zimmerman,Ezequiel Duran,7343,Tex,2B,2,rel,previously_active,,19,4,6,1,1,1,0,4,0,0.211,0.368,1,0,0,9,51,0,0
2022,mixed,Jeff Zimmerman,Tony Kemp,5292,Cin,2B,2,rel,previously_active,,156,37,46,17,1,8,4,25,16,0.318,0.282,2,0,0,89,0,0,65
2022,mixed,Jeff Zimmerman,Jonathan Schoop,4005,FA,2B,38,rel,previously_active,,198,42,53,19,5,22,0,52,6,0.236,0.354,1,0,2,129,0,0,0
2022,mixed,Jeff Zimmerman,Nicky Lopez,6356,ChC,SS,19,rel,previously_active,,105,19,32,12,0,3,4,18,12,0.277,0.2,0,0,0,68,30,52,0
2022,mixed,Jeff Zimmerman,Tim Anderson,4591,LAA,SS,23,dis,previously_active,"SS,MI",93,24,22,14,1,4,3,21,4,0.289,0.312,0,0,0,0,0,79,0
2022,mixed,Jeff Zimmerman,Miguel Rojas,4814,LAD,SS,3,rel,previously_active,,81,14,23,8,2,6,0,8,5,0.23,0.284,0,0,10,0,0,136,0
2022,mixed,Jeff Zimmerman,Cavan Biggio,6063,KC,3B,5,rel,previously_active,,12,0,8,1,0,0,0,6,3,0.294,0.0,3,0,33,49,1,0,9
2022,mixed,Jeff Zimmerman,Jeimer Candelario,4071,Cin,3B,6,rel,previously_active,,16,4,4,0,0,0,0,4,0,0.25,0.25,8,0,0,0,117,0,0
2022,mixed,Jeff Zimmerman,Yandy Diaz,5735,TB,3B,0,rel,previously_active,,266,82,76,42,5,30,1,35,48,0.422,0.436,14,0,17,0,102,0,0
2022,mixed,Jeff Zimmerman,Joey Wendle,4608,Atl,3B,44,rel,previously_active,,129,33,38,7,1,10,5,21,3,0.281,0.349,1,0,0,33,43,34,0
2022,mixed,Jeff Zimmerman,Myles Straw,6413,Tor,OF,13,rel,previously_active,,366,80,101,52,0,21,13,63,39,0.293,0.279,0,0,0,0,0,0,152
2022,mixed,Jeff Zimmerman,Aristides Aquino,5046,FA,OF,1,rel,previously_active,,8,2,2,1,1,1,0,3,0,0.25,0.625,1,0,0,0,0,0,78
2022,mixed,Jeff Zimmerman,Tyler Naquin,4363,Cle,OF,15,rel,previously_active,,79,22,25,14,2,15,1,23,8,0.352,0.468,15,0,0,0,0,0,83
2022,mixed,Jeff Zimmerman,Trent Grisham,5285,NYY,OF,12,rel,previously_active,,77,14,23,4,1,6,0,25,11,0.292,0.273,0,0,0,0,0,0,148
2022,mixed,Jeff Zimmerman,Lorenzo Cain,2002,Mil,OF,2,rel,previously_active,,7,1,2,1,0,2,0,1,0,0.125,0.286,0,0,0,0,0,0,42
2022,mixed,Jeff Zimmerman,J.J. Bleday,6951,Oak,OF,2,rel,previously_active,,28,4,7,3,1,1,0,11,1,0.172,0.321,0,0,0,0,0,0,64
2022,mixed,Jeff Zimmerman,Luis Gonzalez,6775,NYY,OF,25,rel,previously_active,,32,5,11,2,0,3,1,8,5,0.263,0.187,3,0,0,0,0,0,92
2022,mixed,Jeff Zimmerman,Josh Harrison,3747,Cin,OF,45,rel,previously_active,,26,7,8,4,0,2,0,4,0,0.321,0.462,4,0,0,90,23,2,2
2022,mixed,Jeff Zimmerman,Jack Suwinski,7898,Pit,OF,54,rel,previously_active,,95,16,32,15,6,9,0,35,15,0.295,0.4,1,0,0,0,0,0,103
2022,mixed,Jeff Zimmerman,David Peralta,4980,SD,OF,35,rel,previously_active,,187,48,55,17,9,27,0,51,18,0.322,0.471,11,0,0,0,0,0,113
2022,mixed,Jeff Zimmerman,Matt Vierling,7774,Det,OF,3,rel,previously_active,,6,2,5,3,0,4,0,2,6,0.571,0.5,1,0,2,4,5,0,106
2022,mixed,Jeff Zimmerman,Jesus Sanchez,6068,Mia,OF,2,rel,previously_active,,119,26,34,17,4,12,0,39,8,0.279,0.403,2,0,0,0,0,0,91
2022,mixed,Jeff Zimmerman,Francisco Mejia,4850,Mil,C,4,trd,previously_active,,59,15,20,8,3,5,0,15,1,0.267,0.458,3,83,2,0,0,0,0
2022,mixed,Jeff Zimmerman,Martin Maldonado,2347,SD,C,2,rel,previously_active,,18,3,6,1,0,3,0,5,0,0.211,0.222,0,113,0,0,0,0,0
2022,mixed,Jeff Zimmerman,Max Stassi,3002,SF,C,1,rel,previously_active,,114,28,34,14,4,12,0,38,17,0.344,0.395,1,97,0,0,0,0,0
2022,mixed,Jeff Zimmerman,Daniel Vogelbach,4058,FA,UT,25,rel,previously_active,,19,5,7,6,1,5,0,6,5,0.417,0.526,116,0,5,0,0,0,0
2022,mixed,Jeff Zimmerman,TJ Friedl,6751,Cin,UT,1,rel,previously_active,,74,14,22,9,3,6,1,15,11,0.303,0.392,5,0,0,0,0,0,61
2022,mixed,Jeff Zimmerman,Stone Garrett,5458,Was,UT,7,rel,previously_active,,3,1,1,1,1,1,0,1,0,0.333,1.33,9,0,0,0,0,0,13
2022,mixed,Jeff Zimmerman,Eric Hosmer,2563,FA,UT,44,rel,previously_active,,201,47,54,17,3,21,0,42,20,0.302,0.323,2,0,102,0,0,0,0
2022,mixed,Jeff Zimmerman,Jesus Aguilar,4118,FA,CI,2,rel,previously_active,,384,89,105,32,15,48,1,98,27,0.284,0.393,60,0,63,0,4,0,0
2022,mixed,Jeff Zimmerman,Emmanuel Rivera,6532,Bal,CI,2,dis,previously_active,"3B,CI,1B",67,13,18,11,1,9,1,21,5,0.257,0.299,8,0,5,0,86,0,0
2022,mixed,Jeff Zimmerman,Owen Miller,7014,Col,MI,85,rel,previously_active,,69,12,21,5,0,7,1,16,2,0.2,0.246,22,0,80,25,4,0,0
2022,mixed,Jeff Zimmerman,Ramon Urias,6726,Bal,MI,15,rel,previously_active,,40,6,10,2,0,2,0,11,3,0.209,0.15,2,0,0,21,98,8,0
2022,mixed,Jeff Zimmerman,Donovan Solano,3063,Sea,MI,13,res,previously_active,"1B,2B,MI,3B",73,15,21,2,1,3,0,13,5,0.256,0.288,26,0,26,7,16,0,0
2022,mixed,Jeff Zimmerman,Harold Castro,6431,KC,MI,2,res,previously_active,"2B,1B,SS,3B,CI,MI",61,18,16,5,0,13,0,11,2,0.317,0.361,9,0,50,14,25,19,4
2022,mixed,Jeff Zimmerman,Christopher Morel,7389,TB,2B,7,res,reserved,"OF,3B,2B,SS",49,11,15,6,4,10,0,16,3,0.269,0.51,2,0,0,33,18,13,58
2022,mixed,Jeff Zimmerman,Tim Anderson,4591,LAA,SS,23,dis,reserved,"SS,MI",0,0,0,0,0,0,0,0,0,0.0,0.0,0,0,0,0,0,79,0
2022,mixed,Jeff Zimmerman,Emmanuel Rivera,6532,Bal,CI,2,dis,reserved,"3B,CI,1B",16,3,7,1,1,2,0,3,1,0.235,0.375,8,0,5,0,86,0,0
2022,mixed,Jeff Zimmerman,Harold Castro,6431,KC,MI,2,res,reserved,"2B,1B,SS,3B,CI,MI",79,16,21,2,2,8,0,13,2,0.222,0.304,9,0,50,14,25,19,4
2022,mixed,Jeff Zimmerman,Donovan Solano,3063,Sea,MI,13,res,reserved,"1B,2B,MI,3B",21,4,7,0,0,0,0,7,2,0.292,0.238,26,0,26,7,16,0,0
2022,mixed,Jeff Zimmerman,Jonathan Schoop,4005,FA,2B,38,rel,previously_reserved,,45,14,12,7,0,1,4,7,2,0.354,0.333,1,0,2,129,0,0,0
2022,mixed,Jeff Zimmerman,Luis Garcia,6213,Was,2B,12,act,previously_reserved,"2B,MI,SS",158,39,40,12,4,23,2,43,5,0.267,0.392,0,0,0,33,0,59,0
2022,mixed,Jeff Zimmerman,Ezequiel Duran,7343,Tex,2B,2,rel,previously_reserved,,11,2,3,1,0,2,0,5,0,0.182,0.273,1,0,0,9,51,0,0
2022,mixed,Jeff Zimmerman,Nicky Lopez,6356,ChC,SS,19,rel,previously_reserved,,47,10,16,5,0,0,0,6,2,0.245,0.255,0,0,0,68,30,52,0
2022,mixed,Jeff Zimmerman,Joey Wendle,4608,Atl,3B,44,rel,previously_reserved,,56,12,16,1,0,6,1,7,4,0.27,0.25,1,0,0,33,43,34,0
2022,mixed,Jeff Zimmerman,Yandy Diaz,5735,TB,3B,0,rel,previously_reserved,,67,10,20,6,0,4,0,8,10,0.26,0.179,14,0,17,0,102,0,0
2022,mixed,Jeff Zimmerman,Jeimer Candelario,4071,Cin,3B,6,rel,previously_reserved,,30,7,10,6,1,5,0,8,5,0.378,0.367,8,0,0,0,117,0,0
2022,mixed,Jeff Zimmerman,Seiya Suzuki,6324,ChC,OF,20,act,previously_reserved,OF,3,2,1,2,0,0,0,1,1,0.75,1.33,1,0,0,0,0,0,106
2022,mixed,Jeff Zimmerman,Oscar Gonzalez,7841,SD,OF,21,act,previously_reserved,OF,20,7,5,1,1,2,0,4,0,0.35,0.55,7,0,0,0,0,0,84
2022,mixed,Jeff Zimmerman,Jesus Sanchez,6068,Mia,OF,2,rel,previously_reserved,,12,3,3,0,0,1,0,4,1,0.308,0.25,2,0,0,0,0,0,91
2022,mixed,Jeff Zimmerman,David Peralta,4980,SD,OF,35,rel,previously_reserved,,54,10,19,7,2,9,1,11,5,0.254,0.389,11,0,0,0,0,0,113
2022,mixed,Jeff Zimmerman,Bryan Reynolds,6096,Pit,OF,20,act,previously_reserved,OF,25,7,7,5,0,1,1,6,5,0.419,0.36,18,0,0,0,0,0,128
2022,mixed,Jeff Zimmerman,Luis Gonzalez,6775,NYY,OF,25,rel,previously_reserved,,30,9,8,3,1,3,1,5,2,0.364,0.467,3,0,0,0,0,0,92
2022,mixed,Jeff Zimmerman,Josh Harrison,3747,Cin,OF,45,rel,previously_reserved,,58,8,20,8,0,1,0,10,3,0.231,0.207,4,0,0,90,23,2,2
2022,mixed,Jeff Zimmerman,J.J. Bleday,6951,Oak,OF,2,rel,previously_reserved,,20,5,6,0,0,0,0,6,2,0.318,0.25,0,0,0,0,0,0,64
2022,mixed,Jeff Zimmerman,Willie Calhoun,5692,LAA,OF,0,rel,previously_reserved,,8,0,2,0,0,0,0,0,0,0.0,0.0,16,0,0,0,0,0,5
2022,mixed,Jeff Zimmerman,Trent Grisham,5285,NYY,OF,12,rel,previously_reserved,,69,10,22,6,1,10,0,20,8,0.244,0.275,0,0,0,0,0,0,148
2022,mixed,Jeff Zimmerman,Tyler Naquin,4363,Cle,OF,15,rel,previously_reserved,,55,11,16,9,3,9,1,15,1,0.241,0.436,15,0,0,0,0,0,83
2022,mixed,Jeff Zimmerman,Bubba Thompson,6199,Cin,OF,12,act,previously_reserved,OF,73,19,25,11,0,3,11,25,5,0.316,0.301,1,0,0,0,0,0,52
2022,mixed,Jeff Zimmerman,Myles Straw,6413,Tor,OF,13,rel,previously_reserved,,96,15,29,7,0,4,4,11,7,0.214,0.156,0,0,0,0,0,0,152
2022,mixed,Jeff Zimmerman,Josh Naylor,5389,Ari,OF,0,rel,previously_reserved,,6,2,2,0,0,0,0,1,1,0.429,0.333,27,0,88,0,0,0,5
2022,mixed,Jeff Zimmerman,Jake McCarthy,6977,Ari,UT,26,act,previously_reserved,OF,9,2,2,1,0,0,2,3,0,0.222,0.222,11,0,0,0,0,0,82
2022,mixed,Jeff Zimmerman,Eric Hosmer,2563,FA,UT,44,rel,previously_reserved,,84,20,23,9,2,7,0,9,7,0.297,0.357,2,0,102,0,0,0,0
2022,mixed,Jeff Zimmerman,Alec Bohm,6542,Phi,CI,3,act,previously_reserved,"3B,CI,1B",101,38,25,14,1,14,0,11,4,0.393,0.455,9,0,10,0,135,0,0
2022,mixed,Jeff Zimmerman,Jesus Aguilar,4118,FA,CI,2,rel,previously_reserved,,31,9,8,5,0,1,0,8,0,0.312,0.323,60,0,63,0,4,0,0
2022,mixed,Jeff Zimmerman,Ramon Urias,6726,Bal,MI,15,rel,previously_reserved,,19,5,6,2,0,1,0,3,2,0.333,0.316,2,0,0,21,98,8,0
2022,mixed,Jeff Zimmerman,Owen Miller,7014,Col,MI,85,rel,previously_reserved,,15,3,5,0,0,2,0,3,2,0.278,0.2,22,0,80,25,4,0,0
2022,mixed,Scott Pianowski,Max Muncy,4851,LAD,1B,20,act,active,"3B,2B,1B,CI,MI",459,89,135,67,20,64,2,138,90,0.329,0.375,25,0,3,31,84,0,0
2022,mixed,Scott Pianowski,Jake Cronenworth,6463,SD,2B,14,act,active,"2B,1B,SS,CI,MI",587,141,158,88,17,88,3,131,70,0.333,0.394,2,0,20,147,0,9,0
2022,mixed,Scott Pianowski,Marcus Semien,4300,Tex,SS,25,act,active,"2B,SS,MI",630,155,154,100,26,82,24,115,50,0.301,0.433,0,0,0,148,0,17,0
2022,mixed,Scott Pianowski,Nolan Arenado,3214,StL,3B,22,act,active,"3B,CI",557,163,148,73,30,103,5,72,52,0.358,0.533,17,0,0,0,131,0,0
2022,mixed,Scott Pianowski,Akil Baddoo,6487,Det,OF,0,act,active,OF,43,9,11,6,0,0,3,10,4,0.277,0.233,2,0,0,0,0,0,65
2022,mixed,Scott Pianowski,Anthony Santander,5903,Tor,OF,0,act,active,OF,514,122,133,70,31,85,0,105,41,0.301,0.461,34,0,0,0,0,0,119
2022,mixed,Scott Pianowski,Nate Eaton,8002,Bos,OF,56,act,active,"OF,3B",19,5,7,3,0,2,0,2,2,0.333,0.421,0,0,0,0,15,0,30
2022,mixed,Scott Pianowski,Lane Thomas,6727,Cle,OF,1,act,active,OF,180,44,47,27,4,16,1,47,22,0.333,0.372,1,0,0,0,0,0,142
2022,mixed,Scott Pianowski,Tony Kemp,5292,Cin,OF,6,act,active,"2B,OF,MI",47,11,14,5,1,6,1,6,3,0.28,0.34,2,0,0,89,0,0,65
2022,mixed,Scott Pianowski,Christian Vazquez,4248,Min,C,4,act,active,"C,1B",398,109,119,41,9,52,1,69,22,0.315,0.399,1,108,9,1,0,0,0
2022,mixed,Scott Pianowski,Christian Bethancourt,3224,Tor,C,22,act,active,"C,1B",75,23,23,7,3,8,0,19,1,0.316,0.493,10,49,37,0,1,0,0
2022,mixed,Scott Pianowski,Brandon Crawford,3051,FA,UT,1,act,active,"SS,MI",24,6,7,3,0,4,0,4,3,0.31,0.292,0,0,0,0,0,116,0
2022,mixed,Scott Pianowski,Giovanny Urshela,5061,Oak,CI,19,act,active,"3B,CI,MI,SS",57,21,16,10,1,7,0,11,6,0.437,0.474,4,0,0,0,136,2,0
2022,mixed,Scott Pianowski,David Bote,6286,LAD,MI,0,act,active,"3B,2B,CI,1B,MI",13,4,4,3,1,5,0,3,2,0.4,0.769,1,0,6,18,16,0,0
2022,mixed,Scott Pianowski,Miguel Cabrera,509,Det,1B,3,rel,previously_active,,61,18,17,3,0,6,0,18,3,0.328,0.311,109,0,0,0,0,0,0
2022,mixed,Scott Pianowski,Robbie Grossman,2699,KC,OF,11,rel,previously_active,,121,18,36,9,0,6,2,45,18,0.273,0.19,3,0,0,0,0,0,124
2022,mixed,Scott Pianowski,Patrick Wisdom,4570,FA,OF,0,rel,previously_active,,10,1,3,0,0,3,0,4,0,0.091,0.1,3,0,18,0,105,0,14
2022,mixed,Scott Pianowski,Eli White,6872,Atl,OF,55,rel,previously_active,,24,3,7,3,0,3,1,13,1,0.16,0.125,1,0,0,0,0,0,42
2022,mixed,Scott Pianowski,Eddie Rosario,3889,LAD,OF,4,rel,previously_active,,44,3,15,4,0,0,0,10,5,0.163,0.091,9,0,0,0,0,0,67
2022,mixed,Scott Pianowski,Kevin Kiermaier,4671,LAD,OF,23,rel,previously_active,,21,2,6,2,0,1,0,7,0,0.095,0.095,2,0,0,0,0,0,60
2022,mixed,Scott Pianowski,Lourdes Gurriel,5350,Ari,OF,10,dis,previously_active,"OF,1B",385,112,101,46,4,40,3,69,23,0.339,0.397,13,0,8,0,0,0,105
2022,mixed,Scott Pianowski,Chad Pinder,5441,Atl,OF,55,rel,previously_active,,17,2,5,2,0,0,0,7,2,0.211,0.176,12,0,3,1,9,0,91
2022,mixed,Scott Pianowski,Gavin Lux,6141,Cin,OF,4,res,previously_active,"OF,2B,SS,MI",194,61,61,31,3,25,4,42,25,0.389,0.479,1,0,0,102,0,9,28
2022,mixed,Scott Pianowski,Michael Taylor,4060,CWS,OF,1,rel,previously_active,,170,38,51,13,1,13,1,46,13,0.277,0.288,1,0,0,0,0,0,123
2022,mixed,Scott Pianowski,Greg Allen,5702,ChC,OF,55,rel,previously_active,,37,5,15,5,0,1,2,13,6,0.267,0.135,1,0,0,0,0,0,43
2022,mixed,Scott Pianowski,Kole Calhoun,3983,FA,OF,11,rel,previously_active,,40,5,13,5,1,5,0,18,4,0.205,0.225,20,0,0,0,0,0,101
2022,mixed,Scott Pianowski,Jurickson Profar,3198,Atl,OF,71,rel,previously_active,,323,74,84,48,6,29,1,56,44,0.326,0.356,6,0,0,0,0,0,146
2022,mixed,Scott Pianowski,Brad Miller,4310,SD,OF,4,rel,previously_active,,9,1,3,0,0,0,0,4,1,0.2,0.111,22,0,0,0,27,0,29
2022,mixed,Scott Pianowski,Austin Slater,6014,CWS,OF,44,rel,previously_active,,52,9,17,5,0,3,3,15,5,0.271,0.269,2,0,0,0,0,0,120
2022,mixed,Scott Pianowski,Ben Gamel,5506,Hou,OF,9,rel,previously_active,,51,9,18,5,0,3,2,17,8,0.288,0.196,21,0,5,0,0,0,86
2022,mixed,Scott Pianowski,Andrew Benintendi,5386,CWS,OF,7,dis,previously_active,OF,436,136,120,50,5,50,8,73,49,0.38,0.408,1,0,0,0,0,0,124
2022,mixed,Scott Pianowski,Nick Senzel,5674,CWS,OF,7,dis,previously_active,"UT,OF",1,0,1,0,0,0,0,1,0,0.0,0.0,5,0,0,1,2,0,101
2022,mixed,Scott Pianowski,Eric Haase,5709,Mil,C,11,rel,previously_active,,117,30,41,14,4,18,0,40,11,0.321,0.419,12,84,0,0,0,0,11
2022,mixed,Scott Pianowski,Ryan Jeffers,7271,Min,C,2,rel,previously_active,,168,33,54,19,5,20,0,53,20,0.282,0.339,7,59,0,0,0,0,0
2022,mixed,Scott Pianowski,C.J. Cron,3696,FA,UT,10,res,previously_active,"1B,CI",536,140,139,76,28,97,0,155,41,0.32,0.479,28,0,121,0,0,0,0
2022,mixed,Scott Pianowski,Seth Beer,5767,Ari,UT,31,rel,previously_active,,19,0,6,0,0,0,0,5,2,0.174,0.0,28,0,5,0,0,0,0
2022,mixed,Scott Pianowski,Ryan McMahon,4613,Col,UT,9,res,previously_active,"3B,2B,MI,CI",383,88,110,43,11,46,5,115,50,0.325,0.376,1,0,1,10,145,0,0
2022,mixed,Scott Pianowski,Ezequiel Duran,7343,Tex,UT,69,rel,previously_active,,7,0,2,0,0,0,0,2,0,0.0,0.0,1,0,0,9,51,0,0
2022,mixed,Scott Pianowski,Maikel Franco,4021,FA,UT,21,rel,previously_active,,98,25,26,9,4,14,0,18,2,0.265,0.408,3,0,4,0,99,0,0
2022,mixed,Scott Pianowski,Nicky Lopez,6356,ChC,UT,22,res,previously_active,"3B,SS,MI,2B",96,19,31,11,0,6,2,12,5,0.238,0.25,0,0,0,68,30,52,0
2022,mixed,Scott Pianowski,Jose Iglesias,2913,NYM,UT,27,rel,previously_active,,93,23,25,8,0,8,0,9,1,0.273,0.29,2,0,0,0,0,116,0
2022,mixed,Scott Pianowski,David Villar,8179,SF,UT,22,rel,previously_active,,20,2,7,2,0,0,0,7,0,0.143,0.1,10,0,11,6,27,0,0
2022,mixed,Scott Pianowski,Rodolfo Castro,7383,Phi,MI,35,res,previously_active,"2B,SS,MI,3B",23,6,6,4,1,4,0,7,3,0.333,0.522,2,0,0,32,24,19,0
2022,mixed,Scott Pianowski,Lourdes Gurriel,5350,Ari,OF,10,dis,reserved,"OF,1B",68,20,20,6,1,12,0,14,8,0.368,0.412,13,0,8,0,0,0,105
2022,mixed,Scott Pianowski,Gavin Lux,6141,Cin,OF,4,res,reserved,"OF,2B,SS,MI",227,55,68,35,3,17,3,53,22,0.308,0.33,1,0,0,102,0,9,28
2022,mixed,Scott Pianowski,Nick Senzel,5674,CWS,OF,7,dis,reserved,"UT,OF",0,0,0,0,0,0,0,0,0,0.0,0.0,5,0,0,1,2,0,101
2022,mixed,Scott Pianowski,Andrew Benintendi,5386,CWS,OF,7,dis,reserved,OF,25,4,6,4,0,1,0,4,3,0.25,0.24,1,0,0,0,0,0,124
2022,mixed,Scott Pianowski,Ryan McMahon,4613,Col,UT,9,res,reserved,"3B,2B,MI,CI",146,42,43,24,9,21,2,43,10,0.331,0.514,1,0,1,10,145,0,0
2022,mixed,Scott Pianowski,C.J. Cron,3696,FA,UT,10,res,reserved,"1B,CI",39,8,11,3,1,5,0,9,2,0.256,0.308,28,0,121,0,0,0,0
2022,mixed,Scott Pianowski,Nicky Lopez,6356,ChC,UT,22,res,reserved,"3B,SS,MI,2B",20,2,9,1,0,1,0,1,1,0.143,0.1,0,0,0,68,30,52,0
2022,mixed,Scott Pianowski,Rodolfo Castro,7383,Phi,MI,35,res,reserved,"2B,SS,MI,3B",25,4,8,2,0,2,0,8,4,0.276,0.16,2,0,0,32,24,19,0
2022,mixed,Scott Pianowski,Max Muncy,4851,LAD,1B,20,act,previously_reserved,"3B,2B,1B,CI,MI",5,2,1,2,1,5,0,3,0,0.4,1.2,25,0,3,31,84,0,0
2022,mixed,Scott Pianowski,Nick Madrigal,6496,NYM,2B,0,rel,previously_reserved,,28,7,7,5,0,0,0,3,2,0.323,0.321,0,0,0,59,0,0,0
2022,mixed,Scott Pianowski,Marcus Semien,4300,Tex,SS,25,act,previously_reserved,"2B,SS,MI",27,8,7,1,0,1,1,5,3,0.367,0.333,0,0,0,148,0,17,0
2022,mixed,Scott Pianowski,Ben Gamel,5506,Hou,OF,9,rel,previously_reserved,,154,41,46,19,3,16,1,44,18,0.349,0.429,21,0,5,0,0,0,86
2022,mixed,Scott Pianowski,Jurickson Profar,3198,Atl,OF,71,rel,previously_reserved,,104,29,27,18,3,10,4,17,16,0.375,0.433,6,0,0,0,0,0,146
2022,mixed,Scott Pianowski,Kole Calhoun,3983,FA,OF,11,rel,previously_reserved,,41,6,14,2,0,2,0,18,2,0.222,0.171,20,0,0,0,0,0,101
2022,mixed,Scott Pianowski,Austin Slater,6014,CWS,OF,44,rel,previously_reserved,,51,12,29,8,0,7,2,20,9,0.365,0.314,2,0,0,0,0,0,120
2022,mixed,Scott Pianowski,Lane Thomas,6727,Cle,OF,1,act,previously_reserved,OF,78,14,22,7,3,7,2,20,5,0.226,0.333,1,0,0,0,0,0,142
2022,mixed,Scott Pianowski,Dominic Smith,4549,NYY,OF,0,trd,previously_reserved,,7,1,4,0,0,0,0,4,2,0.333,0.143,16,0,37,0,0,0,0
2022,mixed,Scott Pianowski,Anthony Santander,5903,Tor,OF,0,act,previously_reserved,OF,60,16,19,8,2,4,0,17,14,0.443,0.4,34,0,0,0,0,0,119
2022,mixed,Scott Pianowski,Michael Taylor,4060,CWS,OF,1,rel,previously_reserved,,156,43,44,21,4,19,2,46,8,0.315,0.391,1,0,0,0,0,0,123
2022,mixed,Scott Pianowski,Greg Allen,5702,ChC,OF,55,rel,previously_reserved,,21,6,12,4,1,2,2,8,0,0.286,0.476,1,0,0,0,0,0,43
2022,mixed,Scott Pianowski,Akil Baddoo,6487,Det,OF,0,act,previously_reserved,OF,43,7,15,5,1,2,1,12,5,0.25,0.256,2,0,0,0,0,0,65
2022,mixed,Scott Pianowski,Robbie Grossman,2699,KC,OF,11,rel,previously_reserved,,20,10,6,4,0,4,0,6,3,0.542,0.55,3,0,0,0,0,0,124
2022,mixed,Scott Pianowski,Patrick Wisdom,4570,FA,OF,0,rel,previously_reserved,,20,6,6,3,0,3,0,8,3,0.391,0.55,3,0,18,0,105,0,14
2022,mixed,Scott Pianowski,Chad Pinder,5441,Atl,OF,55,rel,previously_reserved,,51,10,15,2,0,1,0,17,0,0.196,0.235,12,0,3,1,9,0,91
2022,mixed,Scott Pianowski,Kevin Kiermaier,4671,LAD,OF,23,rel,previously_reserved,,32,10,9,5,1,2,2,10,3,0.371,0.437,2,0,0,0,0,0,60
2022,mixed,Scott Pianowski,Ryan Jeffers,7271,Min,C,2,rel,previously_reserved,,39,11,11,6,2,7,0,8,2,0.317,0.513,7,59,0,0,0,0,0
2022,mixed,Scott Pianowski,David Villar,8179,SF,UT,22,rel,previously_reserved,,7,1,3,1,0,2,0,4,2,0.333,0.286,10,0,11,6,27,0,0
2022,mixed,Scott Pianowski,Maikel Franco,4021,FA,UT,21,rel,previously_reserved,,59,9,18,6,2,6,0,12,3,0.219,0.254,3,0,4,0,99,0,0
2022,mixed,Scott Pianowski,Jose Iglesias,2913,NYM,UT,27,rel,previously_reserved,,65,18,17,4,0,5,2,4,2,0.309,0.338,2,0,0,0,0,116,0
2022,mixed,Scott Pianowski,Seth Beer,5767,Ari,UT,31,rel,previously_reserved,,18,2,6,0,0,1,0,7,0,0.105,0.111,28,0,5,0,0,0,0
2022,mixed,Brent Hershey,Rhys Hoskins,5321,Mil,1B,21,act,active,"1B,CI",589,145,156,81,30,79,2,169,72,0.332,0.462,4,0,151,0,0,0,0
2022,mixed,Brent Hershey,Vaughn Grissom,7487,Bos,2B,87,act,active,2B,123,34,36,18,3,14,4,29,9,0.338,0.39,0,0,0,40,0,2,0
2022,mixed,Brent Hershey,CJ Abrams,6954,Was,SS,11,act,active,"SS,2B",101,24,29,7,0,7,5,16,0,0.252,0.307,2,0,0,13,0,75,3
2022,mixed,Brent Hershey,Josh Donaldson,2107,FA,3B,13,act,active,"3B,CI",475,106,131,59,15,62,2,147,52,0.307,0.377,23,0,0,0,104,0,0
2022,mixed,Brent Hershey,Giancarlo Stanton,2378,NYY,OF,17,act,active,OF,97,16,27,13,7,14,0,43,13,0.264,0.392,65,0,0,0,0,0,38
2022,mixed,Brent Hershey,Nick Gordon,4960,Bal,OF,14,act,active,"OF,2B,SS,MI",151,39,45,16,4,27,1,39,6,0.301,0.424,1,0,0,36,1,17,95
2022,mixed,Brent Hershey,Harrison Bader,5366,Min,OF,1,act,active,OF,244,61,72,29,3,24,14,58,10,0.29,0.348,0,0,0,0,0,0,85
2022,mixed,Brent Hershey,Leody Taveras,5412,Tex,OF,13,act,active,OF,269,70,81,33,3,30,10,76,19,0.311,0.357,2,0,0,0,0,0,93
2022,mixed,Brent Hershey,Riley Greene,6953,Det,OF,2,act,active,OF,376,95,93,46,5,42,1,120,36,0.321,0.362,0,0,0,0,0,0,93
2022,mixed,Brent Hershey,Daulton Varsho,6326,Tor,C,18,act,active,"OF,C",531,125,151,79,27,74,16,145,46,0.302,0.443,15,31,0,0,0,0,114
2022,mixed,Brent Hershey,Danny Jansen,5332,TB,C,1,act,active,C,71,25,24,12,4,14,1,15,11,0.434,0.634,3,63,0,0,0,0,0
2022,mixed,Brent Hershey,Taylor Ward,5398,LAA,UT,55,act,active,OF,351,95,96,52,18,49,2,82,44,0.356,0.487,2,0,0,0,2,0,132
2022,mixed,Brent Hershey,Triston Casas,6099,Bos,CI,31,act,active,1B,45,10,15,8,2,6,0,16,10,0.364,0.378,0,0,27,0,0,0,0
2022,mixed,Brent Hershey,Javier Baez,3804,Det,MI,17,act,active,"SS,2B,MI",531,122,137,60,15,64,8,138,25,0.271,0.375,10,0,0,0,0,133,0
2022,mixed,Brent Hershey,Andy Ibanez,5306,Det,2B,22,rel,previously_active,,31,7,10,5,1,3,1,6,1,0.25,0.355,8,0,6,2,25,0,0
2022,mixed,Brent Hershey,Giovanny Urshela,5061,Oak,SS,21,rel,previously_active,,22,5,8,2,2,6,0,1,1,0.25,0.5,4,0,0,0,136,2,0
2022,mixed,Brent Hershey,Tyler Wade,5629,SD,3B,11,rel,previously_active,,17,4,7,0,0,1,0,2,0,0.235,0.235,0,0,0,31,12,19,14
2022,mixed,Brent Hershey,Seth Brown,7100,Oak,OF,19,rel,previously_active,,36,7,10,4,3,8,1,11,2,0.237,0.472,2,0,84,0,0,0,77
2022,mixed,Brent Hershey,George Springer,3575,Tor,OF,25,trd,previously_active,,378,104,100,66,19,57,11,77,41,0.352,0.487,40,0,0,0,0,0,89
2022,mixed,Brent Hershey,Aaron Hicks,2591,FA,OF,0,rel,previously_active,,175,34,58,20,1,17,5,44,35,0.332,0.223,1,0,0,0,0,0,126
2022,mixed,Brent Hershey,Byron Buxton,4014,Min,OF,25,dis,previously_active,OF,340,76,92,61,28,51,6,116,34,0.306,0.526,34,0,0,0,0,0,57
2022,mixed,Brent Hershey,Nick Pratto,6202,KC,OF,11,rel,previously_active,,23,2,7,1,0,1,0,10,3,0.185,0.087,0,0,43,0,0,0,8
2022,mixed,Brent Hershey,Kyle Stowers,7944,Mia,OF,14,rel,previously_active,,7,1,2,0,0,1,0,4,0,0.25,0.286,6,0,0,0,0,0,25
2022,mixed,Brent Hershey,Andrew McCutchen,1222,Pit,OF,2,rel,previously_active,,159,33,39,14,2,18,3,39,10,0.256,0.277,82,0,0,0,0,0,50
2022,mixed,Brent Hershey,Gabriel Moreno,7541,Ari,C,87,rel,previously_active,,51,15,16,2,0,4,0,6,1,0.308,0.314,2,19,0,1,1,0,1
2022,mixed,Brent Hershey,Christian Bethancourt,3224,Tor,C,5,rel,previously_active,,26,5,8,1,0,0,0,6,1,0.222,0.231,10,49,37,0,1,0,0
2022,mixed,Brent Hershey,Austin Nola,4740,Col,C,3,rel,previously_active,,141,31,42,17,1,15,1,27,13,0.299,0.27,6,101,0,2,1,0,0
2022,mixed,Brent Hershey,Victor Caratini,4876,Hou,C,15,rel,previously_active,,58,7,21,1,0,5,0,17,2,0.177,0.155,1,90,2,0,0,0,0
2022,mixed,Brent Hershey,Trevor Story,4020,Bos,UT,24,dis,previously_active,"SS,2B,MI",354,84,93,52,16,66,13,121,32,0.303,0.435,0,0,0,94,0,0,0
2022,mixed,Brent Hershey,Marcell Ozuna,3280,Atl,UT,10,rel,previously_active,,353,76,91,40,17,40,2,90,22,0.262,0.394,72,0,0,0,0,0,52
2022,mixed,Brent Hershey,Brandon Belt,3336,FA,UT,7,dis,previously_active,"1B,CI",223,42,64,18,5,19,1,74,29,0.295,0.291,11,0,63,0,0,0,0
2022,mixed,Brent Hershey,Pavin Smith,6109,Ari,CI,33,rel,previously_active,,82,16,23,11,6,16,0,32,9,0.272,0.427,22,0,10,0,0,0,43
2022,mixed,Brent Hershey,Yandy Diaz,5735,TB,CI,3,res,previously_active,"1B,3B,CI",114,41,32,19,3,18,2,12,16,0.443,0.535,14,0,17,0,102,0,0
2022,mixed,Brent Hershey,Jon Berti,5574,ChC,CI,51,res,previously_active,"3B,2B,MI,OF,SS,CI",184,42,49,22,1,17,25,40,23,0.316,0.299,3,0,0,47,37,10,19
2022,mixed,Brent Hershey,Cavan Biggio,6063,KC,MI,11,rel,previously_active,,97,20,31,15,1,6,1,31,11,0.291,0.34,3,0,33,49,1,0,9
2022,mixed,Brent Hershey,Royce Lewis,6094,Min,MI,97,rel,previously_active,,7,3,2,3,1,1,0,1,1,0.5,1.14,0,0,0,0,0,11,1
2022,mixed,Brent Hershey,Brandon Crawford,3051,FA,MI,7,rel,previously_active,,178,38,52,24,5,24,1,36,20,0.31,0.343,0,0,0,0,0,116,0
2022,mixed,Brent Hershey,Byron Buxton,4014,Min,OF,25,dis,reserved,OF,0,0,0,0,0,0,0,0,0,0.0,0.0,34,0,0,0,0,0,57
2022,mixed,Brent Hershey,Brandon Belt,3336,FA,UT,7,dis,reserved,"1B,CI",31,12,14,7,3,4,0,7,8,0.525,0.774,11,0,63,0,0,0,0
2022,mixed,Brent Hershey,Trevor Story,4020,Bos,UT,24,dis,reserved,"SS,2B,MI",3,1,1,1,0,0,0,1,0,0.333,0.333,0,0,0,94,0,0,0
2022,mixed,Brent Hershey,Jon Berti,5574,ChC,CI,51,res,reserved,"3B,2B,MI,OF,SS,CI",100,23,27,9,1,5,9,29,5,0.274,0.33,3,0,0,47,37,10,19
2022,mixed,Brent Hershey,Yandy Diaz,5735,TB,CI,3,res,reserved,"1B,3B,CI",8,4,4,2,0,3,0,2,1,0.556,0.625,14,0,17,0,102,0,0
2022,mixed,Brent Hershey,Giovanny Urshela,5061,Oak,SS,21,rel,previously_reserved,,12,4,3,3,1,2,0,6,1,0.385,0.833,4,0,0,0,136,2,0
2022,mixed,Brent Hershey,CJ Abrams,6954,Was,SS,11,act,previously_reserved,"SS,2B",58,17,16,10,0,3,1,7,1,0.317,0.362,2,0,0,13,0,75,3
2022,mixed,Brent Hershey,Josh Donaldson,2107,FA,3B,13,act,previously_reserved,"3B,CI",3,0,1,0,0,0,0,1,2,0.4,0.0,23,0,0,0,104,0,0
2022,mixed,Brent Hershey,Tyler Wade,5629,SD,3B,11,rel,previously_reserved,,85,18,36,14,1,6,5,20,7,0.28,0.294,0,0,0,31,12,19,14
2022,mixed,Brent Hershey,Andrew McCutchen,1222,Pit,OF,2,rel,previously_reserved,,34,12,9,6,2,6,2,8,4,0.421,0.588,82,0,0,0,0,0,50
2022,mixed,Brent Hershey,Harrison Bader,5366,Min,OF,1,act,previously_reserved,OF,48,12,14,9,2,6,3,4,5,0.315,0.396,0,0,0,0,0,0,85
2022,mixed,Brent Hershey,Aaron Hicks,2591,FA,OF,0,rel,previously_reserved,,152,36,52,22,5,16,4,42,21,0.333,0.382,1,0,0,0,0,0,126
2022,mixed,Brent Hershey,Nick Gordon,4960,Bal,OF,14,act,previously_reserved,"OF,2B,SS,MI",17,5,5,0,0,3,0,2,0,0.294,0.412,1,0,0,36,1,17,95
2022,mixed,Brent Hershey,Marcell Ozuna,3280,Atl,UT,10,rel,previously_reserved,,73,17,20,11,4,7,0,20,6,0.291,0.438,72,0,0,0,0,0,52
2022,mixed,Brent Hershey,Taylor Ward,5398,LAA,UT,55,act,previously_reserved,OF,138,41,37,19,4,15,2,36,12,0.349,0.413,2,0,0,0,2,0,132
2022,mixed,Brent Hershey,Triston Casas,6099,Bos,CI,31,act,previously_reserved,1B,27,4,11,3,3,6,1,7,9,0.361,0.481,0,0,27,0,0,0,0
2022,mixed,Brent Hershey,Pavin Smith,6109,Ari,CI,33,rel,previously_reserved,,40,5,11,2,1,2,0,14,4,0.205,0.225,22,0,10,0,0,0,43
2022,mixed,Brent Hershey,Royce Lewis,6094,Min,MI,97,rel,previously_reserved,,1,0,1,0,0,0,0,0,0,0.0,0.0,0,0,0,0,0,11,1
2022,mixed,Brent Hershey,Brandon Crawford,3051,FA,MI,7,rel,previously_reserved,,31,9,8,1,0,5,0,11,1,0.333,0.419,0,0,0,0,0,116,0
2022,mixed,Brent Hershey,Cavan Biggio,6063,KC,MI,11,rel,previously_reserved,,13,5,5,4,2,5,0,3,4,0.529,0.923,3,0,33,49,1,0,9
2022,mixed,Brent Hershey,Javier Baez,3804,Det,MI,17,act,previously_reserved,"SS,2B,MI",24,10,7,4,2,3,1,9,1,0.44,0.792,10,0,0,0,0,133,0
2022,mixed,Eric Karabell,Ty France,6723,Min,1B,3,act,active,"1B,MI,2B,3B,CI",535,150,136,65,20,84,0,90,34,0.345,0.445,8,0,127,1,6,0,0
2022,mixed,Eric Karabell,D.J. LeMahieu,3275,NYY,2B,11,act,active,"2B,1B,3B,CI,MI",461,121,123,74,12,46,4,71,66,0.358,0.38,7,0,35,41,47,0,0
2022,mixed,Eric Karabell,Bo Bichette,6070,Tor,SS,35,act,active,"SS,MI",652,189,159,91,24,93,13,155,41,0.333,0.469,1,0,0,0,0,157,0
2022,mixed,Eric Karabell,Alex Bregman,4907,Bos,3B,23,act,active,"3B,CI",260,73,73,47,12,48,1,29,37,0.373,0.492,0,0,0,0,154,0,0
2022,mixed,Eric Karabell,Gavin Sheets,6582,SD,OF,33,act,active,"OF,1B",173,41,58,18,8,29,0,38,12,0.282,0.416,15,0,13,0,0,0,88
2022,mixed,Eric Karabell,Trey Mancini,5439,Ari,OF,10,act,active,"1B,CI,OF",519,124,143,56,18,63,0,135,53,0.319,0.391,71,0,39,0,0,0,31
2022,mixed,Eric Karabell,Alex Verdugo,4948,FA,OF,9,act,active,OF,593,166,152,75,11,74,1,86,42,0.328,0.405,2,0,0,0,0,0,150
2022,mixed,Eric Karabell,J.D. Martinez,3567,NYM,OF,22,act,active,OF,533,146,139,76,16,62,0,145,52,0.341,0.448,139,0,0,0,0,0,0
2022,mixed,Eric Karabell,Mitch Haniger,4480,Sea,OF,15,act,active,OF,218,53,55,30,11,34,0,63,18,0.301,0.427,12,0,0,0,0,0,47
2022,mixed,Eric Karabell,MJ Melendez,6478,KC,C,47,act,active,"OF,C",184,35,51,25,5,24,2,49,30,0.303,0.321,23,78,0,0,0,0,38
2022,mixed,Eric Karabell,Elias Diaz,5078,SD,C,8,act,active,C,325,75,97,26,8,45,0,75,24,0.285,0.366,0,104,0,0,0,0,0
2022,mixed,Eric Karabell,Wander Franco,6256,TB,UT,22,act,active,"SS,MI",298,82,79,44,6,30,8,31,26,0.329,0.416,10,0,0,0,0,73,0
2022,mixed,Eric Karabell,Albert Pujols,1411,StL,CI,5,act,active,"1B,CI",109,29,38,17,11,31,0,18,9,0.339,0.615,68,0,22,0,0,0,0
2022,mixed,Eric Karabell,Chris Taylor,4604,LAD,MI,10,act,active,"OF,2B,SS,MI",392,88,115,44,10,41,9,155,44,0.309,0.378,5,0,0,22,3,1,95
2022,mixed,Eric Karabell,Nolan Gorman,6498,StL,2B,0,res,previously_active,"UT,2B",273,59,86,40,14,34,1,102,26,0.289,0.41,16,0,0,68,0,0,1
2022,mixed,Eric Karabell,Michael Brantley,2212,FA,OF,7,dis,previously_active,OF,243,70,64,28,5,26,1,30,31,0.37,0.416,35,0,0,0,0,0,29
2022,mixed,Eric Karabell,Chas McCormick,7201,Hou,OF,6,rel,previously_active,,46,6,16,8,3,7,1,14,6,0.231,0.348,1,0,0,0,0,0,117
2022,mixed,Eric Karabell,Kris Bryant,4434,Col,OF,23,dis,previously_active,"OF,CI,3B",133,41,35,24,5,13,0,23,14,0.377,0.511,12,0,0,0,0,0,30
2022,mixed,Eric Karabell,Jacob Stallings,5554,Col,C,3,res,previously_active,C,284,60,95,22,3,28,0,71,21,0.274,0.275,1,110,0,0,0,0,0
2022,mixed,Eric Karabell,Alfonso Rivas,7591,StL,UT,33,rel,previously_active,,44,5,19,3,1,4,0,21,5,0.204,0.205,3,0,92,0,0,0,3
2022,mixed,Eric Karabell,Joey Votto,345,Tor,UT,17,dis,previously_active,"1B,CI",289,57,83,28,10,34,0,88,43,0.322,0.356,14,0,76,0,0,0,0
2022,mixed,Eric Karabell,Jake Burger,6156,Tex,CI,45,res,previously_active,"UT,3B,CI",38,6,14,2,0,3,0,14,1,0.22,0.263,9,0,0,3,37,0,0
2022,mixed,Eric Karabell,Matt Carpenter,3510,StL,MI,16,dis,previously_active,"1B,2B,OF,MI",64,17,21,11,5,15,0,15,9,0.377,0.594,16,0,5,0,2,0,15
2022,mixed,Eric Karabell,Vidal Brujan,6571,ChC,MI,0,res,previously_active,"UT,2B,OF,SS,MI",91,16,29,8,2,11,3,29,8,0.242,0.264,1,0,0,31,1,5,21
2022,mixed,Eric Karabell,Nolan Gorman,6498,StL,2B,0,res,reserved,"UT,2B",10,5,3,4,0,1,0,1,2,0.583,0.7,16,0,0,68,0,0,1
2022,mixed,Eric Karabell,Michael Brantley,2212,FA,OF,7,dis,reserved,OF,0,0,0,0,0,0,0,0,0,0.0,0.0,35,0,0,0,0,0,29
2022,mixed,Eric Karabell,Kris Bryant,4434,Col,OF,23,dis,reserved,"OF,CI,3B",27,8,7,4,0,1,0,4,3,0.367,0.296,12,0,0,0,0,0,30
2022,mixed,Eric Karabell,Jacob Stallings,5554,Col,C,3,res,reserved,C,62,17,19,3,1,6,0,12,8,0.37,0.371,1,110,0,0,0,0,0
2022,mixed,Eric Karabell,Joey Votto,345,Tor,UT,17,dis,reserved,"1B,CI",33,9,8,3,1,7,0,9,1,0.294,0.485,14,0,76,0,0,0,0
2022,mixed,Eric Karabell,Keston Hiura,6100,Col,UT,15,res,reserved,"1B,CI,2B,OF",112,24,37,14,6,15,1,48,7,0.27,0.446,26,0,33,14,0,0,5
2022,mixed,Eric Karabell,Jake Burger,6156,Tex,CI,45,res,reserved,"UT,3B,CI",0,0,0,0,0,0,0,0,0,0.0,0.0,9,0,0,3,37,0,0
2022,mixed,Eric Karabell,Vidal Brujan,6571,ChC,MI,0,res,reserved,"UT,2B,OF,SS,MI",56,8,23,5,1,5,2,8,4,0.206,0.25,1,0,0,31,1,5,21
2022,mixed,Eric Karabell,Matt Carpenter,3510,StL,MI,16,dis,reserved,"1B,2B,OF,MI",0,0,0,0,0,0,0,0,0,0.0,0.0,16,0,5,0,2,0,15
2022,mixed,Eric Karabell,Ty France,6723,Min,1B,3,act,previously_reserved,"1B,MI,2B,3B,CI",16,2,4,0,0,0,0,4,1,0.176,0.187,8,0,127,1,6,0,0
2022,mixed,Eric Karabell,D.J. LeMahieu,3275,NYY,2B,11,act,previously_reserved,"2B,1B,3B,CI,MI",6,1,2,0,0,0,0,0,1,0.286,0.167,7,0,35,41,47,0,0
2022,mixed,Eric Karabell,Mitch Haniger,4480,Sea,OF,15,act,previously_reserved,OF,6,2,2,1,0,0,0,2,2,0.5,0.5,12,0,0,0,0,0,47
2022,mixed,Eric Karabell,Gavin Sheets,6582,SD,OF,33,act,previously_reserved,"OF,1B",14,4,5,1,0,2,0,4,0,0.286,0.429,15,0,13,0,0,0,88
2022,mixed,Eric Karabell,Elias Diaz,5078,SD,C,8,act,previously_reserved,C,26,5,8,3,1,6,0,7,1,0.222,0.385,0,104,0,0,0,0,0
2022,mixed,Eric Karabell,Alfonso Rivas,7591,StL,UT,33,rel,previously_reserved,,18,4,6,2,0,3,1,4,3,0.318,0.333,3,0,92,0,0,0,3
2022,mixed,Eric Karabell,Wander Franco,6256,TB,UT,22,act,previously_reserved,"SS,MI",16,5,4,2,0,3,0,2,0,0.312,0.437,10,0,0,0,0,73,0
2022,mixed,Eric Karabell,Chris Taylor,4604,LAD,MI,10,act,previously_reserved,"OF,2B,SS,MI",10,1,3,1,0,2,1,5,0,0.1,0.2,5,0,0,22,3,1,95
2022,mixed,Michael Rathburn,Luis Arraez,6138,SD,1B,32,act,active,"1B,3B,2B,CI,MI,OF",507,160,132,85,7,45,3,40,44,0.371,0.418,38,0,65,41,7,0,0
2022,mixed,Michael Rathburn,Jonathan India,6595,KC,2B,26,act,active,"2B,MI",349,87,94,46,10,38,3,83,31,0.332,0.387,13,0,0,86,0,0,0
2022,mixed,Michael Rathburn,Santiago Espinal,6833,Cin,SS,16,act,active,"3B,2B,SS,CI",251,65,73,30,4,28,2,42,20,0.311,0.363,0,0,0,120,11,11,0
2022,mixed,Michael Rathburn,Luis Urias,5831,Oak,3B,8,act,active,"2B,SS,3B,MI,CI",342,78,101,42,12,36,1,81,40,0.323,0.38,0,0,0,46,73,24,0
2022,mixed,Michael Rathburn,Juan Soto,6043,NYM,OF,52,act,active,OF,524,127,153,93,27,62,6,96,135,0.401,0.452,1,0,0,0,0,0,151
2022,mixed,Michael Rathburn,Teoscar Hernandez,4844,LAD,OF,25,act,active,OF,492,132,129,71,25,75,6,148,34,0.318,0.496,10,0,0,0,0,0,119
2022,mixed,Michael Rathburn,Will Benson,6051,Cin,OF,22,act,active,OF,44,10,22,7,0,3,0,13,2,0.292,0.25,2,0,0,0,0,0,20
2022,mixed,Michael Rathburn,Ian Happ,5352,ChC,OF,4,act,active,OF,490,129,136,63,12,58,7,129,52,0.339,0.41,10,0,0,0,0,0,147
2022,mixed,Michael Rathburn,Michael Harris,7463,Atl,OF,65,act,active,OF,384,113,106,69,16,57,20,100,20,0.337,0.503,0,0,0,0,0,0,114
2022,mixed,Michael Rathburn,Jonah Heim,5632,Tex,C,8,act,active,C,391,86,123,45,14,40,2,86,39,0.291,0.384,7,111,0,0,0,0,0
2022,mixed,Michael Rathburn,Brian Serven,6869,Det,C,12,act,active,C,131,20,43,11,3,7,0,32,7,0.206,0.244,0,59,1,0,0,0,0
2022,mixed,Michael Rathburn,Michael Massey,8221,KC,UT,32,act,active,2B,150,34,45,13,4,15,2,43,8,0.298,0.373,2,0,0,48,1,0,0
2022,mixed,Michael Rathburn,Elehuris Montero,6763,Col,CI,25,act,active,"1B,3B",121,26,36,16,5,16,0,39,7,0.258,0.421,12,0,16,0,23,0,0
2022,mixed,Michael Rathburn,Willy Adames,5094,SF,MI,8,act,active,"SS,MI",543,131,134,80,29,94,8,161,48,0.302,0.457,2,0,0,0,0,136,0
2022,mixed,Michael Rathburn,Daniel Vogelbach,4058,FA,1B,2,rel,previously_active,,88,21,26,8,5,12,0,25,12,0.327,0.477,116,0,5,0,0,0,0
2022,mixed,Michael Rathburn,Miguel Sano,3148,FA,1B,6,rel,previously_active,,26,2,9,1,1,2,1,10,7,0.294,0.192,2,0,19,0,0,0,0
2022,mixed,Michael Rathburn,Darin Ruf,4191,FA,1B,40,rel,previously_active,,21,2,7,4,0,1,0,11,3,0.208,0.095,36,0,45,0,0,0,37
2022,mixed,Michael Rathburn,Jorge Polanco,4695,Sea,SS,17,dis,previously_active,"2B,SS,MI",355,84,99,52,14,51,3,89,63,0.351,0.4,5,0,0,97,0,6,0
2022,mixed,Michael Rathburn,Orlando Arcia,4503,Atl,SS,33,rel,previously_active,,43,6,12,2,0,4,0,13,3,0.213,0.14,7,0,0,50,4,1,6
2022,mixed,Michael Rathburn,Brendan Donovan,7903,StL,3B,70,res,previously_active,"2B,OF,SS,1B,3B",194,53,58,22,1,23,1,43,28,0.384,0.345,16,0,16,38,31,7,37
2022,mixed,Michael Rathburn,Chad Pinder,5441,Atl,OF,8,rel,previously_active,,53,14,15,2,1,5,1,22,2,0.286,0.358,12,0,3,1,9,0,91
2022,mixed,Michael Rathburn,Luis Barrera,6717,FA,OF,15,rel,previously_active,,16,4,7,0,0,2,2,5,1,0.294,0.375,0,0,0,0,0,0,28
2022,mixed,Michael Rathburn,Tyrone Taylor,4506,NYM,OF,30,rel,previously_active,,46,8,12,5,2,6,0,11,3,0.224,0.37,1,0,0,0,0,0,117
2022,mixed,Michael Rathburn,Chas McCormick,7201,Hou,OF,0,rel,previously_active,,25,8,8,1,0,1,0,7,1,0.346,0.4,1,0,0,0,0,0,117
2022,mixed,Michael Rathburn,Ramon Laureano,5858,Bal,OF,1,dis,previously_active,OF,240,49,66,36,10,22,7,73,21,0.293,0.388,5,0,0,0,0,0,88
2022,mixed,Michael Rathburn,Mike Zunino,4012,FA,C,3,rel,previously_active,,72,11,23,5,3,10,0,28,5,0.205,0.306,0,35,0,0,0,0,0
2022,mixed,Michael Rathburn,Kyle Farmer,4111,Col,UT,0,res,previously_active,"UT,SS,3B,MI",77,25,22,7,0,9,1,9,8,0.404,0.39,10,0,2,0,36,98,0
2022,mixed,Michael Rathburn,Jeimer Candelario,4071,Cin,UT,4,rel,previously_active,,113,22,31,13,3,9,0,30,7,0.248,0.319,8,0,0,0,117,0,0
2022,mixed,Michael Rathburn,Sheldon Neuse,6105,Oak,UT,35,rel,previously_active,,119,23,34,10,1,9,4,36,9,0.25,0.269,9,0,13,23,44,2,0
2022,mixed,Michael Rathburn,Danny Jansen,5332,TB,UT,3,rel,previously_active,,53,12,17,8,6,11,0,10,2,0.263,0.585,3,63,0,0,0,0,0
2022,mixed,Michael Rathburn,Manuel Margot,4858,Mil,UT,2,rel,previously_active,,115,35,33,13,3,21,5,19,13,0.38,0.426,16,0,0,0,0,0,70
2022,mixed,Michael Rathburn,Franchy Cordero,4877,FA,CI,35,rel,previously_active,,115,15,38,12,2,10,2,52,12,0.219,0.243,3,0,53,0,0,0,39
2022,mixed,Michael Rathburn,Jonathan Villar,3345,Sea,CI,4,rel,previously_active,,82,19,23,9,0,8,1,24,5,0.27,0.268,1,0,0,29,28,2,0
2022,mixed,Michael Rathburn,Bryson Stott,6943,Phi,MI,77,rel,previously_active,,26,4,7,1,0,3,0,9,1,0.185,0.192,0,0,0,47,2,83,0
2022,mixed,Michael Rathburn,Jorge Polanco,4695,Sea,SS,17,dis,reserved,"2B,SS,MI",20,4,5,2,2,5,0,6,1,0.238,0.5,5,0,0,97,0,6,0
2022,mixed,Michael Rathburn,Brendan Donovan,7903,StL,3B,70,res,reserved,"2B,OF,SS,1B,3B",150,42,46,32,3,15,0,17,21,0.383,0.387,16,0,16,38,31,7,37
2022,mixed,Michael Rathburn,Ramon Laureano,5858,Bal,OF,1,dis,reserved,OF,106,24,28,13,3,12,4,31,4,0.274,0.349,5,0,0,0,0,0,88
2022,mixed,Michael Rathburn,Kyle Farmer,4111,Col,UT,0,res,reserved,"UT,SS,3B,MI",449,109,123,51,14,69,3,90,25,0.299,0.385,10,0,2,0,36,98,0
2022,mixed,Michael Rathburn,Bobby Bradley,5249,FA,1B,0,rel,previously_reserved,,8,1,4,0,0,0,0,3,0,0.125,0.125,0,0,7,0,0,0,0
2022,mixed,Michael Rathburn,Darin Ruf,4191,FA,1B,40,rel,previously_reserved,,21,5,6,3,2,3,0,6,0,0.238,0.619,36,0,45,0,0,0,37
2022,mixed,Michael Rathburn,Luis Arraez,6138,SD,1B,32,act,previously_reserved,"1B,3B,2B,CI,MI,OF",13,5,4,1,0,0,1,1,4,0.556,0.462,38,0,65,41,7,0,0
2022,mixed,Michael Rathburn,Miguel Sano,3148,FA,1B,6,rel,previously_reserved,,28,3,8,0,0,1,0,11,2,0.161,0.107,2,0,19,0,0,0,0
2022,mixed,Michael Rathburn,Daniel Vogelbach,4058,FA,1B,2,rel,previously_reserved,,30,5,9,2,1,1,0,10,4,0.265,0.267,116,0,5,0,0,0,0
2022,mixed,Michael Rathburn,Jonathan India,6595,KC,2B,26,act,previously_reserved,"2B,MI",37,9,9,2,0,3,0,11,0,0.282,0.297,13,0,0,86,0,0,0
2022,mixed,Michael Rathburn,Santiago Espinal,6833,Cin,SS,16,act,previously_reserved,"3B,2B,SS,CI",167,47,52,19,3,19,2,20,13,0.335,0.383,0,0,0,120,11,11,0
2022,mixed,Michael Rathburn,Orlando Arcia,4503,Atl,SS,33,rel,previously_reserved,,44,8,17,6,2,6,0,10,6,0.28,0.318,7,0,0,50,4,1,6
2022,mixed,Michael Rathburn,Luis Urias,5831,Oak,3B,8,act,previously_reserved,"2B,SS,3B,MI,CI",64,19,18,12,4,11,0,18,10,0.395,0.531,0,0,0,46,73,24,0
2022,mixed,Michael Rathburn,Ian Happ,5352,ChC,OF,4,act,previously_reserved,OF,83,26,22,9,5,14,2,20,6,0.356,0.614,10,0,0,0,0,0,147
2022,mixed,Michael Rathburn,Michael Harris,7463,Atl,OF,65,act,previously_reserved,OF,24,9,6,5,3,7,0,5,1,0.4,0.792,0,0,0,0,0,0,114
2022,mixed,Michael Rathburn,Tyrone Taylor,4506,NYM,OF,30,rel,previously_reserved,,64,15,19,9,4,9,0,19,3,0.279,0.469,1,0,0,0,0,0,117
2022,mixed,Michael Rathburn,Teoscar Hernandez,4844,LAD,OF,25,act,previously_reserved,OF,7,1,2,0,0,2,0,4,0,0.143,0.143,10,0,0,0,0,0,119
2022,mixed,Michael Rathburn,Luis Barrera,6717,FA,OF,15,rel,previously_reserved,,10,0,4,0,0,0,0,3,0,0.091,0.0,0,0,0,0,0,0,28
2022,mixed,Michael Rathburn,Austin Slater,6014,CWS,OF,65,rel,previously_reserved,,16,4,6,2,1,2,0,6,0,0.294,0.562,2,0,0,0,0,0,120
2022,mixed,Michael Rathburn,Chad Pinder,5441,Atl,OF,8,rel,previously_reserved,,9,2,3,1,0,0,0,0,1,0.3,0.333,12,0,3,1,9,0,91
2022,mixed,Michael Rathburn,Manuel Margot,4858,Mil,UT,2,rel,previously_reserved,,67,20,18,8,0,6,0,16,4,0.338,0.418,16,0,0,0,0,0,70
2022,mixed,Michael Rathburn,Danny Jansen,5332,TB,UT,3,rel,previously_reserved,,52,11,18,6,3,12,0,9,5,0.288,0.385,3,63,0,0,0,0,0
2022,mixed,Michael Rathburn,Jeimer Candelario,4071,Cin,UT,4,rel,previously_reserved,,25,5,7,1,0,3,0,3,2,0.259,0.32,8,0,0,0,117,0,0
2022,mixed,Michael Rathburn,Jonathan Villar,3345,Sea,CI,4,rel,previously_reserved,,22,7,6,4,2,4,2,5,2,0.375,0.682,1,0,0,29,28,2,0
2022,mixed,Michael Rathburn,Franchy Cordero,4877,FA,CI,35,rel,previously_reserved,,29,12,9,3,0,2,2,8,4,0.485,0.552,3,0,53,0,0,0,39
2022,mixed,Michael Rathburn,Willy Adames,5094,SF,MI,8,act,previously_reserved,"SS,MI",20,3,5,3,2,4,0,5,1,0.19,0.5,2,0,0,0,0,136,0
2022,mixed,Michael Rathburn,Bryson Stott,6943,Phi,MI,77,rel,previously_reserved,,35,4,12,3,0,4,0,12,3,0.184,0.114,0,0,0,47,2,83,0
2022,mixed,CJ Kaltenbach,Freddie Freeman,2466,LAD,1B,37,act,active,"1B,CI",612,199,159,117,21,100,13,102,84,0.407,0.511,0,0,159,0,0,0,0
2022,mixed,CJ Kaltenbach,Tommy Edman,6447,LAD,2B,11,act,active,"2B,MI,OF,SS,3B",577,153,153,95,13,57,32,111,46,0.324,0.4,0,0,0,89,8,80,3
2022,mixed,CJ Kaltenbach,J.P. Crawford,4534,Sea,SS,1,act,active,"SS,MI",500,118,139,55,6,41,3,80,61,0.328,0.33,0,0,0,0,0,144,0
2022,mixed,CJ Kaltenbach,Jace Peterson,4427,FA,3B,11,act,active,"UT,OF,1B,MI,2B,3B,CI",195,47,75,25,5,25,6,58,21,0.317,0.395,1,0,5,3,86,0,14
2022,mixed,CJ Kaltenbach,Zach McKinstry,7128,Det,OF,11,act,active,"3B,2B,SS,MI,OF",126,26,40,15,4,12,7,38,13,0.286,0.381,3,0,0,21,22,10,4
2022,mixed,CJ Kaltenbach,Austin Hays,6076,Cin,OF,1,act,active,OF,535,134,145,66,16,60,2,114,34,0.306,0.413,3,0,0,0,0,0,141
2022,mixed,CJ Kaltenbach,Mookie Betts,4670,LAD,OF,43,act,active,"UT,OF,2B",569,152,141,115,35,82,12,104,53,0.336,0.529,1,0,0,7,0,0,136
2022,mixed,CJ Kaltenbach,Yonathan Daza,6290,FA,OF,7,act,active,OF,255,69,73,37,1,20,0,40,15,0.312,0.349,0,0,0,0,0,0,112
2022,mixed,CJ Kaltenbach,Jo Adell,6143,LAA,OF,68,act,active,OF,159,34,56,16,5,15,2,66,7,0.259,0.377,1,0,0,0,0,0,84
2022,mixed,CJ Kaltenbach,Travis D'Arnaud,2621,LAA,C,5,act,active,C,396,106,107,61,18,60,0,90,19,0.319,0.472,5,99,0,0,0,0,0
2022,mixed,CJ Kaltenbach,Joey Bart,6596,Pit,C,4,act,active,C,206,43,77,26,8,18,1,90,23,0.3,0.345,3,93,0,0,0,0,0
2022,mixed,CJ Kaltenbach,Elvis Andrus,1543,FA,UT,0,act,active,"SS,MI",373,86,107,42,10,35,11,67,29,0.29,0.37,4,0,0,0,0,143,0
2022,mixed,CJ Kaltenbach,Yoan Moncada,5023,LAA,CI,14,act,active,"3B,CI",325,63,88,32,9,41,0,94,30,0.263,0.326,0,0,0,0,101,0,0
2022,mixed,CJ Kaltenbach,Paul DeJong,5714,Was,MI,6,act,active,"SS,MI",126,21,51,11,3,14,0,51,14,0.266,0.286,0,0,0,1,0,75,0
2022,mixed,CJ Kaltenbach,Abraham Toro,6790,Bos,3B,1,rel,previously_active,,90,15,26,10,4,9,0,11,7,0.232,0.344,22,0,1,55,31,0,1
2022,mixed,CJ Kaltenbach,Juan Yepez,6180,Was,OF,136,rel,previously_active,,190,44,57,20,10,24,0,49,13,0.279,0.426,18,0,15,0,6,0,40
2022,mixed,CJ Kaltenbach,Austin Meadows,4438,FA,OF,6,dis,previously_active,OF,111,30,31,9,0,11,0,14,14,0.367,0.351,4,0,0,0,0,0,32
2022,mixed,CJ Kaltenbach,Sam Hilliard,6107,Col,OF,0,rel,previously_active,,34,7,14,3,0,3,0,11,7,0.341,0.294,0,0,0,0,0,0,68
2022,mixed,CJ Kaltenbach,Taylor Trammell,6079,Hou,OF,3,rel,previously_active,,6,0,2,0,0,0,0,0,0,0.0,0.0,2,0,0,0,0,0,41
2022,mixed,CJ Kaltenbach,Cristian Pache,6097,Ari,OF,4,rel,previously_active,,124,14,44,7,1,6,1,40,10,0.179,0.153,0,0,0,0,0,0,90
2022,mixed,CJ Kaltenbach,Kyle Lewis,5726,FA,OF,1,rel,previously_active,,34,3,11,2,1,2,0,17,2,0.139,0.176,11,0,0,0,0,0,4
2022,mixed,CJ Kaltenbach,Dominic Smith,4549,NYY,OF,0,rel,previously_active,,10,1,4,1,0,1,0,5,1,0.286,0.1,16,0,37,0,0,0,0
2022,mixed,CJ Kaltenbach,Jarren Duran,6946,Bos,OF,3,rel,previously_active,,174,37,50,19,3,17,7,54,12,0.274,0.351,1,0,0,0,0,0,56
2022,mixed,CJ Kaltenbach,Justin Upton,39,FA,OF,1,rel,previously_active,,19,2,8,2,1,1,0,10,2,0.261,0.263,11,0,0,0,0,0,6
2022,mixed,CJ Kaltenbach,Tucker Barnhart,3911,Tex,C,2,rel,previously_active,,49,7,19,3,0,2,0,13,5,0.222,0.184,0,92,0,0,1,0,0
2022,mixed,CJ Kaltenbach,Bobby Dalbec,5764,CWS,UT,8,res,previously_active,"1B,CI,3B",193,38,69,28,6,23,1,67,17,0.269,0.332,1,0,89,2,24,1,0
2022,mixed,CJ Kaltenbach,Oscar Mercado,5747,Phi,UT,11,rel,previously_active,,61,13,25,7,1,6,1,15,2,0.246,0.311,0,0,0,0,0,0,51
2022,mixed,CJ Kaltenbach,David Fletcher,6027,Atl,UT,0,rel,previously_active,,29,3,11,2,0,2,0,2,1,0.133,0.172,0,0,0,44,0,36,0
2022,mixed,CJ Kaltenbach,Eddy Alvarez,7205,Atl,UT,6,rel,previously_active,,4,1,2,0,0,2,0,2,0,0.2,0.25,2,0,0,0,5,1,6
2022,mixed,CJ Kaltenbach,Andrew Velazquez,4584,NYY,UT,7,dis,previously_active,"SS,MI",88,22,30,9,4,8,6,33,2,0.264,0.398,0,0,0,0,0,124,0
2022,mixed,CJ Kaltenbach,Austin Meadows,4438,FA,OF,6,dis,reserved,OF,17,2,5,0,0,0,0,3,2,0.211,0.176,4,0,0,0,0,0,32
2022,mixed,CJ Kaltenbach,Andrew Velazquez,4584,NYY,UT,7,dis,reserved,"SS,MI",128,20,60,14,3,11,5,54,5,0.193,0.242,0,0,0,0,0,124,0
2022,mixed,CJ Kaltenbach,Bobby Dalbec,5764,CWS,UT,8,res,reserved,"1B,CI,3B",71,18,29,8,3,10,1,24,7,0.316,0.423,1,0,89,2,24,1,0
2022,mixed,CJ Kaltenbach,J.P. Crawford,4534,Sea,SS,1,act,previously_reserved,"SS,MI",18,8,6,2,0,1,0,0,7,0.6,0.5,0,0,0,0,0,144,0
2022,mixed,CJ Kaltenbach,Jace Peterson,4427,FA,3B,11,act,previously_reserved,"UT,OF,1B,MI,2B,3B,CI",10,3,5,2,0,0,0,3,0,0.3,0.3,1,0,5,3,86,0,14
2022,mixed,CJ Kaltenbach,Abraham Toro,6790,Bos,3B,1,rel,previously_reserved,,52,9,17,8,2,5,0,9,3,0.214,0.346,22,0,1,55,31,0,1
2022,mixed,CJ Kaltenbach,Juan Yepez,6180,Was,OF,136,rel,previously_reserved,,1,0,1,0,0,0,0,0,0,0.0,0.0,18,0,15,0,6,0,40
2022,mixed,CJ Kaltenbach,Cristian Pache,6097,Ari,OF,4,rel,previously_reserved,,34,10,11,2,0,3,0,7,1,0.314,0.412,0,0,0,0,0,0,90
2022,mixed,CJ Kaltenbach,Sam Hilliard,6107,Col,OF,0,rel,previously_reserved,,25,3,8,2,1,3,2,7,3,0.207,0.28,0,0,0,0,0,0,68
2022,mixed,CJ Kaltenbach,Kyle Lewis,5726,FA,OF,1,rel,previously_reserved,,22,5,7,4,2,3,0,2,3,0.346,0.5,11,0,0,0,0,0,4
2022,mixed,CJ Kaltenbach,Yonathan Daza,6290,FA,OF,7,act,previously_reserved,OF,38,15,10,9,1,6,0,10,5,0.465,0.579,0,0,0,0,0,0,112
2022,mixed,CJ Kaltenbach,Dominic Smith,4549,NYY,OF,0,rel,previously_reserved,,77,17,34,7,0,13,0,17,6,0.291,0.312,16,0,37,0,0,0,0
2022,mixed,CJ Kaltenbach,Jarren Duran,6946,Bos,OF,3,rel,previously_reserved,,26,7,7,4,0,0,0,9,2,0.345,0.462,1,0,0,0,0,0,56
2022,mixed,CJ Kaltenbach,Mookie Betts,4670,LAD,OF,43,act,previously_reserved,"UT,OF,2B",3,2,1,2,0,0,0,0,2,0.8,1.33,1,0,0,7,0,0,136
2022,mixed,CJ Kaltenbach,Zach McKinstry,7128,Det,OF,11,act,previously_reserved,"3B,2B,SS,MI,OF",35,6,13,5,0,0,0,12,3,0.237,0.229,3,0,0,21,22,10,4
2022,mixed,CJ Kaltenbach,Joey Bart,6596,Pit,C,4,act,previously_reserved,C,55,13,20,8,3,7,1,22,3,0.276,0.436,3,93,0,0,0,0,0
2022,mixed,CJ Kaltenbach,Oscar Mercado,5747,Phi,UT,11,rel,previously_reserved,,28,6,21,6,0,1,1,5,3,0.29,0.286,0,0,0,0,0,0,51
2022,mixed,CJ Kaltenbach,David Fletcher,6027,Atl,UT,0,rel,previously_reserved,,19,7,6,2,0,2,0,1,2,0.429,0.579,0,0,0,44,0,36,0
2022,mixed,CJ Kaltenbach,Elvis Andrus,1543,FA,UT,0,act,previously_reserved,"SS,MI",151,45,39,22,7,23,7,24,9,0.342,0.49,4,0,0,0,0,143,0
2022,mixed,CJ Kaltenbach,Yoan Moncada,5023,LAA,CI,14,act,previously_reserved,"3B,CI",72,21,16,9,3,10,2,20,2,0.32,0.472,0,0,0,0,101,0,0
