year,league,team,player_name,player_id,mlb_team,position,salary,status,roster_section,eligibility,ab,g,r,hr,rbi,sb,so,bb,avg,obp,slg,gp_dh,gp_c,gp_1b,gp_2b,gp_3b,gp_ss,gp_of
2023,mixed,Bret Sayre,Josh Naylor,5389,Cle,1B,2,act,active,"1B,CI",431,115,47,14,89,9,67,31,0.354,0.409,0.478,27,0,91,0,0,0,1
2023,mixed,Bret Sayre,Kike Hernandez,4992,LAD,2B,35,act,active,"1B,OF,2B,3B,SS",351,103,42,9,44,3,81,25,0.272,0.333,0.336,0,0,10,36,12,74,36
2023,mixed,Bret Sayre,Fernando Tatis Jr.,5793,SD,SS,30,act,active,OF,570,140,91,25,78,29,139,53,0.324,0.174,0.453,3,0,0,1,0,0,139
2023,mixed,Bret Sayre,Jose Ramirez,4602,Cle,3B,44,act,active,"3B,CI",611,156,87,24,80,28,73,73,0.356,0.391,0.475,31,0,0,0,125,0,0
2023,mixed,Bret Sayre,Mark Canha,4430,Mil,OF,2,act,active,"OF,1B",381,120,49,10,60,8,70,44,0.357,0.187,0.409,33,0,18,0,4,0,88
2023,mixed,Bret Sayre,Aaron Hicks,2591,Bal,OF,21,act,active,OF,27,9,1,0,2,2,6,7,0.353,0.154,0.222,8,0,0,0,0,0,84
2023,mixed,Bret Sayre,Jason Heyward,1968,LAD,OF,8,act,active,"OF,1B",67,19,7,2,5,0,9,2,0.319,0.286,0.478,6,0,6,0,0,0,109
2023,mixed,Bret Sayre,Mike Yastrzemski,5314,SF,OF,1,act,active,OF,281,92,45,14,42,2,82,38,0.334,0.235,0.466,1,0,0,0,0,0,103
2023,mixed,Bret Sayre,Ronald Acuna,5737,Atl,OF,45,act,active,OF,643,159,149,41,106,73,84,80,0.416,0.476,0.596,2,0,0,0,0,0,156
2023,mixed,Bret Sayre,Yainer Diaz,8277,Hou,C,41,act,active,"C,1B",220,63,33,16,43,0,46,6,0.31,0.2,0.559,38,60,8,0,0,0,0
2023,mixed,Bret Sayre,Elias Diaz,5078,Col,C,1,act,active,C,486,141,48,14,72,1,118,34,0.316,0.267,0.409,8,126,0,0,0,0,0
2023,mixed,Bret Sayre,Brett Baty,7037,NYM,UT,0,act,active,"3B,CI",163,49,23,3,17,2,48,14,0.285,0.182,0.313,4,0,0,0,100,0,1
2023,mixed,Bret Sayre,Carlos Santana,2181,Mil,CI,1,act,active,"1B,CI",403,107,55,16,64,4,75,49,0.319,0.4,0.419,11,0,135,0,0,0,0
2023,mixed,Bret Sayre,J.P. Crawford,4534,Sea,MI,1,act,active,"SS,MI",526,143,91,19,64,2,123,91,0.38,0.414,0.443,0,0,0,0,0,144,0
2023,mixed,Bret Sayre,Kolten Wong,3771,LAD,2B,2,rel,previously_active,,51,16,6,0,3,0,14,5,0.19,0.0,0.098,3,0,0,76,0,0,0
2023,mixed,Bret Sayre,Jordan Westburg,7381,Bal,2B,67,res,previously_active,"3B,2B",196,63,25,3,22,4,51,15,0.312,0.0,0.408,1,0,0,50,29,0,0
2023,mixed,Bret Sayre,Travis Jankowski,4479,Tex,OF,58,rel,previously_active,,78,27,8,0,8,5,12,10,0.322,0.0,0.282,2,0,0,0,0,0,104
2023,mixed,Bret Sayre,Joey Gallo,4121,Min,OF,45,rel,previously_active,,17,10,2,0,0,0,12,4,0.238,0.0,0.059,1,0,51,0,0,0,64
2023,mixed,Bret Sayre,*Mike Trout,2844,LAA,OF,37,dis,previously_active,OF,304,81,54,18,44,2,103,45,0.369,0.0,0.493,2,0,0,0,0,0,79
2023,mixed,Bret Sayre,Harrison Bader,5366,Cin,OF,2,dis,previously_active,OF,280,85,39,7,35,18,55,14,0.276,0.0,0.357,1,0,0,0,0,0,95
2023,mixed,Bret Sayre,Mike Zunino,4012,FA,C,1,rel,previously_active,,124,42,11,3,11,0,61,15,0.271,0.0,0.306,0,42,0,0,0,0,0
2023,mixed,Bret Sayre,Tyler Soderstrom,7377,Oak,C,137,rel,previously_active,,10,3,0,0,0,0,1,2,0.417,0.0,0.3,18,15,10,0,0,0,0
2023,mixed,Bret Sayre,Shohei Ohtani-Hitter,6322,LAA,UT,32,dis,previously_active,UT,497,135,102,44,95,20,143,91,0.412,0.0,0.654,134,0,0,0,0,0,0
2023,mixed,Bret Sayre,*Nick Madrigal,6496,ChC,CI,47,rel,previously_active,,22,9,4,1,5,1,2,0,0.273,0.0,0.545,4,0,0,14,72,0,0
2023,mixed,Bret Sayre,Nolan Gorman,6498,StL,MI,0,dis,previously_active,"3B,2B,MI",400,116,59,27,76,7,142,52,0.33,0.0,0.485,27,0,0,75,18,0,0
2023,mixed,Bret Sayre,Jordan Westburg,7381,Bal,2B,67,res,reserved,"3B,2B",12,5,1,0,1,0,5,1,0.308,0.308,0.333,1,0,0,50,29,0,0
2023,mixed,Bret Sayre,Harrison Bader,5366,Cin,OF,2,dis,reserved,OF,39,13,5,0,5,2,4,3,0.262,0.0,0.282,1,0,0,0,0,0,95
2023,mixed,Bret Sayre,*Mike Trout,2844,LAA,OF,37,dis,reserved,OF,4,1,0,0,0,0,1,0,0.25,0.0,0.25,2,0,0,0,0,0,79
2023,mixed,Bret Sayre,Shohei Ohtani-Hitter,6322,LAA,UT,32,dis,reserved,UT,0,0,0,0,0,0,0,0,0.0,0.0,0.0,134,0,0,0,0,0,0
2023,mixed,Bret Sayre,Nolan Gorman,6498,StL,MI,0,dis,reserved,"3B,2B,MI",6,3,0,0,0,0,6,1,0.143,0.0,0.0,27,0,0,75,18,0,0
2023,mixed,Bret Sayre,Josh Naylor,5389,Cle,1B,2,act,previously_reserved,"1B,CI",21,6,5,3,8,1,1,2,0.348,0.0,0.714,27,0,91,0,0,0,1
2023,mixed,Bret Sayre,Kike Hernandez,4992,LAD,2B,35,act,previously_reserved,"1B,OF,2B,3B,SS",30,10,4,1,7,1,5,4,0.4,0.0,0.5,0,0,10,36,12,74,36
2023,mixed,Bret Sayre,Fernando Tatis Jr.,5793,SD,SS,30,act,previously_reserved,OF,5,1,0,0,0,0,2,0,0.0,0.0,0.0,3,0,0,1,0,0,139
2023,mixed,Bret Sayre,Mark Canha,4430,Mil,OF,2,act,previously_reserved,"OF,1B",54,19,2,1,2,3,9,5,0.339,0.0,0.333,33,0,18,0,4,0,88
2023,mixed,Bret Sayre,Travis Jankowski,4479,Tex,OF,58,rel,previously_reserved,,7,3,1,0,1,0,1,1,0.111,0.0,0.0,2,0,0,0,0,0,104
2023,mixed,Bret Sayre,Mike Yastrzemski,5314,SF,OF,1,act,previously_reserved,OF,49,14,9,1,1,0,17,7,0.304,0.0,0.327,1,0,0,0,0,0,103
2023,mixed,Bret Sayre,Joey Gallo,4121,Min,OF,45,rel,previously_reserved,,8,5,0,0,0,1,4,2,0.2,0.0,0.0,1,0,51,0,0,0,64
2023,mixed,Bret Sayre,Tyler Soderstrom,7377,Oak,C,137,rel,previously_reserved,,78,25,7,2,5,0,29,5,0.202,0.0,0.231,18,15,10,0,0,0,0
2023,mixed,Bret Sayre,Yainer Diaz,8277,Hou,C,41,act,previously_reserved,"C,1B",8,2,2,0,1,0,4,2,0.5,0.0,0.375,38,60,8,0,0,0,0
2023,mixed,Bret Sayre,Brett Baty,7037,NYM,UT,0,act,previously_reserved,"3B,CI",190,59,18,6,17,0,61,15,0.267,0.0,0.332,4,0,0,0,100,0,1
2023,mixed,Bret Sayre,Carlos Santana,2181,Mil,CI,1,act,previously_reserved,"1B,CI",147,39,23,7,22,2,29,16,0.317,0.0,0.456,11,0,135,0,0,0,0
2023,mixed,Bret Sayre,*Nick Madrigal,6496,ChC,CI,47,rel,previously_reserved,,28,8,3,0,2,1,1,2,0.375,0.0,0.357,4,0,0,14,72,0,0
2023,mixed,Bret Sayre,J.P. Crawford,4534,Sea,MI,1,act,previously_reserved,"SS,MI",8,2,3,0,1,0,2,3,0.364,0.0,0.125,0,0,0,0,0,144,0
2023,mixed,Justin Mason,Vladimir Guerrero Jr.,5275,Tor,1B,35,act,active,"1B,CI",602,156,78,26,94,5,100,67,0.345,0.318,0.444,34,0,121,0,0,0,0
2023,mixed,Justin Mason,Luis Garcia,6213,Was,2B,5,act,active,"2B,SS,MI",40,12,11,1,3,0,3,4,0.432,0.437,0.575,0,0,0,121,0,0,0
2023,mixed,Justin Mason,Nico Hoerner,6691,ChC,SS,11,act,active,"2B,SS,MI",619,150,98,9,68,43,83,49,0.346,0.235,0.383,1,0,0,135,0,20,0
2023,mixed,Justin Mason,Josh Jung,6979,Tex,3B,3,act,active,"3B,CI",452,116,71,22,65,0,139,28,0.316,0.214,0.473,0,0,0,0,121,0,0
2023,mixed,Justin Mason,Ian Happ,5352,ChC,OF,12,act,active,OF,561,153,84,20,80,13,148,98,0.362,0.304,0.428,4,0,0,0,0,0,154
2023,mixed,Justin Mason,Cody Bellinger,4954,ChC,OF,5,act,active,"OF,1B",418,108,77,21,82,19,72,33,0.351,0.391,0.517,3,0,59,0,0,0,84
2023,mixed,Justin Mason,Jo Adell,6143,LAA,OF,20,act,active,OF,23,6,1,0,0,1,9,0,0.174,0.174,0.174,0,0,0,0,0,0,15
2023,mixed,Justin Mason,Bryan Reynolds,6096,Pit,OF,19,act,active,OF,570,144,85,24,84,12,137,53,0.332,0.208,0.463,19,0,0,0,0,0,125
2023,mixed,Justin Mason,TJ Friedl,6751,Cin,OF,7,act,active,OF,424,120,65,17,61,21,74,36,0.352,0.333,0.495,1,0,0,0,0,0,137
2023,mixed,Justin Mason,Yasmani Grandal,3311,CWS,C,0,act,active,"C,1B",24,8,2,0,1,0,2,2,0.269,0.143,0.25,16,92,6,0,0,0,0
2023,mixed,Justin Mason,Alejandro Kirk,6935,Tor,C,15,act,active,C,364,119,34,8,43,0,45,42,0.334,0.3,0.36,17,99,0,0,0,0,0
2023,mixed,Justin Mason,Josh Donaldson,2107,Mil,UT,10,act,active,"3B,CI",15,5,0,0,1,0,8,4,0.263,0.263,0.133,9,0,0,0,38,0,0
2023,mixed,Justin Mason,Christian Walker,4521,Ari,CI,16,act,active,"1B,CI",529,143,81,31,93,11,116,57,0.344,0.269,0.516,4,0,152,0,0,0,0
2023,mixed,Justin Mason,Bryson Stott,6943,Phi,MI,3,act,active,"2B,MI,SS",151,40,18,4,15,9,25,10,0.291,0.294,0.364,1,0,0,149,0,0,0
2023,mixed,Justin Mason,Jake Alu,8331,Was,2B,5,rel,previously_active,,15,5,0,0,1,0,4,0,0.133,0.0,0.133,0,0,0,24,5,0,27
2023,mixed,Justin Mason,Curtis Mead,7919,TB,2B,45,rel,previously_active,,15,5,2,0,0,0,5,2,0.294,0.0,0.2,0,0,0,4,19,1,0
2023,mixed,Justin Mason,D.J. LeMahieu,3275,NYY,2B,3,rel,previously_active,,212,58,24,6,21,0,61,17,0.297,0.0,0.382,4,0,56,9,69,0,0
2023,mixed,Justin Mason,Kyle Farmer,4111,Min,SS,7,rel,previously_active,,17,5,3,0,2,0,9,1,0.316,0.0,0.294,1,0,4,45,43,40,3
2023,mixed,Justin Mason,Paul DeJong,5714,FA,SS,5,rel,previously_active,,23,7,9,3,7,1,8,3,0.357,0.0,0.609,1,0,0,1,0,110,0
2023,mixed,Justin Mason,Ke'Bryan Hayes,5397,Pit,3B,8,res,previously_active,"3B,CI",457,115,62,15,60,9,91,27,0.323,0.0,0.477,2,0,0,0,122,0,0
2023,mixed,Justin Mason,Leody Taveras,5412,Tex,OF,0,res,previously_active,OF,139,39,21,6,21,2,26,9,0.324,0.0,0.475,2,0,0,0,0,0,140
2023,mixed,Justin Mason,Gavin Sheets,6582,CWS,OF,3,rel,previously_active,,2,1,0,0,0,0,0,0,0.0,0.0,0.0,11,0,22,0,0,0,73
2023,mixed,Justin Mason,Steven Kwan,7878,Cle,OF,10,res,previously_active,OF,617,153,92,5,54,20,72,68,0.344,0.0,0.376,3,0,0,0,0,0,153
2023,mixed,Justin Mason,Danny Jansen,5332,Tor,C,10,dis,previously_active,C,236,75,34,13,45,0,55,21,0.315,0.0,0.449,9,73,0,0,0,0,0
2023,mixed,Justin Mason,*Gary Sanchez,3259,SD,UT,19,rel,previously_active,,75,24,10,5,16,0,25,10,0.294,0.0,0.427,7,66,0,0,0,0,0
2023,mixed,Justin Mason,Jordan Walker,7348,StL,UT,333,trd,previously_active,,130,37,16,6,14,2,29,12,0.34,0.0,0.462,7,0,0,0,0,0,110
2023,mixed,Justin Mason,Joey Votto,345,Cin,UT,100,rel,previously_active,,91,27,8,5,16,0,30,10,0.252,0.0,0.352,16,0,47,0,0,0,0
2023,mixed,Justin Mason,*Victor Robles,5309,Was,UT,17,rel,previously_active,,30,9,7,0,4,3,5,2,0.343,0.0,0.367,0,0,0,0,0,0,36
2023,mixed,Justin Mason,Carter Kieboom,5799,Was,UT,0,rel,previously_active,,35,10,4,1,3,0,12,2,0.216,0.0,0.257,1,0,0,0,26,0,0
2023,mixed,Justin Mason,Sal Frelick,7699,Mil,UT,37,res,previously_active,OF,87,27,11,2,17,6,13,14,0.359,0.0,0.379,1,0,0,0,0,0,55
2023,mixed,Justin Mason,Blake Sabol,8337,SF,UT,1,rel,previously_active,,15,6,1,1,2,0,7,0,0.294,0.0,0.4,10,55,0,0,0,0,43
2023,mixed,Justin Mason,Matt McLain,6615,Cin,UT,127,dis,previously_active,"UT,SS",316,77,53,13,43,11,94,25,0.365,0.0,0.516,4,0,0,37,0,53,0
2023,mixed,Justin Mason,Dominic Smith,4549,Was,CI,5,rel,previously_active,,21,5,1,0,3,0,3,2,0.348,0.0,0.286,1,0,151,0,0,0,0
2023,mixed,Justin Mason,Maikel Garcia,7884,KC,MI,37,rel,previously_active,,30,8,1,0,3,0,10,2,0.25,0.0,0.3,5,0,0,4,104,14,0
2023,mixed,Justin Mason,*Brendan Donovan,7903,StL,MI,5,rel,previously_active,,242,68,35,8,27,3,45,16,0.353,0.0,0.434,17,0,14,34,6,1,26
2023,mixed,Justin Mason,Ke'Bryan Hayes,5397,Pit,3B,8,res,reserved,"3B,CI",37,9,3,0,3,1,13,1,0.154,0.211,0.189,2,0,0,0,122,0,0
2023,mixed,Justin Mason,Leody Taveras,5412,Tex,OF,0,res,reserved,OF,372,104,46,8,46,12,91,26,0.308,0.16,0.401,2,0,0,0,0,0,140
2023,mixed,Justin Mason,Steven Kwan,7878,Cle,OF,10,res,reserved,OF,21,5,1,0,0,1,3,2,0.217,0.217,0.19,3,0,0,0,0,0,153
2023,mixed,Justin Mason,Danny Jansen,5332,Tor,C,10,dis,reserved,C,32,11,4,4,8,0,7,2,0.294,0.0,0.656,9,73,0,0,0,0,0
2023,mixed,Justin Mason,Matt McLain,6615,Cin,UT,127,dis,reserved,"UT,SS",30,7,8,3,6,3,11,3,0.303,0.0,0.533,4,0,0,37,0,53,0
2023,mixed,Justin Mason,Sal Frelick,7699,Mil,UT,37,res,reserved,OF,81,22,10,0,3,1,19,7,0.284,0.077,0.284,1,0,0,0,0,0,55
2023,mixed,Justin Mason,D.J. LeMahieu,3275,NYY,2B,3,rel,previously_reserved,,12,3,1,1,2,0,4,0,0.167,0.0,0.5,4,0,56,9,69,0,0
2023,mixed,Justin Mason,Curtis Mead,7919,TB,2B,45,rel,previously_reserved,,13,3,5,0,2,0,3,2,0.5,0.0,0.462,0,0,0,4,19,1,0
2023,mixed,Justin Mason,Paul DeJong,5714,FA,SS,5,rel,previously_reserved,,61,17,4,1,5,1,20,5,0.224,0.0,0.23,1,0,0,1,0,110,0
2023,mixed,Justin Mason,Kyle Farmer,4111,Min,SS,7,rel,previously_reserved,,74,21,11,2,7,1,21,5,0.325,0.0,0.351,1,0,4,45,43,40,3
2023,mixed,Justin Mason,Josh Jung,6979,Tex,3B,3,act,previously_reserved,"3B,CI",26,6,4,1,5,1,12,2,0.286,0.0,0.346,0,0,0,0,121,0,0
2023,mixed,Justin Mason,Ian Happ,5352,ChC,OF,12,act,previously_reserved,OF,19,5,2,1,4,1,5,1,0.3,0.0,0.526,4,0,0,0,0,0,154
2023,mixed,Justin Mason,Cody Bellinger,4954,ChC,OF,5,act,previously_reserved,"OF,1B",81,22,18,5,15,1,15,7,0.382,0.0,0.568,3,0,59,0,0,0,84
2023,mixed,Justin Mason,Bryan Reynolds,6096,Pit,OF,19,act,previously_reserved,OF,4,1,0,0,0,0,1,0,0.0,0.0,0.0,19,0,0,0,0,0,125
2023,mixed,Justin Mason,TJ Friedl,6751,Cin,OF,7,act,previously_reserved,OF,64,18,8,1,5,6,16,11,0.351,0.0,0.281,1,0,0,0,0,0,137
2023,mixed,Justin Mason,Bo Naylor,6848,Cle,C,1,rel,previously_reserved,,34,10,7,1,2,0,15,4,0.263,0.0,0.265,0,67,0,0,0,0,0
2023,mixed,Justin Mason,Alejandro Kirk,6935,Tor,C,15,act,previously_reserved,C,8,4,0,0,0,0,0,0,0.333,0.0,0.25,17,99,0,0,0,0,0
2023,mixed,Justin Mason,Blake Sabol,8337,SF,UT,1,rel,previously_reserved,,57,17,9,4,9,2,25,3,0.317,0.0,0.526,10,55,0,0,0,0,43
2023,mixed,Justin Mason,Carter Kieboom,5799,Was,UT,0,rel,previously_reserved,,9,3,1,0,2,0,1,1,0.4,0.0,0.444,1,0,0,0,26,0,0
2023,mixed,Justin Mason,Joey Votto,345,Cin,UT,100,rel,previously_reserved,,96,29,13,6,15,0,24,11,0.336,0.0,0.458,16,0,47,0,0,0,0
2023,mixed,Justin Mason,Nelson Cruz,1529,FA,UT,0,rel,previously_reserved,,20,5,3,2,9,0,4,0,0.381,0.0,0.75,42,0,1,0,0,0,0
2023,mixed,Justin Mason,*Victor Robles,5309,Was,UT,17,rel,previously_reserved,,10,6,1,0,0,2,1,2,0.5,0.0,0.4,0,0,0,0,0,0,36
2023,mixed,Justin Mason,*Gary Sanchez,3259,SD,UT,19,rel,previously_reserved,,61,18,10,5,11,0,9,6,0.29,0.0,0.525,7,66,0,0,0,0,0
2023,mixed,Justin Mason,Jordan Walker,7348,StL,UT,333,trd,previously_reserved,,42,12,3,2,4,1,12,2,0.289,0.0,0.381,7,0,0,0,0,0,110
2023,mixed,Justin Mason,Dominic Smith,4549,Was,CI,5,rel,previously_reserved,,25,6,3,0,0,0,4,2,0.25,0.0,0.16,1,0,151,0,0,0,0
2023,mixed,Justin Mason,Christian Walker,4521,Ari,CI,16,act,previously_reserved,"1B,CI",53,14,5,2,10,0,11,5,0.22,0.0,0.302,4,0,152,0,0,0,0
2023,mixed,Justin Mason,Bryson Stott,6943,Phi,MI,3,act,previously_reserved,"2B,MI,SS",20,6,4,1,4,2,3,3,0.32,0.0,0.4,1,0,0,149,0,0,0
2023,mixed,Justin Mason,*Brendan Donovan,7903,StL,MI,5,rel,previously_reserved,,85,27,13,3,7,2,8,17,0.394,0.0,0.388,17,0,14,34,6,1,26
2023,mixed,Kev Mahserejian,Spencer Torkelson,7073,Det,1B,2,act,active,"1B,CI",583,153,87,31,93,3,166,64,0.314,0.346,0.456,5,0,154,0,0,0,0
2023,mixed,Kev Mahserejian,Ketel Marte,4847,Ari,2B,5,act,active,"2B,MI",569,150,94,25,82,8,109,71,0.358,0.318,0.485,5,0,0,145,0,1,2
2023,mixed,Kev Mahserejian,Zack Gelof,7964,Oak,SS,1,act,active,2B,263,67,39,13,31,14,79,25,0.336,0.259,0.498,0,0,0,69,0,0,0
2023,mixed,Kev Mahserejian,Jake Burger,6156,Mia,3B,125,act,active,"1B,3B,2B,CI",449,126,64,28,68,1,131,27,0.306,0.182,0.497,29,0,5,5,102,0,0
2023,mixed,Kev Mahserejian,Josh Lowe,6072,TB,OF,0,act,active,OF,355,103,50,13,60,26,103,24,0.319,0.556,0.462,21,0,0,0,0,0,107
2023,mixed,Kev Mahserejian,Aaron Judge,4601,NYY,OF,48,act,active,OF,361,104,77,36,73,3,129,85,0.401,0.455,0.607,38,0,0,0,0,0,67
2023,mixed,Kev Mahserejian,Juan Soto,6043,SD,OF,48,act,active,OF,568,162,97,35,109,12,129,132,0.41,0.458,0.519,6,0,0,0,0,0,154
2023,mixed,Kev Mahserejian,D.J. Stewart,5315,NYM,OF,6,act,active,OF,28,10,2,0,0,0,12,3,0.242,0.111,0.107,7,0,0,0,0,0,51
2023,mixed,Kev Mahserejian,Kyle Schwarber,4901,Phi,OF,37,act,active,OF,585,160,108,47,104,0,215,126,0.343,0.263,0.474,57,0,0,0,0,0,103
2023,mixed,Kev Mahserejian,Travis D'Arnaud,2621,Atl,C,11,act,active,C,123,34,11,2,15,0,30,7,0.233,0.286,0.285,8,63,0,0,0,0,0
2023,mixed,Kev Mahserejian,Henry Davis,7722,Pit,C,8,act,active,"UT,OF",225,62,27,7,24,3,69,25,0.302,0.318,0.351,11,2,0,0,0,0,49
2023,mixed,Kev Mahserejian,Matt Wallner,7058,Min,UT,27,act,active,OF,115,40,24,8,25,1,46,19,0.357,0.353,0.478,9,0,0,0,0,0,66
2023,mixed,Kev Mahserejian,D.J. LeMahieu,3275,NYY,CI,6,act,active,"2B,3B,1B,CI,MI",109,28,13,3,10,2,28,17,0.333,0.333,0.367,4,0,56,9,69,0,0
2023,mixed,Kev Mahserejian,Whit Merrifield,4419,Tor,MI,6,act,active,"2B,OF,MI",532,140,65,11,63,25,96,33,0.315,0.0,0.382,0,0,0,84,0,0,84
2023,mixed,Kev Mahserejian,Luis Garcia,6213,Was,SS,2,rel,previously_active,,311,81,37,3,33,4,40,17,0.293,0.0,0.354,0,0,0,121,0,0,0
2023,mixed,Kev Mahserejian,*Anthony Rendon,3205,LAA,3B,16,rel,previously_active,,5,2,0,0,0,0,3,2,0.429,0.0,0.2,0,0,0,0,43,0,0
2023,mixed,Kev Mahserejian,Jordan Walker,7348,StL,3B,9,rel,previously_active,,73,20,8,2,11,2,20,3,0.321,0.0,0.397,7,0,0,0,0,0,110
2023,mixed,Kev Mahserejian,Mike Moustakas,2004,LAA,3B,1,rel,previously_active,,20,6,1,1,2,0,11,2,0.273,0.0,0.35,10,0,50,0,52,0,0
2023,mixed,Kev Mahserejian,Emmanuel Rivera,6532,Ari,3B,9,rel,previously_active,,14,4,2,0,0,0,2,0,0.214,0.0,0.286,9,0,12,0,65,0,0
2023,mixed,Kev Mahserejian,Trent Grisham,5285,SD,OF,2,rel,previously_active,,118,35,14,4,10,0,40,18,0.316,0.0,0.398,0,0,0,0,0,0,153
2023,mixed,Kev Mahserejian,Mike Tauchman,5642,ChC,OF,11,rel,previously_active,,174,54,33,6,31,2,38,23,0.35,0.0,0.42,12,0,0,0,0,0,92
2023,mixed,Kev Mahserejian,Jurickson Profar,3198,SD,OF,65,rel,previously_active,,160,41,19,2,17,1,35,17,0.328,0.0,0.394,18,0,5,1,0,0,97
2023,mixed,Kev Mahserejian,Adam Frazier,5555,Bal,OF,2,rel,previously_active,,19,5,3,1,5,0,3,0,0.316,0.0,0.526,2,0,0,130,0,0,10
2023,mixed,Kev Mahserejian,*Riley Greene,6953,Det,OF,6,dis,previously_active,OF,313,82,43,9,28,4,96,29,0.333,0.0,0.428,9,0,0,0,0,0,90
2023,mixed,Kev Mahserejian,Francisco Mejia,4850,TB,C,15,rel,previously_active,,39,11,6,1,3,0,12,1,0.225,0.0,0.359,0,50,0,0,0,0,0
2023,mixed,Kev Mahserejian,Austin Nola,4740,SD,C,5,rel,previously_active,,23,7,0,0,2,0,6,3,0.231,0.0,0.13,0,52,0,0,0,0,0
2023,mixed,Kev Mahserejian,Ryan Jeffers,7271,Min,C,1,rel,previously_active,,95,39,15,3,11,1,35,14,0.357,0.0,0.347,9,82,0,0,0,0,0
2023,mixed,Kev Mahserejian,Jake Rogers,6265,Det,C,3,rel,previously_active,,23,9,2,1,2,0,9,2,0.16,0.0,0.261,7,99,0,0,0,0,1
2023,mixed,Kev Mahserejian,*Freddy Fermin,7171,KC,C,1,rel,previously_active,,12,3,2,0,1,0,4,0,0.333,0.0,0.417,2,65,0,0,0,0,0
2023,mixed,Kev Mahserejian,Nick Fortes,6902,Mia,C,1,rel,previously_active,,93,35,9,2,7,1,24,7,0.257,0.0,0.29,2,104,0,0,0,0,0
2023,mixed,Kev Mahserejian,*Gary Sanchez,3259,SD,C,1,rel,previously_active,,24,8,1,1,2,0,6,1,0.269,0.0,0.417,7,66,0,0,0,0,0
2023,mixed,Kev Mahserejian,Carlos E. Perez,3622,Oak,C,1,rel,previously_active,,4,2,0,0,1,0,0,0,0.0,0.0,0.0,12,31,15,0,0,0,1
2023,mixed,Kev Mahserejian,Brian Anderson,5326,FA,UT,11,rel,previously_active,,20,6,1,0,0,0,8,3,0.261,0.0,0.2,4,0,0,0,70,0,39
2023,mixed,Kev Mahserejian,Oswald Peraza,7536,NYY,UT,2,rel,previously_active,,19,6,1,0,2,1,10,5,0.32,0.0,0.105,1,0,0,10,36,6,0
2023,mixed,Kev Mahserejian,Rodolfo Castro,7383,Phi,UT,3,rel,previously_active,,11,5,0,0,0,0,2,1,0.25,0.0,0.182,3,0,0,45,17,31,0
2023,mixed,Kev Mahserejian,Akil Baddoo,6487,Det,UT,11,rel,previously_active,,37,13,2,1,1,1,9,6,0.233,0.0,0.189,5,0,0,0,0,0,100
2023,mixed,Kev Mahserejian,Pavin Smith,6109,Ari,UT,11,rel,previously_active,,23,6,1,1,3,0,6,0,0.13,0.0,0.304,30,0,10,0,0,0,22
2023,mixed,Kev Mahserejian,Mark Vientos,5740,NYM,UT,30,rel,previously_active,,2,1,0,0,0,0,1,0,0.0,0.0,0.0,37,0,10,0,19,0,0
2023,mixed,Kev Mahserejian,Max Kepler,3195,Min,UT,2,rel,previously_active,,123,39,15,7,17,0,29,11,0.272,0.0,0.39,2,0,0,0,0,0,124
2023,mixed,Kev Mahserejian,Ty France,6723,Sea,CI,7,res,previously_active,"1B,CI",556,149,74,10,55,1,112,41,0.335,0.0,0.358,0,0,158,0,0,0,0
2023,mixed,Kev Mahserejian,Nick Senzel,5674,Cin,CI,1,rel,previously_active,,9,3,0,0,0,0,4,0,0.111,0.0,0.222,4,0,0,6,57,0,54
2023,mixed,Kev Mahserejian,*Nick Gordon,4960,Min,MI,0,rel,previously_active,,18,5,1,0,0,0,3,0,0.111,0.0,0.167,0,0,0,11,0,2,26
2023,mixed,Kev Mahserejian,*Riley Greene,6953,Det,OF,6,dis,reserved,OF,65,17,8,2,9,3,18,6,0.423,0.0,0.538,9,0,0,0,0,0,90
2023,mixed,Kev Mahserejian,Wilyer Abreu,8303,Bos,OF,21,res,reserved,OF,21,8,2,1,4,0,7,2,0.261,0.25,0.381,0,0,0,0,0,0,25
2023,mixed,Kev Mahserejian,Ty France,6723,Sea,CI,7,res,reserved,"1B,CI",31,9,5,2,3,0,5,2,0.371,0.333,0.516,0,0,158,0,0,0,0
2023,mixed,Kev Mahserejian,Spencer Torkelson,7073,Det,1B,2,act,previously_reserved,"1B,CI",23,6,1,0,1,0,5,3,0.296,0.0,0.174,5,0,154,0,0,0,0
2023,mixed,Kev Mahserejian,Luis Garcia,6213,Was,SS,2,rel,previously_reserved,,67,19,9,3,9,4,11,4,0.292,0.0,0.403,0,0,0,121,0,0,0
2023,mixed,Kev Mahserejian,Zack Gelof,7964,Oak,SS,1,act,previously_reserved,2B,7,2,1,1,1,0,3,1,0.375,0.0,0.714,0,0,0,69,0,0,0
2023,mixed,Kev Mahserejian,*Anthony Rendon,3205,LAA,3B,16,rel,previously_reserved,,10,3,1,1,1,0,2,2,0.25,0.0,0.4,0,0,0,0,43,0,0
2023,mixed,Kev Mahserejian,Jake Burger,6156,Mia,3B,125,act,previously_reserved,"1B,3B,2B,CI",4,1,1,1,2,0,2,0,0.5,0.0,1.25,29,0,5,5,102,0,0
2023,mixed,Kev Mahserejian,Mike Moustakas,2004,LAA,3B,1,rel,previously_reserved,,17,5,3,1,2,0,4,0,0.333,0.0,0.471,10,0,50,0,52,0,0
2023,mixed,Kev Mahserejian,Trent Grisham,5285,SD,OF,2,rel,previously_reserved,,47,16,5,1,4,1,16,10,0.293,0.0,0.255,0,0,0,0,0,0,153
2023,mixed,Kev Mahserejian,Josh Lowe,6072,TB,OF,0,act,previously_reserved,OF,111,32,21,7,23,6,21,7,0.387,0.0,0.622,21,0,0,0,0,0,107
2023,mixed,Kev Mahserejian,Mike Tauchman,5642,ChC,OF,11,rel,previously_reserved,,54,17,12,0,5,1,16,10,0.312,0.0,0.222,12,0,0,0,0,0,92
2023,mixed,Kev Mahserejian,Aaron Judge,4601,NYY,OF,48,act,previously_reserved,OF,6,2,2,1,2,0,1,3,0.667,0.0,1.0,38,0,0,0,0,0,67
2023,mixed,Kev Mahserejian,Jurickson Profar,3198,SD,OF,65,rel,previously_reserved,,150,38,17,4,15,0,30,19,0.324,0.0,0.36,18,0,5,1,0,0,97
2023,mixed,Kev Mahserejian,Adam Frazier,5555,Bal,OF,2,rel,previously_reserved,,69,27,11,3,11,1,10,2,0.297,0.0,0.464,2,0,0,130,0,0,10
2023,mixed,Kev Mahserejian,D.J. Stewart,5315,NYM,OF,6,act,previously_reserved,OF,34,9,6,1,5,0,9,2,0.342,0.0,0.441,7,0,0,0,0,0,51
2023,mixed,Kev Mahserejian,Ryan Jeffers,7271,Min,C,1,rel,previously_reserved,,7,2,2,1,1,0,1,0,0.286,0.0,0.714,9,82,0,0,0,0,0
2023,mixed,Kev Mahserejian,Rodolfo Castro,7383,Phi,UT,3,rel,previously_reserved,,12,5,1,1,3,0,2,0,0.333,0.0,0.667,3,0,0,45,17,31,0
2023,mixed,Kev Mahserejian,Brian Anderson,5326,FA,UT,11,rel,previously_reserved,,35,10,4,1,5,0,16,2,0.289,0.0,0.4,4,0,0,0,70,0,39
2023,mixed,Kev Mahserejian,Matt Vierling,7774,Det,UT,5,rel,previously_reserved,,57,15,5,2,3,1,7,2,0.217,0.0,0.281,0,0,0,1,35,0,114
2023,mixed,Kev Mahserejian,Akil Baddoo,6487,Det,UT,11,rel,previously_reserved,,22,7,2,0,2,0,10,2,0.2,0.0,0.182,5,0,0,0,0,0,100
2023,mixed,Kev Mahserejian,Pavin Smith,6109,Ari,UT,11,rel,previously_reserved,,19,6,1,1,1,0,3,1,0.1,0.0,0.211,30,0,10,0,0,0,22
2023,mixed,Kev Mahserejian,Mark Vientos,5740,NYM,UT,30,rel,previously_reserved,,32,12,1,0,2,0,11,2,0.229,0.0,0.187,37,0,10,0,19,0,0
2023,mixed,Kev Mahserejian,Max Kepler,3195,Min,UT,2,rel,previously_reserved,,80,25,12,5,13,0,23,7,0.289,0.0,0.437,2,0,0,0,0,0,124
2023,mixed,Kev Mahserejian,Matt Wallner,7058,Min,UT,27,act,previously_reserved,OF,36,12,7,1,7,0,13,2,0.4,0.0,0.556,9,0,0,0,0,0,66
2023,mixed,Kev Mahserejian,D.J. LeMahieu,3275,NYY,CI,6,act,previously_reserved,"2B,3B,1B,CI,MI",21,6,6,4,4,0,3,5,0.5,0.0,0.952,4,0,56,9,69,0,0
2023,mixed,Kev Mahserejian,Whit Merrifield,4419,Tor,MI,6,act,previously_reserved,"2B,OF,MI",15,5,1,0,4,1,5,3,0.389,0.0,0.4,0,0,0,84,0,0,84
2023,mixed,Kev Mahserejian,*Nick Gordon,4960,Min,MI,0,rel,previously_reserved,,30,13,5,0,0,0,1,1,0.129,0.0,0.133,0,0,0,11,0,2,26
2023,mixed,Scott Chu,Dominic Smith,4549,Was,1B,21,act,active,"1B,CI",74,24,8,3,5,1,13,9,0.321,0.4,0.378,1,0,151,0,0,0,0
2023,mixed,Scott Chu,Kyle Farmer,4111,Min,2B,10,act,active,"2B,SS,3B,CI,MI",20,5,1,0,4,0,1,2,0.318,0.318,0.3,1,0,4,45,43,40,3
2023,mixed,Scott Chu,Bo Bichette,6070,Tor,SS,31,act,active,"SS,MI",561,133,68,20,70,5,114,27,0.34,0.444,0.476,5,0,0,0,0,130,0
2023,mixed,Scott Chu,Isaac Paredes,6242,TB,3B,2,act,active,"3B,1B,2B,MI,CI",492,143,71,31,98,1,104,58,0.352,0.304,0.488,3,0,25,14,116,1,0
2023,mixed,Scott Chu,Ryan O'Hearn,5940,Bal,OF,22,act,active,"1B,OF",156,52,18,4,22,3,41,3,0.259,0.071,0.378,14,0,70,0,0,0,29
2023,mixed,Scott Chu,Spencer Steer,8005,Cin,OF,0,act,active,"1B,3B,CI,2B,OF",573,153,73,22,85,15,137,65,0.355,0.333,0.462,6,0,73,16,47,0,47
2023,mixed,Scott Chu,Brenton Doyle,7356,Col,OF,45,act,active,OF,26,7,3,1,7,2,10,0,0.269,0.269,0.5,0,0,0,0,0,0,125
2023,mixed,Scott Chu,Corbin Carroll,7007,Ari,OF,20,act,active,OF,565,155,116,25,76,54,125,57,0.362,0.37,0.506,3,0,0,0,0,0,149
2023,mixed,Scott Chu,Cedric Mullins,6128,Bal,OF,23,act,active,OF,390,112,48,14,72,18,97,42,0.311,0.062,0.421,3,0,0,0,0,0,110
2023,mixed,Scott Chu,Will Smith,5805,LAD,C,18,act,active,C,459,125,78,19,76,3,89,63,0.361,0.35,0.44,14,111,0,0,0,0,0
2023,mixed,Scott Chu,Shea Langeliers,6913,Oak,C,30,act,active,C,30,10,4,2,7,0,10,3,0.303,0.385,0.567,8,123,0,0,0,0,0
2023,mixed,Scott Chu,J.D. Martinez,3567,LAD,UT,5,act,active,UT,424,111,59,32,100,1,147,34,0.318,0.24,0.564,110,0,0,0,0,0,3
2023,mixed,Scott Chu,Nolan Schanuel,8687,LAA,CI,75,act,active,1B,43,12,5,0,2,0,10,9,0.377,0.333,0.256,1,0,28,0,0,0,0
2023,mixed,Scott Chu,Gleyber Torres,4619,NYY,MI,12,act,active,"2B,MI",581,155,86,25,67,13,95,67,0.344,0.462,0.449,12,0,0,145,0,0,0
2023,mixed,Scott Chu,Jake Bauers,5683,NYY,1B,4,rel,previously_active,,111,32,12,4,12,1,39,11,0.268,0.0,0.387,2,0,22,0,0,0,52
2023,mixed,Scott Chu,Mike Ford,6337,Sea,1B,4,rel,previously_active,,20,7,3,2,5,0,9,2,0.348,0.0,0.6,64,0,10,0,0,0,0
2023,mixed,Scott Chu,Alec Burleson,7808,StL,1B,4,rel,previously_active,,92,29,8,2,10,0,12,5,0.235,0.0,0.337,24,0,17,0,0,0,54
2023,mixed,Scott Chu,*Jose Miranda,6559,Min,1B,5,rel,previously_active,,132,35,12,3,13,0,23,9,0.275,0.0,0.318,3,0,2,0,38,0,0
2023,mixed,Scott Chu,Davis Schneider,8712,Tor,2B,105,res,previously_active,"UT,2B",53,16,5,2,3,0,23,8,0.27,0.0,0.321,7,0,0,23,3,0,3
2023,mixed,Scott Chu,Nick Gonzales,7294,Pit,2B,27,rel,previously_active,,12,3,0,0,0,0,4,0,0.154,0.0,0.083,0,0,0,29,0,9,0
2023,mixed,Scott Chu,Andruw Monasterio,6735,Mil,SS,9,rel,previously_active,,64,18,8,2,7,1,12,7,0.306,0.0,0.344,4,0,0,32,56,5,0
2023,mixed,Scott Chu,Rodolfo Castro,7383,Phi,3B,3,rel,previously_active,,9,5,0,0,0,0,2,2,0.364,0.0,0.222,3,0,0,45,17,31,0
2023,mixed,Scott Chu,Brian Anderson,5326,FA,3B,41,rel,previously_active,,200,58,27,8,31,0,65,25,0.326,0.0,0.4,4,0,0,0,70,0,39
2023,mixed,Scott Chu,Henry Ramos,5356,Cin,OF,6,rel,previously_active,,23,7,0,0,0,0,9,3,0.154,0.0,0.043,9,0,0,0,0,0,13
2023,mixed,Scott Chu,Adam Duvall,4413,Bos,OF,3,res,previously_active,OF,168,49,29,11,32,3,58,12,0.317,0.0,0.548,5,0,0,0,0,0,84
2023,mixed,Scott Chu,Ceddanne Rafaela,8194,Bos,OF,35,res,previously_active,"OF,SS",18,5,1,0,2,0,4,1,0.286,0.0,0.278,1,0,0,4,0,5,20
2023,mixed,Scott Chu,Mauricio Dubon,5380,Hou,OF,65,rel,previously_active,,58,17,10,4,6,0,11,4,0.29,0.0,0.534,0,0,2,79,1,9,38
2023,mixed,Scott Chu,Andy Ibanez,5306,Det,OF,7,rel,previously_active,,42,11,5,0,1,0,9,1,0.136,0.0,0.167,4,0,4,77,16,0,21
2023,mixed,Scott Chu,David Peralta,4980,LAD,OF,19,rel,previously_active,,165,56,25,4,20,2,34,11,0.317,0.0,0.412,6,0,0,0,0,0,123
2023,mixed,Scott Chu,Harold Castro,6431,Col,OF,6,rel,previously_active,,46,14,4,0,3,0,10,0,0.261,0.0,0.283,3,0,0,68,2,4,19
2023,mixed,Scott Chu,*Andrew McCutchen,1222,Pit,OF,2,rel,previously_active,,385,111,53,12,43,11,99,75,0.38,0.0,0.4,98,0,0,0,0,0,8
2023,mixed,Scott Chu,Manuel Margot,4858,TB,OF,32,rel,previously_active,,64,19,11,0,5,1,10,7,0.347,0.0,0.328,0,0,0,0,0,0,93
2023,mixed,Scott Chu,Esteury Ruiz,6230,Oak,OF,105,res,previously_active,OF,16,6,2,1,4,6,3,1,0.471,0.0,0.687,3,0,0,0,0,0,128
2023,mixed,Scott Chu,Alex Call,6151,Was,OF,8,rel,previously_active,,39,13,2,0,4,1,7,5,0.304,0.0,0.282,0,0,0,0,0,0,123
2023,mixed,Scott Chu,Akil Baddoo,6487,Det,OF,17,res,previously_active,OF,71,27,11,2,3,6,21,12,0.313,0.0,0.296,5,0,0,0,0,0,100
2023,mixed,Scott Chu,Mitch Haniger,4480,SF,OF,4,rel,previously_active,,117,32,16,2,14,1,35,7,0.254,0.0,0.316,3,0,0,0,0,0,57
2023,mixed,Scott Chu,*Freddy Fermin,7171,KC,C,16,rel,previously_active,,54,17,4,0,5,0,13,4,0.262,0.0,0.241,2,65,0,0,0,0,0
2023,mixed,Scott Chu,Jake Rogers,6265,Det,C,21,rel,previously_active,,25,10,2,0,2,0,8,7,0.406,0.0,0.32,7,99,0,0,0,0,1
2023,mixed,Scott Chu,Travis D'Arnaud,2621,Atl,C,6,rel,previously_active,,114,31,17,7,20,0,29,14,0.349,0.0,0.482,8,63,0,0,0,0,0
2023,mixed,Scott Chu,Yan Gomes,3945,ChC,C,3,rel,previously_active,,64,18,8,2,10,0,13,2,0.304,0.0,0.391,12,103,0,0,0,0,0
2023,mixed,Scott Chu,Bo Naylor,6848,Cle,C,14,rel,previously_active,,56,20,6,3,9,1,15,9,0.308,0.0,0.411,0,67,0,0,0,0,0
2023,mixed,Scott Chu,Edward Olivares,6637,KC,UT,0,rel,previously_active,,22,6,3,0,1,2,3,4,0.308,0.0,0.273,42,0,0,0,0,0,58
2023,mixed,Scott Chu,Donovan Solano,3063,Min,CI,14,res,previously_active,"1B,3B,CI,2B",95,29,10,1,9,0,25,15,0.33,0.0,0.284,13,0,85,28,19,0,0
2023,mixed,Scott Chu,Garrett Cooper,6182,SD,CI,6,rel,previously_active,,66,18,8,3,10,0,21,3,0.319,0.0,0.455,36,0,82,0,0,0,0
2023,mixed,Scott Chu,Willi Castro,6289,Min,CI,11,rel,previously_active,,40,12,7,1,2,4,16,1,0.25,0.0,0.275,1,0,0,10,41,8,83
2023,mixed,Scott Chu,Nick Maton,7179,Det,CI,16,rel,previously_active,,28,9,1,0,1,0,6,2,0.097,0.0,0.0,13,0,0,30,53,4,0
2023,mixed,Scott Chu,*Oneil Cruz,6521,Pit,MI,20,dis,previously_active,"SS,MI",32,9,7,1,4,3,8,7,0.375,0.0,0.375,0,0,0,0,0,9,0
2023,mixed,Scott Chu,Luis Urias,5831,Bos,MI,2,rel,previously_active,,22,9,2,0,2,0,4,3,0.357,0.0,0.273,0,0,0,39,19,0,0
2023,mixed,Scott Chu,Jonathan Aranda,7905,TB,MI,27,rel,previously_active,,7,2,1,0,0,0,3,0,0.286,0.0,0.286,12,0,11,4,2,0,0
2023,mixed,Scott Chu,Davis Schneider,8712,Tor,2B,105,res,reserved,"UT,2B",5,2,2,0,0,0,2,1,0.5,0.5,0.8,7,0,0,23,3,0,3
2023,mixed,Scott Chu,Akil Baddoo,6487,Det,OF,17,res,reserved,OF,57,22,7,2,6,4,18,7,0.328,0.667,0.439,5,0,0,0,0,0,100
2023,mixed,Scott Chu,Esteury Ruiz,6230,Oak,OF,105,res,reserved,OF,15,6,1,0,1,2,3,2,0.294,0.294,0.2,3,0,0,0,0,0,128
2023,mixed,Scott Chu,Ceddanne Rafaela,8194,Bos,OF,35,res,reserved,"OF,SS",15,5,1,0,0,2,7,1,0.062,0.062,0.0,1,0,0,4,0,5,20
2023,mixed,Scott Chu,Adam Duvall,4413,Bos,OF,3,res,reserved,OF,152,43,16,10,26,1,52,10,0.287,0.2,0.513,5,0,0,0,0,0,84
2023,mixed,Scott Chu,Donovan Solano,3063,Min,CI,14,res,reserved,"1B,3B,CI,2B",110,38,15,1,12,0,27,6,0.405,0.448,0.4,13,0,85,28,19,0,0
2023,mixed,Scott Chu,*Oneil Cruz,6521,Pit,MI,20,dis,reserved,"SS,MI",0,0,0,0,0,0,0,0,0.0,0.0,0.0,0,0,0,0,0,9,0
2023,mixed,Scott Chu,Mike Ford,6337,Sea,1B,4,rel,previously_reserved,,16,5,0,0,1,0,10,2,0.167,0.0,0.062,64,0,10,0,0,0,0
2023,mixed,Scott Chu,Alec Burleson,7808,StL,1B,4,rel,previously_reserved,,87,31,10,2,11,3,17,8,0.33,0.0,0.391,24,0,17,0,0,0,54
2023,mixed,Scott Chu,Dominic Smith,4549,Was,1B,21,act,previously_reserved,"1B,CI",87,27,11,4,11,0,16,8,0.292,0.0,0.437,1,0,151,0,0,0,0
2023,mixed,Scott Chu,Jake Bauers,5683,NYY,1B,4,rel,previously_reserved,,38,15,3,2,3,1,18,3,0.244,0.0,0.395,2,0,22,0,0,0,52
2023,mixed,Scott Chu,Bo Bichette,6070,Tor,SS,31,act,previously_reserved,"SS,MI",10,2,1,0,3,0,1,0,0.3,0.0,0.4,5,0,0,0,0,130,0
2023,mixed,Scott Chu,Mitch Haniger,4480,SF,OF,4,rel,previously_reserved,,25,6,4,2,6,0,5,2,0.37,0.0,0.6,3,0,0,0,0,0,57
2023,mixed,Scott Chu,*Andrew McCutchen,1222,Pit,OF,2,rel,previously_reserved,,5,1,2,0,0,0,1,0,0.2,0.0,0.2,98,0,0,0,0,0,8
2023,mixed,Scott Chu,Harold Castro,6431,Col,OF,6,rel,previously_reserved,,4,1,0,0,0,0,1,0,0.0,0.0,0.0,3,0,0,68,2,4,19
2023,mixed,Scott Chu,Manuel Margot,4858,TB,OF,32,rel,previously_reserved,,63,20,7,1,11,1,14,1,0.231,0.0,0.381,0,0,0,0,0,0,93
2023,mixed,Scott Chu,David Peralta,4980,LAD,OF,19,rel,previously_reserved,,32,9,5,0,6,1,3,1,0.324,0.0,0.375,6,0,0,0,0,0,123
2023,mixed,Scott Chu,Ryan O'Hearn,5940,Bal,OF,22,act,previously_reserved,"1B,OF",89,26,14,4,18,2,15,6,0.392,0.0,0.562,14,0,70,0,0,0,29
2023,mixed,Scott Chu,Spencer Steer,8005,Cin,OF,0,act,previously_reserved,"1B,3B,CI,2B,OF",9,3,1,1,1,0,2,3,0.417,0.0,0.556,6,0,73,16,47,0,47
2023,mixed,Scott Chu,Andy Ibanez,5306,Det,OF,7,rel,previously_reserved,,16,6,0,0,1,0,4,0,0.062,0.0,0.062,4,0,4,77,16,0,21
2023,mixed,Scott Chu,Cedric Mullins,6128,Bal,OF,23,act,previously_reserved,OF,14,4,3,1,2,1,4,1,0.133,0.0,0.286,3,0,0,0,0,0,110
2023,mixed,Scott Chu,Mauricio Dubon,5380,Hou,OF,65,rel,previously_reserved,,105,26,16,2,11,2,10,3,0.303,0.0,0.429,0,0,2,79,1,9,38
2023,mixed,Scott Chu,Yan Gomes,3945,ChC,C,3,rel,previously_reserved,,85,29,13,3,13,0,20,7,0.33,0.0,0.4,12,103,0,0,0,0,0
2023,mixed,Scott Chu,Travis D'Arnaud,2621,Atl,C,6,rel,previously_reserved,,22,7,2,1,3,0,6,0,0.273,0.0,0.455,8,63,0,0,0,0,0
2023,mixed,Scott Chu,Will Smith,5805,LAD,C,18,act,previously_reserved,C,5,1,2,0,0,0,0,0,0.2,0.0,0.2,14,111,0,0,0,0,0
2023,mixed,Scott Chu,Edward Olivares,6637,KC,UT,0,rel,previously_reserved,,106,31,16,3,8,3,22,5,0.289,0.0,0.396,42,0,0,0,0,0,58
2023,mixed,Scott Chu,J.D. Martinez,3567,LAD,UT,5,act,previously_reserved,UT,8,2,2,1,3,0,2,0,0.444,0.0,1.0,110,0,0,0,0,0,3
2023,mixed,Scott Chu,Nick Maton,7179,Det,CI,16,rel,previously_reserved,,42,15,5,1,6,0,17,4,0.277,0.0,0.381,13,0,0,30,53,4,0
2023,mixed,Scott Chu,Nolan Schanuel,8687,LAA,CI,75,act,previously_reserved,1B,22,5,2,1,2,0,3,1,0.391,0.0,0.545,1,0,28,0,0,0,0
2023,mixed,Scott Chu,Willi Castro,6289,Min,CI,11,rel,previously_reserved,,47,18,9,0,4,3,7,5,0.346,0.0,0.34,1,0,0,10,41,8,83
2023,mixed,Scott Chu,Garrett Cooper,6182,SD,CI,6,rel,previously_reserved,,16,7,1,0,0,0,5,3,0.263,0.0,0.187,36,0,82,0,0,0,0
2023,mixed,Scott Chu,Luis Urias,5831,Bos,MI,2,rel,previously_reserved,,33,11,3,1,3,0,11,4,0.256,0.0,0.212,0,0,0,39,19,0,0
2023,mixed,Scott Chu,Gleyber Torres,4619,NYY,MI,12,act,previously_reserved,"2B,MI",15,3,4,0,1,0,3,0,0.467,0.0,0.6,12,0,0,145,0,0,0
2023,mixed,Jeff Zimmerman,Hunter Goodman,8420,Col,1B,2,act,active,"UT,OF,1B",45,16,3,1,10,1,19,4,0.235,0.0,0.378,3,0,8,0,0,0,10
2023,mixed,Jeff Zimmerman,Willi Castro,6289,Min,2B,3,act,active,"OF,SS,2B,MI,3B",128,37,18,3,14,11,35,14,0.347,0.542,0.43,1,0,0,10,41,8,83
2023,mixed,Jeff Zimmerman,Trevor Story,4020,Bos,SS,0,act,active,"SS,MI,2B",134,36,11,2,11,9,46,9,0.264,0.391,0.313,6,0,0,1,0,36,0
2023,mixed,Jeff Zimmerman,Yandy Diaz,5735,TB,3B,6,act,active,"1B,3B,CI",494,130,91,20,74,0,90,63,0.414,0.75,0.52,13,0,118,0,6,0,0
2023,mixed,Jeff Zimmerman,Tommy Edman,6447,StL,OF,16,act,active,"2B,SS,OF,MI",456,131,66,13,45,26,81,34,0.306,0.462,0.399,0,0,0,51,0,48,49
2023,mixed,Jeff Zimmerman,Tyrone Taylor,4506,Mil,OF,2,act,active,OF,57,19,11,4,13,1,19,3,0.283,0.25,0.596,1,0,0,0,0,0,75
2023,mixed,Jeff Zimmerman,Masataka Yoshida,8120,Bos,OF,14,act,active,OF,537,140,71,15,72,8,81,34,0.338,0.294,0.445,49,0,0,0,0,0,87
2023,mixed,Jeff Zimmerman,Lane Thomas,6727,Was,OF,1,act,active,OF,628,157,101,28,86,20,176,36,0.315,0.208,0.468,1,0,0,0,0,0,154
2023,mixed,Jeff Zimmerman,Max Kepler,3195,Min,OF,2,act,active,OF,184,51,39,10,30,1,44,21,0.372,0.526,0.56,2,0,0,0,0,0,124
2023,mixed,Jeff Zimmerman,MJ Melendez,6478,KC,C,20,act,active,"OF,C",533,148,65,16,56,6,170,62,0.316,0.437,0.398,12,10,1,0,0,0,126
2023,mixed,Jeff Zimmerman,Daulton Varsho,6326,Tor,C,22,act,active,"OF,C",527,158,65,20,62,16,135,45,0.287,0.318,0.391,1,0,0,0,0,0,157
2023,mixed,Jeff Zimmerman,Brendan Rodgers,5254,Col,UT,3,act,active,"2B,MI",147,38,19,4,19,0,32,11,0.337,0.355,0.435,2,0,0,43,0,0,0
2023,mixed,Jeff Zimmerman,Jorge Polanco,4695,Min,CI,14,act,active,"2B,MI,3B",257,69,33,12,41,4,78,34,0.342,0.182,0.447,13,0,0,58,15,0,0
2023,mixed,Jeff Zimmerman,Maikel Garcia,7884,KC,MI,13,act,active,"3B,SS,MI",376,97,51,3,39,20,90,29,0.329,0.273,0.364,5,0,0,4,104,14,0
2023,mixed,Jeff Zimmerman,*Vinnie Pasquantino,7939,KC,1B,20,rel,previously_active,,231,61,24,9,26,0,31,25,0.324,0.0,0.437,17,0,44,0,0,0,0
2023,mixed,Jeff Zimmerman,Wilmer Flores,2527,SF,2B,8,rel,previously_active,,13,4,1,1,2,0,3,1,0.214,0.0,0.385,41,0,61,6,22,0,0
2023,mixed,Jeff Zimmerman,Aledmys Diaz,4500,Oak,2B,7,rel,previously_active,,20,6,0,0,2,0,4,0,0.05,0.0,0.05,5,0,10,11,40,40,13
2023,mixed,Jeff Zimmerman,Adam Frazier,5555,Bal,2B,16,rel,previously_active,,23,7,4,0,1,1,3,2,0.24,0.0,0.174,2,0,0,130,0,0,10
2023,mixed,Jeff Zimmerman,Jean Segura,3177,Cle,2B,2,rel,previously_active,,81,22,8,1,7,1,10,6,0.322,0.0,0.346,0,0,0,0,84,0,0
2023,mixed,Jeff Zimmerman,Corey Seager,4154,Tex,SS,25,trd,previously_active,,238,59,41,12,52,1,46,26,0.413,0.0,0.613,7,0,0,0,0,112,0
2023,mixed,Jeff Zimmerman,Noelvi Marte,6921,Cin,SS,4,res,previously_active,"UT,3B",72,23,10,1,8,5,17,6,0.367,0.0,0.403,1,0,0,1,30,4,0
2023,mixed,Jeff Zimmerman,Joey Wiemer,7924,Mil,OF,3,rel,previously_active,,31,10,4,1,4,0,11,2,0.333,0.0,0.419,0,0,0,0,0,0,132
2023,mixed,Jeff Zimmerman,Jose Siri,6249,TB,OF,1,dis,previously_active,OF,314,95,55,24,53,11,118,18,0.273,0.0,0.51,1,0,0,0,0,0,100
2023,mixed,Jeff Zimmerman,Michael Taylor,4060,Min,OF,8,rel,previously_active,,36,17,3,0,3,0,15,5,0.341,0.0,0.361,1,0,0,0,0,0,126
2023,mixed,Jeff Zimmerman,Mauricio Dubon,5380,Hou,OF,31,rel,previously_active,,91,22,14,0,6,3,17,2,0.284,0.0,0.341,0,0,2,79,1,9,38
2023,mixed,Jeff Zimmerman,Randal Grichuk,2843,LAA,OF,6,rel,previously_active,,90,24,15,7,12,1,18,3,0.351,0.0,0.589,11,0,0,0,0,0,104
2023,mixed,Jeff Zimmerman,Esteury Ruiz,6230,Oak,OF,2,rel,previously_active,,29,11,4,1,2,4,12,1,0.242,0.0,0.31,3,0,0,0,0,0,128
2023,mixed,Jeff Zimmerman,*Austin Meadows,4438,Det,OF,2,dis,previously_active,OF,21,6,0,0,2,0,3,0,0.238,0.0,0.286,0,0,0,0,0,0,6
2023,mixed,Jeff Zimmerman,J.J. Bleday,6951,Oak,OF,3,rel,previously_active,,15,5,3,0,2,1,4,5,0.4,0.0,0.267,5,0,0,0,0,0,75
2023,mixed,Jeff Zimmerman,Matt Vierling,7774,Det,OF,36,rel,previously_active,,40,13,3,0,1,1,15,2,0.19,0.0,0.2,0,0,0,1,35,0,114
2023,mixed,Jeff Zimmerman,Manuel Margot,4858,TB,OF,0,rel,previously_active,,70,24,9,2,8,4,10,4,0.308,0.0,0.386,0,0,0,0,0,0,93
2023,mixed,Jeff Zimmerman,Kevin Kiermaier,4671,Tor,OF,0,rel,previously_active,,90,33,14,2,6,4,21,5,0.278,0.0,0.4,0,0,0,0,0,0,127
2023,mixed,Jeff Zimmerman,Jorge Soler,3918,Mia,OF,2,trd,previously_active,,310,85,51,23,51,0,83,41,0.343,0.0,0.532,102,0,0,0,0,0,32
2023,mixed,Jeff Zimmerman,Julio Pablo Martinez,5753,Tex,OF,1,rel,previously_active,,4,4,2,1,1,0,3,0,0.25,0.0,1.0,3,0,0,0,0,0,10
2023,mixed,Jeff Zimmerman,Colton Cowser,7749,Bal,OF,127,rel,previously_active,,5,2,2,0,0,0,1,1,0.286,0.0,0.0,0,0,0,0,0,0,26
2023,mixed,Jeff Zimmerman,Robbie Grossman,2699,Tex,OF,1,rel,previously_active,,13,5,3,0,1,0,5,2,0.25,0.0,0.077,39,0,0,0,0,0,72
2023,mixed,Jeff Zimmerman,Dominic Canzone,8467,Sea,UT,2,rel,previously_active,,26,9,1,0,1,0,6,1,0.148,0.0,0.231,17,0,0,0,0,0,38
2023,mixed,Jeff Zimmerman,Jordan Diaz,7896,Oak,UT,1,rel,previously_active,,10,4,0,0,0,0,2,2,0.25,0.0,0.1,16,0,7,28,38,0,0
2023,mixed,Jeff Zimmerman,Paul DeJong,5714,FA,UT,3,rel,previously_active,,20,7,3,0,0,0,4,1,0.286,0.0,0.3,1,0,0,1,0,110,0
2023,mixed,Jeff Zimmerman,Rowdy Tellez,4892,Mil,CI,11,rel,previously_active,,242,74,21,11,33,0,65,26,0.28,0.0,0.376,20,0,76,0,0,0,0
2023,mixed,Jeff Zimmerman,Jeimer Candelario,4071,ChC,CI,6,dis,previously_active,"3B,CI,1B",334,96,57,16,52,6,84,38,0.354,0.0,0.509,8,0,21,0,115,0,0
2023,mixed,Jeff Zimmerman,Enmanuel Valdez,8219,Bos,MI,16,rel,previously_active,,27,10,4,2,2,0,13,2,0.3,0.0,0.444,1,0,0,47,0,1,0
2023,mixed,Jeff Zimmerman,Rodolfo Castro,7383,Phi,MI,0,rel,previously_active,,83,30,9,4,13,1,26,10,0.333,0.0,0.434,3,0,0,45,17,31,0
2023,mixed,Jeff Zimmerman,Javier Baez,3804,Det,MI,13,rel,previously_active,,129,35,18,2,14,4,29,7,0.254,0.0,0.295,5,0,0,0,0,130,0
2023,mixed,Jeff Zimmerman,Harold Castro,6431,Col,MI,6,rel,previously_active,,7,2,2,0,2,0,2,0,0.286,0.0,0.286,3,0,0,68,2,4,19
2023,mixed,Jeff Zimmerman,Chris Taylor,4604,LAD,MI,1,rel,previously_active,,4,2,0,0,0,0,1,0,0.5,0.0,0.75,7,0,0,3,28,31,60
2023,mixed,Jeff Zimmerman,Noelvi Marte,6921,Cin,SS,4,res,reserved,"UT,3B",38,10,5,2,7,0,7,2,0.375,0.435,0.553,1,0,0,1,30,4,0
2023,mixed,Jeff Zimmerman,Jose Siri,6249,TB,OF,1,dis,reserved,OF,24,6,3,1,3,1,12,2,0.192,0.0,0.292,1,0,0,0,0,0,100
2023,mixed,Jeff Zimmerman,*Austin Meadows,4438,Det,OF,2,dis,reserved,OF,0,0,0,0,0,0,0,0,0.0,0.0,0.0,0,0,0,0,0,0,6
2023,mixed,Jeff Zimmerman,Jeimer Candelario,4071,ChC,CI,6,dis,reserved,"3B,CI,1B",62,17,8,2,4,2,19,8,0.31,0.286,0.387,8,0,21,0,115,0,0
2023,mixed,Jeff Zimmerman,Hunter Goodman,8420,Col,1B,2,act,previously_reserved,"UT,OF,1B",21,6,2,0,6,0,4,1,0.227,0.0,0.381,3,0,8,0,0,0,10
2023,mixed,Jeff Zimmerman,Jean Segura,3177,Cle,2B,2,rel,previously_reserved,,25,6,2,1,3,0,4,0,0.24,0.0,0.36,0,0,0,0,84,0,0
2023,mixed,Jeff Zimmerman,Wilmer Flores,2527,SF,2B,8,rel,previously_reserved,,12,4,2,2,2,0,3,1,0.385,0.0,0.917,41,0,61,6,22,0,0
2023,mixed,Jeff Zimmerman,Willi Castro,6289,Min,2B,3,act,previously_reserved,"OF,SS,2B,MI,3B",1,1,0,0,0,0,0,0,0.0,0.0,0.0,1,0,0,10,41,8,83
2023,mixed,Jeff Zimmerman,Adam Frazier,5555,Bal,2B,16,rel,previously_reserved,,13,5,2,1,3,0,4,2,0.2,0.0,0.308,2,0,0,130,0,0,10
2023,mixed,Jeff Zimmerman,Trevor Story,4020,Bos,SS,0,act,previously_reserved,"SS,MI,2B",24,7,1,1,3,1,9,0,0.167,0.0,0.333,6,0,0,1,0,36,0
2023,mixed,Jeff Zimmerman,Yandy Diaz,5735,TB,3B,6,act,previously_reserved,"1B,3B,CI",31,7,4,2,4,0,4,2,0.333,0.0,0.548,13,0,118,0,6,0,0
2023,mixed,Jeff Zimmerman,Tommy Edman,6447,StL,OF,16,act,previously_reserved,"2B,SS,OF,MI",23,6,3,0,2,1,3,1,0.32,0.0,0.391,0,0,0,51,0,48,49
2023,mixed,Jeff Zimmerman,Kevin Kiermaier,4671,Tor,OF,0,rel,previously_reserved,,6,2,1,0,0,1,2,1,0.286,0.0,0.167,0,0,0,0,0,0,127
2023,mixed,Jeff Zimmerman,Manuel Margot,4858,TB,OF,0,rel,previously_reserved,,5,2,0,0,0,0,2,0,0.0,0.0,0.0,0,0,0,0,0,0,93
2023,mixed,Jeff Zimmerman,Matt Vierling,7774,Det,OF,36,rel,previously_reserved,,21,5,2,1,3,1,4,2,0.435,0.0,0.571,0,0,0,1,35,0,114
2023,mixed,Jeff Zimmerman,Max Kepler,3195,Min,OF,2,act,previously_reserved,OF,39,12,5,2,6,0,7,5,0.422,0.0,0.59,2,0,0,0,0,0,124
2023,mixed,Jeff Zimmerman,Colton Cowser,7749,Bal,OF,127,rel,previously_reserved,,15,7,2,0,1,0,5,2,0.167,0.0,0.067,0,0,0,0,0,0,26
2023,mixed,Jeff Zimmerman,Jorge Soler,3918,Mia,OF,2,trd,previously_reserved,,9,3,1,0,0,1,2,3,0.538,0.0,0.333,102,0,0,0,0,0,32
2023,mixed,Jeff Zimmerman,Michael Taylor,4060,Min,OF,8,rel,previously_reserved,,12,8,4,2,3,0,4,0,0.25,0.0,0.75,1,0,0,0,0,0,126
2023,mixed,Jeff Zimmerman,Joey Wiemer,7924,Mil,OF,3,rel,previously_reserved,,7,4,1,0,0,0,2,0,0.143,0.0,0.143,0,0,0,0,0,0,132
2023,mixed,Jeff Zimmerman,Tyrone Taylor,4506,Mil,OF,2,act,previously_reserved,OF,29,7,5,1,4,1,7,0,0.31,0.0,0.448,1,0,0,0,0,0,75
2023,mixed,Jeff Zimmerman,Esteury Ruiz,6230,Oak,OF,2,rel,previously_reserved,,20,8,2,0,0,4,7,1,0.19,0.0,0.15,3,0,0,0,0,0,128
2023,mixed,Jeff Zimmerman,Randal Grichuk,2843,LAA,OF,6,rel,previously_reserved,,6,2,1,1,1,0,2,1,0.286,0.0,0.667,11,0,0,0,0,0,104
2023,mixed,Jeff Zimmerman,J.J. Bleday,6951,Oak,OF,3,rel,previously_reserved,,26,10,2,2,6,2,8,5,0.312,0.0,0.423,5,0,0,0,0,0,75
2023,mixed,Jeff Zimmerman,Brendan Rodgers,5254,Col,UT,3,act,previously_reserved,"2B,MI",31,8,2,0,1,0,9,0,0.187,0.0,0.161,2,0,0,43,0,0,0
2023,mixed,Jeff Zimmerman,Kyle Isbel,6916,KC,UT,0,rel,previously_reserved,,105,31,11,1,9,2,21,5,0.243,0.0,0.324,1,0,0,0,0,0,89
2023,mixed,Jeff Zimmerman,Jorge Polanco,4695,Min,CI,14,act,previously_reserved,"2B,MI,3B",45,11,5,2,7,0,10,2,0.292,0.0,0.489,13,0,0,58,15,0,0
2023,mixed,Jeff Zimmerman,Rowdy Tellez,4892,Mil,CI,11,rel,previously_reserved,,20,7,2,1,4,0,5,4,0.375,0.0,0.45,20,0,76,0,0,0,0
2023,mixed,Jeff Zimmerman,Javier Baez,3804,Det,MI,13,rel,previously_reserved,,12,4,2,0,1,0,2,0,0.167,0.0,0.167,5,0,0,0,0,130,0
2023,mixed,Jeff Zimmerman,Enmanuel Valdez,8219,Bos,MI,16,rel,previously_reserved,,30,12,1,1,3,1,7,2,0.187,0.0,0.267,1,0,0,47,0,1,0
2023,mixed,Jeff Zimmerman,Rodolfo Castro,7383,Phi,MI,0,rel,previously_reserved,,17,8,2,0,1,0,5,3,0.455,0.0,0.353,3,0,0,45,17,31,0
2023,mixed,Jeff Zimmerman,Maikel Garcia,7884,KC,MI,13,act,previously_reserved,"3B,SS,MI",9,4,2,1,2,0,4,2,0.364,0.0,0.556,5,0,0,4,104,14,0
2023,mixed,Zach Steinhorn,Kris Bryant,4434,Col,1B,14,act,active,"OF,1B",218,57,22,5,17,0,48,22,0.313,0.125,0.335,25,0,7,0,0,0,47
2023,mixed,Zach Steinhorn,Jonathan India,6595,Cin,2B,14,act,active,"2B,MI",451,118,77,16,60,13,108,51,0.337,0.45,0.401,15,0,0,104,0,0,0
2023,mixed,Zach Steinhorn,CJ Abrams,6954,Was,SS,4,act,active,"SS,MI",265,67,40,9,26,29,53,19,0.289,0.208,0.392,0,0,0,0,0,151,0
2023,mixed,Zach Steinhorn,Matt Chapman,5037,Tor,3B,17,act,active,"3B,CI",481,132,64,17,52,4,154,60,0.336,0.25,0.43,2,0,0,0,137,0,0
2023,mixed,Zach Steinhorn,Nelson Velazquez,6504,KC,OF,52,act,active,OF,29,8,4,1,4,0,12,3,0.273,0.187,0.31,17,0,0,0,0,0,34
2023,mixed,Zach Steinhorn,Kyle Tucker,5384,Hou,OF,40,act,active,OF,574,157,97,29,112,30,92,80,0.369,0.423,0.517,4,0,0,0,0,0,153
2023,mixed,Zach Steinhorn,Nicholas Castellanos,3217,Phi,OF,14,act,active,OF,626,157,79,29,106,11,185,36,0.311,0.2,0.476,8,0,0,0,0,0,148
2023,mixed,Zach Steinhorn,Austin Hays,6076,Bal,OF,3,act,active,OF,520,144,76,16,67,5,141,38,0.325,0.333,0.444,3,0,0,0,0,0,141
2023,mixed,Zach Steinhorn,Christian Yelich,3314,Mil,OF,20,act,active,OF,345,88,66,12,51,14,89,50,0.381,0.562,0.481,20,0,0,0,0,0,122
2023,mixed,Zach Steinhorn,Mitch Garver,5025,Tex,C,1,act,active,C,230,66,31,14,34,0,63,34,0.363,0.333,0.474,57,28,1,0,0,0,0
2023,mixed,Zach Steinhorn,Francisco Alvarez,7018,NYM,C,33,act,active,C,332,105,46,24,59,2,95,31,0.286,0.286,0.455,7,108,0,0,0,0,0
2023,mixed,Zach Steinhorn,Ronny Mauricio,6445,NYM,UT,138,act,active,"3B,2B",90,23,10,2,9,5,29,7,0.278,0.269,0.322,0,0,0,21,5,2,0
2023,mixed,Zach Steinhorn,Max Muncy,4851,LAD,CI,21,act,active,"3B,MI,2B,CI",177,48,35,9,35,0,52,29,0.344,0.345,0.452,10,0,0,0,124,0,0
2023,mixed,Zach Steinhorn,Anthony Volpe,7050,NYY,MI,0,act,active,SS,392,114,42,15,41,18,129,36,0.269,0.273,0.367,0,0,0,0,0,157,0
2023,mixed,Zach Steinhorn,C.J. Cron,3696,LAA,1B,18,rel,previously_active,,242,67,38,12,36,0,59,16,0.295,0.0,0.442,9,0,61,0,0,0,0
2023,mixed,Zach Steinhorn,*Anthony Rizzo,3156,NYY,1B,10,rel,previously_active,,365,97,45,12,41,0,95,35,0.329,0.0,0.381,7,0,92,0,0,0,0
2023,mixed,Zach Steinhorn,J.D. Davis,5453,SF,1B,33,dis,previously_active,"1B,3B,CI",439,131,54,14,56,1,142,49,0.319,0.5,0.39,14,0,15,0,116,0,0
2023,mixed,Zach Steinhorn,Trea Turner,4555,Phi,SS,36,trd,previously_active,,430,103,57,10,34,21,111,30,0.294,0.0,0.379,2,0,0,0,0,153,0
2023,mixed,Zach Steinhorn,Nolan Arenado,3214,StL,3B,24,dis,previously_active,"3B,CI",189,48,24,5,17,1,29,12,0.266,0.0,0.333,15,0,0,0,128,0,0
2023,mixed,Zach Steinhorn,*Luis Rengifo,6622,LAA,OF,19,dis,previously_active,"3B,SS,2B,CI,OF,MI",120,32,15,7,16,1,21,5,0.362,0.0,0.542,0,0,0,65,23,37,21
2023,mixed,Zach Steinhorn,*Stone Garrett,5458,Was,OF,57,dis,previously_active,OF,5,2,0,0,0,0,1,1,0.167,0.0,0.0,4,0,0,0,0,0,86
2023,mixed,Zach Steinhorn,Blake Sabol,8337,SF,OF,47,res,previously_active,"C,OF",110,36,14,5,16,0,38,9,0.298,0.0,0.391,10,55,0,0,0,0,43
2023,mixed,Zach Steinhorn,Jake McCarthy,6977,Ari,OF,88,rel,previously_active,,186,61,25,1,11,23,41,20,0.362,0.0,0.366,1,0,0,0,0,0,93
2023,mixed,Zach Steinhorn,Myles Straw,6413,Cle,OF,0,rel,previously_active,,159,49,18,0,10,8,36,16,0.311,0.0,0.302,0,0,0,0,0,0,145
2023,mixed,Zach Steinhorn,Avisail Garcia,3485,Mia,OF,1,rel,previously_active,,9,3,0,0,0,0,3,2,0.182,0.0,0.0,2,0,0,0,0,0,31
2023,mixed,Zach Steinhorn,Omar Narvaez,5605,NYM,C,2,rel,previously_active,,14,5,1,0,2,0,2,2,0.353,0.0,0.286,0,47,0,0,0,0,0
2023,mixed,Zach Steinhorn,Martin Maldonado,2347,Hou,C,12,rel,previously_active,,85,28,4,1,4,0,26,8,0.284,0.0,0.271,0,116,0,0,0,0,0
2023,mixed,Zach Steinhorn,*Jose Trevino,5991,NYY,C,12,rel,previously_active,,76,24,7,2,8,0,9,5,0.259,0.0,0.316,0,54,0,0,0,0,0
2023,mixed,Zach Steinhorn,Jesus Aguilar,4118,Atl,UT,27,rel,previously_active,,26,8,1,0,1,0,9,1,0.321,0.0,0.346,9,0,24,0,0,0,0
2023,mixed,Zach Steinhorn,Masyn Winn,7434,StL,UT,38,rel,previously_active,,36,11,4,0,1,1,8,1,0.162,0.0,0.194,0,0,0,0,0,37,0
2023,mixed,Zach Steinhorn,Rowdy Tellez,4892,Mil,CI,17,rel,previously_active,,19,9,0,0,1,0,7,1,0.19,0.0,0.158,20,0,76,0,0,0,0
2023,mixed,Zach Steinhorn,Jared Walsh,6822,LAA,CI,0,rel,previously_active,,29,13,3,0,3,0,11,9,0.368,0.0,0.276,1,0,29,0,0,0,9
2023,mixed,Zach Steinhorn,Elly De La Cruz,7839,Cin,MI,38,trd,previously_active,,161,40,32,5,17,17,55,11,0.322,0.0,0.447,1,0,0,0,32,69,0
2023,mixed,Zach Steinhorn,J.D. Davis,5453,SF,1B,33,dis,reserved,"1B,3B,CI",0,0,0,0,0,0,0,0,0.0,0.0,0.0,14,0,15,0,116,0,0
2023,mixed,Zach Steinhorn,Nolan Arenado,3214,StL,3B,24,dis,reserved,"3B,CI",0,0,0,0,0,0,0,0,0.0,0.0,0.0,15,0,0,0,128,0,0
2023,mixed,Zach Steinhorn,*Luis Rengifo,6622,LAA,OF,19,dis,reserved,"3B,SS,2B,CI,OF,MI",7,3,2,0,3,0,1,4,0.727,0.0,1.0,0,0,0,65,23,37,21
2023,mixed,Zach Steinhorn,*Stone Garrett,5458,Was,OF,57,dis,reserved,OF,0,0,0,0,0,0,0,0,0.0,0.0,0.0,4,0,0,0,0,0,86
2023,mixed,Zach Steinhorn,Blake Sabol,8337,SF,OF,47,res,reserved,"C,OF",106,43,11,3,15,2,40,9,0.277,0.111,0.33,10,55,0,0,0,0,43
2023,mixed,Zach Steinhorn,*Anthony Rizzo,3156,NYY,1B,10,rel,previously_reserved,,8,2,0,0,0,0,2,0,0.25,0.0,0.25,7,0,92,0,0,0,0
2023,mixed,Zach Steinhorn,Kris Bryant,4434,Col,1B,14,act,previously_reserved,"OF,1B",82,23,14,5,14,0,20,7,0.315,0.25,0.451,25,0,7,0,0,0,47
2023,mixed,Zach Steinhorn,C.J. Cron,3696,LAA,1B,18,rel,previously_reserved,,12,3,0,0,1,0,5,1,0.385,0.0,0.417,9,0,61,0,0,0,0
2023,mixed,Zach Steinhorn,Jonathan India,6595,Cin,2B,14,act,previously_reserved,"2B,MI",3,1,1,1,1,1,1,1,0.5,0.0,1.33,15,0,0,104,0,0,0
2023,mixed,Zach Steinhorn,Wilmer Flores,2527,SF,2B,0,rel,previously_reserved,,3,1,0,0,0,0,1,1,0.25,0.0,0.0,41,0,61,6,22,0,0
2023,mixed,Zach Steinhorn,CJ Abrams,6954,Was,SS,4,act,previously_reserved,"SS,MI",298,84,43,9,38,18,65,13,0.309,0.0,0.43,0,0,0,0,0,151,0
2023,mixed,Zach Steinhorn,Matt Chapman,5037,Tor,3B,17,act,previously_reserved,"3B,CI",28,8,2,0,2,0,11,2,0.226,0.0,0.321,2,0,0,0,137,0,0
2023,mixed,Zach Steinhorn,Avisail Garcia,3485,Mia,OF,1,rel,previously_reserved,,60,19,6,3,8,1,20,1,0.254,0.0,0.383,2,0,0,0,0,0,31
2023,mixed,Zach Steinhorn,Myles Straw,6413,Cle,OF,0,rel,previously_reserved,,113,32,15,0,3,2,23,11,0.306,0.0,0.301,0,0,0,0,0,0,145
2023,mixed,Zach Steinhorn,Nelson Velazquez,6504,KC,OF,52,act,previously_reserved,OF,22,6,7,4,7,0,6,3,0.346,0.0,0.818,17,0,0,0,0,0,34
2023,mixed,Zach Steinhorn,*Jose Trevino,5991,NYY,C,12,rel,previously_reserved,,9,4,0,0,0,0,3,1,0.2,0.0,0.111,0,54,0,0,0,0,0
2023,mixed,Zach Steinhorn,Mitch Garver,5025,Tex,C,1,act,previously_reserved,C,66,21,14,5,16,0,19,10,0.395,0.0,0.591,57,28,1,0,0,0,0
2023,mixed,Zach Steinhorn,Martin Maldonado,2347,Hou,C,12,rel,previously_reserved,,48,15,7,2,4,0,22,5,0.296,0.0,0.354,0,116,0,0,0,0,0
2023,mixed,Zach Steinhorn,Masyn Winn,7434,StL,UT,38,rel,previously_reserved,,34,10,3,1,4,1,4,4,0.256,0.0,0.265,0,0,0,0,0,37,0
2023,mixed,Zach Steinhorn,Jesus Aguilar,4118,Atl,UT,27,rel,previously_reserved,,17,5,1,1,3,0,3,2,0.263,0.0,0.412,9,0,24,0,0,0,0
2023,mixed,Zach Steinhorn,Jared Walsh,6822,LAA,CI,0,rel,previously_reserved,,38,15,2,1,2,0,15,2,0.125,0.0,0.184,1,0,29,0,0,0,9
2023,mixed,Zach Steinhorn,Rowdy Tellez,4892,Mil,CI,17,rel,previously_reserved,,10,6,1,0,2,0,4,2,0.385,0.0,0.3,20,0,76,0,0,0,0
2023,mixed,Zach Steinhorn,Anthony Volpe,7050,NYY,MI,0,act,previously_reserved,SS,149,45,20,6,19,6,38,16,0.321,0.0,0.423,0,0,0,0,0,157,0
2023,mixed,Scott Swanay,Nate Lowe,6652,Tex,1B,16,act,active,"1B,CI",623,161,89,17,82,1,165,93,0.36,0.241,0.414,0,0,161,0,0,0,0
2023,mixed,Scott Swanay,Jose Altuve,3776,Hou,2B,26,act,active,"2B,MI",335,83,72,16,48,14,63,40,0.391,0.333,0.519,1,0,0,87,0,0,0
2023,mixed,Scott Swanay,Trea Turner,4555,Phi,SS,36,act,active,"SS,MI",209,52,45,16,42,9,39,15,0.371,0.5,0.622,2,0,0,0,0,153,0
2023,mixed,Scott Swanay,Christian Encarnacion-Strand,8168,Cin,3B,49,act,active,"1B,3B",222,63,29,13,37,2,69,14,0.328,0.261,0.477,24,0,35,0,9,0,1
2023,mixed,Scott Swanay,Matt Vierling,7774,Det,OF,3,act,active,"OF,3B",49,13,9,1,6,0,10,6,0.309,0.37,0.449,0,0,0,1,35,0,114
2023,mixed,Scott Swanay,George Springer,3575,Tor,OF,22,act,active,OF,613,154,87,21,72,20,125,60,0.327,0.304,0.405,21,0,0,0,0,0,131
2023,mixed,Scott Swanay,Michael Conforto,4911,SF,OF,7,act,active,OF,406,125,58,15,58,4,106,53,0.334,0.187,0.384,13,0,0,0,0,0,110
2023,mixed,Scott Swanay,Garrett Hampson,6277,Mia,OF,1,act,active,"OF,SS,2B,3B,MI",20,6,2,0,0,1,6,3,0.304,0.304,0.2,2,0,0,13,5,30,53
2023,mixed,Scott Swanay,Nolan Jones,6075,Col,OF,39,act,active,"OF,1B,3B",328,95,55,18,52,19,112,48,0.389,0.484,0.546,0,0,10,0,1,0,93
2023,mixed,Scott Swanay,Ryan Jeffers,7271,Min,C,17,act,active,C,90,26,16,5,18,0,25,8,0.333,0.389,0.5,9,82,0,0,0,0,0
2023,mixed,Scott Swanay,Bo Naylor,6848,Cle,C,56,act,active,C,21,8,8,3,8,1,4,6,0.444,0.308,0.81,0,67,0,0,0,0,0
2023,mixed,Scott Swanay,Brent Rooker,6204,Oak,UT,65,act,active,OF,80,23,9,5,9,2,34,9,0.326,0.375,0.5,75,0,0,0,0,0,58
2023,mixed,Scott Swanay,LaMonte Wade,5773,SF,CI,35,act,active,"1B,OF,CI",257,78,40,8,28,2,59,48,0.391,0.294,0.412,3,0,116,0,0,0,22
2023,mixed,Scott Swanay,Cavan Biggio,6063,Tor,MI,13,act,active,"OF,1B,2B,3B,MI,CI",21,6,5,0,4,0,3,4,0.423,0.423,0.286,7,0,20,49,13,1,27
2023,mixed,Scott Swanay,Jake Cronenworth,6463,SD,2B,8,rel,previously_active,,314,88,38,7,30,5,75,38,0.31,0.0,0.357,0,0,106,35,0,0,0
2023,mixed,Scott Swanay,Javier Baez,3804,Det,SS,7,rel,previously_active,,187,48,19,3,26,3,37,9,0.279,0.0,0.316,5,0,0,0,0,130,0
2023,mixed,Scott Swanay,Alec Bohm,6542,Phi,3B,7,trd,previously_active,,259,69,31,8,50,3,49,18,0.33,0.0,0.417,3,0,80,0,90,0,0
2023,mixed,Scott Swanay,Randal Grichuk,2843,LAA,OF,0,rel,previously_active,,148,41,24,1,16,0,34,13,0.349,0.0,0.412,11,0,0,0,0,0,104
2023,mixed,Scott Swanay,Jake McCarthy,6977,Ari,OF,15,rel,previously_active,,63,22,8,1,3,2,12,5,0.229,0.0,0.238,1,0,0,0,0,0,93
2023,mixed,Scott Swanay,*Jarren Duran,6946,Bos,OF,31,dis,previously_active,OF,136,43,25,5,14,10,28,8,0.345,0.0,0.537,1,0,0,0,0,0,96
2023,mixed,Scott Swanay,Trent Grisham,5285,SD,OF,45,rel,previously_active,,267,85,41,8,33,11,89,38,0.313,0.0,0.36,0,0,0,0,0,0,153
2023,mixed,Scott Swanay,Joey Wiemer,7924,Mil,OF,58,rel,previously_active,,53,18,8,3,7,0,19,3,0.25,0.0,0.377,0,0,0,0,0,0,132
2023,mixed,Scott Swanay,Jake Fraley,6173,Cin,OF,4,res,previously_active,OF,230,76,27,8,41,15,52,27,0.326,0.0,0.387,23,0,0,0,0,0,81
2023,mixed,Scott Swanay,Byron Buxton,4014,Min,OF,13,dis,previously_active,OF,268,74,43,16,36,8,98,33,0.289,0.0,0.425,80,0,0,0,0,0,0
2023,mixed,Scott Swanay,Yasmani Grandal,3311,CWS,C,5,rel,previously_active,,302,97,29,8,32,0,76,30,0.317,0.0,0.361,16,92,6,0,0,0,0
2023,mixed,Scott Swanay,Keibert Ruiz,6179,Was,C,5,res,previously_active,C,474,125,49,17,60,1,50,30,0.305,0.0,0.403,16,117,0,0,0,0,0
2023,mixed,Scott Swanay,David Villar,8179,SF,UT,72,rel,previously_active,,32,11,3,2,3,1,9,2,0.194,0.0,0.281,4,0,6,21,17,0,0
2023,mixed,Scott Swanay,Chris Taylor,4604,LAD,UT,15,rel,previously_active,,15,5,2,1,2,0,3,1,0.235,0.0,0.4,7,0,0,3,28,31,60
2023,mixed,Scott Swanay,Mark Vientos,5740,NYM,UT,37,rel,previously_active,,34,9,1,0,1,0,12,1,0.171,0.0,0.176,37,0,10,0,19,0,0
2023,mixed,Scott Swanay,Royce Lewis,6094,Min,UT,159,dis,previously_active,"3B,SS,MI",186,50,30,13,46,4,52,17,0.346,0.0,0.516,9,0,0,0,49,1,0
2023,mixed,Scott Swanay,Matt Carpenter,3510,SD,UT,55,rel,previously_active,,28,10,2,0,0,0,13,3,0.194,0.0,0.107,53,0,13,0,0,0,0
2023,mixed,Scott Swanay,Ryan Mountcastle,5676,Bal,CI,80,dis,previously_active,"1B,CI",154,45,27,7,26,1,38,24,0.414,0.0,0.5,23,0,90,0,0,0,0
2023,mixed,Scott Swanay,Max Muncy,4851,LAD,MI,21,trd,previously_active,,287,81,57,27,67,1,92,53,0.329,0.0,0.505,10,0,0,0,124,0,0
2023,mixed,Scott Swanay,Carlos Correa,4010,Min,MI,13,dis,previously_active,"SS,MI",471,123,57,16,60,0,117,55,0.313,0.0,0.397,0,0,0,0,0,135,0
2023,mixed,Scott Swanay,*Jarren Duran,6946,Bos,OF,31,dis,reserved,OF,0,0,0,0,0,0,0,0,0.0,0.0,0.0,1,0,0,0,0,0,96
2023,mixed,Scott Swanay,Jake Fraley,6173,Cin,OF,4,res,reserved,OF,106,35,14,7,24,6,19,10,0.371,0.0,0.566,23,0,0,0,0,0,81
2023,mixed,Scott Swanay,Byron Buxton,4014,Min,OF,13,dis,reserved,OF,36,11,6,1,6,1,11,2,0.333,0.0,0.528,80,0,0,0,0,0,0
2023,mixed,Scott Swanay,Keibert Ruiz,6179,Was,C,5,res,reserved,C,49,11,6,1,7,0,8,1,0.34,0.478,0.469,16,117,0,0,0,0,0
2023,mixed,Scott Swanay,Royce Lewis,6094,Min,UT,159,dis,reserved,"3B,SS,MI",31,8,6,2,6,2,3,3,0.529,0.0,0.742,9,0,0,0,49,1,0
2023,mixed,Scott Swanay,Ryan Mountcastle,5676,Bal,CI,80,dis,reserved,"1B,CI",26,9,3,0,2,0,5,1,0.333,0.364,0.423,23,0,90,0,0,0,0
2023,mixed,Scott Swanay,Carlos Correa,4010,Min,MI,13,dis,reserved,"SS,MI",43,12,3,2,5,0,14,4,0.298,0.0,0.419,0,0,0,0,0,135,0
2023,mixed,Scott Swanay,Jake Cronenworth,6463,SD,2B,8,rel,previously_reserved,,144,39,16,3,18,1,22,8,0.314,0.0,0.424,0,0,106,35,0,0,0
2023,mixed,Scott Swanay,Jose Altuve,3776,Hou,2B,26,act,previously_reserved,"2B,MI",25,7,4,1,3,0,8,4,0.414,0.0,0.56,1,0,0,87,0,0,0
2023,mixed,Scott Swanay,Javier Baez,3804,Det,SS,7,rel,previously_reserved,,49,12,4,1,3,2,17,1,0.196,0.0,0.306,5,0,0,0,0,130,0
2023,mixed,Scott Swanay,Alec Bohm,6542,Phi,3B,7,trd,previously_reserved,,66,17,10,1,11,0,13,5,0.319,0.0,0.379,3,0,80,0,90,0,0
2023,mixed,Scott Swanay,Nolan Jones,6075,Col,OF,39,act,previously_reserved,"OF,1B,3B",28,8,4,2,8,1,9,4,0.406,0.0,0.571,0,0,10,0,1,0,93
2023,mixed,Scott Swanay,Randal Grichuk,2843,LAA,OF,0,rel,previously_reserved,,53,14,10,3,6,1,8,5,0.414,0.0,0.604,11,0,0,0,0,0,104
2023,mixed,Scott Swanay,Joey Wiemer,7924,Mil,OF,58,rel,previously_reserved,,36,14,5,1,3,1,9,7,0.341,0.0,0.306,0,0,0,0,0,0,132
2023,mixed,Scott Swanay,Trent Grisham,5285,SD,OF,45,rel,previously_reserved,,7,5,3,0,0,0,1,2,0.222,0.0,0.0,0,0,0,0,0,0,153
2023,mixed,Scott Swanay,Mark Vientos,5740,NYM,UT,37,rel,previously_reserved,,56,16,9,3,6,1,19,3,0.328,0.0,0.464,37,0,10,0,19,0,0
2023,mixed,Scott Swanay,Edwin Rios,6222,ChC,UT,0,rel,previously_reserved,,13,5,1,1,2,0,6,3,0.25,0.0,0.308,10,0,0,0,5,0,0
2023,mixed,Scott Swanay,Matt Carpenter,3510,SD,UT,55,rel,previously_reserved,,33,13,4,2,11,0,13,6,0.366,0.0,0.606,53,0,13,0,0,0,0
2023,mixed,Scott Swanay,Darick Hall,6600,Phi,UT,0,rel,previously_reserved,,18,6,1,0,1,0,2,1,0.263,0.0,0.278,0,0,16,0,0,0,0
2023,mixed,Scott Swanay,David Villar,8179,SF,UT,72,rel,previously_reserved,,23,7,1,0,3,0,13,2,0.154,0.0,0.174,4,0,6,21,17,0,0
2023,mixed,Scott Swanay,Brent Rooker,6204,Oak,UT,65,act,previously_reserved,OF,12,4,4,3,5,0,4,1,0.357,0.0,1.0,75,0,0,0,0,0,58
2023,mixed,Scott Swanay,LaMonte Wade,5773,SF,CI,35,act,previously_reserved,"1B,OF,CI",172,57,24,9,17,0,36,28,0.345,0.0,0.424,3,0,116,0,0,0,22
2023,mixed,Scott Swanay,Max Muncy,4851,LAD,MI,21,trd,previously_reserved,,18,6,3,0,3,0,9,3,0.286,0.0,0.222,10,0,0,0,124,0,0
2023,mixed,Brent Hershey,Freddie Freeman,2466,LAD,1B,36,act,active,"1B,CI",637,161,131,29,102,23,121,72,0.41,0.437,0.567,0,0,161,0,0,0,0
2023,mixed,Brent Hershey,Luis Arraez,6138,Mia,2B,6,act,active,"1B,2B,CI,MI",574,147,71,10,69,3,34,35,0.393,1.0,0.469,1,0,12,134,0,0,0
2023,mixed,Brent Hershey,Francisco Lindor,3668,NYM,SS,27,act,active,"SS,MI",602,160,108,31,98,31,137,66,0.336,0.522,0.47,1,0,0,0,0,158,0
2023,mixed,Brent Hershey,Gunnar Henderson,7317,Bal,3B,19,act,active,"SS,3B,CI",560,150,100,28,82,10,159,56,0.325,0.211,0.489,11,0,0,0,84,83,0
2023,mixed,Brent Hershey,Evan Carter,7676,Tex,OF,77,act,active,OF,57,20,15,5,11,2,21,10,0.418,0.333,0.684,0,0,0,0,0,0,23
2023,mixed,Brent Hershey,Alex Verdugo,4948,Bos,OF,5,act,active,OF,546,142,81,13,54,5,93,45,0.324,0.2,0.421,0,0,0,0,0,0,140
2023,mixed,Brent Hershey,Jesus Sanchez,6068,Mia,OF,89,act,active,OF,248,81,31,10,38,0,73,27,0.303,0.25,0.419,1,0,0,0,0,0,118
2023,mixed,Brent Hershey,Giancarlo Stanton,2378,NYY,OF,14,act,active,OF,364,99,41,23,59,0,122,40,0.273,0.333,0.412,65,0,0,0,0,0,33
2023,mixed,Brent Hershey,James Outman,7638,LAD,OF,7,act,active,OF,241,74,45,12,32,7,84,44,0.38,0.385,0.432,3,0,0,0,0,0,145
2023,mixed,Brent Hershey,Adley Rutschman,6876,Bal,C,19,act,active,C,588,154,84,20,80,1,101,92,0.374,0.45,0.435,46,110,0,0,0,0,0
2023,mixed,Brent Hershey,Luis Campusano,7096,SD,C,29,act,active,C,40,10,6,2,10,0,3,0,0.405,0.0,0.575,5,42,0,0,0,0,0
2023,mixed,Brent Hershey,Drew Waters,6537,KC,UT,8,act,active,OF,69,22,10,1,4,4,17,9,0.282,0.083,0.319,6,0,0,0,0,0,90
2023,mixed,Brent Hershey,Elehuris Montero,6763,Col,CI,8,act,active,"1B,3B,CI",44,11,9,4,6,0,17,2,0.261,0.333,0.523,16,0,55,0,12,0,0
2023,mixed,Brent Hershey,Justin Turner,2415,Bos,MI,3,act,active,"1B,3B,CI,2B",558,146,86,23,96,4,110,51,0.345,0.316,0.455,98,0,41,10,7,0,0
2023,mixed,Brent Hershey,Chas McCormick,7201,Hou,OF,0,rel,previously_active,,13,4,3,0,2,1,4,3,0.437,0.0,0.462,4,0,0,0,0,0,111
2023,mixed,Brent Hershey,Joey Gallo,4121,Min,OF,3,rel,previously_active,,183,66,24,12,24,0,94,26,0.275,0.0,0.404,1,0,51,0,0,0,64
2023,mixed,Brent Hershey,Christian Yelich,3314,Mil,OF,20,trd,previously_active,,205,56,40,7,25,14,51,28,0.352,0.0,0.39,20,0,0,0,0,0,122
2023,mixed,Brent Hershey,Trevor Larnach,6611,Min,OF,12,rel,previously_active,,93,28,11,3,17,0,39,15,0.3,0.0,0.344,3,0,0,0,0,0,56
2023,mixed,Brent Hershey,Andrew Benintendi,5386,CWS,OF,3,res,previously_active,OF,437,117,56,4,33,8,71,43,0.322,0.0,0.359,1,0,0,0,0,0,147
2023,mixed,Brent Hershey,*Dylan Carlson,6519,StL,OF,13,dis,previously_active,OF,50,19,3,0,6,0,8,2,0.224,0.0,0.18,2,0,0,0,0,0,72
2023,mixed,Brent Hershey,Harold Ramirez,4883,TB,OF,21,rel,previously_active,,186,52,25,6,28,4,45,11,0.312,0.0,0.419,91,0,6,0,0,0,13
2023,mixed,Brent Hershey,Shea Langeliers,6913,Oak,C,1,rel,previously_active,,398,119,45,17,51,3,124,31,0.269,0.0,0.389,8,123,0,0,0,0,0
2023,mixed,Brent Hershey,Tyrone Taylor,4506,Mil,UT,78,rel,previously_active,,35,12,2,0,1,3,9,2,0.216,0.0,0.2,1,0,0,0,0,0,75
2023,mixed,Brent Hershey,*Sam Hilliard,6107,Atl,UT,8,rel,previously_active,,10,5,1,0,0,0,4,0,0.1,0.0,0.2,1,0,0,0,0,0,31
2023,mixed,Brent Hershey,Christian Arroyo,4872,FA,UT,11,rel,previously_active,,9,3,0,0,2,0,4,0,0.111,0.0,0.222,0,0,0,62,4,4,0
2023,mixed,Brent Hershey,Taylor Walls,7321,TB,UT,2,rel,previously_active,,108,32,16,3,11,11,29,15,0.29,0.0,0.324,0,0,0,37,39,32,0
2023,mixed,Brent Hershey,Gabriel Arias,6513,Cle,UT,21,res,previously_active,"SS,3B,OF,CI,1B",27,7,3,0,1,0,7,1,0.143,0.0,0.185,2,0,35,1,14,53,19
2023,mixed,Brent Hershey,D.J. LeMahieu,3275,NYY,UT,8,rel,previously_active,,19,6,0,0,0,0,2,2,0.238,0.0,0.211,4,0,56,9,69,0,0
2023,mixed,Brent Hershey,Jordan Diaz,7896,Oak,CI,8,res,previously_active,"3B,2B,1B,MI",66,21,1,0,4,0,14,3,0.186,0.0,0.167,16,0,7,28,38,0,0
2023,mixed,Brent Hershey,Mike Moustakas,2004,LAA,CI,22,rel,previously_active,,101,28,5,2,11,0,23,2,0.238,0.0,0.327,10,0,50,0,52,0,0
2023,mixed,Brent Hershey,Wander Franco,6256,TB,MI,17,rel,previously_active,,442,112,65,17,58,30,69,42,0.344,0.0,0.475,1,0,0,0,0,111,0
2023,mixed,Brent Hershey,Andrew Benintendi,5386,CWS,OF,3,res,reserved,OF,125,34,16,1,12,5,18,9,0.338,0.25,0.344,1,0,0,0,0,0,147
2023,mixed,Brent Hershey,*Dylan Carlson,6519,StL,OF,13,dis,reserved,OF,61,22,10,2,7,2,18,14,0.382,0.0,0.344,2,0,0,0,0,0,72
2023,mixed,Brent Hershey,Gabriel Arias,6513,Cle,UT,21,res,reserved,"SS,3B,OF,CI,1B",37,10,3,1,5,1,14,0,0.205,0.0,0.324,2,0,35,1,14,53,19
2023,mixed,Brent Hershey,Jordan Diaz,7896,Oak,CI,8,res,reserved,"3B,2B,1B,MI",63,20,6,2,6,0,22,3,0.288,0.2,0.413,16,0,7,28,38,0,0
2023,mixed,Brent Hershey,Harold Ramirez,4883,TB,OF,21,rel,previously_reserved,,47,18,6,0,4,0,6,5,0.418,0.0,0.362,91,0,6,0,0,0,13
2023,mixed,Brent Hershey,Joey Gallo,4121,Min,OF,3,rel,previously_reserved,,47,16,8,5,8,0,20,9,0.357,0.0,0.617,1,0,51,0,0,0,64
2023,mixed,Brent Hershey,Jesus Sanchez,6068,Mia,OF,89,act,previously_reserved,OF,26,9,1,0,2,0,7,1,0.37,0.0,0.423,1,0,0,0,0,0,118
2023,mixed,Brent Hershey,Chas McCormick,7201,Hou,OF,0,rel,previously_reserved,,97,28,11,5,14,3,29,8,0.296,0.0,0.423,4,0,0,0,0,0,111
2023,mixed,Brent Hershey,Giancarlo Stanton,2378,NYY,OF,14,act,previously_reserved,OF,7,2,2,1,1,0,2,1,0.375,0.0,0.857,65,0,0,0,0,0,33
2023,mixed,Brent Hershey,James Outman,7638,LAD,OF,7,act,previously_reserved,OF,17,5,5,2,4,1,6,1,0.368,0.0,0.647,3,0,0,0,0,0,145
2023,mixed,Brent Hershey,Trevor Larnach,6611,Min,OF,12,rel,previously_reserved,,45,14,7,3,11,1,18,5,0.26,0.0,0.444,3,0,0,0,0,0,56
2023,mixed,Brent Hershey,Matt Carpenter,3510,SD,UT,0,rel,previously_reserved,,7,3,0,0,3,0,1,1,0.375,0.0,0.429,53,0,13,0,0,0,0
2023,mixed,Brent Hershey,D.J. LeMahieu,3275,NYY,UT,8,rel,previously_reserved,,66,19,7,1,2,0,16,12,0.423,0.0,0.439,4,0,56,9,69,0,0
2023,mixed,Brent Hershey,Francisco Alvarez,7018,NYM,UT,0,rel,previously_reserved,,36,12,3,1,2,0,13,1,0.216,0.0,0.278,7,108,0,0,0,0,0
2023,mixed,Brent Hershey,Taylor Walls,7321,TB,UT,2,rel,previously_reserved,,76,26,11,3,12,5,23,10,0.314,0.0,0.408,0,0,0,37,39,32,0
2023,mixed,Brent Hershey,Tyrone Taylor,4506,Mil,UT,78,rel,previously_reserved,,28,12,2,0,1,1,11,0,0.143,0.0,0.214,1,0,0,0,0,0,75
2023,mixed,Brent Hershey,Drew Waters,6537,KC,UT,8,act,previously_reserved,OF,43,16,3,0,5,5,16,5,0.34,0.0,0.349,6,0,0,0,0,0,90
2023,mixed,Brent Hershey,Christian Arroyo,4872,FA,UT,11,rel,previously_reserved,,38,12,3,0,1,1,9,2,0.225,0.0,0.211,0,0,0,62,4,4,0
2023,mixed,Brent Hershey,Mike Moustakas,2004,LAA,CI,22,rel,previously_reserved,,30,9,3,1,6,0,7,1,0.273,0.0,0.433,10,0,50,0,52,0,0
2023,mixed,Doug Anderson,Joey Meneses,8250,Was,1B,6,act,active,"1B,CI,OF",582,147,66,12,85,0,123,38,0.325,0.174,0.404,131,0,19,0,0,0,1
2023,mixed,Doug Anderson,Elvis Andrus,1543,CWS,2B,12,act,active,"2B,SS,MI",109,30,13,3,13,4,21,4,0.336,0.176,0.459,1,0,0,63,3,52,0
2023,mixed,Doug Anderson,Corey Seager,4154,Tex,SS,25,act,active,"SS,MI",239,60,47,21,44,1,42,23,0.367,0.31,0.632,7,0,0,0,0,112,0
2023,mixed,Doug Anderson,Bobby Witt,6904,KC,3B,30,act,active,"SS,CI,MI,3B",641,158,97,30,96,49,121,40,0.319,0.385,0.495,10,0,0,0,0,149,0
2023,mixed,Doug Anderson,Michael Harris,7463,Atl,OF,23,act,active,OF,503,137,75,18,57,20,101,25,0.332,0.429,0.479,0,0,0,0,0,0,138
2023,mixed,Doug Anderson,Anthony Santander,5903,Bal,OF,12,act,active,"OF,1B",591,153,81,28,95,5,152,55,0.325,0.238,0.472,47,0,12,0,0,0,98
2023,mixed,Doug Anderson,Jorge Soler,3918,Mia,OF,2,act,active,OF,185,49,25,13,24,0,56,22,0.327,0.421,0.486,102,0,0,0,0,0,32
2023,mixed,Doug Anderson,Eddie Rosario,3889,Atl,OF,0,act,active,OF,245,75,29,8,37,2,61,16,0.285,0.182,0.388,10,0,0,0,0,0,130
2023,mixed,Doug Anderson,Ezequiel Duran,7343,Tex,OF,57,act,active,"SS,3B,OF,CI,2B",343,101,49,12,34,6,102,22,0.323,0.333,0.443,21,0,2,9,22,37,35
2023,mixed,Doug Anderson,Christian Vazquez,4248,Min,C,3,act,active,"C,1B",327,102,34,6,32,1,82,25,0.28,0.3,0.318,1,94,7,2,0,0,0
2023,mixed,Doug Anderson,Christian Bethancourt,3224,TB,C,1,act,active,"C,CI,1B",315,104,49,11,33,1,91,13,0.254,0.25,0.381,0,102,0,0,0,0,0
2023,mixed,Doug Anderson,Brice Turang,6507,Mil,UT,0,act,active,"2B,SS",185,68,19,2,12,14,47,10,0.228,0.187,0.254,0,0,0,119,0,22,0
2023,mixed,Doug Anderson,Jose Abreu,4038,Hou,CI,17,act,active,"1B,CI",517,135,61,18,87,0,124,40,0.297,0.32,0.387,7,0,134,0,0,0,0
2023,mixed,Doug Anderson,Jeremy Pena,7200,Hou,MI,12,act,active,"SS,MI",577,150,81,10,52,13,129,43,0.324,0.391,0.381,0,0,0,0,0,150,0
2023,mixed,Doug Anderson,Vaughn Grissom,7487,Atl,2B,8,res,previously_active,"2B,SS,MI",52,16,5,0,5,0,13,2,0.316,0.0,0.288,0,0,0,4,0,19,0
2023,mixed,Doug Anderson,Miguel Vargas,6973,LAD,2B,6,res,previously_active,"UT,1B,2B,CI",256,81,36,7,32,3,61,38,0.305,0.0,0.367,1,0,5,78,0,0,0
2023,mixed,Doug Anderson,Michael Massey,8221,KC,2B,0,rel,previously_active,,98,30,8,2,11,1,26,3,0.204,0.0,0.286,9,0,0,118,0,0,0
2023,mixed,Doug Anderson,*Taylor Ward,5398,LAA,OF,15,dis,previously_active,OF,323,88,51,11,37,3,73,31,0.319,0.0,0.393,0,0,1,0,0,0,93
2023,mixed,Doug Anderson,Jarred Kelenic,6602,Sea,OF,8,res,previously_active,OF,326,90,43,11,45,12,118,33,0.32,0.0,0.439,3,0,0,0,0,0,101
2023,mixed,Doug Anderson,Esteury Ruiz,6230,Oak,OF,2,trd,previously_active,,334,85,33,1,35,43,68,14,0.31,0.0,0.329,3,0,0,0,0,0,128
2023,mixed,Doug Anderson,*Anthony Rendon,3205,LAA,CI,3,rel,previously_active,,96,28,17,1,17,2,15,18,0.405,0.0,0.365,0,0,0,0,43,0,0
2023,mixed,Doug Anderson,Vaughn Grissom,7487,Atl,2B,8,res,reserved,"2B,SS,MI",23,7,0,0,4,0,2,0,0.304,0.0,0.478,0,0,0,4,0,19,0
2023,mixed,Doug Anderson,Miguel Vargas,6973,LAD,2B,6,res,reserved,"UT,1B,2B,CI",0,0,0,0,0,0,0,0,0.0,0.0,0.0,1,0,5,78,0,0,0
2023,mixed,Doug Anderson,Jarred Kelenic,6602,Sea,OF,8,res,reserved,OF,46,15,1,0,4,1,14,8,0.37,0.222,0.283,3,0,0,0,0,0,101
2023,mixed,Doug Anderson,*Taylor Ward,5398,LAA,OF,15,dis,reserved,OF,33,9,9,3,10,1,7,8,0.476,0.0,0.697,0,0,1,0,0,0,93
2023,mixed,Doug Anderson,Joey Meneses,8250,Was,1B,6,act,previously_reserved,"1B,CI,OF",29,7,5,1,4,0,7,0,0.241,0.0,0.345,131,0,19,0,0,0,1
2023,mixed,Doug Anderson,Michael Massey,8221,KC,2B,0,rel,previously_reserved,,193,61,18,8,26,4,47,17,0.308,0.0,0.409,9,0,0,118,0,0,0
2023,mixed,Doug Anderson,Michael Harris,7463,Atl,OF,23,act,previously_reserved,OF,2,1,1,0,0,0,0,0,0.0,0.0,0.0,0,0,0,0,0,0,138
2023,mixed,Doug Anderson,Eddie Rosario,3889,Atl,OF,0,act,previously_reserved,OF,233,67,35,13,37,1,61,18,0.325,0.0,0.515,10,0,0,0,0,0,130
2023,mixed,Doug Anderson,Will Benson,6051,Cin,UT,0,rel,previously_reserved,,20,8,0,0,0,0,12,1,0.095,0.0,0.05,5,0,0,0,0,0,97
2023,mixed,Doug Anderson,Brice Turang,6507,Mil,UT,0,act,previously_reserved,"2B,SS",219,69,27,4,22,12,47,28,0.331,0.0,0.338,0,0,0,119,0,22,0
2023,mixed,Doug Anderson,Jose Abreu,4038,Hou,CI,17,act,previously_reserved,"1B,CI",23,6,1,0,3,0,6,2,0.28,0.0,0.304,7,0,134,0,0,0,0
2023,mixed,Doug Anderson,*Anthony Rendon,3205,LAA,CI,3,rel,previously_reserved,,20,6,4,0,3,0,2,2,0.333,0.0,0.25,0,0,0,0,43,0,0
2023,mixed,Garion Thorne,Bryce Harper,2628,Phi,1B,6,act,active,1B,457,126,84,21,72,11,119,80,0.401,0.5,0.499,89,0,36,0,0,0,0
2023,mixed,Garion Thorne,Edouard Julien,8320,Min,2B,61,act,active,"UT,2B",292,94,52,13,32,2,109,56,0.389,0.417,0.452,27,0,4,75,0,0,0
2023,mixed,Garion Thorne,Orlando Arcia,4503,Atl,SS,18,act,active,"SS,2B,MI",473,135,63,17,64,1,99,38,0.319,0.158,0.421,0,0,0,0,0,139,0
2023,mixed,Garion Thorne,Elly De La Cruz,7839,Cin,3B,38,act,active,"SS,MI,3B",227,58,35,8,27,18,89,24,0.286,0.391,0.383,1,0,0,0,32,69,0
2023,mixed,Garion Thorne,Charlie Blackmon,2620,Col,OF,1,act,active,OF,339,90,49,6,35,4,54,35,0.351,0.308,0.41,61,0,0,0,0,0,30
2023,mixed,Garion Thorne,Julio Rodriguez,6579,Sea,OF,36,act,active,OF,654,155,102,32,103,37,175,47,0.333,0.107,0.485,3,0,0,0,0,0,152
2023,mixed,Garion Thorne,Jack Suwinski,7898,Pit,OF,0,act,active,OF,324,107,50,19,54,10,128,60,0.354,0.292,0.46,2,0,0,0,0,0,139
2023,mixed,Garion Thorne,Luis Robert,5725,CWS,OF,18,act,active,OF,546,145,90,38,80,20,172,30,0.315,0.0,0.542,0,0,0,0,0,0,143
2023,mixed,Garion Thorne,Yordan Alvarez,6185,Hou,OF,34,act,active,OF,410,114,77,31,97,0,92,69,0.407,0.346,0.583,73,0,0,0,0,0,40
2023,mixed,Garion Thorne,Salvador Perez,3457,KC,C,14,act,active,"C,1B",538,140,59,23,80,0,135,19,0.292,0.32,0.422,29,91,23,0,0,0,0
2023,mixed,Garion Thorne,J.T. Realmuto,4028,Phi,C,26,act,active,C,489,135,70,20,63,16,138,35,0.31,0.333,0.452,0,133,0,0,0,0,0
2023,mixed,Garion Thorne,Jeff McNeil,6617,NYM,UT,4,act,active,"2B,OF,MI",563,150,72,10,51,10,65,37,0.33,0.25,0.375,0,0,1,107,0,1,68
2023,mixed,Garion Thorne,Connor Joe,5311,Pit,CI,11,act,active,"OF,1B,CI",216,72,35,6,21,2,65,23,0.329,0.647,0.407,3,0,53,0,0,0,81
2023,mixed,Garion Thorne,Ezequiel Tovar,7785,Col,MI,2,act,active,"SS,MI",445,115,66,12,61,8,124,19,0.288,0.16,0.416,0,0,0,0,0,153,0
2023,mixed,Garion Thorne,Brandon Belt,3336,Tor,1B,1,dis,previously_active,"1B,CI",308,94,49,16,37,0,129,59,0.371,0.0,0.477,69,0,29,0,0,0,0
2023,mixed,Garion Thorne,Trey Mancini,5439,FA,1B,2,rel,previously_active,,69,18,6,2,12,0,22,2,0.26,0.0,0.333,22,0,51,0,0,0,5
2023,mixed,Garion Thorne,Nolan Arenado,3214,StL,3B,24,trd,previously_active,,371,96,47,21,76,2,72,29,0.34,0.0,0.523,15,0,0,0,128,0,0
2023,mixed,Garion Thorne,Luis Matos,7330,SF,OF,75,res,previously_active,OF,158,49,11,2,9,2,24,8,0.286,0.0,0.335,2,0,0,0,0,0,73
2023,mixed,Garion Thorne,Oscar Gonzalez,7841,Cle,OF,1,rel,previously_active,,31,8,3,0,0,0,6,0,0.161,0.0,0.226,19,0,0,0,0,0,32
2023,mixed,Garion Thorne,*Jasson Dominguez,6875,NYY,OF,429,res,previously_active,OF,18,5,3,2,3,1,6,2,0.35,0.0,0.667,0,0,0,0,0,0,8
2023,mixed,Garion Thorne,Alex Call,6151,Was,OF,16,rel,previously_active,,141,40,12,2,11,2,31,13,0.245,0.0,0.255,0,0,0,0,0,0,123
2023,mixed,Garion Thorne,Josh Donaldson,2107,Mil,CI,0,rel,previously_active,,40,13,4,2,3,0,12,4,0.178,0.0,0.25,9,0,0,0,38,0,0
2023,mixed,Garion Thorne,Jorge Mateo,5119,Bal,MI,1,res,previously_active,"SS,MI",165,52,29,6,24,17,39,11,0.283,0.0,0.388,2,0,0,0,0,110,4
2023,mixed,Garion Thorne,Brandon Belt,3336,Tor,1B,1,dis,reserved,"1B,CI",31,9,4,3,6,0,12,2,0.343,0.364,0.613,69,0,29,0,0,0,0
2023,mixed,Garion Thorne,Luis Matos,7330,SF,OF,75,res,reserved,OF,58,23,6,0,3,0,9,7,0.364,0.273,0.362,2,0,0,0,0,0,73
2023,mixed,Garion Thorne,*Jasson Dominguez,6875,NYY,OF,429,res,reserved,OF,0,0,0,0,0,0,0,0,0.0,0.0,0.0,0,0,0,0,0,0,8
2023,mixed,Garion Thorne,Jorge Mateo,5119,Bal,MI,1,res,reserved,"SS,MI",153,64,29,1,10,15,43,11,0.25,0.3,0.288,2,0,0,0,0,110,4
2023,mixed,Garion Thorne,Trey Mancini,5439,FA,1B,2,rel,previously_reserved,,76,26,13,1,4,0,23,14,0.389,0.0,0.368,22,0,51,0,0,0,5
2023,mixed,Garion Thorne,Edouard Julien,8320,Min,2B,61,act,previously_reserved,"UT,2B",29,10,6,2,4,1,14,7,0.405,0.0,0.621,27,0,4,75,0,0,0
2023,mixed,Garion Thorne,Orlando Arcia,4503,Atl,SS,18,act,previously_reserved,"SS,2B,MI",4,1,0,0,0,0,2,0,0.25,0.0,0.5,0,0,0,0,0,139,0
2023,mixed,Garion Thorne,Jack Suwinski,7898,Pit,OF,0,act,previously_reserved,OF,123,37,13,7,20,3,44,15,0.295,0.0,0.439,2,0,0,0,0,0,139
2023,mixed,Garion Thorne,Alex Call,6151,Was,OF,16,rel,previously_reserved,,53,16,6,0,2,4,10,5,0.367,0.0,0.321,0,0,0,0,0,0,123
2023,mixed,Garion Thorne,Oscar Gonzalez,7841,Cle,OF,1,rel,previously_reserved,,42,17,2,1,5,0,9,2,0.25,0.0,0.333,19,0,0,0,0,0,32
2023,mixed,Garion Thorne,Charlie Blackmon,2620,Col,OF,1,act,previously_reserved,OF,20,6,8,2,5,0,1,4,0.56,0.0,0.95,61,0,0,0,0,0,30
2023,mixed,Garion Thorne,*Dylan Carlson,6519,StL,OF,0,rel,previously_reserved,,100,32,12,2,12,1,22,6,0.278,0.0,0.35,2,0,0,0,0,0,72
2023,mixed,Garion Thorne,Jeff McNeil,6617,NYM,UT,4,act,previously_reserved,"2B,OF,MI",22,6,3,0,4,0,0,2,0.423,0.0,0.455,0,0,1,107,0,1,68
2023,mixed,Garion Thorne,Connor Joe,5311,Pit,CI,11,act,previously_reserved,"OF,1B,CI",141,43,15,3,13,0,32,19,0.307,0.0,0.355,3,0,53,0,0,0,81
2023,mixed,Garion Thorne,Josh Donaldson,2107,Mil,CI,0,rel,previously_reserved,,66,21,9,8,12,0,20,8,0.253,0.0,0.545,9,0,0,0,38,0,0
2023,mixed,Garion Thorne,Ezequiel Tovar,7785,Col,MI,2,act,previously_reserved,"SS,MI",136,38,13,3,12,3,42,6,0.285,0.0,0.382,0,0,0,0,0,153,0
2023,mixed,Scott Pianowski,Peter Alonso,6132,NYM,1B,34,act,active,"1B,CI",568,154,92,46,118,4,151,65,0.318,0.308,0.504,9,0,144,0,0,0,0
2023,mixed,Scott Pianowski,Marcus Semien,4300,Tex,2B,28,act,active,"2B,MI,SS",670,162,122,29,100,14,110,72,0.348,0.323,0.478,0,0,0,162,0,0,0
2023,mixed,Scott Pianowski,Thairo Estrada,6305,SF,SS,9,act,active,"2B,SS,MI,OF",487,118,62,14,48,23,118,21,0.315,0.25,0.419,2,0,0,102,0,24,3
2023,mixed,Scott Pianowski,Alec Bohm,6542,Phi,3B,7,act,active,"3B,CI,1B",233,59,33,11,36,1,32,19,0.327,0.111,0.476,3,0,80,0,90,0,0
2023,mixed,Scott Pianowski,Parker Meadows,6915,Det,OF,120,act,active,OF,105,31,16,2,9,7,28,12,0.317,0.393,0.333,1,0,0,0,0,0,36
2023,mixed,Scott Pianowski,Andrew Vaughn,6905,CWS,OF,6,act,active,"1B,CI,OF",551,148,66,20,76,0,127,35,0.312,0.24,0.426,8,0,143,0,0,0,0
2023,mixed,Scott Pianowski,Tommy Pham,5041,Ari,OF,51,act,active,OF,312,84,42,10,46,16,75,32,0.33,0.269,0.429,44,0,0,0,0,0,81
2023,mixed,Scott Pianowski,Eloy Jimenez,4617,CWS,OF,17,act,active,OF,441,116,48,18,61,0,87,27,0.318,0.3,0.449,105,0,0,0,0,0,14
2023,mixed,Scott Pianowski,Joc Pederson,4090,SF,OF,4,act,active,"UT,OF",310,105,50,12,42,0,80,49,0.348,0.235,0.41,79,0,2,0,0,0,37
2023,mixed,Scott Pianowski,Tyler Stephenson,5388,Cin,C,15,act,active,"C,1B",465,142,59,13,56,0,135,47,0.317,0.154,0.378,43,92,8,0,0,0,0
2023,mixed,Scott Pianowski,Connor Wong,7229,Bos,C,0,act,active,C,200,68,26,3,18,7,71,9,0.277,0.118,0.355,1,121,0,4,0,0,0
2023,mixed,Scott Pianowski,Eugenio Suarez,4330,Sea,UT,14,act,active,"3B,CI",598,162,68,22,96,2,214,70,0.323,0.333,0.391,3,0,0,0,159,0,0
2023,mixed,Scott Pianowski,Brandon Drury,4055,LAA,CI,4,act,active,"2B,1B,CI,3B,MI",307,77,34,17,55,0,90,16,0.292,0.36,0.472,9,0,47,92,0,0,0
2023,mixed,Scott Pianowski,Ji-Hwan Bae,6556,Pit,MI,22,act,active,"OF,2B",189,66,29,2,18,9,56,16,0.282,0.133,0.291,0,0,0,64,0,3,62
2023,mixed,Scott Pianowski,Amed Rosario,4884,LAD,SS,11,res,previously_active,"UT,SS,MI,2B",430,108,58,6,51,10,83,23,0.306,0.0,0.388,7,0,0,36,0,104,0
2023,mixed,Scott Pianowski,Zach Remillard,7493,CWS,3B,5,rel,previously_active,,51,15,7,1,5,1,19,2,0.245,0.0,0.314,0,0,0,34,7,4,12
2023,mixed,Scott Pianowski,James Outman,7638,LAD,OF,0,rel,previously_active,,166,52,26,6,21,6,66,16,0.302,0.0,0.392,3,0,0,0,0,0,145
2023,mixed,Scott Pianowski,Wil Myers,3153,FA,OF,9,rel,previously_active,,81,23,8,2,9,1,31,8,0.292,0.0,0.321,4,0,13,0,0,0,27
2023,mixed,Scott Pianowski,Mickey Moniak,5792,LAA,OF,44,dis,previously_active,OF,231,62,20,7,25,4,87,6,0.29,0.0,0.437,0,0,0,0,0,0,80
2023,mixed,Scott Pianowski,Jurickson Profar,3198,SD,OF,11,rel,previously_active,,77,24,10,1,5,0,14,7,0.287,0.0,0.312,18,0,5,1,0,0,97
2023,mixed,Scott Pianowski,Aaron Hicks,2591,Bal,OF,55,rel,previously_active,,66,20,11,3,10,1,19,8,0.333,0.0,0.424,8,0,0,0,0,0,84
2023,mixed,Scott Pianowski,Jake Rogers,6265,Det,C,55,res,previously_active,C,25,8,5,1,5,0,8,2,0.296,0.0,0.44,7,99,0,0,0,0,1
2023,mixed,Scott Pianowski,Eric Haase,5709,FA,C,2,rel,previously_active,,159,49,12,2,14,3,48,14,0.27,0.0,0.283,6,60,0,0,0,0,24
2023,mixed,Scott Pianowski,Brent Rooker,6204,Oak,UT,113,rel,previously_active,,162,47,24,9,26,1,54,23,0.353,0.0,0.469,75,0,0,0,0,0,58
2023,mixed,Scott Pianowski,*Giovanny Urshela,5061,LAA,CI,39,dis,previously_active,"3B,SS,1B,CI",160,48,17,1,15,3,27,8,0.343,0.0,0.388,0,0,22,1,37,9,0
2023,mixed,Scott Pianowski,Ryan Mountcastle,5676,Bal,CI,11,rel,previously_active,,119,28,17,6,21,2,26,4,0.264,0.0,0.445,23,0,90,0,0,0,0
2023,mixed,Scott Pianowski,Nick Senzel,5674,Cin,CI,105,rel,previously_active,,109,29,9,2,16,2,29,11,0.317,0.0,0.358,4,0,0,6,57,0,54
2023,mixed,Scott Pianowski,Tony Kemp,5292,Oak,MI,22,rel,previously_active,,25,9,2,0,3,1,1,3,0.367,0.0,0.44,3,0,0,57,0,0,65
2023,mixed,Scott Pianowski,Elvis Andrus,1543,CWS,MI,1,rel,previously_active,,16,4,0,0,0,1,2,0,0.176,0.0,0.125,1,0,0,63,3,52,0
2023,mixed,Scott Pianowski,Jace Peterson,4427,Ari,MI,44,rel,previously_active,,70,24,6,1,7,2,14,9,0.284,0.0,0.314,3,0,1,21,112,0,1
2023,mixed,Scott Pianowski,Amed Rosario,4884,LAD,SS,11,res,reserved,"UT,SS,MI,2B",80,34,12,0,7,5,16,6,0.299,0.455,0.325,7,0,0,36,0,104,0
2023,mixed,Scott Pianowski,Mickey Moniak,5792,LAA,OF,44,dis,reserved,OF,72,21,11,6,19,0,23,2,0.329,0.286,0.639,0,0,0,0,0,0,80
2023,mixed,Scott Pianowski,Jake Rogers,6265,Det,C,55,res,reserved,C,198,59,30,12,26,1,64,12,0.296,0.333,0.455,7,99,0,0,0,0,1
2023,mixed,Scott Pianowski,*Giovanny Urshela,5061,LAA,CI,39,dis,reserved,"3B,SS,1B,CI",42,11,2,1,7,0,6,1,0.233,0.0,0.31,0,0,22,1,37,9,0
2023,mixed,Scott Pianowski,Thairo Estrada,6305,SF,SS,9,act,previously_reserved,"2B,SS,MI,OF",8,2,1,0,1,0,2,1,0.333,0.0,0.25,2,0,0,102,0,24,3
2023,mixed,Scott Pianowski,Zach Remillard,7493,CWS,3B,5,rel,previously_reserved,,32,11,3,0,3,1,10,0,0.187,0.0,0.219,0,0,0,34,7,4,12
2023,mixed,Scott Pianowski,Joey Wendle,4608,Mia,3B,0,rel,previously_reserved,,64,26,7,0,5,1,17,7,0.306,0.0,0.359,0,0,0,0,0,107,0
2023,mixed,Scott Pianowski,Wil Myers,3153,FA,OF,9,rel,previously_reserved,,46,14,3,1,3,1,17,4,0.196,0.0,0.217,4,0,13,0,0,0,27
2023,mixed,Scott Pianowski,Andrew Vaughn,6905,CWS,OF,6,act,previously_reserved,"1B,CI,OF",15,4,1,1,4,0,2,1,0.375,0.0,0.533,8,0,143,0,0,0,0
2023,mixed,Scott Pianowski,Aaron Hicks,2591,Bal,OF,55,rel,previously_reserved,,42,14,6,2,6,1,12,6,0.292,0.0,0.333,8,0,0,0,0,0,84
2023,mixed,Scott Pianowski,Bubba Thompson,6199,KC,OF,0,rel,previously_reserved,,3,2,1,0,0,0,0,0,0.333,0.0,0.667,3,0,0,0,0,0,32
2023,mixed,Scott Pianowski,James Outman,7638,LAD,OF,0,rel,previously_reserved,,23,9,7,3,9,1,11,7,0.516,0.0,0.913,3,0,0,0,0,0,145
2023,mixed,Scott Pianowski,Joc Pederson,4090,SF,OF,4,act,previously_reserved,"UT,OF",48,16,9,3,9,0,9,8,0.351,0.0,0.458,79,0,2,0,0,0,37
2023,mixed,Scott Pianowski,Eloy Jimenez,4617,CWS,OF,17,act,previously_reserved,OF,15,4,2,0,3,0,6,3,0.278,0.0,0.2,105,0,0,0,0,0,14
2023,mixed,Scott Pianowski,Eric Haase,5709,FA,C,2,rel,previously_reserved,,17,6,2,1,3,0,5,0,0.294,0.0,0.471,6,60,0,0,0,0,24
2023,mixed,Scott Pianowski,Brent Rooker,6204,Oak,UT,113,rel,previously_reserved,,81,26,4,3,7,1,40,6,0.264,0.0,0.358,75,0,0,0,0,0,58
2023,mixed,Scott Pianowski,Ryan Mountcastle,5676,Bal,CI,11,rel,previously_reserved,,123,32,17,5,18,0,38,8,0.265,0.0,0.398,23,0,90,0,0,0,0
2023,mixed,Scott Pianowski,Nick Senzel,5674,Cin,CI,105,rel,previously_reserved,,19,8,3,1,1,0,5,1,0.2,0.0,0.316,4,0,0,6,57,0,54
2023,mixed,Scott Pianowski,Brandon Drury,4055,LAA,CI,4,act,previously_reserved,"2B,1B,CI,3B,MI",178,48,27,9,28,0,46,9,0.33,0.0,0.539,9,0,47,92,0,0,0
2023,mixed,Scott Pianowski,Jace Peterson,4427,Ari,MI,44,rel,previously_reserved,,44,19,3,0,3,2,15,7,0.327,0.0,0.205,3,0,1,21,112,0,1
2023,mixed,Scott Pianowski,Ji-Hwan Bae,6556,Pit,MI,22,act,previously_reserved,"OF,2B",135,42,23,0,14,13,32,13,0.318,0.0,0.341,0,0,0,64,0,3,62
2023,mixed,Scott Pianowski,Elvis Andrus,1543,CWS,MI,1,rel,previously_reserved,,153,46,15,1,13,5,32,15,0.281,0.0,0.261,1,0,0,63,3,52,0
2023,mixed,Nick Pollack,Matt Olson,4465,Atl,1B,29,act,active,"1B,CI",608,162,127,54,139,1,167,104,0.389,0.421,0.604,0,0,162,0,0,0,0
2023,mixed,Nick Pollack,Ryan McMahon,4613,Col,2B,3,act,active,"3B,CI,2B",555,152,80,23,70,5,198,68,0.322,0.062,0.431,3,0,0,22,130,0,0
2023,mixed,Nick Pollack,Dansby Swanson,5276,ChC,SS,18,act,active,"SS,MI",511,132,69,15,61,9,133,60,0.323,0.273,0.382,0,0,0,0,0,147,0
2023,mixed,Nick Pollack,Rafael Devers,4903,Bos,3B,30,act,active,"UT,3B,CI",580,153,90,33,100,5,126,62,0.351,0.25,0.5,2,0,0,0,151,1,0
2023,mixed,Nick Pollack,Alek Thomas,6957,Ari,OF,70,act,active,OF,216,72,24,6,25,4,52,9,0.249,0.2,0.356,2,0,0,0,0,0,117
2023,mixed,Nick Pollack,Mitch Haniger,4480,SF,OF,35,act,active,OF,51,17,6,2,6,0,17,5,0.25,0.333,0.373,3,0,0,0,0,0,57
2023,mixed,Nick Pollack,Zach McKinstry,7128,Det,OF,16,act,active,"3B,2B,OF,MI,SS,CI",338,105,42,6,26,10,80,28,0.293,0.333,0.334,2,0,0,48,52,23,56
2023,mixed,Nick Pollack,Teoscar Hernandez,4844,Sea,OF,19,act,active,OF,625,160,70,26,93,7,211,38,0.305,0.087,0.435,28,0,0,0,0,0,135
2023,mixed,Nick Pollack,Hunter Renfroe,4558,FA,OF,9,act,active,"OF,1B",498,140,60,20,60,0,125,44,0.297,0.0,0.416,7,0,5,0,0,0,128
2023,mixed,Nick Pollack,Jonah Heim,5632,Tex,C,2,act,active,C,457,131,61,18,95,2,96,40,0.317,0.333,0.438,7,124,0,0,0,0,0
2023,mixed,Nick Pollack,Sean Murphy,5926,Atl,C,14,act,active,C,370,108,65,21,68,0,98,49,0.365,0.25,0.478,5,102,0,0,0,0,0
2023,mixed,Nick Pollack,Brandon Lowe,6565,TB,UT,9,act,active,"2B,MI",357,101,57,21,66,6,114,45,0.324,0.0,0.443,4,0,0,105,0,0,0
2023,mixed,Nick Pollack,Ha-seong Kim,7554,SD,CI,1,act,active,"SS,3B,2B,CI,MI",432,118,70,14,47,32,92,59,0.354,0.207,0.41,1,0,0,106,32,20,0
2023,mixed,Nick Pollack,Willy Adames,5094,Mil,MI,18,act,active,"SS,MI",531,144,69,23,79,5,157,70,0.312,0.4,0.407,2,0,0,0,0,147,0
2023,mixed,Nick Pollack,Zach Neto,8259,LAA,SS,125,res,previously_active,SS,200,62,29,7,26,5,45,12,0.339,0.0,0.43,0,0,0,0,0,84,0
2023,mixed,Nick Pollack,Matt Vierling,7774,Det,OF,5,rel,previously_active,,80,25,9,0,6,1,18,11,0.385,0.0,0.375,0,0,0,1,35,0,114
2023,mixed,Nick Pollack,Rafael Ortega,3646,NYM,OF,1,rel,previously_active,,6,3,0,0,0,1,2,1,0.429,0.0,0.333,2,0,0,0,0,0,42
2023,mixed,Nick Pollack,Ramon Laureano,5858,Cle,OF,5,rel,previously_active,,202,56,21,5,17,8,68,13,0.274,0.0,0.361,4,0,0,0,0,0,97
2023,mixed,Nick Pollack,Adolis Garcia,5465,Tex,OF,20,dis,previously_active,OF,512,135,97,34,100,8,159,56,0.322,0.0,0.494,7,0,0,0,0,0,140
2023,mixed,Nick Pollack,Oscar Colas,7293,CWS,OF,1,rel,previously_active,,76,25,8,1,7,2,20,5,0.265,0.0,0.276,2,0,0,0,0,0,72
2023,mixed,Nick Pollack,Jordan Lawlar,7687,Ari,UT,96,res,previously_active,"UT,SS",9,5,1,0,0,0,2,1,0.3,0.0,0.222,0,0,0,0,0,13,0
2023,mixed,Nick Pollack,Oswaldo Cabrera,7893,NYY,UT,0,rel,previously_active,,20,6,3,0,0,0,5,4,0.25,0.0,0.15,2,0,1,6,15,5,92
2023,mixed,Nick Pollack,Pablo Reyes,6398,Bos,SS,36,res,reserved,"UT,SS,2B,MI",25,13,2,0,2,2,3,5,0.333,0.4,0.2,2,0,2,30,4,31,0
2023,mixed,Nick Pollack,Zach Neto,8259,LAA,SS,125,res,reserved,SS,81,20,9,2,8,0,30,8,0.258,0.346,0.284,0,0,0,0,0,84,0
2023,mixed,Nick Pollack,Adolis Garcia,5465,Tex,OF,20,dis,reserved,OF,43,13,11,5,7,1,16,9,0.385,0.37,0.674,7,0,0,0,0,0,140
2023,mixed,Nick Pollack,Jordan Lawlar,7687,Ari,UT,96,res,reserved,"UT,SS",11,6,0,0,0,0,3,1,0.167,0.125,0.091,0,0,0,0,0,13,0
2023,mixed,Nick Pollack,Dansby Swanson,5276,ChC,SS,18,act,previously_reserved,"SS,MI",54,15,12,7,19,0,21,6,0.371,0.0,0.741,0,0,0,0,0,147,0
2023,mixed,Nick Pollack,Ramon Laureano,5858,Cle,OF,5,rel,previously_reserved,,16,5,3,1,4,0,4,2,0.389,0.0,0.562,4,0,0,0,0,0,97
2023,mixed,Nick Pollack,Alek Thomas,6957,Ari,OF,70,act,previously_reserved,OF,20,7,7,0,1,1,3,2,0.478,0.0,0.5,2,0,0,0,0,0,117
2023,mixed,Nick Pollack,Matt Vierling,7774,Det,OF,5,rel,previously_reserved,,112,28,13,0,5,0,24,5,0.263,0.0,0.277,0,0,0,1,35,0,114
2023,mixed,Nick Pollack,Zach McKinstry,7128,Det,OF,16,act,previously_reserved,"3B,2B,OF,MI,SS,CI",57,16,7,1,4,2,15,7,0.323,0.0,0.386,2,0,0,48,52,23,56
2023,mixed,Nick Pollack,Oswaldo Cabrera,7893,NYY,UT,0,rel,previously_reserved,,148,54,16,4,18,5,32,6,0.236,0.0,0.318,2,0,1,6,15,5,92
2023,mixed,Nick Pollack,Brandon Lowe,6565,TB,UT,9,act,previously_reserved,"2B,MI",20,8,1,0,2,1,5,5,0.4,0.0,0.45,4,0,0,105,0,0,0
2023,mixed,Nick Pollack,Ha-seong Kim,7554,SD,CI,1,act,previously_reserved,"SS,3B,2B,CI,MI",106,34,14,3,13,6,32,16,0.339,0.0,0.349,1,0,0,106,32,20,0
2023,mixed,Nick Pollack,Willy Adames,5094,Mil,MI,18,act,previously_reserved,"SS,MI",22,5,4,1,1,0,8,1,0.261,0.0,0.409,2,0,0,0,0,147,0
2023,mixed,CJ Kaltenbach,Triston Casas,6099,Bos,1B,11,act,active,"1B,CI",429,132,66,24,65,0,126,70,0.367,0.0,0.49,3,0,125,0,0,0,0
2023,mixed,CJ Kaltenbach,Ozzie Albies,5099,Atl,2B,18,act,active,"2B,MI",568,142,95,33,109,13,101,45,0.335,0.517,0.523,0,0,0,148,0,0,0
2023,mixed,CJ Kaltenbach,Geraldo Perdomo,6842,Ari,SS,12,act,active,"SS,2B,MI,3B",257,94,47,4,26,11,54,44,0.358,0.304,0.35,0,0,0,28,16,116,0
2023,mixed,CJ Kaltenbach,Austin Riley,5688,Atl,3B,33,act,active,"3B,CI",636,159,117,37,97,3,172,59,0.345,0.357,0.516,0,0,0,0,159,0,0
2023,mixed,CJ Kaltenbach,Will Brennan,8284,Cle,OF,7,act,active,OF,147,47,14,1,14,7,20,6,0.29,0.429,0.32,4,0,0,0,0,0,121
2023,mixed,CJ Kaltenbach,Mookie Betts,4670,LAD,OF,33,act,active,"SS,OF,2B",584,152,126,39,107,14,107,96,0.408,0.375,0.579,0,0,0,70,0,16,107
2023,mixed,CJ Kaltenbach,Lourdes Gurriel,5350,Ari,OF,2,act,active,OF,551,145,65,24,82,5,103,33,0.309,0.32,0.463,50,0,1,0,0,0,95
2023,mixed,CJ Kaltenbach,Jordan Walker,7348,StL,OF,333,act,active,OF,163,45,24,6,22,2,42,19,0.373,0.308,0.491,7,0,0,0,0,0,110
2023,mixed,CJ Kaltenbach,Randy Arozarena,6129,TB,OF,26,act,active,OF,551,151,95,23,83,22,156,80,0.364,0.429,0.425,12,0,0,0,0,0,139
2023,mixed,CJ Kaltenbach,Patrick Bailey,7366,SF,C,37,act,active,C,320,94,28,6,46,1,99,21,0.284,0.0,0.35,1,94,0,0,0,0,0
2023,mixed,CJ Kaltenbach,Logan O'Hoppe,7442,LAA,C,3,act,active,C,173,49,23,14,29,0,46,14,0.311,0.5,0.526,1,49,0,0,0,0,0
2023,mixed,CJ Kaltenbach,Michael Brantley,2212,Hou,UT,0,act,active,OF,12,3,1,0,1,0,0,1,0.385,0.385,0.417,4,0,0,0,0,0,10
2023,mixed,CJ Kaltenbach,Yoan Moncada,5023,CWS,CI,4,act,active,"3B,CI",304,84,38,11,37,1,99,19,0.309,0.437,0.437,0,0,0,0,90,0,0
2023,mixed,CJ Kaltenbach,Tim Anderson,4591,CWS,MI,19,act,active,"SS,MI",469,117,49,1,24,13,115,23,0.286,0.176,0.301,0,0,0,2,0,119,0
2023,mixed,CJ Kaltenbach,Luke Raley,6663,TB,1B,32,dis,previously_active,"OF,1B",239,76,33,9,28,7,85,18,0.327,0.0,0.452,18,0,35,0,0,0,65
2023,mixed,CJ Kaltenbach,Bryson Stott,6943,Phi,SS,3,trd,previously_active,,414,105,56,10,43,20,72,26,0.343,0.0,0.44,1,0,0,149,0,0,0
2023,mixed,CJ Kaltenbach,Will Benson,6051,Cin,OF,2,res,previously_active,OF,91,32,15,4,14,6,36,13,0.375,0.0,0.582,5,0,0,0,0,0,97
2023,mixed,CJ Kaltenbach,Robbie Grossman,2699,Tex,OF,7,res,previously_active,OF,117,38,17,2,15,0,27,19,0.314,0.0,0.308,39,0,0,0,0,0,72
2023,mixed,CJ Kaltenbach,Starling Marte,2908,NYM,OF,17,dis,previously_active,OF,307,84,38,5,28,24,66,16,0.308,0.0,0.332,0,0,0,0,0,0,85
2023,mixed,CJ Kaltenbach,Alek Thomas,6957,Ari,OF,2,rel,previously_active,,109,37,14,2,10,3,27,8,0.261,0.0,0.339,2,0,0,0,0,0,117
2023,mixed,CJ Kaltenbach,Luis Campusano,7096,SD,C,2,rel,previously_active,,47,14,7,1,4,0,10,2,0.28,0.0,0.362,5,42,0,0,0,0,0
2023,mixed,CJ Kaltenbach,*Freddy Fermin,7171,KC,C,9,rel,previously_active,,5,2,0,0,0,0,1,3,0.375,0.0,0.0,2,65,0,0,0,0,0
2023,mixed,CJ Kaltenbach,Matt Thaiss,5814,LAA,C,7,rel,previously_active,,199,72,26,6,25,2,56,31,0.349,0.0,0.367,5,82,3,0,0,0,0
2023,mixed,CJ Kaltenbach,Chad Wallach,5153,LAA,C,4,rel,previously_active,,24,8,4,1,4,0,5,1,0.32,0.0,0.458,2,59,1,0,0,0,0
2023,mixed,CJ Kaltenbach,Joey Bart,6596,SF,C,0,rel,previously_active,,20,10,1,0,0,0,5,1,0.292,0.0,0.2,0,30,0,0,0,0,0
2023,mixed,CJ Kaltenbach,Oscar Mercado,5747,LAD,UT,37,rel,previously_active,,13,5,0,0,0,0,3,1,0.286,0.0,0.308,2,0,0,0,0,0,17
2023,mixed,CJ Kaltenbach,Eduardo Escobar,3138,LAA,CI,0,rel,previously_active,,66,22,8,3,9,0,16,4,0.225,0.0,0.379,3,0,5,20,65,1,0
2023,mixed,CJ Kaltenbach,Miguel Rojas,4814,LAD,MI,0,rel,previously_active,,4,2,0,0,0,0,1,1,0.2,0.0,0.0,1,0,0,1,1,121,0
2023,mixed,CJ Kaltenbach,Luke Raley,6663,TB,1B,32,dis,reserved,"OF,1B",0,0,0,0,0,0,0,0,0.0,0.0,0.0,18,0,35,0,0,0,65
2023,mixed,CJ Kaltenbach,Starling Marte,2908,NYM,OF,17,dis,reserved,OF,8,2,0,0,0,0,3,0,0.0,0.0,0.0,0,0,0,0,0,0,85
2023,mixed,CJ Kaltenbach,Will Benson,6051,Cin,OF,2,res,reserved,OF,114,43,22,4,11,9,42,12,0.352,0.5,0.482,5,0,0,0,0,0,97
2023,mixed,CJ Kaltenbach,Robbie Grossman,2699,Tex,OF,7,res,reserved,OF,114,44,17,3,13,1,32,28,0.403,0.385,0.456,39,0,0,0,0,0,72
2023,mixed,CJ Kaltenbach,Max Stassi,3002,LAA,C,1,res,reserved,C,0,0,0,0,0,0,0,0,0.0,0.0,0.0,0,0,0,0,0,0,0
2023,mixed,CJ Kaltenbach,Ozzie Albies,5099,Atl,2B,18,act,previously_reserved,"2B,MI",28,6,1,0,0,0,6,1,0.345,0.0,0.321,0,0,0,148,0,0,0
2023,mixed,CJ Kaltenbach,Geraldo Perdomo,6842,Ari,SS,12,act,previously_reserved,"SS,2B,MI,3B",105,33,13,1,10,4,20,15,0.309,0.0,0.286,0,0,0,28,16,116,0
2023,mixed,CJ Kaltenbach,Alek Thomas,6957,Ari,OF,2,rel,previously_reserved,,4,2,0,0,0,0,0,0,0.0,0.0,0.0,2,0,0,0,0,0,117
2023,mixed,CJ Kaltenbach,Will Brennan,8284,Cle,OF,7,act,previously_reserved,OF,241,73,21,4,19,5,30,7,0.303,0.0,0.382,4,0,0,0,0,0,121
2023,mixed,CJ Kaltenbach,Joey Bart,6596,SF,C,0,rel,previously_reserved,,48,13,5,0,3,0,14,1,0.286,0.0,0.333,0,30,0,0,0,0,0
2023,mixed,CJ Kaltenbach,Logan O'Hoppe,7442,LAA,C,3,act,previously_reserved,C,9,2,0,0,0,0,2,0,0.0,0.0,0.0,1,49,0,0,0,0,0
2023,mixed,CJ Kaltenbach,Chad Wallach,5153,LAA,C,4,rel,previously_reserved,,75,34,9,4,6,0,35,10,0.271,0.0,0.347,2,59,1,0,0,0,0
2023,mixed,CJ Kaltenbach,Matt Thaiss,5814,LAA,C,7,rel,previously_reserved,,32,11,1,1,3,0,12,2,0.222,0.0,0.219,5,82,3,0,0,0,0
2023,mixed,CJ Kaltenbach,Luis Campusano,7096,SD,C,2,rel,previously_reserved,,55,18,11,4,10,0,3,4,0.407,0.0,0.618,5,42,0,0,0,0,0
2023,mixed,CJ Kaltenbach,Michael Brantley,2212,Hou,UT,0,act,previously_reserved,OF,42,12,6,2,6,0,2,1,0.273,0.0,0.429,4,0,0,0,0,0,10
2023,mixed,CJ Kaltenbach,Oscar Mercado,5747,LAD,UT,37,rel,previously_reserved,,7,10,0,0,0,0,1,0,0.0,0.0,0.0,2,0,0,0,0,0,17
2023,mixed,CJ Kaltenbach,Yoan Moncada,5023,CWS,CI,4,act,previously_reserved,"3B,CI",30,8,1,0,3,0,8,1,0.273,0.0,0.3,0,0,0,0,90,0,0
2023,mixed,CJ Kaltenbach,Tim Anderson,4591,CWS,MI,19,act,previously_reserved,"SS,MI",24,6,3,0,1,0,7,3,0.296,0.0,0.208,0,0,0,2,0,119,0
2023,mixed,CJ Kaltenbach,Miguel Rojas,4814,LAD,MI,0,rel,previously_reserved,,42,15,1,0,0,0,8,3,0.244,0.0,0.214,1,0,0,1,1,121,0
2023,mixed,Scott Engel,Paul Goldschmidt,3159,StL,1B,30,act,active,"1B,CI",593,154,89,25,80,11,161,87,0.363,0.3,0.447,21,0,133,0,0,0,0
2023,mixed,Scott Engel,Jazz Chisholm,6130,Mia,2B,24,act,active,"2B,OF,MI",314,86,43,16,43,21,110,24,0.293,0.381,0.43,1,0,0,0,0,0,95
2023,mixed,Scott Engel,Andres Gimenez,5824,Cle,SS,16,act,active,"2B,SS,MI",557,153,76,15,62,30,112,32,0.314,0.231,0.399,0,0,0,150,0,0,0
2023,mixed,Scott Engel,Manny Machado,3216,SD,3B,38,act,active,"3B,CI",532,135,75,30,91,3,105,49,0.323,0.429,0.47,33,0,0,0,105,0,0
2023,mixed,Scott Engel,Marcell Ozuna,3280,Atl,OF,3,act,active,OF,456,123,68,32,87,0,119,47,0.35,0.462,0.553,141,0,0,0,0,0,2
2023,mixed,Scott Engel,Bryan De La Cruz,7602,Mia,OF,1,act,active,OF,490,129,49,18,69,3,125,36,0.289,0.269,0.4,1,0,0,0,0,0,152
2023,mixed,Scott Engel,Chas McCormick,7201,Hou,OF,7,act,active,OF,263,75,42,15,49,12,77,26,0.365,0.2,0.506,4,0,0,0,0,0,111
2023,mixed,Scott Engel,Lars Nootbaar,7582,StL,OF,14,act,active,OF,364,99,60,8,31,9,85,53,0.345,0.348,0.379,2,0,0,0,0,0,114
2023,mixed,Scott Engel,Alex Kirilloff,5827,Min,OF,1,act,active,"OF,1B,CI",233,71,30,11,38,0,71,16,0.315,0.471,0.459,3,0,75,0,0,0,21
2023,mixed,Scott Engel,Gabriel Moreno,7541,Ari,C,6,act,active,C,320,105,31,5,43,6,75,29,0.34,0.292,0.391,0,104,0,0,0,0,0
2023,mixed,Scott Engel,William Contreras,6423,Mil,C,13,act,active,C,540,141,86,17,78,6,126,63,0.369,0.44,0.459,33,108,0,0,0,0,0
2023,mixed,Scott Engel,Endy Rodriguez,8153,Pit,UT,20,act,active,C,97,30,15,2,9,0,28,10,0.318,0.412,0.381,1,52,2,0,0,0,0
2023,mixed,Scott Engel,Ryan Noda,6240,Oak,CI,12,act,active,"1B,OF",278,83,36,9,35,0,117,48,0.342,0.269,0.374,5,0,119,0,0,0,9
2023,mixed,Scott Engel,Osleivis Basabe,8328,TB,MI,13,act,active,"SS,3B",14,7,3,0,0,0,3,1,0.2,0.2,0.143,0,0,0,4,5,20,3
2023,mixed,Scott Engel,Adam Frazier,5555,Bal,2B,18,rel,previously_active,,145,41,15,5,20,1,20,8,0.265,0.0,0.386,2,0,0,130,0,0,10
2023,mixed,Scott Engel,Mauricio Dubon,5380,Hou,2B,4,rel,previously_active,,38,12,4,1,2,0,9,1,0.175,0.0,0.211,0,0,2,79,1,9,38
2023,mixed,Scott Engel,Casey Schmitt,7759,SF,SS,48,rel,previously_active,,84,23,9,0,13,2,18,1,0.253,0.0,0.31,0,0,0,19,35,42,0
2023,mixed,Scott Engel,Liover Peguero,7165,Pit,SS,5,rel,previously_active,,49,16,7,2,6,3,15,4,0.241,0.0,0.306,0,0,0,33,0,39,0
2023,mixed,Scott Engel,Elvis Andrus,1543,CWS,SS,4,rel,previously_active,,8,4,0,0,0,0,1,2,0.3,0.0,0.125,1,0,0,63,3,52,0
2023,mixed,Scott Engel,Jesse Winker,4483,Mil,OF,9,dis,previously_active,OF,94,35,9,1,15,0,30,16,0.348,0.0,0.277,48,0,0,0,0,0,6
2023,mixed,Scott Engel,Garrett Mitchell,7349,Mil,OF,1,rel,previously_active,,58,16,9,3,6,1,24,4,0.306,0.0,0.466,0,0,0,0,0,0,19
2023,mixed,Scott Engel,Oscar Colas,7293,CWS,OF,6,rel,previously_active,,118,34,15,3,7,2,32,5,0.256,0.0,0.322,2,0,0,0,0,0,72
2023,mixed,Scott Engel,Brenton Doyle,7356,Col,OF,31,rel,previously_active,,55,20,8,2,5,3,23,5,0.234,0.0,0.255,0,0,0,0,0,0,125
2023,mixed,Scott Engel,Cade Marlowe,8144,Sea,OF,30,rel,previously_active,,78,27,14,3,10,4,27,10,0.341,0.0,0.462,1,0,0,0,0,0,30
2023,mixed,Scott Engel,Pavin Smith,6109,Ari,OF,11,rel,previously_active,,15,5,2,0,1,0,3,2,0.294,0.0,0.2,30,0,10,0,0,0,22
2023,mixed,Scott Engel,Joey Wiemer,7924,Mil,OF,51,rel,previously_active,,78,25,7,2,6,4,20,9,0.264,0.0,0.295,0,0,0,0,0,0,132
2023,mixed,Scott Engel,*Jarren Duran,6946,Bos,OF,14,rel,previously_active,,137,41,16,3,16,8,42,12,0.338,0.0,0.423,1,0,0,0,0,0,96
2023,mixed,Scott Engel,Elehuris Montero,6763,Col,UT,91,rel,previously_active,,51,16,7,1,5,0,21,2,0.296,0.0,0.373,16,0,55,0,12,0,0
2023,mixed,Scott Engel,Nelson Cruz,1529,FA,UT,32,rel,previously_active,,12,4,0,0,0,0,5,0,0.083,0.0,0.083,42,0,1,0,0,0,0
2023,mixed,Scott Engel,*Dominic Fletcher,7386,Ari,UT,14,rel,previously_active,,29,9,4,0,0,0,7,3,0.281,0.0,0.276,0,0,0,0,0,0,27
2023,mixed,Scott Engel,Emmanuel Rivera,6532,Ari,UT,3,rel,previously_active,,36,9,4,0,5,0,13,0,0.184,0.0,0.222,9,0,12,0,65,0,0
2023,mixed,Scott Engel,Dane Myers,8670,Mia,UT,15,rel,previously_active,,27,7,1,0,1,0,9,0,0.143,0.0,0.148,1,0,0,0,0,0,21
2023,mixed,Scott Engel,Matt Mervis,8244,ChC,UT,13,rel,previously_active,,37,12,3,1,4,0,15,6,0.256,0.0,0.243,0,0,27,0,0,0,0
2023,mixed,Scott Engel,David Hensley,7981,Hou,UT,36,rel,previously_active,,15,4,3,0,0,0,7,2,0.294,0.0,0.2,11,0,5,9,1,0,2
2023,mixed,Scott Engel,Jason Vosler,6402,Cin,UT,24,rel,previously_active,,20,7,1,0,0,0,8,1,0.143,0.0,0.1,0,0,18,0,4,0,0
2023,mixed,Scott Engel,Isiah Kiner-Falefa,6317,NYY,CI,3,res,previously_active,"SS,OF,MI,3B",50,14,2,0,6,1,14,2,0.269,0.0,0.3,0,0,0,1,31,1,78
2023,mixed,Scott Engel,Luke Raley,6663,TB,CI,32,rel,previously_active,,51,18,3,1,4,4,24,1,0.218,0.0,0.294,18,0,35,0,0,0,65
2023,mixed,Scott Engel,*Luis Rengifo,6622,LAA,CI,0,rel,previously_active,,37,11,3,1,6,1,14,4,0.293,0.0,0.297,0,0,0,65,23,37,21
2023,mixed,Scott Engel,Owen Miller,7014,Mil,CI,19,rel,previously_active,,156,42,10,1,12,7,40,10,0.266,0.0,0.282,4,0,35,42,23,0,8
2023,mixed,Scott Engel,Lenyn Sosa,8227,CWS,CI,3,res,previously_active,"2B,MI,3B",39,12,3,1,1,0,9,2,0.244,0.0,0.333,0,0,0,44,10,0,0
2023,mixed,Scott Engel,Luke Voit,6139,FA,CI,52,rel,previously_active,,4,1,0,0,0,0,2,0,0.0,0.0,0.0,10,0,11,0,0,0,0
2023,mixed,Scott Engel,Jose Caballero,6982,Sea,MI,4,rel,previously_active,,36,15,6,1,6,1,7,8,0.408,0.0,0.306,7,0,0,64,9,21,1
2023,mixed,Scott Engel,Oswald Peraza,7536,NYY,MI,21,rel,previously_active,,32,12,4,0,3,2,6,3,0.316,0.0,0.219,1,0,0,10,36,6,0
2023,mixed,Scott Engel,Samad Taylor,6941,KC,MI,26,rel,previously_active,,24,10,1,0,1,1,10,4,0.207,0.0,0.083,0,0,0,12,2,0,16
2023,mixed,Scott Engel,Alika Williams,7375,Pit,MI,3,rel,previously_active,,20,7,0,0,2,0,9,0,0.05,0.0,0.05,0,0,0,0,0,45,0
2023,mixed,Scott Engel,Ramon Urias,6726,Bal,MI,28,rel,previously_active,,24,7,3,0,2,0,9,2,0.321,0.0,0.25,3,0,13,22,92,0,0
2023,mixed,Scott Engel,David Fletcher,6027,LAA,MI,9,rel,previously_active,,6,3,1,0,1,0,1,0,0.167,0.0,0.333,0,0,0,14,3,18,0
2023,mixed,Scott Engel,Wilmer Flores,2527,SF,MI,15,res,previously_active,"1B,2B,3B,CI,MI",180,51,21,10,26,0,25,20,0.358,0.0,0.483,41,0,61,6,22,0,0
2023,mixed,Scott Engel,Chris Taylor,4604,LAD,MI,1,rel,previously_active,,15,6,0,0,1,1,8,1,0.059,0.0,0.0,7,0,0,3,28,31,60
2023,mixed,Scott Engel,Jesse Winker,4483,Mil,OF,9,dis,reserved,OF,72,26,7,0,8,0,21,10,0.28,0.0,0.208,48,0,0,0,0,0,6
2023,mixed,Scott Engel,Lenyn Sosa,8227,CWS,CI,3,res,reserved,"2B,MI,3B",24,8,2,1,2,0,7,2,0.333,0.437,0.458,0,0,0,44,10,0,0
2023,mixed,Scott Engel,Isiah Kiner-Falefa,6317,NYY,CI,3,res,reserved,"SS,OF,MI,3B",41,13,2,0,2,4,13,2,0.25,0.25,0.22,0,0,0,1,31,1,78
2023,mixed,Scott Engel,Wilmer Flores,2527,SF,MI,15,res,reserved,"1B,2B,3B,CI,MI",12,4,1,1,3,0,2,1,0.308,0.308,0.5,41,0,61,6,22,0,0
2023,mixed,Scott Engel,Mauricio Dubon,5380,Hou,2B,4,rel,previously_reserved,,8,3,0,0,0,0,1,1,0.222,0.0,0.125,0,0,2,79,1,9,38
2023,mixed,Scott Engel,Jazz Chisholm,6130,Mia,2B,24,act,previously_reserved,"2B,OF,MI",38,11,7,3,8,1,8,2,0.39,0.0,0.684,1,0,0,0,0,0,95
2023,mixed,Scott Engel,Liover Peguero,7165,Pit,SS,5,rel,previously_reserved,,20,6,3,1,5,1,6,1,0.381,0.0,0.55,0,0,0,33,0,39,0
2023,mixed,Scott Engel,Casey Schmitt,7759,SF,SS,48,rel,previously_reserved,,20,6,2,0,3,0,7,0,0.227,0.0,0.15,0,0,0,19,35,42,0
2023,mixed,Scott Engel,Manny Machado,3216,SD,3B,38,act,previously_reserved,"3B,CI",11,3,0,0,0,0,4,1,0.167,0.0,0.091,33,0,0,0,105,0,0
2023,mixed,Scott Engel,Alex Kirilloff,5827,Min,OF,1,act,previously_reserved,"OF,1B,CI",48,17,5,0,3,1,9,12,0.484,0.0,0.375,3,0,75,0,0,0,21
2023,mixed,Scott Engel,Pavin Smith,6109,Ari,OF,11,rel,previously_reserved,,9,4,1,0,1,0,2,3,0.333,0.0,0.111,30,0,10,0,0,0,22
2023,mixed,Scott Engel,Lars Nootbaar,7582,StL,OF,14,act,previously_reserved,OF,62,18,14,6,15,2,14,19,0.476,0.0,0.645,2,0,0,0,0,0,114
2023,mixed,Scott Engel,*Jarren Duran,6946,Bos,OF,14,rel,previously_reserved,,17,6,0,0,2,1,4,1,0.333,0.0,0.412,1,0,0,0,0,0,96
2023,mixed,Scott Engel,Joey Wiemer,7924,Mil,OF,51,rel,previously_reserved,,33,12,6,1,6,1,10,3,0.297,0.0,0.424,0,0,0,0,0,0,132
2023,mixed,Scott Engel,Oscar Colas,7293,CWS,OF,6,rel,previously_reserved,,26,8,5,1,4,0,9,2,0.25,0.0,0.385,2,0,0,0,0,0,72
2023,mixed,Scott Engel,Brenton Doyle,7356,Col,OF,31,rel,previously_reserved,,74,24,7,1,7,5,29,7,0.256,0.0,0.27,0,0,0,0,0,0,125
2023,mixed,Scott Engel,Bryan De La Cruz,7602,Mia,OF,1,act,previously_reserved,OF,89,24,11,1,9,1,17,4,0.387,0.0,0.472,1,0,0,0,0,0,152
2023,mixed,Scott Engel,Cade Marlowe,8144,Sea,OF,30,rel,previously_reserved,,6,5,0,0,1,0,4,1,0.286,0.0,0.167,1,0,0,0,0,0,30
2023,mixed,Scott Engel,Marcell Ozuna,3280,Atl,OF,3,act,previously_reserved,OF,74,21,16,8,13,0,15,10,0.321,0.0,0.595,141,0,0,0,0,0,2
2023,mixed,Scott Engel,Gabriel Moreno,7541,Ari,C,6,act,previously_reserved,C,21,6,2,2,7,0,0,0,0.333,0.0,0.667,0,104,0,0,0,0,0
2023,mixed,Scott Engel,Emmanuel Rivera,6532,Ari,UT,3,rel,previously_reserved,,8,2,1,0,0,0,2,1,0.333,0.0,0.25,9,0,12,0,65,0,0
2023,mixed,Scott Engel,David Hensley,7981,Hou,UT,36,rel,previously_reserved,,12,4,1,0,0,0,3,2,0.214,0.0,0.083,11,0,5,9,1,0,2
2023,mixed,Scott Engel,Matt Mervis,8244,ChC,UT,13,rel,previously_reserved,,53,15,5,2,7,0,17,2,0.232,0.0,0.321,0,0,27,0,0,0,0
2023,mixed,Scott Engel,Endy Rodriguez,8153,Pit,UT,20,act,previously_reserved,C,72,21,10,0,3,0,12,6,0.253,0.0,0.236,1,52,2,0,0,0,0
2023,mixed,Scott Engel,*Dominic Fletcher,7386,Ari,UT,14,rel,previously_reserved,,11,3,1,0,0,0,3,1,0.167,0.0,0.091,0,0,0,0,0,0,27
2023,mixed,Scott Engel,Ryan Noda,6240,Oak,CI,12,act,previously_reserved,"1B,OF",61,19,11,4,13,2,23,11,0.416,0.0,0.525,5,0,119,0,0,0,9
2023,mixed,Scott Engel,Owen Miller,7014,Mil,CI,19,rel,previously_reserved,,17,6,1,0,2,0,1,0,0.176,0.0,0.294,4,0,35,42,23,0,8
2023,mixed,Scott Engel,Luke Raley,6663,TB,CI,32,rel,previously_reserved,,34,10,7,4,7,0,10,2,0.432,0.0,0.765,18,0,35,0,0,0,65
2023,mixed,Scott Engel,*Luis Rengifo,6622,LAA,CI,0,rel,previously_reserved,,33,12,9,0,3,1,2,8,0.372,0.0,0.212,0,0,0,65,23,37,21
2023,mixed,Scott Engel,Osleivis Basabe,8328,TB,MI,13,act,previously_reserved,"SS,3B",30,11,3,0,3,0,10,2,0.219,0.0,0.233,0,0,0,4,5,20,3
2023,mixed,Scott Engel,Chris Taylor,4604,LAD,MI,1,rel,previously_reserved,,51,16,9,5,10,1,22,4,0.273,0.0,0.529,7,0,0,3,28,31,60
2023,mixed,Scott Engel,Alika Williams,7375,Pit,MI,3,rel,previously_reserved,,28,11,3,0,3,0,8,4,0.364,0.0,0.357,0,0,0,0,0,45,0
2023,mixed,Scott Engel,Ramon Urias,6726,Bal,MI,28,rel,previously_reserved,,51,17,6,2,5,1,15,2,0.278,0.0,0.451,3,0,13,22,92,0,0
2023,mixed,Alex Chamberlain,Seth Brown,7100,Oak,1B,5,act,active,"OF,1B,CI",304,101,29,11,45,2,87,29,0.297,0.25,0.405,18,0,17,0,0,0,77
2023,mixed,Alex Chamberlain,Christopher Morel,7389,ChC,2B,180,act,active,"OF,3B,2B,MI,CI",332,92,49,19,51,5,122,34,0.304,0.471,0.458,61,0,0,19,5,2,25
2023,mixed,Alex Chamberlain,Xander Bogaerts,3822,SD,SS,19,act,active,"SS,MI",596,155,83,19,58,19,110,56,0.35,0.385,0.44,9,0,0,0,0,146,0
2023,mixed,Alex Chamberlain,Alex Bregman,4907,Hou,3B,27,act,active,"3B,CI",622,161,103,25,98,3,87,92,0.363,0.333,0.441,1,0,0,0,160,0,0
2023,mixed,Alex Chamberlain,Patrick Wisdom,4570,ChC,OF,1,act,active,"1B,3B,OF,CI",212,72,36,18,36,2,91,24,0.304,0.167,0.519,11,0,14,1,61,0,9
2023,mixed,Alex Chamberlain,Kerry Carpenter,8216,Det,OF,2,act,active,OF,377,106,52,18,61,6,106,27,0.333,0.231,0.467,27,0,0,0,0,0,90
2023,mixed,Alex Chamberlain,Brandon Nimmo,3778,NYM,OF,12,act,active,OF,592,152,89,24,68,3,146,74,0.363,0.455,0.466,5,0,0,0,0,0,146
2023,mixed,Alex Chamberlain,Nick Pratto,6202,KC,OF,34,act,active,"1B,CI,OF",251,78,26,6,28,1,112,26,0.302,0.286,0.343,0,0,78,0,0,0,21
2023,mixed,Alex Chamberlain,Seiya Suzuki,6324,ChC,OF,8,act,active,OF,502,135,74,19,73,6,123,58,0.36,0.435,0.488,5,0,0,0,0,0,132
2023,mixed,Alex Chamberlain,Willson Contreras,5435,StL,C,18,act,active,"UT,C",428,125,55,20,67,6,111,51,0.358,0.0,0.467,30,97,0,0,0,0,0
2023,mixed,Alex Chamberlain,Cal Raleigh,6814,Sea,C,7,act,active,C,513,145,78,30,75,0,158,54,0.306,0.214,0.456,14,128,0,0,0,0,0
2023,mixed,Alex Chamberlain,Brandon Marsh,6077,Phi,UT,1,act,active,OF,386,127,54,11,56,9,140,57,0.37,0.412,0.448,1,0,0,0,0,0,129
2023,mixed,Alex Chamberlain,Josh Bell,3669,Mia,CI,15,act,active,"1B,CI",526,144,48,21,70,0,129,62,0.324,0.304,0.411,89,0,60,0,0,0,0
2023,mixed,Alex Chamberlain,Jon Berti,5574,Mia,MI,0,act,active,"3B,OF,2B,MI,CI,SS",388,133,53,7,33,16,77,29,0.344,0.6,0.405,1,0,0,15,41,64,19
2023,mixed,Alex Chamberlain,Yuli Gurriel,2160,Mia,1B,10,rel,previously_active,,71,24,7,0,5,1,7,7,0.278,0.0,0.282,3,0,93,0,0,0,0
2023,mixed,Alex Chamberlain,Jean Segura,3177,Cle,2B,4,rel,previously_active,,54,15,4,0,1,2,12,3,0.228,0.0,0.185,0,0,0,0,84,0,0
2023,mixed,Alex Chamberlain,Tony Kemp,5292,Oak,OF,43,rel,previously_active,,45,13,2,0,2,1,6,4,0.18,0.0,0.133,3,0,0,57,0,0,65
2023,mixed,Alex Chamberlain,Tyler O'Neill,5423,StL,OF,21,dis,previously_active,OF,236,71,26,9,21,5,67,26,0.305,0.0,0.398,1,0,0,0,0,0,70
2023,mixed,Alex Chamberlain,Corey Julks,7983,Hou,UT,11,res,previously_active,OF,60,16,6,1,8,4,17,3,0.286,0.0,0.35,19,0,0,0,0,0,70
2023,mixed,Alex Chamberlain,Trayce Thompson,3257,CWS,UT,53,rel,previously_active,,7,5,1,0,1,0,3,3,0.4,0.0,0.143,2,0,0,0,0,0,64
2023,mixed,Alex Chamberlain,Josh Rojas,6789,Sea,UT,4,res,previously_active,"3B,2B,MI,CI",212,66,31,1,30,8,57,20,0.304,0.0,0.321,5,0,0,49,48,0,2
2023,mixed,Alex Chamberlain,Garrett Cooper,6182,SD,CI,13,rel,previously_active,,103,28,7,4,16,0,33,4,0.284,0.0,0.398,36,0,82,0,0,0,0
2023,mixed,Alex Chamberlain,Tyler O'Neill,5423,StL,OF,21,dis,reserved,OF,2,1,1,0,0,0,0,2,0.75,0.0,1.0,1,0,0,0,0,0,70
2023,mixed,Alex Chamberlain,Corey Julks,7983,Hou,UT,11,res,reserved,OF,164,56,18,3,17,9,37,18,0.299,0.0,0.317,19,0,0,0,0,0,70
2023,mixed,Alex Chamberlain,Josh Rojas,6789,Sea,UT,4,res,reserved,"3B,2B,MI,CI",102,39,16,3,10,4,24,7,0.303,0.35,0.373,5,0,0,49,48,0,2
2023,mixed,Alex Chamberlain,Seth Brown,7100,Oak,1B,5,act,previously_reserved,"OF,1B,CI",39,11,4,3,7,1,14,1,0.2,0.0,0.41,18,0,17,0,0,0,77
2023,mixed,Alex Chamberlain,Jean Segura,3177,Cle,2B,4,rel,previously_reserved,,103,31,7,0,6,1,17,9,0.281,0.0,0.252,0,0,0,0,84,0,0
2023,mixed,Alex Chamberlain,Christopher Morel,7389,ChC,2B,180,act,previously_reserved,"OF,3B,2B,MI,CI",35,10,8,4,13,0,5,2,0.368,0.0,0.771,61,0,0,19,5,2,25
2023,mixed,Alex Chamberlain,Tony Kemp,5292,Oak,OF,43,rel,previously_reserved,,56,20,3,1,5,0,9,6,0.274,0.0,0.304,3,0,0,57,0,0,65
2023,mixed,Alex Chamberlain,Patrick Wisdom,4570,ChC,OF,1,act,previously_reserved,"1B,3B,OF,CI",56,25,7,5,10,2,20,6,0.234,0.0,0.429,11,0,14,1,61,0,9
2023,mixed,Alex Chamberlain,Kerry Carpenter,8216,Det,OF,2,act,previously_reserved,OF,41,12,5,2,3,0,9,5,0.404,0.0,0.512,27,0,0,0,0,0,90
2023,mixed,Alex Chamberlain,Nick Pratto,6202,KC,OF,34,act,previously_reserved,"1B,CI,OF",16,6,1,0,1,0,10,0,0.176,0.0,0.25,0,0,78,0,0,0,21
2023,mixed,Alex Chamberlain,Seiya Suzuki,6324,ChC,OF,8,act,previously_reserved,OF,13,3,1,1,1,0,7,1,0.214,0.0,0.385,5,0,0,0,0,0,132
2023,mixed,Alex Chamberlain,Tommy Pham,5041,Ari,OF,0,rel,previously_reserved,,22,8,1,1,3,1,6,2,0.292,0.0,0.409,44,0,0,0,0,0,81
2023,mixed,Alex Chamberlain,Trayce Thompson,3257,CWS,UT,53,rel,previously_reserved,,22,8,3,1,2,0,12,2,0.24,0.0,0.273,2,0,0,0,0,0,64
2023,mixed,Alex Chamberlain,Brandon Marsh,6077,Phi,UT,1,act,previously_reserved,OF,18,6,4,1,4,1,4,2,0.4,0.0,0.667,1,0,0,0,0,0,129
2023,mixed,Alex Chamberlain,Josh Bell,3669,Mia,CI,15,act,previously_reserved,"1B,CI",21,6,4,1,4,0,5,1,0.364,0.0,0.619,89,0,60,0,0,0,0
2023,mixed,Alex Chamberlain,Garrett Cooper,6182,SD,CI,13,rel,previously_reserved,,52,14,6,2,6,0,19,3,0.218,0.0,0.346,36,0,82,0,0,0,0
