year,league,team,player_name,player_id,mlb_team,position,salary,status,roster_section,eligibility,ab,h,g,r,hr,rbi,sb,so,bb,obp,slg,gp_dh,gp_c,gp_1b,gp_2b,gp_3b,gp_ss,gp_of
2025,mixed,Bret Sayre,Ryan O'Hearn,5940,Pit,1B,0,act,active,"1B,OF,CI",420,117,128,59,14,57,2,102,52,0.364,0.426,49,0,75,0,0,0,23
2025,mixed,Bret Sayre,Jake Cronenworth,6463,SD,2B,2,act,active,"2B,1B,MI,SS,CI",372,91,121,54,8,48,2,97,62,0.37,0.36,2,0,13,118,0,13,0
2025,mixed,Bret Sayre,Elly De La Cruz,7839,Cin,SS,40,act,active,"SS,MI",629,166,162,102,22,86,37,181,67,0.336,0.44,4,0,0,0,0,158,0
2025,mixed,Bret Sayre,Jose Ramirez,4602,Cle,3B,45,act,active,"3B,CI",593,168,158,103,30,85,44,74,66,0.36,0.503,26,0,0,0,134,0,0
2025,mixed,Bret Sayre,Corbin Carroll,7007,Ari,OF,43,act,active,OF,555,146,141,107,31,84,32,148,67,0.348,0.55,3,0,0,0,0,0,139
2025,mixed,Bret Sayre,Trevor Larnach,6611,Min,OF,2,act,active,OF,503,126,142,62,17,60,4,122,53,0.323,0.404,81,0,0,0,0,0,60
2025,mixed,Bret Sayre,Jesus Sanchez,6068,Tor,OF,2,act,active,OF,414,100,123,59,13,45,12,100,35,0.302,0.403,4,0,0,0,0,0,128
2025,mixed,Bret Sayre,Josh Lowe,6072,LAA,OF,10,act,active,OF,171,34,46,24,5,16,11,52,11,0.254,0.363,4,0,0,0,0,0,103
2025,mixed,Bret Sayre,Robert Hassell,7364,Was,OF,9,act,active,OF,28,4,12,3,0,1,0,12,1,0.2,0.214,2,0,0,0,0,0,63
2025,mixed,Bret Sayre,Agustin Ramirez,8755,Mia,C,24,act,active,C,537,124,136,72,21,67,16,113,36,0.287,0.413,63,73,0,0,0,0,0
2025,mixed,Bret Sayre,Hunter Goodman,8420,Col,C,2,act,active,"C,OF",540,150,144,73,31,91,1,152,33,0.323,0.52,39,104,0,0,0,0,0
2025,mixed,Bret Sayre,Wilyer Abreu,8303,Bos,UT,2,act,active,OF,340,83,105,50,21,61,6,87,39,0.319,0.474,4,0,0,0,0,0,104
2025,mixed,Bret Sayre,Tyler Soderstrom,7377,Oak,CI,2,act,active,"OF,1B,CI",561,155,158,75,25,93,8,141,55,0.346,0.474,1,0,49,0,0,0,108
2025,mixed,Bret Sayre,Jorge Polanco,4695,NYM,MI,2,act,active,"2B,3B,MI",452,119,133,62,25,77,6,78,41,0.325,0.489,88,0,1,38,5,0,0
2025,mixed,Bret Sayre,Jake Fraley,6173,TB,OF,2,rel,previously_active,,118,27,44,23,4,15,4,26,18,0.336,0.364,2,0,0,0,0,0,68
2025,mixed,Bret Sayre,Brent Rooker,6204,Oak,OF,26,trd,previously_active,,419,114,108,66,21,57,3,105,47,0.348,0.494,135,0,0,0,0,0,27
2025,mixed,Bret Sayre,Blake Perkins,6553,Mil,OF,44,res,previously_active,OF,63,11,18,10,1,4,3,18,5,0.246,0.238,1,0,0,0,0,0,52
2025,mixed,Bret Sayre,Jesse Winker,4483,FA,OF,0,rel,previously_active,,41,7,14,1,0,6,1,14,4,0.239,0.341,22,0,0,0,0,0,2
2025,mixed,Bret Sayre,Endy Rodriguez,8153,Pit,C,3,rel,previously_active,,45,8,15,4,0,2,0,12,5,0.26,0.244,0,9,11,0,0,0,0
2025,mixed,Bret Sayre,Nick Gonzales,7294,Pit,UT,0,res,previously_active,"2B,SS,MI",81,24,21,10,2,7,0,12,7,0.36,0.432,0,0,0,85,0,13,0
2025,mixed,Bret Sayre,Otto Kemp,9229,Phi,UT,35,rel,previously_active,,18,2,5,1,0,0,0,7,1,0.158,0.167,0,0,17,2,31,0,11
2025,mixed,Bret Sayre,Blaze Alexander,8035,Bal,UT,54,res,previously_active,"3B,2B,OF,SS,MI",42,10,12,4,0,7,0,16,3,0.298,0.31,1,0,0,14,54,0,6
2025,mixed,Bret Sayre,Luke Raley,6663,Sea,UT,2,trd,previously_active,,108,22,38,12,2,9,2,34,13,0.326,0.306,4,0,31,0,0,0,43
2025,mixed,Bret Sayre,Hye-Seong Kim,9001,LAD,UT,47,rel,previously_active,,42,13,17,7,0,4,2,9,2,0.356,0.357,0,0,0,45,0,11,17
2025,mixed,Bret Sayre,Nolan Gorman,6498,StL,CI,0,rel,previously_active,,172,29,51,23,8,23,1,70,25,0.271,0.337,22,0,7,28,54,0,0
2025,mixed,Bret Sayre,Trey Sweeney,7793,Det,MI,15,rel,previously_active,,93,16,30,10,1,9,0,26,8,0.231,0.204,0,0,0,0,0,112,0
2025,mixed,Bret Sayre,Blake Perkins,6553,Mil,OF,44,res,reserved,OF,51,13,22,4,0,8,2,14,5,0.321,0.333,1,0,0,0,0,0,52
2025,mixed,Bret Sayre,Nick Gonzales,7294,Pit,UT,0,res,reserved,"2B,SS,MI",300,75,75,29,3,23,0,61,14,0.282,0.343,0,0,0,85,0,13,0
2025,mixed,Bret Sayre,Blaze Alexander,8035,Bal,UT,54,res,reserved,"3B,2B,OF,SS,MI",36,7,11,4,0,2,1,15,4,0.31,0.222,1,0,0,14,54,0,6
2025,mixed,Bret Sayre,Ryan O'Hearn,5940,Pit,1B,0,act,previously_reserved,"1B,OF,CI",54,16,16,8,3,6,1,7,6,0.377,0.519,49,0,75,0,0,0,23
2025,mixed,Bret Sayre,Jake Cronenworth,6463,SD,2B,2,act,previously_reserved,"2B,1B,MI,SS,CI",47,12,14,7,3,11,1,10,7,0.339,0.511,2,0,13,118,0,13,0
2025,mixed,Bret Sayre,Josh Lowe,6072,LAA,OF,10,act,previously_reserved,OF,8,1,2,0,0,0,1,5,1,0.222,0.125,4,0,0,0,0,0,103
2025,mixed,Bret Sayre,Jesus Sanchez,6068,Tor,OF,2,act,previously_reserved,OF,37,7,11,2,1,3,1,10,7,0.318,0.297,4,0,0,0,0,0,128
2025,mixed,Bret Sayre,Corbin Carroll,7007,Ari,OF,43,act,previously_reserved,OF,9,0,2,0,0,0,0,5,0,0.0,0.0,3,0,0,0,0,0,139
2025,mixed,Bret Sayre,Jake Fraley,6173,TB,OF,2,rel,previously_reserved,,7,1,3,1,1,2,0,2,1,0.25,0.571,2,0,0,0,0,0,68
2025,mixed,Bret Sayre,Endy Rodriguez,8153,Pit,C,3,rel,previously_reserved,,7,1,3,1,0,0,0,2,0,0.143,0.286,0,9,11,0,0,0,0
2025,mixed,Bret Sayre,Luke Raley,6663,Sea,UT,2,trd,previously_reserved,,33,9,11,7,2,9,0,12,4,0.4,0.485,4,0,31,0,0,0,43
2025,mixed,Bret Sayre,Hye-Seong Kim,9001,LAD,UT,47,rel,previously_reserved,,110,30,47,11,2,11,10,39,5,0.304,0.382,0,0,0,45,0,11,17
2025,mixed,Bret Sayre,Wilyer Abreu,8303,Bos,UT,2,act,previously_reserved,OF,33,9,10,3,1,8,0,14,1,0.294,0.424,4,0,0,0,0,0,104
2025,mixed,Bret Sayre,Nolan Gorman,6498,StL,CI,0,rel,previously_reserved,,155,40,53,23,6,23,0,53,21,0.343,0.439,22,0,7,28,54,0,0
2025,mixed,Bret Sayre,Jorge Polanco,4695,NYM,MI,2,act,previously_reserved,"2B,3B,MI",19,6,5,2,1,1,0,4,1,0.35,0.632,88,0,1,38,5,0,0
2025,mixed,Bret Sayre,Trey Sweeney,7793,Det,MI,15,rel,previously_reserved,,54,16,16,10,2,7,1,16,3,0.333,0.426,0,0,0,0,0,112,0
2025,mixed,Frank Stampfl,Alec Bohm,6542,Phi,1B,215,act,active,"3B,1B,CI",94,25,24,9,1,10,0,20,6,0.304,0.362,0,0,13,0,108,0,0
2025,mixed,Frank Stampfl,Bryson Stott,6943,Phi,2B,11,act,active,"2B,MI,SS",499,128,147,66,13,66,24,91,54,0.328,0.391,0,0,0,135,0,13,0
2025,mixed,Frank Stampfl,Trevor Story,4020,Bos,SS,3,act,active,"SS,MI",547,147,139,82,23,84,30,155,28,0.312,0.442,0,0,0,0,0,156,0
2025,mixed,Frank Stampfl,Alex Bregman,4907,ChC,3B,18,act,active,"3B,CI",425,116,112,64,18,62,1,69,51,0.361,0.464,1,0,0,0,113,0,0
2025,mixed,Frank Stampfl,Randy Arozarena,6129,Sea,OF,16,act,active,OF,613,146,160,95,27,76,31,191,64,0.334,0.426,2,0,0,0,0,0,158
2025,mixed,Frank Stampfl,Jeff McNeil,6617,Oak,OF,28,act,active,"2B,OF,MI",110,25,33,10,3,15,0,18,7,0.306,0.364,10,0,2,79,0,0,48
2025,mixed,Frank Stampfl,Dylan Beavers,8519,Bal,OF,23,act,active,OF,71,18,24,10,2,8,1,22,18,0.404,0.394,0,0,0,0,0,0,35
2025,mixed,Frank Stampfl,Tommy Edman,6447,LAD,OF,7,act,active,"2B,OF,3B,MI,SS",276,62,78,41,11,41,3,52,17,0.278,0.399,1,0,0,66,13,0,25
2025,mixed,Frank Stampfl,Jurickson Profar,3198,Atl,OF,53,act,active,OF,282,69,71,50,12,40,9,50,47,0.362,0.436,1,0,0,0,0,0,79
2025,mixed,Frank Stampfl,Patrick Bailey,7366,SF,C,3,act,active,C,70,19,23,8,0,9,0,23,3,0.301,0.343,0,132,0,0,0,0,0
2025,mixed,Frank Stampfl,Shea Langeliers,6913,Oak,C,11,act,active,C,481,133,123,73,31,72,7,103,36,0.325,0.536,16,108,0,0,0,0,0
2025,mixed,Frank Stampfl,Isaac Paredes,6242,Hou,UT,3,act,active,"3B,1B,CI",367,94,99,52,19,52,0,70,49,0.354,0.458,13,0,0,0,89,0,0
2025,mixed,Frank Stampfl,Jared Triolo,8163,Pit,CI,3,act,active,"SS,3B,2B,MI,CI,1B",124,31,31,17,2,6,4,31,11,0.316,0.379,1,0,24,11,32,47,0
2025,mixed,Frank Stampfl,Xander Bogaerts,3822,SD,MI,3,act,active,"SS,2B,MI",18,5,5,3,1,4,0,4,0,0.278,0.5,9,0,0,0,0,125,0
2025,mixed,Frank Stampfl,Jonathan Aranda,7905,TB,1B,3,dis,previously_active,"1B,CI",277,88,77,39,8,41,0,82,28,0.388,0.455,10,0,93,0,0,0,0
2025,mixed,Frank Stampfl,Zac Veen,7346,Col,OF,0,rel,previously_active,,34,4,11,1,1,2,1,14,2,0.189,0.235,0,0,0,0,0,0,10
2025,mixed,Frank Stampfl,Wyatt Langford,8539,Tex,OF,22,dis,previously_active,OF,480,116,131,71,22,62,21,147,71,0.342,0.435,0,0,0,0,0,0,133
2025,mixed,Frank Stampfl,Willi Castro,6289,Col,OF,38,rel,previously_active,,180,44,49,28,6,14,5,46,18,0.327,0.406,0,0,0,48,23,5,76
2025,mixed,Frank Stampfl,Eli White,6872,Atl,OF,8,rel,previously_active,,25,6,7,2,0,1,1,5,2,0.296,0.36,6,0,4,0,0,0,83
2025,mixed,Frank Stampfl,Juan Soto,6043,NYM,OF,53,trd,previously_active,,319,84,90,65,21,51,10,68,72,0.396,0.508,3,0,0,0,0,0,157
2025,mixed,Frank Stampfl,Austin Hays,6076,CWS,OF,0,rel,previously_active,,314,82,84,49,10,50,7,87,25,0.313,0.43,40,0,0,0,0,0,61
2025,mixed,Frank Stampfl,Bryce Teodosio,8511,LAA,OF,3,rel,previously_active,,14,2,5,1,0,0,0,5,0,0.143,0.143,0,0,0,0,0,0,50
2025,mixed,Frank Stampfl,Alek Thomas,6957,Ari,OF,13,rel,previously_active,,29,7,7,1,0,1,1,6,0,0.241,0.31,1,0,0,0,0,0,139
2025,mixed,Frank Stampfl,Luis Matos,7330,SF,OF,8,rel,previously_active,,34,10,9,6,1,4,0,4,1,0.306,0.412,2,0,0,0,0,0,50
2025,mixed,Frank Stampfl,Willie MacIver,7469,Tex,C,13,rel,previously_active,,10,1,3,0,0,0,0,3,0,0.1,0.2,0,31,0,0,0,0,0
2025,mixed,Frank Stampfl,Freddy Fermin,7171,SD,C,1,rel,previously_active,,41,11,14,8,0,7,0,14,3,0.318,0.366,5,101,0,1,0,0,0
2025,mixed,Frank Stampfl,Kyle Higashioka,3107,Tex,C,3,rel,previously_active,,9,4,3,0,0,0,1,2,0,0.444,0.556,21,71,0,0,0,0,0
2025,mixed,Frank Stampfl,Bo Naylor,6848,Cle,C,13,rel,previously_active,,22,1,8,1,0,1,0,9,0,0.045,0.091,0,119,0,0,0,0,0
2025,mixed,Frank Stampfl,Keibert Ruiz,6179,Was,C,5,dis,previously_active,C,247,61,66,19,2,24,0,24,8,0.278,0.32,0,66,0,0,0,0,0
2025,mixed,Frank Stampfl,Adrian Del Castillo,7689,Ari,C,2,rel,previously_active,,31,5,11,0,0,2,0,13,1,0.182,0.161,28,5,0,0,0,0,0
2025,mixed,Frank Stampfl,Pedro Pages,7262,StL,C,8,rel,previously_active,,18,2,6,0,0,1,0,9,1,0.158,0.111,0,110,2,1,0,0,0
2025,mixed,Frank Stampfl,Jorge Soler,3918,LAA,UT,10,rel,previously_active,,204,47,60,24,10,26,0,63,23,0.315,0.412,37,0,0,0,0,0,40
2025,mixed,Frank Stampfl,Jordan Walker,7348,StL,UT,7,rel,previously_active,,24,8,7,3,0,2,0,6,3,0.407,0.458,1,0,0,0,0,0,108
2025,mixed,Frank Stampfl,Brady House,7713,Was,UT,73,rel,previously_active,,48,12,12,2,0,5,1,10,3,0.288,0.25,0,0,0,0,72,0,0
2025,mixed,Frank Stampfl,Alan Roden,8881,Min,UT,34,rel,previously_active,,10,2,4,0,0,1,0,1,1,0.25,0.2,0,0,0,0,0,0,52
2025,mixed,Frank Stampfl,Geraldo Perdomo,6842,Ari,UT,2,trd,previously_active,,68,14,18,11,3,15,5,11,11,0.313,0.382,0,0,0,0,0,161,0
2025,mixed,Frank Stampfl,Jeimer Candelario,4071,LAA,UT,1,rel,previously_active,,80,9,22,3,2,10,0,29,9,0.198,0.212,3,0,8,0,12,0,0
2025,mixed,Frank Stampfl,Brett Baty,7037,NYM,UT,36,rel,previously_active,,58,11,19,6,2,7,0,17,3,0.238,0.328,3,0,0,57,87,0,0
2025,mixed,Frank Stampfl,Isiah Kiner-Falefa,6317,Bos,UT,28,rel,previously_active,,36,7,12,0,0,2,1,5,2,0.25,0.222,0,0,0,13,32,95,0
2025,mixed,Frank Stampfl,C.J. Kayfus,9105,Cle,UT,18,rel,previously_active,,35,8,12,5,1,5,2,13,3,0.308,0.371,2,0,17,0,0,0,29
2025,mixed,Frank Stampfl,Marcell Ozuna,3280,Pit,UT,18,rel,previously_active,,74,15,24,12,5,14,0,24,14,0.33,0.446,137,0,0,0,0,0,0
2025,mixed,Frank Stampfl,Lenyn Sosa,8227,CWS,UT,7,rel,previously_active,,20,6,5,2,1,5,0,4,0,0.3,0.55,11,0,42,99,3,0,0
2025,mixed,Frank Stampfl,Sal Stewart,8557,Cin,UT,12,res,previously_active,"1B,3B",45,12,14,9,4,6,0,11,3,0.312,0.556,0,0,11,0,6,0,0
2025,mixed,Frank Stampfl,Andrew Vaughn,6905,Mil,UT,13,rel,previously_active,,27,7,7,2,2,3,0,9,0,0.259,0.556,17,0,95,0,0,0,0
2025,mixed,Frank Stampfl,D.J. LeMahieu,3275,NYY,CI,34,rel,previously_active,,49,10,17,2,0,5,0,13,5,0.278,0.224,0,0,0,45,0,0,0
2025,mixed,Frank Stampfl,Luis Rengifo,6622,Mil,CI,8,rel,previously_active,,80,21,25,14,4,15,4,21,5,0.318,0.475,1,0,0,74,76,1,10
2025,mixed,Frank Stampfl,Alex Freeland,8581,LAD,CI,12,rel,previously_active,,20,7,7,4,2,4,0,3,2,0.409,0.85,0,0,0,15,17,0,0
2025,mixed,Frank Stampfl,J.P. Crawford,4534,Sea,MI,8,rel,previously_active,,26,8,7,4,1,5,1,6,1,0.333,0.538,0,0,0,0,0,157,0
2025,mixed,Frank Stampfl,Bo Bichette,6070,NYM,MI,10,dis,previously_active,"SS,MI",568,178,135,76,17,92,4,87,39,0.359,0.484,7,0,0,0,0,132,0
2025,mixed,Frank Stampfl,Tim Tawa,9189,Ari,MI,22,rel,previously_active,,11,2,4,2,1,1,0,3,1,0.25,0.455,0,0,20,23,3,0,29
2025,mixed,Frank Stampfl,Jonathan Aranda,7905,TB,1B,3,dis,reserved,"1B,CI",12,4,3,3,2,5,0,5,1,0.385,0.833,10,0,93,0,0,0,0
2025,mixed,Frank Stampfl,Wyatt Langford,8539,Tex,OF,22,dis,reserved,OF,9,2,3,2,0,0,1,4,3,0.417,0.222,0,0,0,0,0,0,133
2025,mixed,Frank Stampfl,Keibert Ruiz,6179,Was,C,5,dis,reserved,C,8,2,2,0,0,1,0,2,0,0.25,0.25,0,66,0,0,0,0,0
2025,mixed,Frank Stampfl,Sal Stewart,8557,Cin,UT,12,res,reserved,"1B,3B",10,2,4,2,1,2,0,4,0,0.2,0.5,0,0,11,0,6,0,0
2025,mixed,Frank Stampfl,Bo Bichette,6070,NYM,MI,10,dis,reserved,"SS,MI",14,3,4,2,1,2,0,4,1,0.267,0.429,7,0,0,0,0,132,0
2025,mixed,Frank Stampfl,Alec Bohm,6542,Phi,1B,215,act,previously_reserved,"3B,1B,CI",13,8,3,3,1,4,0,0,1,0.643,1.0,0,0,13,0,108,0,0
2025,mixed,Frank Stampfl,Trevor Story,4020,Bos,SS,3,act,previously_reserved,"SS,MI",65,14,18,9,2,12,1,21,5,0.271,0.354,0,0,0,0,0,156,0
2025,mixed,Frank Stampfl,Alex Bregman,4907,ChC,3B,18,act,previously_reserved,"3B,CI",8,2,2,0,0,0,0,1,0,0.25,0.375,1,0,0,0,113,0,0
2025,mixed,Frank Stampfl,Willi Castro,6289,Col,OF,38,rel,previously_reserved,,24,3,9,2,0,3,1,9,2,0.222,0.167,0,0,0,48,23,5,76
2025,mixed,Frank Stampfl,Tommy Edman,6447,LAD,OF,7,act,previously_reserved,"2B,OF,3B,MI,SS",70,16,19,8,2,8,0,9,2,0.257,0.314,1,0,0,66,13,0,25
2025,mixed,Frank Stampfl,Zac Veen,7346,Col,OF,0,rel,previously_reserved,,0,0,1,0,0,0,0,0,0,0.0,0.0,0,0,0,0,0,0,10
2025,mixed,Frank Stampfl,Jeff McNeil,6617,Oak,OF,28,act,previously_reserved,"2B,OF,MI",184,45,54,20,3,22,2,25,25,0.34,0.37,10,0,2,79,0,0,48
2025,mixed,Frank Stampfl,Dylan Beavers,8519,Bal,OF,23,act,previously_reserved,OF,30,5,9,4,2,6,1,11,7,0.324,0.433,0,0,0,0,0,0,35
2025,mixed,Frank Stampfl,Austin Hays,6076,CWS,OF,0,rel,previously_reserved,,65,19,18,11,5,14,0,20,4,0.329,0.569,40,0,0,0,0,0,61
2025,mixed,Frank Stampfl,Jurickson Profar,3198,Atl,OF,53,act,previously_reserved,OF,21,6,5,4,2,3,0,6,0,0.286,0.571,1,0,0,0,0,0,79
2025,mixed,Frank Stampfl,C.J. Kayfus,9105,Cle,UT,18,rel,previously_reserved,,41,7,15,5,1,4,1,13,4,0.239,0.366,2,0,17,0,0,0,29
2025,mixed,Frank Stampfl,Isiah Kiner-Falefa,6317,Bos,UT,28,rel,previously_reserved,,38,9,11,2,0,5,1,7,1,0.256,0.289,0,0,0,13,32,95,0
2025,mixed,Frank Stampfl,Brett Baty,7037,NYM,UT,36,rel,previously_reserved,,36,9,12,3,2,7,2,9,4,0.325,0.444,3,0,0,57,87,0,0
2025,mixed,Frank Stampfl,Alan Roden,8881,Min,UT,34,rel,previously_reserved,,46,11,16,6,1,4,0,10,3,0.321,0.37,0,0,0,0,0,0,52
2025,mixed,Frank Stampfl,Brady House,7713,Was,UT,73,rel,previously_reserved,,25,6,6,2,0,3,1,10,1,0.269,0.36,0,0,0,0,72,0,0
2025,mixed,Frank Stampfl,Geraldo Perdomo,6842,Ari,UT,2,trd,previously_reserved,,16,6,6,3,1,1,0,0,10,0.615,0.562,0,0,0,0,0,161,0
2025,mixed,Frank Stampfl,Jorge Soler,3918,LAA,UT,10,rel,previously_reserved,,75,13,22,7,2,8,0,31,5,0.232,0.32,37,0,0,0,0,0,40
2025,mixed,Frank Stampfl,Jordan Walker,7348,StL,UT,7,rel,previously_reserved,,18,4,5,0,0,2,1,8,1,0.263,0.278,1,0,0,0,0,0,108
2025,mixed,Frank Stampfl,Andrew Vaughn,6905,Mil,UT,13,rel,previously_reserved,,33,6,9,0,0,2,0,4,0,0.182,0.242,17,0,95,0,0,0,0
2025,mixed,Frank Stampfl,Marcell Ozuna,3280,Pit,UT,18,rel,previously_reserved,,14,3,5,0,0,0,0,7,1,0.267,0.286,137,0,0,0,0,0,0
2025,mixed,Frank Stampfl,Max Kepler,3195,FA,UT,1,rel,previously_reserved,,69,15,19,9,1,4,0,15,8,0.308,0.333,0,0,0,0,0,0,125
2025,mixed,Frank Stampfl,D.J. LeMahieu,3275,NYY,CI,34,rel,previously_reserved,,48,13,17,7,1,5,0,11,6,0.352,0.375,0,0,0,45,0,0,0
2025,mixed,Frank Stampfl,Luis Rengifo,6622,Mil,CI,8,rel,previously_reserved,,13,3,5,0,0,1,1,3,2,0.333,0.231,1,0,0,74,76,1,10
2025,mixed,Justin Mason,Mauricio Dubon,5380,Atl,1B,0,act,active,"OF,2B,CI,MI,1B,SS,3B",31,5,12,5,0,2,0,6,3,0.235,0.194,0,0,4,46,24,33,63
2025,mixed,Justin Mason,Brett Baty,7037,NYM,2B,27,act,active,"3B,2B,CI",140,38,48,24,7,16,3,41,13,0.333,0.45,3,0,0,57,87,0,0
2025,mixed,Justin Mason,Francisco Lindor,3668,NYM,SS,39,act,active,"SS,MI",644,172,160,117,31,86,31,131,65,0.346,0.466,2,0,0,0,0,158,0
2025,mixed,Justin Mason,Royce Lewis,6094,Min,3B,14,act,active,"3B,CI",357,84,100,35,13,50,12,77,24,0.282,0.392,7,0,0,0,99,0,0
2025,mixed,Justin Mason,Ronald Acuna,5737,Atl,OF,33,act,active,OF,136,37,39,26,8,18,5,36,30,0.414,0.463,4,0,0,0,0,0,91
2025,mixed,Justin Mason,Jakob Marsee,8830,Mia,OF,37,act,active,OF,201,57,52,26,5,32,14,45,18,0.347,0.453,0,0,0,0,0,0,55
2025,mixed,Justin Mason,Jackson Chourio,7727,Mil,OF,29,act,active,OF,540,142,129,85,20,77,21,120,30,0.302,0.45,2,0,0,0,0,0,129
2025,mixed,Justin Mason,Juan Soto,6043,NYM,OF,53,act,active,OF,258,68,70,55,22,54,28,69,55,0.394,0.547,3,0,0,0,0,0,157
2025,mixed,Justin Mason,Maikel Garcia,7884,KC,OF,4,act,active,"3B,2B,SS,OF,MI,CI",595,170,160,81,16,74,23,84,62,0.351,0.449,6,0,0,11,136,17,7
2025,mixed,Justin Mason,Adley Rutschman,6876,Bal,C,22,act,active,C,315,71,88,37,9,29,0,56,39,0.311,0.375,18,73,0,0,0,0,0
2025,mixed,Justin Mason,Edgar Quero,8510,CWS,C,11,act,active,C,190,51,54,21,4,17,0,35,13,0.32,0.384,29,72,0,0,0,0,0
2025,mixed,Justin Mason,Shohei Ohtani-Hitter,6322,LAD,UT,51,act,active,UT,611,172,158,146,55,102,20,187,109,0.392,0.622,158,0,0,0,0,0,0
2025,mixed,Justin Mason,Zach McKinstry,7128,Det,CI,13,act,active,"3B,OF,2B,SS,CI,MI",321,79,101,42,7,27,12,82,30,0.313,0.402,3,0,1,6,85,40,43
2025,mixed,Justin Mason,Chase Meidroth,8821,CWS,MI,77,act,active,"SS,2B",420,105,112,46,5,22,13,66,36,0.317,0.317,0,0,0,61,0,76,0
2025,mixed,Justin Mason,Christian Encarnacion-Strand,8168,Cin,1B,4,rel,previously_active,,117,20,33,10,3,13,0,30,2,0.195,0.274,0,0,27,0,9,0,0
2025,mixed,Justin Mason,Tyler Locklear,8628,Ari,1B,3,rel,previously_active,,74,11,22,6,2,5,1,32,5,0.232,0.23,0,0,30,0,0,0,0
2025,mixed,Justin Mason,Colt Keith,8114,Det,1B,27,dis,previously_active,"3B,2B,MI,1B",319,84,102,51,12,38,1,79,31,0.329,0.445,51,0,18,26,37,0,0
2025,mixed,Justin Mason,Alec Burleson,7808,StL,1B,1,rel,previously_active,,98,25,31,9,1,8,2,16,7,0.305,0.316,22,0,50,0,0,0,74
2025,mixed,Justin Mason,Isiah Kiner-Falefa,6317,Bos,2B,13,rel,previously_active,,71,19,21,7,0,5,3,17,2,0.297,0.324,0,0,0,13,32,95,0
2025,mixed,Justin Mason,Abraham Toro,6790,KC,3B,27,rel,previously_active,,36,7,12,4,0,3,1,7,3,0.286,0.222,0,0,68,0,16,0,0
2025,mixed,Justin Mason,Drew Waters,6537,KC,OF,3,rel,previously_active,,55,14,18,7,0,6,3,12,2,0.281,0.309,0,0,0,0,0,0,68
2025,mixed,Justin Mason,Gavin Lux,6141,TB,OF,2,rel,previously_active,,154,38,48,13,2,20,0,45,18,0.326,0.37,59,0,0,17,6,0,55
2025,mixed,Justin Mason,Jacob Young,8724,Was,OF,27,rel,previously_active,,40,7,12,1,0,5,1,7,4,0.25,0.175,1,0,0,0,0,0,112
2025,mixed,Justin Mason,Sam Haggerty,6912,Tex,OF,5,rel,previously_active,,64,18,25,15,1,9,6,17,10,0.387,0.406,12,0,0,5,0,0,41
2025,mixed,Justin Mason,Roman Anthony,8576,Bos,OF,1,dis,previously_active,OF,257,75,71,48,8,32,4,84,40,0.396,0.463,18,0,0,0,0,0,52
2025,mixed,Justin Mason,Kody Clemens,7016,Min,OF,17,trd,previously_active,,85,15,31,11,5,15,0,23,5,0.234,0.412,1,0,58,51,0,0,22
2025,mixed,Justin Mason,Jordan Walker,7348,StL,OF,1,rel,previously_active,,106,21,29,9,2,9,2,35,8,0.261,0.274,1,0,0,0,0,0,108
2025,mixed,Justin Mason,J.J. Bleday,6951,Cin,OF,4,rel,previously_active,,167,34,47,26,6,18,1,41,21,0.291,0.365,0,0,0,0,0,0,87
2025,mixed,Justin Mason,Tommy Pham,5041,FA,OF,0,rel,previously_active,,30,3,10,1,0,2,3,11,3,0.2,0.133,2,0,0,0,0,0,117
2025,mixed,Justin Mason,Jake McCarthy,6977,Col,OF,27,rel,previously_active,,32,6,10,2,1,4,1,7,4,0.278,0.281,3,0,0,0,0,0,59
2025,mixed,Justin Mason,Dalton Rushing,8534,LAD,C,4,rel,previously_active,,23,5,9,3,0,2,0,13,5,0.357,0.261,1,41,8,0,0,0,0
2025,mixed,Justin Mason,Joey Bart,6596,Pit,C,1,rel,previously_active,,169,38,50,10,1,12,1,52,23,0.328,0.284,5,83,0,0,0,0,0
2025,mixed,Justin Mason,Riley Adams,7290,Was,C,1,rel,previously_active,,68,9,21,6,0,2,0,28,5,0.224,0.147,1,80,1,0,0,0,0
2025,mixed,Justin Mason,Mitch Garver,5025,FA,C,1,rel,previously_active,,42,10,11,3,2,2,0,12,1,0.273,0.405,39,43,0,0,0,0,0
2025,mixed,Justin Mason,Ke'Bryan Hayes,5397,Cin,CI,1,rel,previously_active,,157,34,42,13,1,16,4,33,12,0.285,0.255,0,0,0,0,152,0,0
2025,mixed,Justin Mason,Brooks Lee,8086,Min,CI,0,res,previously_active,"SS,2B,MI,3B",96,26,25,11,4,14,1,21,3,0.297,0.437,1,0,0,37,43,77,0
2025,mixed,Justin Mason,Josh Jung,6979,Tex,CI,155,res,previously_active,"3B,CI",66,14,20,8,3,8,0,22,4,0.257,0.379,5,0,0,0,126,0,0
2025,mixed,Justin Mason,LaMonte Wade,5773,CWS,CI,0,rel,previously_active,,78,13,26,7,0,7,0,19,10,0.261,0.282,2,0,49,0,0,0,22
2025,mixed,Justin Mason,Curtis Mead,7919,CWS,MI,0,rel,previously_active,,15,4,5,2,0,1,0,4,1,0.312,0.267,4,0,32,17,29,0,0
2025,mixed,Justin Mason,Colt Keith,8114,Det,1B,27,dis,reserved,"3B,2B,MI,1B",29,10,10,6,1,4,0,5,2,0.387,0.517,51,0,18,26,37,0,0
2025,mixed,Justin Mason,Roman Anthony,8576,Bos,OF,1,dis,reserved,OF,0,0,0,0,0,0,0,0,0,0.0,0.0,18,0,0,0,0,0,52
2025,mixed,Justin Mason,Brooks Lee,8086,Min,CI,0,res,reserved,"SS,2B,MI,3B",391,89,114,39,12,50,2,71,28,0.282,0.353,1,0,0,37,43,77,0
2025,mixed,Justin Mason,Josh Jung,6979,Tex,CI,155,res,reserved,"3B,CI",119,33,30,15,2,14,0,29,4,0.301,0.42,5,0,0,0,126,0,0
2025,mixed,Justin Mason,Christian Encarnacion-Strand,8168,Cin,1B,4,rel,previously_reserved,,13,7,3,3,3,6,0,2,1,0.571,1.31,0,0,27,0,9,0,0
2025,mixed,Justin Mason,Mauricio Dubon,5380,Atl,1B,0,act,previously_reserved,"OF,2B,CI,MI,1B,SS,3B",67,12,28,5,1,6,0,7,4,0.225,0.254,0,0,4,46,24,33,63
2025,mixed,Justin Mason,Isiah Kiner-Falefa,6317,Bos,2B,13,rel,previously_reserved,,39,11,11,5,1,2,1,4,2,0.317,0.385,0,0,0,13,32,95,0
2025,mixed,Justin Mason,Brett Baty,7037,NYM,2B,27,act,previously_reserved,"3B,2B,CI",60,18,19,11,3,7,2,14,7,0.373,0.483,3,0,0,57,87,0,0
2025,mixed,Justin Mason,Royce Lewis,6094,Min,3B,14,act,previously_reserved,"3B,CI",19,5,6,1,0,2,0,3,1,0.3,0.316,7,0,0,0,99,0,0
2025,mixed,Justin Mason,Sam Haggerty,6912,Tex,OF,5,rel,previously_reserved,,10,1,4,2,0,0,0,1,1,0.182,0.1,12,0,0,5,0,0,41
2025,mixed,Justin Mason,Jacob Young,8724,Was,OF,27,rel,previously_reserved,,63,11,23,5,0,3,3,15,4,0.235,0.19,1,0,0,0,0,0,112
2025,mixed,Justin Mason,Drew Waters,6537,KC,OF,3,rel,previously_reserved,,73,16,28,7,0,1,1,25,6,0.287,0.247,0,0,0,0,0,0,68
2025,mixed,Justin Mason,Gavin Lux,6141,TB,OF,2,rel,previously_reserved,,89,28,27,13,2,17,1,20,15,0.413,0.427,59,0,0,17,6,0,55
2025,mixed,Justin Mason,Ronald Acuna,5737,Atl,OF,33,act,previously_reserved,OF,12,3,3,2,0,0,0,4,2,0.357,0.333,4,0,0,0,0,0,91
2025,mixed,Justin Mason,Jordan Walker,7348,StL,OF,1,rel,previously_reserved,,26,4,9,4,1,6,1,9,2,0.233,0.269,1,0,0,0,0,0,108
2025,mixed,Justin Mason,Jackson Chourio,7727,Mil,OF,29,act,previously_reserved,OF,9,6,2,3,1,1,0,1,0,0.667,1.22,2,0,0,0,0,0,129
2025,mixed,Justin Mason,Kody Clemens,7016,Min,OF,17,trd,previously_reserved,,12,4,4,3,2,4,0,2,0,0.333,0.833,1,0,58,51,0,0,22
2025,mixed,Justin Mason,Tommy Pham,5041,FA,OF,0,rel,previously_reserved,,17,3,5,2,0,2,0,5,3,0.3,0.235,2,0,0,0,0,0,117
2025,mixed,Justin Mason,Jake McCarthy,6977,Col,OF,27,rel,previously_reserved,,11,3,4,0,0,0,0,3,0,0.273,0.545,3,0,0,0,0,0,59
2025,mixed,Justin Mason,Adley Rutschman,6876,Bal,C,22,act,previously_reserved,C,7,0,2,0,0,0,0,1,1,0.125,0.0,18,73,0,0,0,0,0
2025,mixed,Justin Mason,Joey Bart,6596,Pit,C,1,rel,previously_reserved,,15,5,5,2,0,2,0,4,2,0.412,0.333,5,83,0,0,0,0,0
2025,mixed,Justin Mason,Ke'Bryan Hayes,5397,Cin,CI,1,rel,previously_reserved,,69,17,19,3,0,2,2,15,3,0.288,0.319,0,0,0,0,152,0,0
2025,mixed,Justin Mason,Zach McKinstry,7128,Det,CI,13,act,previously_reserved,"3B,OF,2B,SS,CI,MI",123,35,40,23,5,21,7,26,13,0.369,0.52,3,0,1,6,85,40,43
2025,mixed,Justin Mason,LaMonte Wade,5773,CWS,CI,0,rel,previously_reserved,,66,11,23,5,1,8,0,16,11,0.282,0.258,2,0,49,0,0,0,22
2025,mixed,Justin Mason,Chase Meidroth,8821,CWS,MI,77,act,previously_reserved,"SS,2B",23,6,7,5,0,1,1,5,6,0.414,0.348,0,0,0,61,0,76,0
2025,mixed,Scott Swanay,Vladimir Guerrero Jr.,5275,Tor,1B,35,act,active,"1B,CI",589,172,156,96,23,84,6,94,81,0.381,0.467,24,0,133,0,0,0,0
2025,mixed,Scott Swanay,Gleyber Torres,4619,Det,2B,5,act,active,"2B,MI",524,133,143,79,16,74,4,100,84,0.357,0.387,10,0,0,134,0,0,0
2025,mixed,Scott Swanay,Willy Adames,5094,SF,SS,17,act,active,"SS,MI",591,133,160,94,30,87,12,179,80,0.318,0.421,1,0,0,0,0,158,0
2025,mixed,Scott Swanay,Carlos Correa,4010,Hou,3B,14,act,active,"SS,MI,3B",188,55,48,20,5,20,0,43,18,0.357,0.426,0,0,0,0,48,97,0
2025,mixed,Scott Swanay,Dominic Canzone,8467,Sea,OF,0,act,active,OF,17,6,5,3,1,3,1,5,2,0.421,0.588,8,0,0,0,0,0,70
2025,mixed,Scott Swanay,Austin Martin,7072,Min,OF,6,act,active,OF,44,11,11,5,0,5,5,9,3,0.312,0.295,0,0,0,4,0,0,45
2025,mixed,Scott Swanay,Brandon Marsh,6077,Phi,OF,10,act,active,OF,214,70,77,36,8,23,6,66,22,0.387,0.514,0,0,0,0,0,0,131
2025,mixed,Scott Swanay,Anthony Santander,5903,Tor,OF,17,act,active,OF,175,33,48,16,6,18,0,51,23,0.285,0.32,30,0,1,0,0,0,22
2025,mixed,Scott Swanay,Trent Grisham,5285,NYY,OF,30,act,active,OF,429,96,118,72,27,56,3,126,73,0.34,0.434,0,0,0,0,0,0,140
2025,mixed,Scott Swanay,Austin Wells,7379,NYY,C,11,act,active,C,388,85,122,49,19,69,5,113,30,0.276,0.428,1,122,0,0,0,0,0
2025,mixed,Scott Swanay,Ivan Herrera,7261,StL,C,9,act,active,C,385,109,106,54,19,66,6,84,42,0.372,0.465,89,14,0,0,0,0,4
2025,mixed,Scott Swanay,Marcell Ozuna,3280,Pit,UT,0,act,active,UT,19,6,6,3,1,3,0,6,3,0.409,0.474,137,0,0,0,0,0,0
2025,mixed,Scott Swanay,Alec Burleson,7808,StL,CI,41,act,active,"OF,1B,CI",152,46,38,15,4,20,1,29,9,0.348,0.454,22,0,50,0,0,0,74
2025,mixed,Scott Swanay,Christian Moore,9115,LAA,MI,0,act,active,2B,21,4,6,2,0,0,1,8,2,0.261,0.238,0,0,0,53,0,0,0
2025,mixed,Scott Swanay,Otto Kemp,9229,Phi,1B,3,rel,previously_active,,64,17,18,10,1,10,1,16,3,0.338,0.375,0,0,17,2,31,0,11
2025,mixed,Scott Swanay,Edouard Julien,8320,Col,2B,17,rel,previously_active,,22,8,7,1,1,3,0,5,1,0.417,0.591,10,0,26,25,0,1,0
2025,mixed,Scott Swanay,Brett Baty,7037,NYM,2B,0,rel,previously_active,,16,2,5,0,0,0,0,5,0,0.125,0.187,3,0,0,57,87,0,0
2025,mixed,Scott Swanay,Cedric Mullins,6128,TB,OF,7,trd,previously_active,,304,68,89,41,14,46,15,83,34,0.304,0.418,2,0,0,0,0,0,130
2025,mixed,Scott Swanay,Will Benson,6051,Cin,OF,0,rel,previously_active,,104,24,34,17,7,18,1,29,9,0.291,0.481,1,0,0,0,0,0,82
2025,mixed,Scott Swanay,Colton Cowser,7749,Bal,OF,9,res,previously_active,OF,282,54,79,31,13,36,13,114,23,0.267,0.372,1,0,0,0,0,0,90
2025,mixed,Scott Swanay,Justyn-Henry Malloy,8289,TB,OF,49,rel,previously_active,,15,3,5,0,0,3,0,5,0,0.235,0.2,25,0,1,0,0,0,20
2025,mixed,Scott Swanay,Tyrone Taylor,4506,NYM,OF,8,rel,previously_active,,12,2,6,1,0,0,1,3,0,0.286,0.333,0,0,0,0,0,0,111
2025,mixed,Scott Swanay,Matt Wallner,7058,Min,OF,7,dis,previously_active,OF,336,68,104,47,22,40,4,114,46,0.311,0.464,15,0,0,0,0,0,85
2025,mixed,Scott Swanay,Yordan Alvarez,6185,Hou,OF,40,dis,previously_active,OF,163,45,47,17,6,27,1,33,26,0.364,0.436,32,0,0,0,0,0,15
2025,mixed,Scott Swanay,Henry Davis,7722,Pit,C,3,rel,previously_active,,3,0,1,1,0,0,0,0,0,0.25,0.0,0,83,0,0,0,0,0
2025,mixed,Scott Swanay,Matt Thaiss,5814,Bos,C,3,rel,previously_active,,19,4,8,1,1,4,0,4,4,0.375,0.421,1,53,2,0,0,0,0
2025,mixed,Scott Swanay,Nolan Jones,6075,Cle,UT,28,rel,previously_active,,28,3,11,3,1,3,1,14,4,0.219,0.25,1,0,0,0,0,0,130
2025,mixed,Scott Swanay,Joey Bart,6596,Pit,UT,10,rel,previously_active,,11,3,3,1,0,0,0,5,1,0.333,0.273,5,83,0,0,0,0,0
2025,mixed,Scott Swanay,Victor Caratini,4876,Min,UT,10,rel,previously_active,,103,24,30,12,6,16,0,19,5,0.281,0.447,30,49,15,0,0,0,0
2025,mixed,Scott Swanay,Jake Fraley,6173,TB,UT,13,rel,previously_active,,7,4,3,1,0,2,0,1,0,0.571,0.857,2,0,0,0,0,0,68
2025,mixed,Scott Swanay,Taylor Ward,5398,Bal,UT,8,res,previously_active,OF,566,129,152,84,34,101,4,171,72,0.315,0.47,4,0,0,0,0,0,153
2025,mixed,Scott Swanay,Michael Conforto,4911,ChC,UT,5,rel,previously_active,,14,3,5,1,0,2,0,8,1,0.267,0.214,0,0,0,0,0,0,132
2025,mixed,Scott Swanay,Davis Schneider,8712,Tor,UT,8,rel,previously_active,,9,2,4,2,2,2,0,4,0,0.222,0.889,1,0,0,24,1,0,59
2025,mixed,Scott Swanay,Ryan McMahon,4613,NYY,CI,4,rel,previously_active,,463,100,139,55,18,48,1,174,63,0.312,0.382,1,0,0,0,154,0,0
2025,mixed,Scott Swanay,Ty France,6723,SD,CI,20,rel,previously_active,,170,48,47,21,3,29,1,29,10,0.356,0.382,5,0,124,1,0,0,0
2025,mixed,Scott Swanay,Alec Bohm,6542,Phi,CI,215,trd,previously_active,,88,23,24,10,1,11,0,19,9,0.33,0.352,0,0,13,0,108,0,0
2025,mixed,Scott Swanay,Josh Bell,3669,Min,CI,28,rel,previously_active,,138,23,41,13,6,10,0,29,17,0.27,0.333,98,0,33,0,0,0,0
2025,mixed,Scott Swanay,Luis Urias,5831,Mil,MI,8,rel,previously_active,,78,15,24,8,1,7,1,16,14,0.319,0.269,0,0,0,87,9,0,0
2025,mixed,Scott Swanay,Xavier Edwards,6668,Mia,MI,13,trd,previously_active,,374,107,92,51,1,28,17,61,39,0.353,0.35,1,0,0,97,0,41,0
2025,mixed,Scott Swanay,Jordan Lawlar,7687,Ari,MI,0,res,previously_active,"3B,2B",45,10,17,6,0,5,2,16,3,0.28,0.356,6,0,0,5,12,1,0
2025,mixed,Scott Swanay,Yordan Alvarez,6185,Hou,OF,40,dis,reserved,OF,2,0,1,0,0,0,0,0,2,0.5,0.0,32,0,0,0,0,0,15
2025,mixed,Scott Swanay,Matt Wallner,7058,Min,OF,7,dis,reserved,OF,0,0,0,0,0,0,0,0,0,0.0,0.0,15,0,0,0,0,0,85
2025,mixed,Scott Swanay,Colton Cowser,7749,Bal,OF,9,res,reserved,OF,45,10,13,5,3,4,1,14,4,0.286,0.467,1,0,0,0,0,0,90
2025,mixed,Scott Swanay,Taylor Ward,5398,Bal,UT,8,res,reserved,OF,13,3,5,2,2,2,0,4,3,0.375,0.692,4,0,0,0,0,0,153
2025,mixed,Scott Swanay,Jordan Lawlar,7687,Ari,MI,0,res,reserved,"3B,2B",21,2,11,3,0,0,0,10,3,0.208,0.143,6,0,0,5,12,1,0
2025,mixed,Scott Swanay,Otto Kemp,9229,Phi,1B,3,rel,previously_reserved,,20,5,7,0,0,1,0,9,1,0.286,0.3,0,0,17,2,31,0,11
2025,mixed,Scott Swanay,Edouard Julien,8320,Col,2B,17,rel,previously_reserved,,52,7,15,6,1,4,0,19,9,0.258,0.231,10,0,26,25,0,1,0
2025,mixed,Scott Swanay,Brett Baty,7037,NYM,2B,0,rel,previously_reserved,,20,3,7,1,0,1,0,10,0,0.15,0.25,3,0,0,57,87,0,0
2025,mixed,Scott Swanay,Gleyber Torres,4619,Det,2B,5,act,previously_reserved,"2B,MI",8,3,2,0,0,0,0,1,1,0.444,0.375,10,0,0,134,0,0,0
2025,mixed,Scott Swanay,Cedric Mullins,6128,TB,OF,7,trd,previously_reserved,,18,5,5,4,1,3,0,5,1,0.316,0.556,2,0,0,0,0,0,130
2025,mixed,Scott Swanay,Anthony Santander,5903,Tor,OF,17,act,previously_reserved,OF,19,1,6,0,0,0,0,10,2,0.143,0.053,30,0,1,0,0,0,22
2025,mixed,Scott Swanay,Trent Grisham,5285,NYY,OF,30,act,previously_reserved,OF,15,4,5,3,1,5,0,0,4,0.421,0.533,0,0,0,0,0,0,140
2025,mixed,Scott Swanay,Will Benson,6051,Cin,OF,0,rel,previously_reserved,,50,10,19,4,1,8,0,18,3,0.241,0.3,1,0,0,0,0,0,82
2025,mixed,Scott Swanay,Justyn-Henry Malloy,8289,TB,OF,49,rel,previously_reserved,,20,4,10,5,1,3,0,6,7,0.407,0.4,25,0,1,0,0,0,20
2025,mixed,Scott Swanay,Brandon Marsh,6077,Phi,OF,10,act,previously_reserved,OF,95,23,28,16,2,11,1,20,6,0.284,0.4,0,0,0,0,0,0,131
2025,mixed,Scott Swanay,Austin Wells,7379,NYY,C,11,act,previously_reserved,C,13,3,4,2,2,2,0,5,0,0.231,0.692,1,122,0,0,0,0,0
2025,mixed,Scott Swanay,Ivan Herrera,7261,StL,C,9,act,previously_reserved,C,3,1,1,0,0,0,2,0,1,0.5,0.333,89,14,0,0,0,0,4
2025,mixed,Scott Swanay,Victor Caratini,4876,Min,UT,10,rel,previously_reserved,,14,3,7,3,0,1,0,3,4,0.421,0.286,30,49,15,0,0,0,0
2025,mixed,Scott Swanay,Jake Fraley,6173,TB,UT,13,rel,previously_reserved,,23,6,10,3,1,4,0,9,4,0.37,0.435,2,0,0,0,0,0,68
2025,mixed,Scott Swanay,Ryan McMahon,4613,NYY,CI,4,rel,previously_reserved,,38,6,12,5,1,4,2,10,6,0.273,0.289,1,0,0,0,154,0,0
2025,mixed,Scott Swanay,Ty France,6723,SD,CI,20,rel,previously_reserved,,72,19,19,11,3,11,0,13,2,0.303,0.444,5,0,124,1,0,0,0
2025,mixed,Scott Swanay,Josh Bell,3669,Min,CI,28,rel,previously_reserved,,155,34,46,15,7,23,0,28,18,0.305,0.374,98,0,33,0,0,0,0
2025,mixed,Scott Swanay,Alec Bohm,6542,Phi,CI,215,trd,previously_reserved,,4,2,1,2,1,3,0,0,0,0.6,1.25,0,0,13,0,108,0,0
2025,mixed,Scott Swanay,Xavier Edwards,6668,Mia,MI,13,trd,previously_reserved,,6,5,2,1,0,1,0,0,0,0.833,1.17,1,0,0,97,0,41,0
2025,mixed,Scott Swanay,Luis Urias,5831,Mil,MI,8,rel,previously_reserved,,38,12,11,5,1,1,1,5,1,0.366,0.447,0,0,0,87,9,0,0
2025,mixed,Brent Hershey,Freddie Freeman,2466,LAD,1B,30,act,active,"1B,CI",556,164,147,81,24,90,6,128,60,0.367,0.502,0,0,146,0,0,0,0
2025,mixed,Brent Hershey,Jose Altuve,3776,Hou,2B,21,act,active,"2B,OF,MI",588,156,155,80,26,77,10,109,55,0.329,0.442,49,0,0,66,0,0,47
2025,mixed,Brent Hershey,Dansby Swanson,5276,ChC,SS,10,act,active,"SS,MI",590,144,159,84,24,77,20,168,47,0.3,0.417,0,0,0,0,0,159,0
2025,mixed,Brent Hershey,Addison Barger,8260,Tor,3B,22,act,active,"3B,OF,CI",325,75,92,43,14,49,3,89,22,0.28,0.422,1,0,0,0,91,0,57
2025,mixed,Brent Hershey,Noelvi Marte,6921,Cin,OF,7,act,active,"OF,3B,CI",315,83,82,40,13,43,9,81,13,0.298,0.448,1,0,0,0,38,0,54
2025,mixed,Brent Hershey,Victor Robles,5309,Sea,OF,57,act,active,OF,28,6,12,3,0,0,1,11,1,0.267,0.214,0,0,0,0,0,0,31
2025,mixed,Brent Hershey,Andy Pages,7311,LAD,OF,9,act,active,OF,517,136,137,64,22,75,13,117,24,0.3,0.439,0,0,0,0,0,0,156
2025,mixed,Brent Hershey,Jake Meyers,7399,Hou,OF,1,act,active,OF,259,73,76,38,1,12,9,57,19,0.337,0.347,0,0,0,0,0,0,104
2025,mixed,Brent Hershey,Chandler Simpson,8898,TB,OF,137,act,active,OF,363,105,95,48,0,23,40,40,17,0.319,0.339,3,0,0,0,0,0,105
2025,mixed,Brent Hershey,Gabriel Moreno,7541,Ari,C,11,act,active,C,273,77,82,43,8,37,2,52,29,0.351,0.421,8,75,0,0,0,0,0
2025,mixed,Brent Hershey,Dillon Dingler,7393,Det,C,4,act,active,C,290,78,87,39,9,39,0,70,21,0.33,0.414,3,118,0,0,0,0,0
2025,mixed,Brent Hershey,Christian Yelich,3314,Mil,UT,22,act,active,OF,573,151,150,88,29,103,16,167,64,0.343,0.452,130,0,0,0,0,0,19
2025,mixed,Brent Hershey,Jake Burger,6156,Tex,CI,14,act,active,"1B,3B,CI",313,77,90,39,14,47,1,79,12,0.283,0.425,10,0,91,0,0,0,0
2025,mixed,Brent Hershey,Lenyn Sosa,8227,CWS,MI,3,act,active,"2B,1B,CI,3B,MI",192,46,48,24,11,35,0,53,7,0.275,0.437,11,0,42,99,3,0,0
2025,mixed,Brent Hershey,Cam Smith,9118,Hou,3B,0,res,previously_active,OF,244,59,69,33,8,34,6,74,25,0.322,0.398,1,0,0,0,0,0,132
2025,mixed,Brent Hershey,Parker Meadows,6915,Det,OF,3,rel,previously_active,,19,1,5,1,1,3,0,7,0,0.053,0.211,0,0,0,0,0,0,57
2025,mixed,Brent Hershey,Nolan Jones,6075,Cle,OF,2,rel,previously_active,,36,6,12,4,0,3,0,14,5,0.286,0.25,1,0,0,0,0,0,130
2025,mixed,Brent Hershey,James Wood,7755,Was,OF,24,res,previously_active,OF,554,140,146,80,26,83,15,206,84,0.351,0.453,33,0,0,0,0,0,123
2025,mixed,Brent Hershey,Pavin Smith,6109,Ari,OF,11,dis,previously_active,"1B,CI,OF",25,7,6,3,2,7,0,9,1,0.296,0.56,47,0,36,0,0,0,0
2025,mixed,Brent Hershey,Harrison Bader,5366,SF,OF,11,rel,previously_active,,66,22,23,10,1,9,4,16,8,0.413,0.424,0,0,0,0,0,0,142
2025,mixed,Brent Hershey,Gary Sanchez,3259,Mil,C,5,dis,previously_active,C,41,11,11,7,3,13,0,11,2,0.318,0.537,7,22,0,0,0,0,0
2025,mixed,Brent Hershey,Liam Hicks,8871,Mia,C,3,rel,previously_active,,100,24,34,9,0,9,0,23,13,0.339,0.26,21,62,28,0,0,0,0
2025,mixed,Brent Hershey,Miguel Amaya,6688,ChC,C,2,dis,previously_active,C,93,26,27,14,4,25,0,22,4,0.313,0.505,1,27,0,0,0,0,0
2025,mixed,Brent Hershey,Gabriel Arias,6513,Cle,UT,0,res,previously_active,"SS,3B,2B,CI,MI",38,6,11,3,1,3,1,18,2,0.2,0.237,0,0,0,28,8,106,0
2025,mixed,Brent Hershey,Miguel Andujar,5142,SD,UT,27,rel,previously_active,,159,50,44,19,6,20,1,24,7,0.341,0.491,27,0,3,0,32,0,32
2025,mixed,Brent Hershey,Ryan Bliss,8673,Sea,UT,0,dis,previously_active,"2B,MI",35,7,11,1,1,3,2,11,4,0.282,0.314,0,0,0,11,0,0,0
2025,mixed,Brent Hershey,Christian Moore,9115,LAA,UT,56,rel,previously_active,,24,2,9,2,0,0,0,11,6,0.267,0.125,0,0,0,53,0,0,0
2025,mixed,Brent Hershey,Heriberto Hernandez,7315,Mia,UT,11,rel,previously_active,,37,10,12,5,2,8,0,10,3,0.341,0.459,33,0,0,0,0,0,49
2025,mixed,Brent Hershey,Brandon Marsh,6077,Phi,UT,1,rel,previously_active,,48,9,18,5,1,6,0,17,8,0.304,0.292,0,0,0,0,0,0,131
2025,mixed,Brent Hershey,Joc Pederson,4090,Tex,UT,3,rel,previously_active,,28,3,10,2,0,0,0,6,4,0.242,0.143,82,0,4,0,0,0,1
2025,mixed,Brent Hershey,Rob Refsnyder,4986,Sea,UT,11,rel,previously_active,,14,3,6,4,0,1,0,5,4,0.389,0.286,20,0,0,0,0,0,43
2025,mixed,Brent Hershey,Yoan Moncada,5023,LAA,CI,44,res,previously_active,"3B,CI",8,1,4,0,0,1,0,3,0,0.2,0.125,1,0,0,0,76,0,0
2025,mixed,Brent Hershey,Max Muncy,4851,LAD,CI,8,rel,previously_active,,248,62,80,39,14,54,4,66,54,0.389,0.464,0,0,0,0,97,0,0
2025,mixed,Brent Hershey,Luisangel Acuna,7011,CWS,MI,48,rel,previously_active,,16,3,5,1,0,2,2,3,0,0.235,0.187,0,0,0,81,6,7,2
2025,mixed,Brent Hershey,Ronny Mauricio,6445,NYM,MI,3,rel,previously_active,,26,8,9,4,2,3,1,5,3,0.379,0.615,5,0,0,7,42,5,0
2025,mixed,Brent Hershey,Tyler Fitzgerald,8481,SF,MI,3,rel,previously_active,,154,36,50,13,3,11,7,46,11,0.292,0.344,0,0,0,69,0,0,3
2025,mixed,Brent Hershey,Santiago Espinal,6833,LAD,MI,3,rel,previously_active,,24,5,6,2,0,1,1,0,0,0.208,0.208,2,0,3,19,75,2,16
2025,mixed,Brent Hershey,Cam Smith,9118,Hou,3B,0,res,reserved,OF,197,45,65,22,1,17,2,63,18,0.3,0.31,1,0,0,0,0,0,132
2025,mixed,Brent Hershey,Pavin Smith,6109,Ari,OF,11,dis,reserved,"1B,CI,OF",33,7,12,5,0,0,0,13,3,0.278,0.303,47,0,36,0,0,0,0
2025,mixed,Brent Hershey,James Wood,7755,Was,OF,24,res,reserved,OF,44,13,11,7,5,11,0,15,1,0.326,0.75,33,0,0,0,0,0,123
2025,mixed,Brent Hershey,Miguel Amaya,6688,ChC,C,2,dis,reserved,C,3,1,1,0,0,0,0,0,0,0.333,0.333,1,27,0,0,0,0,0
2025,mixed,Brent Hershey,Gary Sanchez,3259,Mil,C,5,dis,reserved,C,0,0,0,0,0,0,0,0,0,0.0,0.0,7,22,0,0,0,0,0
2025,mixed,Brent Hershey,Gabriel Arias,6513,Cle,UT,0,res,reserved,"SS,3B,2B,CI,MI",72,15,21,7,1,6,2,31,4,0.26,0.347,0,0,0,28,8,106,0
2025,mixed,Brent Hershey,Ryan Bliss,8673,Sea,UT,0,dis,reserved,"2B,MI",0,0,0,0,0,0,0,0,0,0.0,0.0,0,0,0,11,0,0,0
2025,mixed,Brent Hershey,Yoan Moncada,5023,LAA,CI,44,res,reserved,"3B,CI",7,1,3,0,0,0,0,3,1,0.25,0.286,1,0,0,0,76,0,0
2025,mixed,Brent Hershey,Addison Barger,8260,Tor,3B,22,act,previously_reserved,"3B,OF,CI",81,24,24,12,6,17,1,22,10,0.38,0.617,1,0,0,0,91,0,57
2025,mixed,Brent Hershey,Jake Meyers,7399,Hou,OF,1,act,previously_reserved,OF,84,27,28,15,2,12,7,10,12,0.402,0.452,0,0,0,0,0,0,104
2025,mixed,Brent Hershey,Chandler Simpson,8898,TB,OF,137,act,previously_reserved,OF,43,15,12,4,0,2,3,2,3,0.391,0.395,3,0,0,0,0,0,105
2025,mixed,Brent Hershey,Andy Pages,7311,LAD,OF,9,act,previously_reserved,OF,49,19,14,8,5,11,1,9,2,0.423,0.755,0,0,0,0,0,0,156
2025,mixed,Brent Hershey,Harrison Bader,5366,SF,OF,11,rel,previously_reserved,,45,9,15,5,1,4,2,12,4,0.315,0.311,0,0,0,0,0,0,142
2025,mixed,Brent Hershey,Nolan Jones,6075,Cle,OF,2,rel,previously_reserved,,13,2,6,1,0,1,1,6,4,0.353,0.231,1,0,0,0,0,0,130
2025,mixed,Brent Hershey,Parker Meadows,6915,Det,OF,3,rel,previously_reserved,,92,20,28,11,1,6,3,30,10,0.294,0.293,0,0,0,0,0,0,57
2025,mixed,Brent Hershey,Victor Robles,5309,Sea,OF,57,act,previously_reserved,OF,26,6,8,5,1,4,1,6,2,0.3,0.462,0,0,0,0,0,0,31
2025,mixed,Brent Hershey,Noelvi Marte,6921,Cin,OF,7,act,previously_reserved,"OF,3B,CI",18,5,5,3,1,8,0,4,2,0.333,0.556,1,0,0,0,38,0,54
2025,mixed,Brent Hershey,Jhonkensy Noel,7875,Bal,OF,0,rel,previously_reserved,,4,1,1,0,0,1,0,1,0,0.2,0.25,1,0,9,0,0,0,60
2025,mixed,Brent Hershey,Gabriel Moreno,7541,Ari,C,11,act,previously_reserved,C,4,2,1,1,1,3,0,1,0,0.5,1.25,8,75,0,0,0,0,0
2025,mixed,Brent Hershey,Heriberto Hernandez,7315,Mia,UT,11,rel,previously_reserved,,20,3,5,1,0,3,0,6,0,0.15,0.2,33,0,0,0,0,0,49
2025,mixed,Brent Hershey,Brandon Marsh,6077,Phi,UT,1,rel,previously_reserved,,9,2,5,1,0,2,0,2,0,0.2,0.333,0,0,0,0,0,0,131
2025,mixed,Brent Hershey,Rob Refsnyder,4986,Sea,UT,11,rel,previously_reserved,,8,4,4,1,0,0,0,0,2,0.6,0.625,20,0,0,0,0,0,43
2025,mixed,Brent Hershey,Joc Pederson,4090,Tex,UT,3,rel,previously_reserved,,57,5,19,1,0,1,0,15,3,0.148,0.158,82,0,4,0,0,0,1
2025,mixed,Brent Hershey,Christian Moore,9115,LAA,UT,56,rel,previously_reserved,,39,10,14,4,1,4,0,11,3,0.31,0.359,0,0,0,53,0,0,0
2025,mixed,Brent Hershey,Miguel Andujar,5142,SD,UT,27,rel,previously_reserved,,34,7,9,1,0,5,0,2,1,0.222,0.235,27,0,3,0,32,0,32
2025,mixed,Brent Hershey,Max Muncy,4851,LAD,CI,8,rel,previously_reserved,,42,11,13,6,3,10,0,9,9,0.385,0.548,0,0,0,0,97,0,0
2025,mixed,Brent Hershey,Jake Burger,6156,Tex,CI,14,act,previously_reserved,"1B,3B,CI",43,7,13,4,2,6,0,14,0,0.159,0.372,10,0,91,0,0,0,0
2025,mixed,Brent Hershey,Tyler Fitzgerald,8481,SF,MI,3,rel,previously_reserved,,44,9,13,5,0,2,2,16,4,0.271,0.295,0,0,0,69,0,0,3
2025,mixed,Brent Hershey,Lenyn Sosa,8227,CWS,MI,3,act,previously_reserved,"2B,1B,CI,3B,MI",38,14,11,6,2,9,0,3,3,0.405,0.553,11,0,42,99,3,0,0
2025,mixed,Brent Hershey,Luisangel Acuna,7011,CWS,MI,48,rel,previously_reserved,,45,7,30,8,0,0,1,8,2,0.191,0.156,0,0,0,81,6,7,2
2025,mixed,Brian Feldman,Peter Alonso,6132,Bal,1B,24,act,active,"1B,CI",624,170,162,87,38,126,1,162,61,0.347,0.524,2,0,160,0,0,0,0
2025,mixed,Brian Feldman,Luke Keaschall,9013,Min,2B,81,act,active,2B,148,41,41,22,2,16,13,26,18,0.372,0.378,8,0,0,41,0,0,0
2025,mixed,Brian Feldman,Jackson Holliday,8228,Bal,SS,4,act,active,"2B,MI,SS",586,142,149,70,17,55,17,140,56,0.314,0.375,4,0,0,139,0,8,0
2025,mixed,Brian Feldman,Coby Mayo,7723,Bal,3B,30,act,active,"1B,CI,3B",92,25,30,13,6,12,1,31,10,0.356,0.511,9,0,70,0,3,0,0
2025,mixed,Brian Feldman,Teoscar Hernandez,4844,LAD,OF,21,act,active,OF,491,121,128,61,24,82,4,127,25,0.283,0.45,0,0,0,0,0,0,133
2025,mixed,Brian Feldman,Ramon Laureano,5858,SD,OF,29,act,active,OF,282,82,78,44,15,51,4,67,17,0.342,0.521,9,0,0,0,0,0,120
2025,mixed,Brian Feldman,Oneil Cruz,6521,Pit,OF,27,act,active,"OF,SS,MI",452,91,129,60,19,59,36,167,60,0.296,0.381,3,0,0,0,0,0,125
2025,mixed,Brian Feldman,Mike Trout,2844,LAA,OF,15,act,active,OF,446,101,127,72,26,62,2,176,87,0.356,0.435,106,0,0,0,0,0,22
2025,mixed,Brian Feldman,Mookie Betts,4670,LAD,OF,41,act,active,"SS,2B,OF,MI",589,152,150,95,20,82,8,68,61,0.326,0.406,0,0,0,0,0,148,1
2025,mixed,Brian Feldman,Carlos Narvaez,8496,Bos,C,25,act,active,C,50,9,15,3,3,7,0,14,2,0.212,0.42,2,112,0,0,0,0,0
2025,mixed,Brian Feldman,Carson Kelly,4512,ChC,C,26,act,active,C,340,82,102,39,13,35,2,76,37,0.319,0.391,3,105,0,0,0,0,0
2025,mixed,Brian Feldman,Spencer Torkelson,7073,Det,UT,0,act,active,"1B,CI",554,131,152,79,30,77,1,165,67,0.326,0.449,10,0,145,0,0,0,0
2025,mixed,Brian Feldman,Matt Shaw,8567,ChC,CI,5,act,active,3B,250,55,78,37,7,25,13,64,21,0.285,0.372,0,0,0,4,124,0,0
2025,mixed,Brian Feldman,Ha-Seong Kim,7554,Atl,MI,2,act,active,"SS,2B,MI",71,16,21,13,3,8,3,15,12,0.333,0.38,0,0,0,5,0,43,0
2025,mixed,Brian Feldman,Javier Baez,3804,Det,SS,29,res,previously_active,"SS,2B,OF,3B,MI",28,5,8,3,0,2,0,10,1,0.207,0.179,0,0,0,10,23,62,53
2025,mixed,Brian Feldman,Corey Seager,4154,Tex,SS,19,dis,previously_active,"SS,MI",355,98,96,59,21,48,3,80,58,0.383,0.507,5,0,0,0,0,97,0
2025,mixed,Brian Feldman,Dane Myers,8670,Cin,OF,27,rel,previously_active,,80,23,23,9,1,6,8,17,5,0.337,0.35,1,0,0,0,0,0,102
2025,mixed,Brian Feldman,Matthew Lugo,8450,LAA,OF,33,rel,previously_active,,11,0,4,0,0,0,0,6,0,0.0,0.0,0,0,0,0,0,0,26
2025,mixed,Brian Feldman,Nathan Lukes,7612,Tor,OF,5,res,previously_active,OF,133,34,45,16,3,24,1,20,10,0.306,0.368,1,0,0,0,0,0,131
2025,mixed,Brian Feldman,Justyn-Henry Malloy,8289,TB,OF,5,rel,previously_active,,10,3,5,1,0,2,0,3,0,0.3,0.3,25,0,1,0,0,0,20
2025,mixed,Brian Feldman,Michael Conforto,4911,ChC,OF,4,rel,previously_active,,162,28,52,24,3,9,1,54,30,0.318,0.284,0,0,0,0,0,0,132
2025,mixed,Brian Feldman,Yanquiel Fernandez,7758,NYY,OF,15,rel,previously_active,,14,4,6,2,0,1,0,5,1,0.333,0.357,25,0,0,0,0,0,22
2025,mixed,Brian Feldman,Jacob Stallings,5554,Bal,C,1,rel,previously_active,,81,12,28,4,0,6,0,31,5,0.225,0.185,0,40,0,0,0,0,0
2025,mixed,Brian Feldman,Drake Baldwin,8442,Atl,C,1,rel,previously_active,,26,4,7,0,0,1,0,5,3,0.241,0.192,12,97,0,0,0,0,0
2025,mixed,Brian Feldman,Hunter Feduccia,7637,TB,C,7,rel,previously_active,,37,4,17,3,0,6,1,11,8,0.255,0.162,1,34,1,0,0,0,0
2025,mixed,Brian Feldman,Pedro Pages,7262,StL,C,15,rel,previously_active,,17,2,5,1,0,3,0,8,1,0.167,0.176,0,110,2,1,0,0,0
2025,mixed,Brian Feldman,Danny Jansen,5332,Tex,C,2,rel,previously_active,,114,25,38,21,7,18,0,38,13,0.305,0.447,2,93,0,0,0,0,0
2025,mixed,Brian Feldman,Kyle Manzardo,8116,Cle,CI,1,res,previously_active,1B,295,69,87,36,20,51,1,90,37,0.329,0.478,81,0,56,0,0,0,0
2025,mixed,Brian Feldman,Nolan Arenado,3214,Ari,CI,5,res,previously_active,"3B,CI",373,88,100,45,10,49,2,41,28,0.292,0.367,3,0,0,0,103,0,0
2025,mixed,Brian Feldman,J.P. Crawford,4534,Sea,MI,0,rel,previously_active,,248,65,66,28,4,20,5,52,42,0.37,0.347,0,0,0,0,0,157,0
2025,mixed,Brian Feldman,David Hamilton,7909,Mil,MI,10,rel,previously_active,,18,1,10,1,0,1,2,8,0,0.056,0.056,4,0,0,68,1,12,0
2025,mixed,Brian Feldman,Jon Berti,5574,ChC,MI,36,rel,previously_active,,14,3,5,2,0,0,0,2,2,0.312,0.286,0,0,0,13,28,0,1
2025,mixed,Brian Feldman,Javier Baez,3804,Det,SS,29,res,reserved,"SS,2B,OF,3B,MI",43,9,15,3,1,6,0,11,0,0.222,0.326,0,0,0,10,23,62,53
2025,mixed,Brian Feldman,Corey Seager,4154,Tex,SS,19,dis,reserved,"SS,MI",25,5,6,2,0,2,0,7,0,0.2,0.2,5,0,0,0,0,97,0
2025,mixed,Brian Feldman,Richie Palacios,7876,TB,OF,0,res,reserved,"OF,2B,MI",42,14,17,10,1,3,4,9,5,0.396,0.452,3,0,3,5,0,0,6
2025,mixed,Brian Feldman,Nathan Lukes,7612,Tor,OF,5,res,reserved,OF,165,42,53,22,5,25,1,25,15,0.315,0.436,1,0,0,0,0,0,131
2025,mixed,Brian Feldman,Kyle Manzardo,8116,Cle,CI,1,res,reserved,1B,175,41,55,11,7,19,1,45,11,0.282,0.417,81,0,56,0,0,0,0
2025,mixed,Brian Feldman,Nolan Arenado,3214,Ari,CI,5,res,reserved,"3B,CI",28,7,7,3,2,3,1,8,0,0.241,0.5,3,0,0,0,103,0,0
2025,mixed,Brian Feldman,Luke Keaschall,9013,Min,2B,81,act,previously_reserved,2B,22,10,5,2,2,10,0,1,0,0.455,0.864,8,0,0,41,0,0,0
2025,mixed,Brian Feldman,Coby Mayo,7723,Bal,3B,30,act,previously_reserved,"1B,CI,3B",59,9,16,4,2,2,1,24,5,0.231,0.271,9,0,70,0,3,0,0
2025,mixed,Brian Feldman,Michael Conforto,4911,ChC,OF,4,rel,previously_reserved,,50,7,16,3,1,4,0,9,3,0.218,0.22,0,0,0,0,0,0,132
2025,mixed,Brian Feldman,Yanquiel Fernandez,7758,NYY,OF,15,rel,previously_reserved,,20,2,6,1,0,0,0,7,0,0.1,0.1,25,0,0,0,0,0,22
2025,mixed,Brian Feldman,Teoscar Hernandez,4844,LAD,OF,21,act,previously_reserved,OF,20,5,6,4,1,7,1,7,1,0.318,0.55,0,0,0,0,0,0,133
2025,mixed,Brian Feldman,Ramon Laureano,5858,SD,OF,29,act,previously_reserved,OF,71,20,20,16,4,15,1,24,11,0.381,0.493,9,0,0,0,0,0,120
2025,mixed,Brian Feldman,Oneil Cruz,6521,Pit,OF,27,act,previously_reserved,"OF,SS,MI",19,3,6,2,1,2,2,7,4,0.333,0.316,3,0,0,0,0,0,125
2025,mixed,Brian Feldman,Justyn-Henry Malloy,8289,TB,OF,5,rel,previously_reserved,,10,2,6,2,0,0,0,3,0,0.2,0.2,25,0,1,0,0,0,20
2025,mixed,Brian Feldman,Jonny DeLuca,8312,TB,OF,0,rel,previously_reserved,,57,19,20,5,0,4,6,13,2,0.356,0.456,1,0,0,0,0,0,19
2025,mixed,Brian Feldman,Mike Trout,2844,LAA,OF,15,act,previously_reserved,OF,10,5,3,1,0,2,0,2,0,0.5,0.6,106,0,0,0,0,0,22
2025,mixed,Brian Feldman,Matthew Lugo,8450,LAA,OF,33,rel,previously_reserved,,3,0,2,0,0,0,0,1,0,0.0,0.0,0,0,0,0,0,0,26
2025,mixed,Brian Feldman,Dane Myers,8670,Cin,OF,27,rel,previously_reserved,,115,17,40,7,1,6,3,32,10,0.22,0.209,1,0,0,0,0,0,102
2025,mixed,Brian Feldman,Carson Kelly,4512,ChC,C,26,act,previously_reserved,C,11,3,3,4,2,5,0,1,1,0.333,0.818,3,105,0,0,0,0,0
2025,mixed,Brian Feldman,Spencer Torkelson,7073,Det,UT,0,act,previously_reserved,"1B,CI",9,4,3,3,1,1,1,4,5,0.643,0.889,10,0,145,0,0,0,0
2025,mixed,Brian Feldman,Matt Shaw,8567,ChC,CI,5,act,previously_reserved,3B,143,34,48,20,6,19,4,30,17,0.313,0.434,0,0,0,4,124,0,0
2025,mixed,Brian Feldman,Ha-Seong Kim,7554,Atl,MI,2,act,previously_reserved,"SS,2B,MI",100,24,27,6,2,9,3,24,4,0.28,0.32,0,0,0,5,0,43,0
2025,mixed,Brian Feldman,Jon Berti,5574,ChC,MI,36,rel,previously_reserved,,22,2,9,2,0,1,1,6,0,0.091,0.091,0,0,0,13,28,0,1
2025,mixed,Brian Feldman,J.P. Crawford,4534,Sea,MI,0,rel,previously_reserved,,202,53,55,24,5,24,2,43,21,0.338,0.376,0,0,0,0,0,157,0
2025,mixed,Brian Feldman,David Hamilton,7909,Mil,MI,10,rel,previously_reserved,,43,7,24,4,1,5,5,9,4,0.234,0.256,4,0,0,68,1,12,0
2025,mixed,Alex Chamberlain,Christian Walker,4521,Hou,1B,24,act,active,"1B,CI",570,136,149,70,26,85,2,170,39,0.297,0.421,2,0,152,0,0,0,0
2025,mixed,Alex Chamberlain,Brandon Lowe,6565,Pit,2B,6,act,active,"2B,MI",496,127,131,78,31,82,3,145,37,0.307,0.48,9,0,3,121,0,0,0
2025,mixed,Alex Chamberlain,Zach Neto,8259,LAA,SS,7,act,active,"SS,MI",493,127,125,79,25,59,26,148,33,0.319,0.471,0,0,0,0,0,125,0
2025,mixed,Alex Chamberlain,Rafael Devers,4903,SF,3B,26,act,active,"1B,CI,3B",607,153,163,99,35,109,1,192,112,0.372,0.479,133,0,29,0,1,0,0
2025,mixed,Alex Chamberlain,Kody Clemens,7016,Min,OF,17,act,active,"1B,CI,OF,2B",119,27,34,17,6,16,4,31,10,0.292,0.429,1,0,58,51,0,0,22
2025,mixed,Alex Chamberlain,Byron Buxton,4014,Min,OF,7,act,active,OF,476,125,124,94,35,80,23,145,41,0.326,0.557,8,0,0,0,0,0,118
2025,mixed,Alex Chamberlain,Brandon Nimmo,3778,Tex,OF,8,act,active,OF,587,154,155,81,25,92,13,141,50,0.324,0.436,4,0,0,0,0,0,150
2025,mixed,Alex Chamberlain,Andrew McCutchen,1222,Tex,OF,44,act,active,OF,400,98,114,39,11,50,0,101,57,0.341,0.375,120,0,0,0,0,0,7
2025,mixed,Alex Chamberlain,Harrison Bader,5366,SF,OF,5,act,active,OF,234,68,68,35,6,20,3,78,17,0.35,0.436,0,0,0,0,0,0,142
2025,mixed,Alex Chamberlain,Will Smith,5805,LAD,C,17,act,active,C,362,107,110,64,17,61,2,89,64,0.404,0.497,1,101,0,0,0,0,0
2025,mixed,Alex Chamberlain,Yainer Diaz,8277,Hou,C,15,act,active,C,542,139,143,56,20,70,1,95,20,0.284,0.417,25,113,0,0,0,0,0
2025,mixed,Alex Chamberlain,Rhys Hoskins,5321,Cle,UT,4,act,active,"1B,CI",198,46,61,22,9,29,1,70,27,0.328,0.419,2,0,82,0,0,0,0
2025,mixed,Alex Chamberlain,Nick Kurtz,8832,Oak,CI,43,act,active,1B,416,122,116,90,36,86,2,149,63,0.386,0.625,5,0,112,0,0,0,0
2025,mixed,Alex Chamberlain,Romy Gonzalez,7828,Bos,MI,19,act,active,"1B,2B,CI,MI,SS",168,50,50,21,4,25,2,43,9,0.337,0.417,5,0,58,42,2,0,0
2025,mixed,Alex Chamberlain,Josh Smith,7845,Tex,OF,0,res,previously_active,"SS,3B,OF,1B,CI,MI",426,110,123,62,7,28,11,84,50,0.346,0.366,11,0,27,4,32,60,17
2025,mixed,Alex Chamberlain,Max Kepler,3195,FA,OF,47,rel,previously_active,,102,18,34,12,3,14,0,29,13,0.282,0.333,0,0,0,0,0,0,125
2025,mixed,Alex Chamberlain,Kyle Stowers,7944,Mia,OF,15,dis,previously_active,OF,155,49,45,29,14,38,2,47,23,0.407,0.665,8,0,0,0,0,0,107
2025,mixed,Alex Chamberlain,Jacob Young,8724,Was,OF,11,rel,previously_active,,110,25,41,15,0,6,5,19,11,0.309,0.282,1,0,0,0,0,0,112
2025,mixed,Alex Chamberlain,Ronald Acuna,5737,Atl,OF,33,trd,previously_active,,186,56,52,45,12,23,4,61,39,0.422,0.554,4,0,0,0,0,0,91
2025,mixed,Alex Chamberlain,Kyren Paris,7485,LAA,OF,278,rel,previously_active,,47,4,16,1,0,2,0,28,2,0.14,0.128,1,0,0,19,0,0,24
2025,mixed,Alex Chamberlain,Jake McCarthy,6977,Col,OF,4,rel,previously_active,,41,3,14,2,0,3,1,6,4,0.17,0.098,3,0,0,0,0,0,59
2025,mixed,Alex Chamberlain,Dane Myers,8670,Cin,UT,33,rel,previously_active,,30,9,11,4,1,3,1,7,1,0.323,0.4,1,0,0,0,0,0,102
2025,mixed,Alex Chamberlain,Evan Carter,7676,Tex,UT,225,dis,previously_active,OF,117,25,37,15,0,12,8,30,11,0.308,0.291,2,0,0,0,0,0,60
2025,mixed,Alex Chamberlain,Alec Bohm,6542,Phi,CI,9,rel,previously_active,,111,23,27,9,1,5,1,19,4,0.235,0.252,0,0,13,0,108,0,0
2025,mixed,Alex Chamberlain,Luis Rengifo,6622,Mil,MI,5,rel,previously_active,,153,33,44,10,1,11,1,26,6,0.242,0.268,1,0,0,74,76,1,10
2025,mixed,Alex Chamberlain,Kyle Stowers,7944,Mia,OF,15,dis,reserved,OF,0,0,0,0,0,0,0,0,0,0.0,0.0,8,0,0,0,0,0,107
2025,mixed,Alex Chamberlain,Josh Smith,7845,Tex,OF,0,res,reserved,"SS,3B,OF,1B,CI,MI",69,14,21,8,3,7,1,16,5,0.257,0.362,11,0,27,4,32,60,17
2025,mixed,Alex Chamberlain,Evan Carter,7676,Tex,UT,225,dis,reserved,OF,13,5,4,3,1,3,1,1,1,0.467,0.692,2,0,0,0,0,0,60
2025,mixed,Alex Chamberlain,Christian Walker,4521,Hou,1B,24,act,previously_reserved,"1B,CI",15,3,5,2,1,3,0,7,1,0.294,0.4,2,0,152,0,0,0,0
2025,mixed,Alex Chamberlain,Brandon Lowe,6565,Pit,2B,6,act,previously_reserved,"2B,MI",11,3,3,1,0,1,0,4,1,0.333,0.364,9,0,3,121,0,0,0
2025,mixed,Alex Chamberlain,Zach Neto,8259,LAA,SS,7,act,previously_reserved,"SS,MI",9,2,3,3,1,3,0,1,0,0.3,0.667,0,0,0,0,0,125,0
2025,mixed,Alex Chamberlain,Harrison Bader,5366,SF,OF,5,act,previously_reserved,OF,27,8,9,5,4,7,1,6,2,0.345,0.741,0,0,0,0,0,0,142
2025,mixed,Alex Chamberlain,Kyren Paris,7485,LAA,OF,278,rel,previously_reserved,,41,6,13,6,1,1,2,21,3,0.205,0.244,1,0,0,19,0,0,24
2025,mixed,Alex Chamberlain,Andrew McCutchen,1222,Tex,OF,44,act,previously_reserved,OF,66,14,17,11,1,5,1,14,8,0.293,0.288,120,0,0,0,0,0,7
2025,mixed,Alex Chamberlain,Ronald Acuna,5737,Atl,OF,33,trd,previously_reserved,,4,2,1,1,1,1,0,1,0,0.5,1.25,4,0,0,0,0,0,91
2025,mixed,Alex Chamberlain,Byron Buxton,4014,Min,OF,7,act,previously_reserved,OF,12,4,2,3,0,3,1,3,0,0.333,0.333,8,0,0,0,0,0,118
2025,mixed,Alex Chamberlain,Kody Clemens,7016,Min,OF,17,act,previously_reserved,"1B,CI,OF,2B",58,10,18,4,1,5,1,15,5,0.238,0.259,1,0,58,51,0,0,22
2025,mixed,Alex Chamberlain,Max Kepler,3195,FA,OF,47,rel,previously_reserved,,37,5,10,2,1,3,0,7,6,0.256,0.216,0,0,0,0,0,0,125
2025,mixed,Alex Chamberlain,Rhys Hoskins,5321,Cle,UT,4,act,previously_reserved,"1B,CI",81,20,29,8,3,14,1,21,11,0.344,0.407,2,0,82,0,0,0,0
2025,mixed,Alex Chamberlain,Alec Bohm,6542,Phi,CI,9,rel,previously_reserved,,135,44,36,17,4,17,1,22,7,0.367,0.481,0,0,13,0,108,0,0
2025,mixed,Alex Chamberlain,Nick Kurtz,8832,Oak,CI,43,act,previously_reserved,1B,4,0,1,0,0,0,0,2,0,0.0,0.0,5,0,112,0,0,0,0
2025,mixed,Alex Chamberlain,Romy Gonzalez,7828,Bos,MI,19,act,previously_reserved,"1B,2B,CI,MI,SS",6,0,2,0,0,0,0,4,0,0.0,0.0,5,0,58,42,2,0,0
2025,mixed,Alex Chamberlain,Luis Rengifo,6622,Mil,MI,5,rel,previously_reserved,,88,20,26,9,3,6,1,19,5,0.277,0.352,1,0,0,74,76,1,10
2025,mixed,Andy Behrens,Bryce Harper,2628,Phi,1B,33,act,active,"1B,CI",501,131,132,72,27,75,12,121,70,0.357,0.487,2,0,130,0,0,0,0
2025,mixed,Andy Behrens,Ceddanne Rafaela,8194,Bos,2B,2,act,active,"OF,2B,MI,SS",507,128,145,78,16,61,18,106,26,0.297,0.424,0,0,0,24,0,0,141
2025,mixed,Andy Behrens,Bobby Witt,6904,KC,SS,49,act,active,"SS,MI",623,184,157,99,23,88,38,125,49,0.351,0.501,4,0,0,0,0,154,0
2025,mixed,Andy Behrens,Manny Machado,3216,SD,3B,26,act,active,"3B,CI",615,169,159,91,27,95,14,131,55,0.335,0.46,14,0,0,0,145,0,0
2025,mixed,Andy Behrens,Brenton Doyle,7356,Col,OF,17,act,active,OF,464,114,126,55,15,55,17,119,25,0.283,0.401,4,0,0,0,0,0,131
2025,mixed,Andy Behrens,Gavin Sheets,6582,SD,OF,47,act,active,"OF,1B,CI",301,72,87,35,13,36,1,62,28,0.303,0.412,63,0,13,0,0,0,64
2025,mixed,Andy Behrens,Sal Frelick,7699,Mil,OF,1,act,active,OF,474,140,127,73,11,57,18,72,42,0.358,0.416,0,0,1,0,1,0,139
2025,mixed,Andy Behrens,Heliot Ramos,6195,SF,OF,6,act,active,OF,620,159,157,85,21,69,6,158,52,0.328,0.4,3,0,0,0,0,0,154
2025,mixed,Andy Behrens,Daylen Lile,8668,Was,OF,47,act,active,OF,86,28,24,14,6,15,1,14,8,0.383,0.628,15,0,0,0,0,0,75
2025,mixed,Andy Behrens,Drake Baldwin,8442,Atl,C,16,act,active,C,326,82,97,47,14,65,0,54,33,0.326,0.436,12,97,0,0,0,0,0
2025,mixed,Andy Behrens,Alejandro Kirk,6935,Tor,C,3,act,active,C,451,127,130,45,15,76,1,59,48,0.348,0.421,7,118,0,0,0,0,0
2025,mixed,Andy Behrens,Ke'Bryan Hayes,5397,Cin,UT,46,act,active,"3B,CI",86,17,28,8,0,4,2,16,10,0.289,0.267,0,0,0,0,152,0,0
2025,mixed,Andy Behrens,Jac Caglianone,8543,KC,CI,1,act,active,"OF,1B",166,29,50,15,5,15,0,42,16,0.255,0.307,7,0,10,0,0,0,52
2025,mixed,Andy Behrens,Nico Hoerner,6691,ChC,MI,6,act,active,"2B,SS,MI",599,178,156,89,7,61,29,49,39,0.345,0.394,0,0,0,153,0,8,0
2025,mixed,Andy Behrens,Ozzie Albies,5099,Atl,2B,14,dis,previously_active,"2B,MI",603,145,157,74,16,74,14,94,55,0.306,0.365,0,0,0,157,0,0,0
2025,mixed,Andy Behrens,Kyle Tucker,5384,LAD,OF,48,dis,previously_active,OF,489,132,133,89,22,73,25,86,86,0.381,0.472,19,0,0,0,0,0,115
2025,mixed,Andy Behrens,Connor Wong,7229,Bos,C,5,rel,previously_active,,31,5,14,1,0,0,1,10,3,0.235,0.161,1,61,1,0,0,0,0
2025,mixed,Andy Behrens,Jose Trevino,5991,Cin,C,11,rel,previously_active,,31,12,9,8,0,1,0,4,3,0.441,0.548,1,90,0,0,0,0,0
2025,mixed,Andy Behrens,Kristian Campbell,9100,Bos,UT,0,res,previously_active,"2B,OF",74,12,19,10,3,9,1,21,8,0.241,0.324,1,0,0,59,0,0,9
2025,mixed,Andy Behrens,Masyn Winn,7434,StL,UT,111,dis,previously_active,"SS,MI",88,17,22,10,2,9,3,23,5,0.26,0.295,0,0,0,0,0,129,0
2025,mixed,Andy Behrens,Tim Tawa,9189,Ari,UT,47,rel,previously_active,,43,9,14,8,4,8,2,10,7,0.327,0.535,0,0,20,23,3,0,29
2025,mixed,Andy Behrens,Josh Jung,6979,Tex,CI,3,rel,previously_active,,182,41,50,18,5,20,1,48,13,0.284,0.341,5,0,0,0,126,0,0
2025,mixed,Andy Behrens,Mike Toglia,7038,Cin,CI,4,rel,previously_active,,210,41,61,14,6,22,2,89,20,0.266,0.352,2,0,86,0,0,0,0
2025,mixed,Andy Behrens,Ty France,6723,SD,CI,21,res,previously_active,"1B,CI",36,11,11,5,0,2,0,7,2,0.375,0.417,5,0,124,1,0,0,0
2025,mixed,Andy Behrens,Ozzie Albies,5099,Atl,2B,14,dis,reserved,"2B,MI",0,0,0,0,0,0,0,0,0,0.0,0.0,0,0,0,157,0,0,0
2025,mixed,Andy Behrens,Kyle Tucker,5384,LAD,OF,48,dis,reserved,OF,11,1,3,2,0,0,0,2,1,0.167,0.091,19,0,0,0,0,0,115
2025,mixed,Andy Behrens,Kristian Campbell,9100,Bos,UT,0,res,reserved,"2B,OF",155,39,48,14,3,12,1,51,21,0.356,0.355,1,0,0,59,0,0,9
2025,mixed,Andy Behrens,Kris Bryant,4434,Col,UT,0,dis,reserved,UT,39,6,11,2,0,1,0,13,2,0.195,0.205,10,0,0,0,0,0,0
2025,mixed,Andy Behrens,Masyn Winn,7434,StL,UT,111,dis,reserved,"SS,MI",21,4,7,3,0,1,0,7,2,0.292,0.19,0,0,0,0,0,129,0
2025,mixed,Andy Behrens,Ty France,6723,SD,CI,21,res,reserved,"1B,CI",66,16,29,4,1,6,0,15,2,0.278,0.318,5,0,124,1,0,0,0
2025,mixed,Andy Behrens,Ceddanne Rafaela,8194,Bos,2B,2,act,previously_reserved,"OF,2B,MI,SS",39,8,11,6,0,2,2,11,2,0.262,0.282,0,0,0,24,0,0,141
2025,mixed,Andy Behrens,David Hamilton,7909,Mil,SS,0,rel,previously_reserved,,11,1,5,1,0,1,1,4,0,0.091,0.091,4,0,0,68,1,12,0
2025,mixed,Andy Behrens,Sal Frelick,7699,Mil,OF,1,act,previously_reserved,OF,54,12,15,3,1,6,1,8,5,0.288,0.315,0,0,1,0,1,0,139
2025,mixed,Andy Behrens,Daylen Lile,8668,Was,OF,47,act,previously_reserved,OF,141,45,39,25,2,20,5,27,7,0.359,0.518,15,0,0,0,0,0,75
2025,mixed,Andy Behrens,Brenton Doyle,7356,Col,OF,17,act,previously_reserved,OF,38,4,12,2,0,2,1,19,5,0.205,0.105,4,0,0,0,0,0,131
2025,mixed,Andy Behrens,Gavin Sheets,6582,SD,OF,47,act,previously_reserved,"OF,1B,CI",165,42,49,19,5,29,0,38,15,0.33,0.436,63,0,13,0,0,0,64
2025,mixed,Andy Behrens,Connor Wong,7229,Bos,C,5,rel,previously_reserved,,42,6,16,5,0,1,0,10,6,0.26,0.143,1,61,1,0,0,0,0
2025,mixed,Andy Behrens,Drake Baldwin,8442,Atl,C,16,act,previously_reserved,C,29,16,11,6,3,9,0,3,0,0.552,0.931,12,97,0,0,0,0,0
2025,mixed,Andy Behrens,Ke'Bryan Hayes,5397,Cin,UT,46,act,previously_reserved,"3B,CI",137,33,41,13,3,16,0,28,9,0.286,0.343,0,0,0,0,152,0,0
2025,mixed,Andy Behrens,Mike Toglia,7038,Cin,CI,4,rel,previously_reserved,,89,17,24,8,5,10,1,37,7,0.25,0.382,2,0,86,0,0,0,0
2025,mixed,Andy Behrens,Josh Jung,6979,Tex,CI,3,rel,previously_reserved,,97,25,25,7,3,15,3,25,3,0.28,0.412,5,0,0,0,126,0,0
2025,mixed,Andy Behrens,Jac Caglianone,8543,KC,CI,1,act,previously_reserved,"OF,1B",44,4,12,4,2,3,1,10,2,0.167,0.25,7,0,10,0,0,0,52
2025,mixed,Todd Zola,Matt Olson,4465,Atl,1B,25,act,active,"1B,CI",624,170,162,98,29,95,1,176,91,0.366,0.484,0,0,162,0,0,0,0
2025,mixed,Todd Zola,Brice Turang,6507,Mil,2B,11,act,active,"2B,MI",584,168,156,97,18,81,24,150,66,0.359,0.435,0,0,0,153,0,3,0
2025,mixed,Todd Zola,Geraldo Perdomo,6842,Ari,SS,2,act,active,"SS,MI",498,148,133,83,16,79,21,71,73,0.392,0.472,0,0,0,0,0,161,0
2025,mixed,Todd Zola,Caleb Durbin,6612,Bos,3B,0,act,active,"3B,2B,MI",434,112,133,58,11,52,17,50,30,0.336,0.392,0,0,0,10,131,3,0
2025,mixed,Todd Zola,Aaron Judge,4601,NYY,OF,56,act,active,OF,541,179,152,137,53,114,12,160,124,0.457,0.688,56,0,0,0,0,0,95
2025,mixed,Todd Zola,Randal Grichuk,2843,NYY,OF,27,act,active,OF,77,16,36,6,1,4,0,19,6,0.274,0.286,45,0,0,0,0,0,57
2025,mixed,Todd Zola,Jarren Duran,6946,Bos,OF,27,act,active,OF,620,159,157,86,16,84,24,169,60,0.332,0.442,1,0,0,0,0,0,156
2025,mixed,Todd Zola,Wenceel Perez,6917,Det,OF,37,act,active,OF,330,80,95,44,12,42,8,81,31,0.307,0.424,1,0,0,0,0,0,99
2025,mixed,Todd Zola,Kerry Carpenter,8216,Det,OF,9,act,active,OF,430,109,129,66,26,62,1,104,18,0.293,0.5,47,0,0,0,0,0,79
2025,mixed,Todd Zola,Tyler Stephenson,5388,Cin,C,6,act,active,C,213,48,64,28,9,35,0,85,28,0.317,0.408,17,69,0,0,0,0,0
2025,mixed,Todd Zola,Jonah Heim,5632,Atl,C,27,act,active,C,327,67,102,32,10,33,3,76,25,0.261,0.33,27,96,0,0,0,0,0
2025,mixed,Todd Zola,Jerar Encarnacion,7071,SF,UT,0,act,active,OF,31,7,11,2,0,3,0,12,1,0.25,0.29,0,0,1,0,0,0,15
2025,mixed,Todd Zola,Spencer Steer,8005,Cin,CI,3,act,active,"1B,OF,CI",369,88,104,43,14,50,5,99,34,0.309,0.407,17,0,122,0,0,0,11
2025,mixed,Todd Zola,Spencer Horwitz,8043,Pit,MI,0,act,active,"1B,CI,2B,MI",309,87,93,51,10,46,0,59,39,0.365,0.453,1,0,102,1,0,0,0
2025,mixed,Todd Zola,Jose Miranda,6559,SD,3B,33,rel,previously_active,,25,4,8,2,1,5,0,9,0,0.16,0.28,0,0,0,0,12,0,0
2025,mixed,Todd Zola,Garrett Mitchell,7349,Mil,OF,7,dis,previously_active,OF,68,14,25,9,0,3,3,25,7,0.286,0.294,0,0,0,0,0,0,25
2025,mixed,Todd Zola,Christopher Morel,7389,Mia,OF,4,res,previously_active,"OF,3B,2B,MI,CI",168,33,63,23,4,12,5,66,17,0.278,0.321,18,0,0,1,0,0,70
2025,mixed,Todd Zola,Griffin Conine,6506,Mia,OF,7,dis,previously_active,OF,28,7,9,4,1,1,0,8,1,0.276,0.393,1,0,0,0,0,0,23
2025,mixed,Todd Zola,Freddy Fermin,7171,SD,C,37,rel,previously_active,,17,3,9,2,0,2,0,4,1,0.222,0.176,5,101,0,1,0,0,0
2025,mixed,Todd Zola,Sean Murphy,5926,Atl,C,3,dis,previously_active,C,207,34,68,19,7,24,0,78,30,0.289,0.304,7,76,0,0,0,0,0
2025,mixed,Todd Zola,Jonathan Aranda,7905,TB,UT,3,trd,previously_active,,75,22,23,13,4,12,0,19,12,0.404,0.52,10,0,93,0,0,0,0
2025,mixed,Todd Zola,Tim Elko,8899,CWS,UT,47,rel,previously_active,,25,4,8,3,2,2,0,9,1,0.192,0.4,3,0,20,0,0,0,0
2025,mixed,Todd Zola,Warming Bernabel,8164,Was,UT,117,dis,previously_active,1B,97,20,29,9,1,6,1,19,6,0.252,0.278,2,0,37,0,2,0,0
2025,mixed,Todd Zola,Paul DeJong,5714,NYY,UT,47,rel,previously_active,,22,7,7,1,1,2,1,7,2,0.385,0.545,3,0,1,13,33,10,0
2025,mixed,Todd Zola,Connor Norby,8177,Mia,UT,4,res,previously_active,"3B,CI",201,49,57,26,5,22,5,57,9,0.287,0.373,3,0,0,0,82,0,0
2025,mixed,Todd Zola,Triston Casas,6099,Bos,CI,16,rel,previously_active,,99,18,29,5,3,11,0,27,11,0.277,0.303,0,0,28,0,0,0,0
2025,mixed,Todd Zola,Brendan Rodgers,5254,Bos,MI,47,rel,previously_active,,12,1,3,1,0,1,0,5,2,0.214,0.083,2,0,0,41,0,0,0
2025,mixed,Todd Zola,Anthony Volpe,7050,NYY,MI,8,res,previously_active,"SS,MI",501,103,141,59,19,70,16,140,41,0.268,0.393,0,0,0,0,0,153,0
2025,mixed,Todd Zola,Garrett Mitchell,7349,Mil,OF,7,dis,reserved,OF,0,0,0,0,0,0,0,0,0,0.0,0.0,0,0,0,0,0,0,25
2025,mixed,Todd Zola,Griffin Conine,6506,Mia,OF,7,dis,reserved,OF,51,13,15,9,1,7,0,17,6,0.333,0.431,1,0,0,0,0,0,23
2025,mixed,Todd Zola,Christopher Morel,7389,Mia,OF,4,res,reserved,"OF,3B,2B,MI,CI",110,28,42,14,7,21,2,43,8,0.305,0.509,18,0,0,1,0,0,70
2025,mixed,Todd Zola,Sean Murphy,5926,Atl,C,3,dis,reserved,C,84,24,26,15,9,21,0,27,5,0.33,0.667,7,76,0,0,0,0,0
2025,mixed,Todd Zola,Warming Bernabel,8164,Was,UT,117,dis,reserved,1B,10,1,3,0,0,0,0,2,0,0.1,0.1,2,0,37,0,2,0,0
2025,mixed,Todd Zola,Connor Norby,8177,Mia,UT,4,res,reserved,"3B,CI",110,29,31,16,3,12,3,33,9,0.322,0.418,3,0,0,0,82,0,0
2025,mixed,Todd Zola,Anthony Volpe,7050,NYY,MI,8,res,reserved,"SS,MI",38,11,12,6,0,2,2,10,2,0.325,0.368,0,0,0,0,0,153,0
2025,mixed,Todd Zola,Jose Miranda,6559,SD,3B,33,rel,previously_reserved,,11,2,4,0,0,0,0,4,0,0.182,0.182,0,0,0,0,12,0,0
2025,mixed,Todd Zola,Caleb Durbin,6612,Bos,3B,0,act,previously_reserved,"3B,2B,MI",11,2,3,2,0,1,1,0,0,0.25,0.182,0,0,0,10,131,3,0
2025,mixed,Todd Zola,Kerry Carpenter,8216,Det,OF,9,act,previously_reserved,OF,3,0,1,0,0,0,0,2,0,0.0,0.0,47,0,0,0,0,0,79
2025,mixed,Todd Zola,Jonah Heim,5632,Atl,C,27,act,previously_reserved,C,68,17,22,6,1,10,0,12,7,0.32,0.338,27,96,0,0,0,0,0
2025,mixed,Todd Zola,Freddy Fermin,7171,SD,C,37,rel,previously_reserved,,19,5,6,3,1,1,0,4,1,0.333,0.421,5,101,0,1,0,0,0
2025,mixed,Todd Zola,Tyler Stephenson,5388,Cin,C,6,act,previously_reserved,C,86,21,24,12,4,15,0,31,9,0.312,0.453,17,69,0,0,0,0,0
2025,mixed,Todd Zola,Paul DeJong,5714,NYY,UT,47,rel,previously_reserved,,21,5,6,3,1,5,0,4,2,0.304,0.429,3,0,1,13,33,10,0
2025,mixed,Todd Zola,Jerar Encarnacion,7071,SF,UT,0,act,previously_reserved,OF,24,4,8,3,2,4,1,3,0,0.167,0.458,0,0,1,0,0,0,15
2025,mixed,Todd Zola,Jonathan Aranda,7905,TB,UT,3,trd,previously_reserved,,6,3,3,1,0,1,0,1,0,0.5,1.0,10,0,93,0,0,0,0
2025,mixed,Todd Zola,Spencer Steer,8005,Cin,CI,3,act,previously_reserved,"1B,OF,CI",140,33,42,23,7,25,2,30,17,0.321,0.421,17,0,122,0,0,0,11
2025,mixed,Todd Zola,Spencer Horwitz,8043,Pit,MI,0,act,previously_reserved,"1B,CI,2B,MI",55,12,15,4,1,5,0,14,5,0.283,0.327,1,0,102,1,0,0,0
2025,mixed,Todd Zola,Brendan Rodgers,5254,Bos,MI,47,rel,previously_reserved,,57,10,21,7,1,6,0,24,3,0.226,0.263,2,0,0,41,0,0,0
2025,mixed,Jeff Zimmerman,Josh Naylor,5389,Sea,1B,15,act,active,"1B,CI",543,160,147,81,20,92,30,83,48,0.353,0.462,20,0,129,0,0,0,0
2025,mixed,Jeff Zimmerman,Otto Lopez,7542,Mia,2B,0,act,active,"SS,2B,MI",477,122,125,57,13,67,9,73,39,0.314,0.379,1,0,0,32,0,111,0
2025,mixed,Jeff Zimmerman,CJ Abrams,6954,Was,SS,19,act,active,"SS,MI",562,145,140,90,19,57,30,120,37,0.318,0.436,1,0,0,0,0,142,0
2025,mixed,Jeff Zimmerman,Junior Caminero,8518,TB,3B,15,act,active,"3B,CI",584,157,149,92,45,109,7,123,39,0.315,0.548,6,0,1,0,148,0,0
2025,mixed,Jeff Zimmerman,Jung-hoo Lee,7718,SF,OF,6,act,active,OF,560,149,150,73,8,55,10,71,47,0.327,0.407,2,0,0,0,0,0,147
2025,mixed,Jeff Zimmerman,Lars Nootbaar,7582,StL,OF,5,act,active,OF,504,118,133,68,13,47,4,117,64,0.326,0.363,2,0,0,0,0,0,131
2025,mixed,Jeff Zimmerman,Andrew Benintendi,5386,CWS,OF,7,act,active,OF,358,91,98,49,18,56,1,69,34,0.32,0.45,44,0,0,0,0,0,69
2025,mixed,Jeff Zimmerman,Brendan Donovan,7903,Sea,OF,6,act,active,"2B,OF,SS,MI",390,109,101,55,7,39,2,55,37,0.35,0.405,2,0,0,100,0,6,18
2025,mixed,Jeff Zimmerman,Heriberto Hernandez,7315,Mia,OF,3,act,active,OF,52,15,19,12,3,11,1,15,13,0.426,0.538,33,0,0,0,0,0,49
2025,mixed,Jeff Zimmerman,Cal Raleigh,6814,Sea,C,19,act,active,C,596,147,159,110,60,125,14,188,97,0.359,0.589,38,121,0,0,0,0,0
2025,mixed,Jeff Zimmerman,Willson Contreras,5435,Bos,C,23,act,active,"1B,C",490,126,135,70,20,80,5,142,44,0.344,0.447,15,0,120,0,0,0,0
2025,mixed,Jeff Zimmerman,Joc Pederson,4090,Tex,UT,26,act,active,UT,84,15,33,11,2,7,1,22,16,0.32,0.262,82,0,4,0,0,0,1
2025,mixed,Jeff Zimmerman,Joey Ortiz,8108,Mil,CI,2,act,active,"SS,CI,3B",308,69,96,42,5,27,8,46,18,0.269,0.321,0,0,0,0,0,149,0
2025,mixed,Jeff Zimmerman,Matt McLain,6615,Cin,MI,15,act,active,"2B,SS",430,94,122,56,12,38,15,138,41,0.292,0.333,3,0,0,138,0,6,0
2025,mixed,Jeff Zimmerman,Abraham Toro,6790,KC,1B,1,rel,previously_active,,15,3,4,2,1,3,0,1,0,0.187,0.4,0,0,68,0,16,0,0
2025,mixed,Jeff Zimmerman,Lenyn Sosa,8227,CWS,2B,5,rel,previously_active,,38,11,12,2,1,1,1,9,0,0.289,0.447,11,0,42,99,3,0,0
2025,mixed,Jeff Zimmerman,Jurickson Profar,3198,Atl,OF,6,rel,previously_active,,15,3,4,2,0,0,0,3,1,0.25,0.2,1,0,0,0,0,0,79
2025,mixed,Jeff Zimmerman,Alek Thomas,6957,Ari,OF,7,rel,previously_active,,11,3,5,2,0,3,1,1,1,0.385,0.455,1,0,0,0,0,0,139
2025,mixed,Jeff Zimmerman,Leody Taveras,5412,Bal,OF,26,rel,previously_active,,41,10,14,4,0,6,2,12,1,0.256,0.293,0,0,0,0,0,0,57
2025,mixed,Jeff Zimmerman,Mickey Moniak,5792,Col,OF,10,rel,previously_active,,30,5,13,2,1,2,0,11,0,0.167,0.267,14,0,0,0,0,0,117
2025,mixed,Jeff Zimmerman,Alex Call,6151,LAD,OF,37,rel,previously_active,,19,5,9,2,0,2,0,2,1,0.286,0.316,6,0,0,0,0,0,98
2025,mixed,Jeff Zimmerman,Brooks Baldwin,9111,CWS,OF,2,res,previously_active,"OF,2B,3B,MI,SS",32,8,9,5,0,3,1,8,3,0.314,0.375,0,0,0,10,15,10,79
2025,mixed,Jeff Zimmerman,Gavin Lux,6141,TB,OF,4,rel,previously_active,,94,24,32,9,0,7,0,21,12,0.34,0.309,59,0,0,17,6,0,55
2025,mixed,Jeff Zimmerman,Eric Wagaman,9175,Min,OF,5,rel,previously_active,,108,23,31,7,1,11,2,26,7,0.254,0.287,10,0,117,0,3,0,22
2025,mixed,Jeff Zimmerman,Luis Robert,5725,NYM,OF,13,dis,previously_active,OF,363,80,104,51,13,50,33,107,38,0.296,0.358,4,0,0,0,0,0,105
2025,mixed,Jeff Zimmerman,Dylan Carlson,6519,ChC,UT,1,rel,previously_active,,14,5,4,2,1,1,0,3,0,0.357,0.571,0,0,0,0,0,0,81
2025,mixed,Jeff Zimmerman,Wilmer Flores,2527,FA,CI,27,rel,previously_active,,220,55,61,23,6,38,1,50,16,0.311,0.359,83,0,30,0,2,0,0
2025,mixed,Jeff Zimmerman,Luis Urias,5831,Mil,CI,13,rel,previously_active,,49,10,14,1,0,2,0,8,3,0.25,0.204,0,0,0,87,9,0,0
2025,mixed,Jeff Zimmerman,Darell Hernaiz,8599,Oak,CI,3,rel,previously_active,,36,9,11,5,0,1,1,5,5,0.341,0.278,0,0,0,14,20,23,0
2025,mixed,Jeff Zimmerman,Yoan Moncada,5023,LAA,CI,15,rel,previously_active,,35,4,10,4,1,3,0,12,5,0.244,0.229,1,0,0,0,76,0,0
2025,mixed,Jeff Zimmerman,Ezequiel Tovar,7785,Col,MI,8,res,previously_active,"SS,MI",296,78,79,38,6,24,5,80,20,0.308,0.399,0,0,0,0,0,95,0
2025,mixed,Jeff Zimmerman,Ernie Clement,6888,Tor,MI,17,rel,previously_active,,13,4,6,1,0,1,0,3,0,0.308,0.308,0,0,15,60,89,29,0
2025,mixed,Jeff Zimmerman,Andres Gimenez,5824,Tor,MI,7,res,previously_active,"2B,MI,SS",11,6,4,4,1,5,0,1,1,0.583,0.818,0,0,0,87,0,15,0
2025,mixed,Jeff Zimmerman,Luis Robert,5725,NYM,OF,13,dis,reserved,OF,19,5,6,1,1,3,0,5,2,0.333,0.474,4,0,0,0,0,0,105
2025,mixed,Jeff Zimmerman,Brooks Baldwin,9111,CWS,OF,2,res,reserved,"OF,2B,3B,MI,SS",24,7,9,3,2,7,0,7,2,0.346,0.667,0,0,0,10,15,10,79
2025,mixed,Jeff Zimmerman,Andres Gimenez,5824,Tor,MI,7,res,reserved,"2B,MI,SS",118,23,40,13,2,12,2,27,9,0.26,0.297,0,0,0,87,0,15,0
2025,mixed,Jeff Zimmerman,Ezequiel Tovar,7785,Col,MI,8,res,reserved,"SS,MI",64,13,16,6,3,9,0,18,1,0.227,0.406,0,0,0,0,0,95,0
2025,mixed,Jeff Zimmerman,Abraham Toro,6790,KC,1B,1,rel,previously_reserved,,8,0,2,0,0,0,0,2,0,0.0,0.0,0,0,68,0,16,0,0
2025,mixed,Jeff Zimmerman,Otto Lopez,7542,Mia,2B,0,act,previously_reserved,"SS,2B,MI",67,12,18,9,2,10,6,9,5,0.236,0.284,1,0,0,32,0,111,0
2025,mixed,Jeff Zimmerman,CJ Abrams,6954,Was,SS,19,act,previously_reserved,"SS,MI",18,4,4,2,0,3,1,5,0,0.222,0.333,1,0,0,0,0,142,0
2025,mixed,Jeff Zimmerman,Junior Caminero,8518,TB,3B,15,act,previously_reserved,"3B,CI",18,2,5,1,0,1,0,2,2,0.19,0.111,6,0,1,0,148,0,0
2025,mixed,Jeff Zimmerman,Eric Wagaman,9175,Min,OF,5,rel,previously_reserved,,24,5,5,2,0,5,0,6,0,0.208,0.333,10,0,117,0,3,0,22
2025,mixed,Jeff Zimmerman,Brendan Donovan,7903,Sea,OF,6,act,previously_reserved,"2B,OF,SS,MI",70,23,17,9,3,11,1,12,5,0.368,0.514,2,0,0,100,0,6,18
2025,mixed,Jeff Zimmerman,Lars Nootbaar,7582,StL,OF,5,act,previously_reserved,OF,5,1,2,0,0,1,0,2,0,0.167,0.2,2,0,0,0,0,0,131
2025,mixed,Jeff Zimmerman,Gavin Lux,6141,TB,OF,4,rel,previously_reserved,,49,15,14,5,1,6,0,13,1,0.32,0.429,59,0,0,17,6,0,55
2025,mixed,Jeff Zimmerman,Andrew Benintendi,5386,CWS,OF,7,act,previously_reserved,OF,62,10,18,8,2,7,0,13,6,0.232,0.323,44,0,0,0,0,0,69
2025,mixed,Jeff Zimmerman,Mickey Moniak,5792,Col,OF,10,rel,previously_reserved,,13,3,5,2,1,1,0,4,1,0.286,0.462,14,0,0,0,0,0,117
2025,mixed,Jeff Zimmerman,Leody Taveras,5412,Bal,OF,26,rel,previously_reserved,,8,3,5,1,1,1,0,3,0,0.375,1.0,0,0,0,0,0,0,57
2025,mixed,Jeff Zimmerman,Alex Call,6151,LAD,OF,37,rel,previously_reserved,,27,8,8,5,0,5,0,7,5,0.406,0.333,6,0,0,0,0,0,98
2025,mixed,Jeff Zimmerman,Alek Thomas,6957,Ari,OF,7,rel,previously_reserved,,113,26,39,8,1,6,2,32,4,0.275,0.31,1,0,0,0,0,0,139
2025,mixed,Jeff Zimmerman,Zack Gelof,7964,Oak,UT,3,rel,previously_reserved,,25,2,8,3,0,1,0,13,2,0.143,0.08,0,0,0,30,0,0,0
2025,mixed,Jeff Zimmerman,Joc Pederson,4090,Tex,UT,26,act,previously_reserved,UT,81,20,28,12,6,15,1,20,6,0.307,0.519,82,0,4,0,0,0,1
2025,mixed,Jeff Zimmerman,Yoan Moncada,5023,LAA,CI,15,rel,previously_reserved,,75,19,26,14,5,12,0,20,6,0.321,0.48,1,0,0,0,76,0,0
2025,mixed,Jeff Zimmerman,Joey Ortiz,8108,Mil,CI,2,act,previously_reserved,"SS,CI,3B",162,39,53,20,2,18,6,28,9,0.289,0.309,0,0,0,0,0,149,0
2025,mixed,Jeff Zimmerman,Wilmer Flores,2527,FA,CI,27,rel,previously_reserved,,52,12,16,6,3,13,0,5,10,0.365,0.442,83,0,30,0,2,0,0
2025,mixed,Jeff Zimmerman,Matt McLain,6615,Cin,MI,15,act,previously_reserved,"2B,SS",80,18,25,17,3,12,3,29,14,0.34,0.4,3,0,0,138,0,6,0
2025,mixed,Scott Engel,Vinnie Pasquantino,7939,KC,1B,18,act,active,"1B,CI",598,161,154,69,31,111,1,101,47,0.327,0.483,34,0,126,0,0,0,0
2025,mixed,Scott Engel,Ketel Marte,4847,Ari,2B,28,act,active,"2B,MI",473,135,124,87,28,72,4,82,63,0.378,0.522,21,0,0,104,0,0,0
2025,mixed,Scott Engel,Jacob Wilson,8700,Oak,SS,56,act,active,"SS,MI",474,146,122,59,12,60,5,39,27,0.354,0.437,1,0,0,0,0,124,0
2025,mixed,Scott Engel,Casey Schmitt,7759,SF,3B,4,act,active,"2B,1B,3B,MI",129,33,37,17,5,14,0,34,8,0.309,0.419,1,0,18,53,26,1,0
2025,mixed,Scott Engel,Julio Rodriguez,6579,Sea,OF,33,act,active,OF,652,174,160,106,32,95,30,152,44,0.324,0.474,1,0,0,0,0,0,159
2025,mixed,Scott Engel,Seiya Suzuki,6324,ChC,OF,18,act,active,OF,571,140,151,75,32,103,5,164,71,0.326,0.478,102,0,0,0,0,0,48
2025,mixed,Scott Engel,George Springer,3575,Tor,OF,5,act,active,OF,490,152,138,104,31,82,18,109,69,0.4,0.559,82,0,0,0,0,0,54
2025,mixed,Scott Engel,Dylan Crews,7771,Was,OF,14,act,active,OF,163,27,48,22,5,9,6,55,11,0.232,0.307,2,0,0,0,0,0,83
2025,mixed,Scott Engel,Giancarlo Stanton,2378,NYY,OF,28,act,active,OF,210,58,65,34,23,60,0,83,23,0.349,0.633,47,0,0,0,0,0,20
2025,mixed,Scott Engel,Logan O'Hoppe,7442,LAA,C,9,act,active,C,423,90,119,35,19,43,2,139,24,0.258,0.371,9,99,0,0,0,0,0
2025,mixed,Scott Engel,Francisco Alvarez,7018,NYM,C,3,act,active,C,230,60,71,31,10,30,0,66,27,0.349,0.452,1,74,0,0,0,0,0
2025,mixed,Scott Engel,Jake Mangum,8403,Pit,UT,22,act,active,OF,335,101,98,29,2,30,21,50,17,0.338,0.37,1,0,0,0,0,0,116
2025,mixed,Scott Engel,Yandy Diaz,5735,TB,CI,10,act,active,"1B,CI",505,153,131,70,22,71,1,79,51,0.371,0.485,114,0,37,0,0,0,0
2025,mixed,Scott Engel,Max Muncy,7823,Oak,MI,3,act,active,"3B,2B,SS",31,7,10,2,2,3,0,10,1,0.273,0.419,0,0,0,23,32,7,0
2025,mixed,Scott Engel,Matt Mervis,8244,Was,1B,12,rel,previously_active,,48,6,15,5,2,3,0,20,4,0.222,0.292,13,0,29,0,0,0,0
2025,mixed,Scott Engel,Mark Vientos,5740,NYM,3B,15,res,previously_active,"3B,CI",313,73,90,38,13,47,0,86,25,0.297,0.412,44,0,3,0,72,0,0
2025,mixed,Scott Engel,Ronny Mauricio,6445,NYM,3B,8,rel,previously_active,,29,9,9,8,1,1,2,6,4,0.394,0.483,5,0,0,7,42,5,0
2025,mixed,Scott Engel,Matt Vierling,7774,Det,OF,0,dis,previously_active,"OF,CI,3B",50,12,18,5,1,6,1,16,6,0.339,0.34,1,0,0,0,3,0,28
2025,mixed,Scott Engel,Victor Scott,8655,StL,OF,111,res,previously_active,OF,283,61,98,38,5,30,24,83,29,0.301,0.304,0,0,0,0,0,0,138
2025,mixed,Scott Engel,Luis Torrens,5151,NYM,C,8,rel,previously_active,,120,28,42,5,2,13,0,31,7,0.276,0.35,1,86,1,0,0,0,0
2025,mixed,Scott Engel,Jimmy Crooks,8365,StL,C,14,rel,previously_active,,10,1,3,1,0,0,0,2,0,0.182,0.1,1,14,0,0,0,0,0
2025,mixed,Scott Engel,Taylor Trammell,6079,Hou,UT,4,res,previously_active,OF,39,5,16,2,1,3,0,13,6,0.244,0.205,1,0,0,0,0,0,49
2025,mixed,Scott Engel,Cole Young,8520,Sea,UT,91,rel,previously_active,,20,3,6,1,0,1,0,7,0,0.15,0.2,0,0,0,73,0,1,0
2025,mixed,Scott Engel,Ryan Mountcastle,5676,Bal,UT,2,rel,previously_active,,105,23,31,14,1,6,0,23,6,0.268,0.305,33,0,56,0,0,0,0
2025,mixed,Scott Engel,Ben Williamson,9279,TB,CI,11,rel,previously_active,,19,8,5,5,0,5,0,2,2,0.476,0.474,0,0,0,0,85,0,0
2025,mixed,Scott Engel,Luis Garcia Jr.,6213,Was,MI,11,res,previously_active,"2B,MI",384,93,110,52,11,47,8,70,23,0.283,0.383,2,0,2,129,0,0,0
2025,mixed,Scott Engel,Daniel Schneemann,8806,Cle,MI,4,rel,previously_active,,150,36,45,20,4,13,5,42,12,0.305,0.38,2,0,0,74,27,11,38
2025,mixed,Scott Engel,Dylan Moore,6696,Phi,MI,1,rel,previously_active,,95,23,33,16,5,11,5,30,9,0.305,0.432,6,0,18,39,16,6,32
2025,mixed,Scott Engel,Andruw Monasterio,6735,Bos,MI,5,rel,previously_active,,4,0,2,0,0,0,0,0,0,0.0,0.0,0,0,15,10,8,37,2
2025,mixed,Scott Engel,Curtis Mead,7919,CWS,MI,55,rel,previously_active,,6,0,2,0,0,0,0,2,0,0.0,0.0,4,0,32,17,29,0,0
2025,mixed,Scott Engel,Ryan Ritter,8857,Col,MI,29,rel,previously_active,,39,8,12,7,0,5,0,16,2,0.238,0.282,0,0,0,29,0,30,0
2025,mixed,Scott Engel,Mark Vientos,5740,NYM,3B,15,res,reserved,"3B,CI",111,26,31,6,4,14,1,29,5,0.267,0.414,44,0,3,0,72,0,0
2025,mixed,Scott Engel,Matt Vierling,7774,Det,OF,0,dis,reserved,"OF,CI,3B",38,9,13,1,0,5,1,8,1,0.268,0.263,1,0,0,0,3,0,28
2025,mixed,Scott Engel,Victor Scott,8655,StL,OF,111,res,reserved,OF,115,25,40,16,0,7,10,28,13,0.313,0.278,0,0,0,0,0,0,138
2025,mixed,Scott Engel,Taylor Trammell,6079,Hou,UT,4,res,reserved,OF,22,3,12,5,0,1,1,6,2,0.208,0.227,1,0,0,0,0,0,49
2025,mixed,Scott Engel,Luis Garcia Jr.,6213,Was,MI,11,res,reserved,"2B,MI",104,30,29,15,5,19,6,14,4,0.312,0.519,2,0,2,129,0,0,0
2025,mixed,Scott Engel,Vinnie Pasquantino,7939,KC,1B,18,act,previously_reserved,"1B,CI",23,3,6,3,1,2,0,6,2,0.2,0.261,34,0,126,0,0,0,0
2025,mixed,Scott Engel,Matt Mervis,8244,Was,1B,12,rel,previously_reserved,,9,2,5,2,0,0,0,5,3,0.417,0.222,13,0,29,0,0,0,0
2025,mixed,Scott Engel,Ketel Marte,4847,Ari,2B,28,act,previously_reserved,"2B,MI",7,1,2,0,0,0,0,1,1,0.25,0.143,21,0,0,104,0,0,0
2025,mixed,Scott Engel,Jacob Wilson,8700,Oak,SS,56,act,previously_reserved,"SS,MI",12,5,3,3,1,3,0,0,0,0.417,0.75,1,0,0,0,0,124,0
2025,mixed,Scott Engel,Casey Schmitt,7759,SF,3B,4,act,previously_reserved,"2B,1B,3B,MI",113,25,32,11,4,12,0,27,11,0.289,0.381,1,0,18,53,26,1,0
2025,mixed,Scott Engel,Ronny Mauricio,6445,NYM,3B,8,rel,previously_reserved,,64,13,20,5,3,5,0,23,5,0.271,0.375,5,0,0,7,42,5,0
2025,mixed,Scott Engel,MJ Melendez,6478,NYM,OF,0,rel,previously_reserved,,20,2,8,2,0,0,0,8,2,0.25,0.1,1,0,0,0,0,0,20
2025,mixed,Scott Engel,Dylan Crews,7771,Was,OF,14,act,previously_reserved,OF,130,34,37,21,5,18,11,21,13,0.338,0.408,2,0,0,0,0,0,83
2025,mixed,Scott Engel,George Springer,3575,Tor,OF,5,act,previously_reserved,OF,8,2,2,2,1,2,0,2,0,0.333,0.625,82,0,0,0,0,0,54
2025,mixed,Scott Engel,Giancarlo Stanton,2378,NYY,OF,28,act,previously_reserved,OF,20,4,6,2,1,5,0,7,4,0.333,0.4,47,0,0,0,0,0,20
2025,mixed,Scott Engel,Jo Adell,6143,LAA,OF,1,rel,previously_reserved,,58,13,17,4,2,12,0,16,3,0.274,0.379,1,0,0,0,0,0,149
2025,mixed,Scott Engel,Francisco Alvarez,7018,NYM,C,3,act,previously_reserved,C,16,3,5,1,1,2,0,7,0,0.187,0.375,1,74,0,0,0,0,0
2025,mixed,Scott Engel,Jimmy Crooks,8365,StL,C,14,rel,previously_reserved,,18,1,6,0,0,0,0,8,0,0.056,0.056,1,14,0,0,0,0,0
2025,mixed,Scott Engel,Luis Torrens,5151,NYM,C,8,rel,previously_reserved,,6,0,2,0,0,0,0,2,3,0.333,0.0,1,86,1,0,0,0,0
2025,mixed,Scott Engel,Ryan Mountcastle,5676,Bal,UT,2,rel,previously_reserved,,82,23,21,5,1,9,1,23,2,0.295,0.402,33,0,56,0,0,0,0
2025,mixed,Scott Engel,Cole Young,8520,Sea,UT,91,rel,previously_reserved,,28,9,9,4,0,5,0,7,2,0.355,0.393,0,0,0,73,0,1,0
2025,mixed,Scott Engel,Jake Mangum,8403,Pit,UT,22,act,previously_reserved,OF,47,9,14,5,1,6,2,11,1,0.208,0.277,1,0,0,0,0,0,116
2025,mixed,Scott Engel,Ben Williamson,9279,TB,CI,11,rel,previously_reserved,,102,23,29,10,0,6,1,31,3,0.248,0.255,0,0,0,0,85,0,0
2025,mixed,Scott Engel,Yandy Diaz,5735,TB,CI,10,act,previously_reserved,"1B,CI",78,22,19,9,3,12,2,13,6,0.329,0.462,114,0,37,0,0,0,0
2025,mixed,Scott Engel,Max Muncy,7823,Oak,MI,3,act,previously_reserved,"3B,2B,SS",8,1,4,0,0,0,0,1,0,0.125,0.125,0,0,0,23,32,7,0
2025,mixed,Scott Engel,Curtis Mead,7919,CWS,MI,55,rel,previously_reserved,,14,4,7,1,0,1,0,3,2,0.412,0.357,4,0,32,17,29,0,0
2025,mixed,Scott Engel,Dylan Moore,6696,Phi,MI,1,rel,previously_reserved,,48,11,20,7,3,5,4,21,4,0.283,0.437,6,0,18,39,16,6,32
2025,mixed,Scott Engel,Daniel Schneemann,8806,Cle,MI,4,rel,previously_reserved,,38,5,13,3,2,5,1,15,4,0.214,0.289,2,0,0,74,27,11,38
2025,mixed,Dave Adler,Josh Bell,3669,Min,1B,24,act,active,"1B,CI",33,11,11,5,2,3,0,7,3,0.389,0.636,98,0,33,0,0,0,0
2025,mixed,Dave Adler,Jose Caballero,6982,NYY,2B,1,act,active,"OF,3B,SS,2B,MI,CI",241,55,93,36,3,28,38,79,34,0.329,0.34,2,0,0,23,37,43,46
2025,mixed,Dave Adler,Xavier Edwards,6668,Mia,SS,13,act,active,"2B,SS,MI",181,47,45,23,2,14,10,27,10,0.304,0.331,1,0,0,97,0,41,0
2025,mixed,Dave Adler,Kyle Karros,9147,Col,3B,45,act,active,3B,126,27,40,18,1,6,0,39,13,0.294,0.254,1,0,0,0,42,0,0
2025,mixed,Dave Adler,Cody Bellinger,4954,NYY,OF,22,act,active,"OF,1B,CI",588,160,152,89,29,98,13,90,57,0.334,0.48,0,0,7,0,0,0,149
2025,mixed,Dave Adler,Pete Crow-Armstrong,7370,ChC,OF,14,act,active,OF,591,146,157,91,31,95,35,155,29,0.287,0.481,1,0,0,0,0,0,156
2025,mixed,Dave Adler,Jasson Dominguez,6875,NYY,OF,11,act,active,OF,365,93,116,56,9,42,23,111,40,0.33,0.381,15,0,0,0,0,0,100
2025,mixed,Dave Adler,Ian Happ,5352,ChC,OF,19,act,active,OF,555,136,147,84,23,78,6,144,86,0.346,0.427,4,0,0,0,0,0,146
2025,mixed,Dave Adler,Jo Adell,6143,LAA,OF,34,act,active,OF,353,86,95,43,26,69,3,105,21,0.293,0.501,1,0,0,0,0,0,149
2025,mixed,Dave Adler,Carter Jensen,8593,KC,C,13,act,active,C,53,17,16,12,3,11,0,10,7,0.4,0.585,9,10,0,0,0,0,0
2025,mixed,Dave Adler,Samuel Basallo,8583,Bal,C,2,act,active,C,105,17,30,10,4,13,0,30,6,0.221,0.333,7,22,2,0,0,0,0
2025,mixed,Dave Adler,Ryan Mountcastle,5676,Bal,UT,41,act,active,"1B,CI",145,37,37,15,5,20,2,52,7,0.293,0.393,33,0,56,0,0,0,0
2025,mixed,Dave Adler,Andrew Vaughn,6905,Mil,CI,72,act,active,"1B,CI",207,62,59,23,7,36,0,35,22,0.367,0.459,17,0,95,0,0,0,0
2025,mixed,Dave Adler,Jazz Chisholm,6130,NYY,MI,34,act,active,"2B,3B,CI,OF",462,112,130,75,31,80,31,148,58,0.332,0.481,0,0,0,100,29,0,0
2025,mixed,Dave Adler,Marcus Semien,4300,NYM,2B,17,rel,previously_active,,470,108,127,62,15,62,11,93,50,0.305,0.364,0,0,0,127,0,0,0
2025,mixed,Dave Adler,Carlos Correa,4010,Hou,SS,14,trd,previously_active,,345,91,95,41,7,31,0,70,27,0.316,0.38,0,0,0,0,48,97,0
2025,mixed,Dave Adler,Coby Mayo,7723,Bal,3B,0,rel,previously_active,,20,2,8,1,0,0,0,7,1,0.143,0.1,9,0,70,0,3,0,0
2025,mixed,Dave Adler,Mike Tauchman,5642,NYM,OF,0,res,previously_active,OF,19,2,5,1,0,2,0,3,0,0.15,0.211,19,0,0,0,0,0,73
2025,mixed,Dave Adler,Carson McCusker,9459,Min,OF,42,rel,previously_active,,1,0,1,0,0,0,0,1,0,0.0,0.0,3,0,0,0,0,0,12
2025,mixed,Dave Adler,Miguel Andujar,5142,SD,OF,123,res,previously_active,"OF,3B",33,12,12,3,0,5,0,4,2,0.4,0.485,27,0,3,0,32,0,32
2025,mixed,Dave Adler,Otto Kemp,9229,Phi,OF,23,rel,previously_active,,49,8,17,5,2,5,0,20,3,0.236,0.306,0,0,17,2,31,0,11
2025,mixed,Dave Adler,Victor Robles,5309,Sea,OF,9,rel,previously_active,,44,12,10,3,0,3,3,7,0,0.283,0.341,0,0,0,0,0,0,31
2025,mixed,Dave Adler,Starling Marte,2908,KC,OF,43,rel,previously_active,,45,14,18,10,2,3,1,9,5,0.404,0.489,77,0,0,0,0,0,12
2025,mixed,Dave Adler,Nicholas Castellanos,3217,SD,OF,9,res,previously_active,OF,437,114,114,57,15,60,4,99,23,0.3,0.421,4,0,0,0,0,0,143
2025,mixed,Dave Adler,Owen Caissie,7515,Mia,OF,41,dis,previously_active,OF,5,0,3,0,0,0,0,4,0,0.0,0.0,1,0,0,0,0,0,8
2025,mixed,Dave Adler,Mitch Garver,5025,FA,C,1,rel,previously_active,,22,4,9,1,0,0,1,7,4,0.333,0.182,39,43,0,0,0,0,0
2025,mixed,Dave Adler,Jacob Stallings,5554,Bal,C,0,rel,previously_active,,12,1,4,0,0,0,0,3,0,0.083,0.083,0,40,0,0,0,0,0
2025,mixed,Dave Adler,Freddy Fermin,7171,SD,C,12,rel,previously_active,,33,11,10,2,1,3,0,2,1,0.353,0.455,5,101,0,1,0,0,0
2025,mixed,Dave Adler,Edgar Quero,8510,CWS,C,74,rel,previously_active,,155,39,50,8,0,15,0,34,16,0.324,0.284,29,72,0,0,0,0,0
2025,mixed,Dave Adler,James McCann,3906,Ari,C,15,rel,previously_active,,25,4,9,1,0,0,0,9,2,0.25,0.16,0,40,1,0,0,0,0
2025,mixed,Dave Adler,Dillon Dingler,7393,Det,C,56,rel,previously_active,,38,9,10,2,1,4,0,12,0,0.237,0.368,3,118,0,0,0,0,0
2025,mixed,Dave Adler,Ryan Jeffers,7271,Min,C,11,dis,previously_active,C,366,95,109,46,9,42,0,84,46,0.352,0.393,29,88,0,0,0,0,0
2025,mixed,Dave Adler,Marcell Ozuna,3280,Pit,UT,21,rel,previously_active,,318,76,90,37,13,42,0,87,64,0.366,0.396,137,0,0,0,0,0,0
2025,mixed,Dave Adler,Luis Urias,5831,Mil,UT,3,rel,previously_active,,8,2,4,1,0,0,0,1,1,0.455,0.25,0,0,0,87,9,0,0
2025,mixed,Dave Adler,Carlos Santana,2181,Ari,CI,3,rel,previously_active,,345,77,99,43,11,44,6,77,46,0.317,0.339,19,0,102,0,1,0,0
2025,mixed,Dave Adler,Gabriel Arias,6513,Cle,MI,6,rel,previously_active,,156,37,46,21,3,22,2,48,12,0.302,0.359,0,0,0,28,8,106,0
2025,mixed,Dave Adler,Kody Clemens,7016,Min,MI,29,rel,previously_active,,7,3,2,1,0,2,0,4,0,0.429,1.0,1,0,58,51,0,0,22
2025,mixed,Dave Adler,Nicholas Castellanos,3217,SD,OF,9,res,reserved,OF,110,23,33,15,2,12,0,34,9,0.27,0.318,4,0,0,0,0,0,143
2025,mixed,Dave Adler,Owen Caissie,7515,Mia,OF,41,dis,reserved,OF,2,0,1,0,0,0,0,2,0,0.0,0.0,1,0,0,0,0,0,8
2025,mixed,Dave Adler,Miguel Andujar,5142,SD,OF,123,res,reserved,"OF,3B",31,11,9,3,1,3,0,6,0,0.355,0.484,27,0,3,0,32,0,32
2025,mixed,Dave Adler,Mike Tauchman,5642,NYM,OF,0,res,reserved,OF,316,86,88,43,9,38,0,83,45,0.367,0.411,19,0,0,0,0,0,73
2025,mixed,Dave Adler,Ryan Jeffers,7271,Min,C,11,dis,reserved,C,40,13,10,1,0,5,1,7,4,0.386,0.425,29,88,0,0,0,0,0
2025,mixed,Dave Adler,Jose Caballero,6982,NYY,2B,1,act,previously_reserved,"OF,3B,SS,2B,MI,CI",73,19,33,16,2,8,11,19,13,0.372,0.37,2,0,0,23,37,43,46
2025,mixed,Dave Adler,Carlos Correa,4010,Hou,SS,14,trd,previously_reserved,,4,2,1,2,1,1,0,0,0,0.5,1.25,0,0,0,0,48,97,0
2025,mixed,Dave Adler,Coby Mayo,7723,Bal,3B,0,rel,previously_reserved,,62,14,20,7,1,9,1,15,5,0.284,0.355,9,0,70,0,3,0,0
2025,mixed,Dave Adler,Starling Marte,2908,KC,OF,43,rel,previously_reserved,,15,5,4,1,0,3,0,3,2,0.412,0.4,77,0,0,0,0,0,12
2025,mixed,Dave Adler,Jasson Dominguez,6875,NYY,OF,11,act,previously_reserved,OF,16,5,7,2,1,5,0,4,1,0.353,0.562,15,0,0,0,0,0,100
2025,mixed,Dave Adler,Ian Happ,5352,ChC,OF,19,act,previously_reserved,OF,14,2,3,3,0,1,0,7,1,0.2,0.143,4,0,0,0,0,0,146
2025,mixed,Dave Adler,Mitch Garver,5025,FA,C,1,rel,previously_reserved,,61,15,26,8,1,10,2,19,11,0.361,0.328,39,43,0,0,0,0,0
2025,mixed,Dave Adler,Samuel Basallo,8583,Bal,C,2,act,previously_reserved,C,4,1,1,0,0,2,0,0,0,0.4,0.25,7,22,2,0,0,0,0
2025,mixed,Dave Adler,Dillon Dingler,7393,Det,C,56,rel,previously_reserved,,33,9,9,4,1,4,0,9,1,0.314,0.424,3,118,0,0,0,0,0
2025,mixed,Dave Adler,Marcell Ozuna,3280,Pit,UT,21,rel,previously_reserved,,10,0,5,0,0,0,0,5,1,0.091,0.0,137,0,0,0,0,0,0
2025,mixed,Dave Adler,Luis Urias,5831,Mil,UT,3,rel,previously_reserved,,12,4,4,2,0,2,0,1,1,0.357,0.333,0,0,0,87,9,0,0
2025,mixed,Dave Adler,Carlos Santana,2181,Ari,CI,3,rel,previously_reserved,,16,6,4,1,0,2,0,0,1,0.412,0.437,19,0,102,0,1,0,0
2025,mixed,Dave Adler,Gabriel Arias,6513,Cle,MI,6,rel,previously_reserved,,81,18,25,5,3,8,1,35,3,0.259,0.432,0,0,0,28,8,106,0
2025,mixed,Eric Samulski,Michael Busch,7000,ChC,1B,4,act,active,"1B,CI",445,111,128,63,29,71,4,118,43,0.325,0.494,2,0,151,0,0,0,0
2025,mixed,Eric Samulski,Tyler Freeman,6840,Col,2B,11,act,active,"OF,2B",278,74,72,33,1,21,10,42,23,0.332,0.335,28,0,0,17,1,0,66
2025,mixed,Eric Samulski,Thomas Saggese,8708,StL,SS,41,act,active,"2B,MI,SS,3B",138,37,38,12,1,14,1,41,10,0.318,0.37,1,0,0,35,18,33,0
2025,mixed,Eric Samulski,Matt Chapman,5037,SF,3B,14,act,active,"3B,CI",439,103,124,72,21,61,8,119,68,0.341,0.437,0,0,0,0,128,0,0
2025,mixed,Eric Samulski,Cedric Mullins,6128,TB,OF,7,act,active,OF,113,21,39,13,2,10,7,32,15,0.282,0.292,2,0,0,0,0,0,130
2025,mixed,Eric Samulski,TJ Friedl,6751,Cin,OF,3,act,active,OF,406,107,107,61,10,40,9,77,57,0.367,0.387,2,0,0,0,0,0,149
2025,mixed,Eric Samulski,Adolis Garcia,5465,Phi,OF,8,act,active,OF,395,92,106,45,15,64,10,104,22,0.276,0.405,5,0,0,0,0,0,128
2025,mixed,Eric Samulski,Troy Johnston,8402,Col,OF,7,act,active,"OF,1B",49,13,19,6,3,6,1,11,5,0.345,0.449,5,0,16,0,0,0,23
2025,mixed,Eric Samulski,Fernando Tatis Jr.,5793,SD,OF,36,act,active,OF,594,159,155,111,25,71,32,129,89,0.368,0.446,2,0,0,0,0,0,153
2025,mixed,Eric Samulski,Kyle Teel,8676,CWS,C,153,act,active,C,245,66,75,37,8,35,3,75,35,0.371,0.412,14,61,0,0,0,0,1
2025,mixed,Eric Samulski,Salvador Perez,3457,KC,C,16,act,active,"C,1B,CI",597,141,155,54,30,100,0,125,28,0.284,0.446,38,92,30,0,0,0,0
2025,mixed,Eric Samulski,Nolan Schanuel,8687,LAA,UT,4,act,active,"1B,CI",193,43,56,22,6,16,0,30,28,0.329,0.368,0,0,131,0,0,0,0
2025,mixed,Eric Samulski,Paul Goldschmidt,3159,NYY,CI,9,act,active,"1B,CI",489,134,145,76,10,45,5,100,36,0.328,0.403,3,0,138,0,0,0,1
2025,mixed,Eric Samulski,Adam Frazier,5555,LAA,MI,1,act,active,"2B,OF,3B,MI",53,14,15,4,1,6,0,11,2,0.291,0.34,8,0,0,79,7,0,39
2025,mixed,Eric Samulski,Trea Turner,4555,Phi,SS,28,dis,previously_active,"SS,MI",568,173,134,91,15,68,33,102,39,0.353,0.461,1,0,0,0,0,139,0
2025,mixed,Eric Samulski,Blaze Alexander,8035,Bal,3B,11,rel,previously_active,,47,8,13,6,3,4,0,19,2,0.25,0.404,1,0,0,14,54,0,6
2025,mixed,Eric Samulski,Michael Harris,7463,Atl,OF,24,res,previously_active,OF,509,123,133,43,16,76,15,108,13,0.261,0.395,0,0,0,0,0,0,160
2025,mixed,Eric Samulski,Heston Kjerstad,7362,Bal,OF,23,rel,previously_active,,20,3,5,3,0,1,0,5,1,0.19,0.2,1,0,0,0,0,0,51
2025,mixed,Eric Samulski,Eric Wagaman,9175,Min,OF,9,rel,previously_active,,70,15,18,8,1,4,1,13,3,0.247,0.343,10,0,117,0,3,0,22
2025,mixed,Eric Samulski,Denzel Clarke,8349,Oak,OF,101,rel,previously_active,,57,14,18,8,1,3,4,26,1,0.271,0.333,0,0,0,0,0,0,47
2025,mixed,Eric Samulski,Zach Dezenzo,8654,Hou,OF,9,rel,previously_active,,17,3,5,3,0,2,0,7,4,0.333,0.294,5,0,4,0,0,0,26
2025,mixed,Eric Samulski,Tommy Pham,5041,FA,OF,7,res,previously_active,OF,157,40,44,21,5,25,2,31,23,0.35,0.42,2,0,0,0,0,0,117
2025,mixed,Eric Samulski,Alec Burleson,7808,StL,OF,41,trd,previously_active,,145,42,42,18,8,25,1,20,14,0.352,0.524,22,0,50,0,0,0,74
2025,mixed,Eric Samulski,Bo Naylor,6848,Cle,C,7,rel,previously_active,,150,28,49,22,8,18,1,47,25,0.299,0.393,0,119,0,0,0,0,0
2025,mixed,Eric Samulski,Javier Baez,3804,Det,UT,7,rel,previously_active,,181,49,52,33,9,30,0,41,5,0.304,0.475,0,0,0,10,23,62,53
2025,mixed,Eric Samulski,Pavin Smith,6109,Ari,UT,0,rel,previously_active,,16,6,6,4,1,2,0,4,1,0.412,0.75,47,0,36,0,0,0,0
2025,mixed,Eric Samulski,Alan Roden,8881,Min,UT,11,rel,previously_active,,8,1,4,0,0,1,0,2,0,0.125,0.25,0,0,0,0,0,0,52
2025,mixed,Eric Samulski,Joey Loperfido,8274,Hou,UT,10,rel,previously_active,,17,5,8,2,0,1,0,6,0,0.368,0.353,0,0,0,0,0,0,37
2025,mixed,Eric Samulski,Kameron Misner,6942,KC,UT,11,rel,previously_active,,37,10,11,8,2,5,0,11,3,0.317,0.514,1,0,0,0,0,0,68
2025,mixed,Eric Samulski,Mickey Moniak,5792,Col,UT,17,rel,previously_active,,20,4,7,1,0,0,0,4,1,0.238,0.3,14,0,0,0,0,0,117
2025,mixed,Eric Samulski,Evan Carter,7676,Tex,UT,101,rel,previously_active,,11,0,5,2,0,1,2,3,3,0.267,0.0,2,0,0,0,0,0,60
2025,mixed,Eric Samulski,Marcelo Mayer,7688,Bos,UT,209,rel,previously_active,,84,18,29,14,2,6,0,23,6,0.267,0.357,0,0,0,8,39,2,0
2025,mixed,Eric Samulski,Nate Lowe,6652,Cin,UT,61,res,previously_active,"1B,CI",46,8,15,5,0,4,0,16,7,0.291,0.196,5,0,146,0,0,0,0
2025,mixed,Eric Samulski,Jacob Melton,8240,TB,UT,5,rel,previously_active,,10,0,7,2,0,0,1,3,1,0.167,0.0,0,0,0,0,0,0,31
2025,mixed,Eric Samulski,Lane Thomas,6727,KC,UT,7,dis,previously_active,OF,52,7,15,1,0,2,2,15,4,0.207,0.154,1,0,0,0,0,0,38
2025,mixed,Eric Samulski,Leody Taveras,5412,Bal,UT,9,rel,previously_active,,27,5,9,2,0,3,5,9,1,0.214,0.185,0,0,0,0,0,0,57
2025,mixed,Eric Samulski,Mauricio Dubon,5380,Atl,UT,2,rel,previously_active,,69,20,21,7,1,5,1,11,7,0.364,0.406,0,0,4,46,24,33,63
2025,mixed,Eric Samulski,Colt Keith,8114,Det,MI,4,rel,previously_active,,23,4,9,4,0,1,0,8,12,0.457,0.261,51,0,18,26,37,0,0
2025,mixed,Eric Samulski,Ernie Clement,6888,Tor,MI,21,rel,previously_active,,329,90,84,53,8,30,1,34,16,0.311,0.41,0,0,15,60,89,29,0
2025,mixed,Eric Samulski,Jared Triolo,8163,Pit,MI,3,rel,previously_active,,20,6,6,3,0,2,0,4,2,0.364,0.4,1,0,24,11,32,47,0
2025,mixed,Eric Samulski,Andres Gimenez,5824,Tor,MI,8,rel,previously_active,,164,30,47,20,4,14,9,32,12,0.27,0.287,0,0,0,87,0,15,0
2025,mixed,Eric Samulski,Michael Massey,8221,KC,MI,9,rel,previously_active,,22,3,6,0,0,0,0,6,0,0.136,0.136,4,0,0,60,0,0,14
2025,mixed,Eric Samulski,Brayan Rocchio,6846,Cle,MI,4,rel,previously_active,,16,3,6,0,0,3,0,4,0,0.278,0.25,0,0,0,50,0,72,0
2025,mixed,Eric Samulski,Brooks Baldwin,9111,CWS,MI,1,rel,previously_active,,6,5,2,0,0,0,0,0,1,0.857,1.0,0,0,0,10,15,10,79
2025,mixed,Eric Samulski,Trea Turner,4555,Phi,SS,28,dis,reserved,"SS,MI",21,6,7,3,0,1,3,5,4,0.4,0.333,1,0,0,0,0,139,0
2025,mixed,Eric Samulski,Tommy Pham,5041,FA,OF,7,res,reserved,OF,27,4,9,2,1,2,0,6,5,0.281,0.259,2,0,0,0,0,0,117
2025,mixed,Eric Samulski,Michael Harris,7463,Atl,OF,24,res,reserved,OF,102,29,27,12,4,10,5,20,3,0.305,0.48,0,0,0,0,0,0,160
2025,mixed,Eric Samulski,Lane Thomas,6727,KC,UT,7,dis,reserved,OF,73,13,24,9,4,9,2,29,10,0.274,0.356,1,0,0,0,0,0,38
2025,mixed,Eric Samulski,Nate Lowe,6652,Cin,UT,61,res,reserved,"1B,CI",38,13,13,5,1,5,0,12,5,0.409,0.553,5,0,146,0,0,0,0
2025,mixed,Eric Samulski,Michael Busch,7000,ChC,1B,4,act,previously_reserved,"1B,CI",79,26,27,15,5,19,0,21,13,0.436,0.684,2,0,151,0,0,0,0
2025,mixed,Eric Samulski,Matt Chapman,5037,SF,3B,14,act,previously_reserved,"3B,CI",15,2,4,4,0,0,1,7,3,0.316,0.2,0,0,0,0,128,0,0
2025,mixed,Eric Samulski,Zach Dezenzo,8654,Hou,OF,9,rel,previously_reserved,,22,4,7,1,0,1,0,11,3,0.28,0.227,5,0,4,0,0,0,26
2025,mixed,Eric Samulski,Alec Burleson,7808,StL,OF,41,trd,previously_reserved,,89,27,23,11,4,13,0,12,8,0.357,0.494,22,0,50,0,0,0,74
2025,mixed,Eric Samulski,TJ Friedl,6751,Cin,OF,3,act,previously_reserved,OF,173,44,45,21,4,13,3,38,24,0.358,0.358,2,0,0,0,0,0,149
2025,mixed,Eric Samulski,Adolis Garcia,5465,Phi,OF,8,act,previously_reserved,OF,112,23,29,13,4,11,3,31,6,0.252,0.357,5,0,0,0,0,0,128
2025,mixed,Eric Samulski,Denzel Clarke,8349,Oak,OF,101,rel,previously_reserved,,49,10,17,4,2,5,1,17,4,0.291,0.408,0,0,0,0,0,0,47
2025,mixed,Eric Samulski,Marcelo Mayer,7688,Bos,UT,209,rel,previously_reserved,,35,9,13,5,2,4,0,15,2,0.289,0.514,0,0,0,8,39,2,0
2025,mixed,Eric Samulski,Jacob Melton,8240,TB,UT,5,rel,previously_reserved,,9,1,4,0,0,0,1,4,1,0.2,0.111,0,0,0,0,0,0,31
2025,mixed,Eric Samulski,Javier Baez,3804,Det,UT,7,rel,previously_reserved,,15,3,4,2,1,2,1,3,0,0.2,0.4,0,0,0,10,23,62,53
2025,mixed,Eric Samulski,Pavin Smith,6109,Ari,UT,0,rel,previously_reserved,,117,34,43,18,3,10,1,43,24,0.411,0.444,47,0,36,0,0,0,0
2025,mixed,Eric Samulski,Nolan Schanuel,8687,LAA,UT,4,act,previously_reserved,"1B,CI",295,86,76,42,6,37,5,41,31,0.369,0.403,0,0,131,0,0,0,0
2025,mixed,Eric Samulski,Kameron Misner,6942,KC,UT,11,rel,previously_reserved,,31,4,11,2,0,0,2,15,3,0.206,0.129,1,0,0,0,0,0,68
2025,mixed,Eric Samulski,Evan Carter,7676,Tex,UT,101,rel,previously_reserved,,13,4,5,1,1,2,0,4,0,0.308,0.615,2,0,0,0,0,0,60
2025,mixed,Eric Samulski,Brayan Rocchio,6846,Cle,MI,4,rel,previously_reserved,,16,4,6,2,0,0,0,3,1,0.294,0.312,0,0,0,50,0,72,0
2025,mixed,Eric Samulski,Colt Keith,8114,Det,MI,4,rel,previously_reserved,,38,7,13,4,0,1,0,9,1,0.205,0.184,51,0,18,26,37,0,0
2025,mixed,Eric Samulski,Andres Gimenez,5824,Tor,MI,8,rel,previously_reserved,,13,4,4,2,0,0,0,0,2,0.4,0.385,0,0,0,87,0,15,0
2025,mixed,Eric Samulski,Michael Massey,8221,KC,MI,9,rel,previously_reserved,,11,2,3,0,0,1,0,2,0,0.167,0.182,4,0,0,60,0,0,14
2025,mixed,Mike Carter,Miguel Vargas,6973,CWS,1B,0,act,active,"3B,CI,OF,1B",334,76,92,58,8,38,5,65,41,0.317,0.374,4,0,63,0,79,0,1
2025,mixed,Mike Carter,Ernie Clement,6888,Tor,2B,6,act,active,"3B,SS,2B,1B,CI,MI",43,11,13,9,0,4,1,3,3,0.304,0.372,0,0,15,60,89,29,0
2025,mixed,Mike Carter,Jeremy Pena,7200,Hou,SS,10,act,active,"SS,MI",484,147,123,68,17,62,20,91,35,0.364,0.479,2,0,0,0,0,124,0
2025,mixed,Mike Carter,Jeremiah Jackson,6633,Bal,3B,21,act,active,"OF,3B",77,17,22,8,3,7,0,27,8,0.31,0.403,3,0,0,1,13,0,34
2025,mixed,Mike Carter,Jackson Merrill,8147,SD,OF,27,act,active,OF,436,115,114,58,16,67,1,108,33,0.318,0.456,0,0,0,0,0,0,114
2025,mixed,Mike Carter,Lawrence Butler,8124,Oak,OF,20,act,active,OF,548,128,146,80,19,59,22,172,58,0.307,0.398,0,0,0,0,0,0,150
2025,mixed,Mike Carter,Brent Rooker,6204,Oak,OF,26,act,active,OF,207,50,54,26,9,32,3,50,18,0.309,0.449,135,0,0,0,0,0,27
2025,mixed,Mike Carter,Parker Meadows,6915,Det,OF,11,act,active,OF,62,15,18,6,1,5,1,16,7,0.314,0.355,0,0,0,0,0,0,57
2025,mixed,Mike Carter,Mickey Moniak,5792,Col,OF,17,act,active,OF,192,54,56,27,12,33,5,47,8,0.31,0.526,14,0,0,0,0,0,117
2025,mixed,Mike Carter,Ben Rice,8886,NYY,C,0,act,active,"1B,CI,C",404,109,117,64,23,60,3,88,40,0.343,0.527,48,36,50,0,0,0,0
2025,mixed,Mike Carter,Bo Naylor,6848,Cle,C,5,act,active,C,37,8,14,3,0,3,0,8,3,0.268,0.297,0,119,0,0,0,0,0
2025,mixed,Mike Carter,Daulton Varsho,6326,Tor,UT,3,act,active,OF,180,41,52,30,16,46,1,55,11,0.27,0.55,1,0,0,0,0,0,68
2025,mixed,Mike Carter,Colson Montgomery,7791,CWS,CI,21,act,active,"SS,3B",245,56,68,43,21,53,0,81,23,0.299,0.522,0,0,0,0,12,60,0
2025,mixed,Mike Carter,Carson Williams,7792,TB,MI,37,act,active,SS,72,10,23,3,2,7,1,35,3,0.173,0.236,0,0,0,0,0,32,0
2025,mixed,Mike Carter,Eric Wagaman,9175,Min,1B,7,res,previously_active,"1B,OF,CI,3B",48,16,16,7,0,6,0,5,2,0.353,0.417,10,0,117,0,3,0,22
2025,mixed,Mike Carter,Rowdy Tellez,4892,FA,1B,7,rel,previously_active,,40,7,16,5,2,3,0,12,2,0.233,0.35,8,0,97,0,0,0,0
2025,mixed,Mike Carter,Luke Raley,6663,Sea,1B,2,rel,previously_active,,7,0,5,0,0,0,0,5,0,0.0,0.0,4,0,31,0,0,0,43
2025,mixed,Mike Carter,Nate Lowe,6652,Cin,1B,9,rel,previously_active,,440,95,119,50,16,68,1,130,47,0.292,0.373,5,0,146,0,0,0,0
2025,mixed,Mike Carter,Xander Bogaerts,3822,SD,2B,11,rel,previously_active,,473,124,131,60,10,49,20,90,48,0.33,0.387,9,0,0,0,0,125,0
2025,mixed,Mike Carter,Zack Gelof,7964,Oak,2B,7,rel,previously_active,,39,10,12,5,1,2,1,16,4,0.326,0.385,0,0,0,30,0,0,0
2025,mixed,Mike Carter,Masyn Winn,7434,StL,SS,7,rel,previously_active,,251,62,66,41,6,22,3,53,21,0.31,0.367,0,0,0,0,0,129,0
2025,mixed,Mike Carter,Liover Peguero,7165,Phi,SS,9,rel,previously_active,,11,1,5,2,0,0,0,4,2,0.231,0.091,0,0,9,5,0,16,0
2025,mixed,Mike Carter,Cole Young,8520,Sea,SS,13,rel,previously_active,,58,9,21,5,2,10,0,8,9,0.269,0.328,0,0,0,73,0,1,0
2025,mixed,Mike Carter,Brady House,7713,Was,3B,33,rel,previously_active,,42,10,12,7,0,3,1,12,0,0.233,0.262,0,0,0,0,72,0,0
2025,mixed,Mike Carter,Willi Castro,6289,Col,OF,3,rel,previously_active,,66,15,18,7,1,5,1,15,3,0.292,0.364,0,0,0,48,23,5,76
2025,mixed,Mike Carter,Jeff McNeil,6617,Oak,OF,26,rel,previously_active,,32,7,11,4,2,6,0,7,4,0.297,0.531,10,0,2,79,0,0,48
2025,mixed,Mike Carter,Nolan Jones,6075,Cle,OF,17,rel,previously_active,,36,8,15,3,1,3,1,9,5,0.333,0.361,1,0,0,0,0,0,130
2025,mixed,Mike Carter,Colby Thomas,8575,Oak,OF,26,res,previously_active,OF,21,4,9,3,1,1,0,6,1,0.227,0.381,1,0,0,0,0,0,44
2025,mixed,Mike Carter,Brooks Baldwin,9111,CWS,OF,3,rel,previously_active,,22,7,8,3,1,5,2,7,1,0.348,0.455,0,0,0,10,15,10,79
2025,mixed,Mike Carter,Alex Verdugo,4948,Atl,OF,11,rel,previously_active,,22,7,5,3,0,4,0,2,2,0.375,0.455,0,0,0,0,0,0,54
2025,mixed,Mike Carter,Robert Hassell,7364,Was,OF,57,rel,previously_active,,27,9,6,3,1,5,0,7,0,0.333,0.481,2,0,0,0,0,0,63
2025,mixed,Mike Carter,Kyle Stowers,7944,Mia,OF,6,rel,previously_active,,213,58,62,26,10,31,2,69,20,0.34,0.469,8,0,0,0,0,0,107
2025,mixed,Mike Carter,Kameron Misner,6942,KC,OF,11,rel,previously_active,,10,2,6,0,0,2,0,6,0,0.2,0.2,1,0,0,0,0,0,68
2025,mixed,Mike Carter,Alek Thomas,6957,Ari,OF,9,rel,previously_active,,33,3,11,3,1,3,1,12,3,0.162,0.182,1,0,0,0,0,0,139
2025,mixed,Mike Carter,Angel Martinez,7770,Cle,OF,17,rel,previously_active,,27,7,7,5,0,1,0,7,4,0.394,0.333,0,0,0,37,0,0,114
2025,mixed,Mike Carter,Bryce Teodosio,8511,LAA,OF,13,rel,previously_active,,14,2,6,0,0,0,1,5,0,0.143,0.143,0,0,0,0,0,0,50
2025,mixed,Mike Carter,Josh Lowe,6072,LAA,OF,10,trd,previously_active,,180,43,50,28,5,20,6,42,19,0.313,0.383,4,0,0,0,0,0,103
2025,mixed,Mike Carter,Dominic Canzone,8467,Sea,OF,11,rel,previously_active,,120,36,39,9,2,12,1,30,12,0.366,0.408,8,0,0,0,0,0,70
2025,mixed,Mike Carter,Jose Trevino,5991,Cin,C,11,rel,previously_active,,11,4,3,0,0,1,0,2,0,0.364,0.727,1,90,0,0,0,0,0
2025,mixed,Mike Carter,Carlos Narvaez,8496,Bos,C,7,rel,previously_active,,160,34,45,21,4,16,0,46,18,0.289,0.356,2,112,0,0,0,0,0
2025,mixed,Mike Carter,J.T. Realmuto,4028,Phi,C,14,res,previously_active,C,445,112,118,49,12,48,7,115,32,0.31,0.387,1,132,0,0,0,0,0
2025,mixed,Mike Carter,Danny Jansen,5332,Tex,C,4,rel,previously_active,,68,10,24,5,1,5,0,20,15,0.301,0.221,2,93,0,0,0,0,0
2025,mixed,Mike Carter,Elias Diaz,5078,FA,C,7,rel,previously_active,,32,5,11,1,0,0,0,10,1,0.182,0.187,0,105,0,0,0,0,0
2025,mixed,Mike Carter,David Fry,8470,Cle,C,27,rel,previously_active,,21,3,10,2,1,2,1,11,3,0.28,0.286,43,0,0,0,0,0,0
2025,mixed,Mike Carter,Masataka Yoshida,8120,Bos,UT,13,res,previously_active,OF,71,16,22,4,0,6,0,10,6,0.282,0.282,44,0,0,0,0,0,6
2025,mixed,Mike Carter,Kike Hernandez,4992,LAD,UT,1,rel,previously_active,,61,18,28,11,2,9,0,15,8,0.377,0.426,2,0,28,18,27,0,28
2025,mixed,Mike Carter,Drew Gilbert,8239,SF,UT,11,rel,previously_active,,11,1,4,1,0,0,0,1,0,0.091,0.182,0,0,0,0,0,0,38
2025,mixed,Mike Carter,Max Muncy,7823,Oak,UT,27,rel,previously_active,,35,7,12,3,0,1,0,17,5,0.31,0.2,0,0,0,23,32,7,0
2025,mixed,Mike Carter,Andrew Vaughn,6905,Mil,CI,4,rel,previously_active,,102,16,26,6,3,11,0,23,6,0.202,0.275,17,0,95,0,0,0,0
2025,mixed,Mike Carter,Pavin Smith,6109,Ari,CI,7,rel,previously_active,,9,2,6,0,0,0,1,1,3,0.417,0.222,47,0,36,0,0,0,0
2025,mixed,Mike Carter,Josh Bell,3669,Min,CI,11,rel,previously_active,,47,14,13,8,2,4,0,9,8,0.411,0.511,98,0,33,0,0,0,0
2025,mixed,Mike Carter,Austin Riley,5688,Atl,CI,27,dis,previously_active,"3B,CI",405,108,99,54,16,54,2,122,25,0.313,0.44,0,0,0,0,102,0,0
2025,mixed,Mike Carter,Isiah Kiner-Falefa,6317,Bos,MI,5,rel,previously_active,,9,3,3,0,0,1,0,3,0,0.333,0.444,0,0,0,13,32,95,0
2025,mixed,Mike Carter,Luis Rengifo,6622,Mil,MI,9,rel,previously_active,,51,14,13,5,0,3,0,12,1,0.288,0.333,1,0,0,74,76,1,10
2025,mixed,Mike Carter,Eric Wagaman,9175,Min,1B,7,res,reserved,"1B,OF,CI,3B",13,4,4,1,0,2,1,3,0,0.308,0.385,10,0,117,0,3,0,22
2025,mixed,Mike Carter,Colby Thomas,8575,Oak,OF,26,res,reserved,OF,48,10,18,9,2,6,0,18,3,0.25,0.354,1,0,0,0,0,0,44
2025,mixed,Mike Carter,J.T. Realmuto,4028,Phi,C,14,res,reserved,C,57,17,16,8,0,4,1,14,3,0.355,0.368,1,132,0,0,0,0,0
2025,mixed,Mike Carter,Masataka Yoshida,8120,Bos,UT,13,res,reserved,OF,117,34,33,12,4,20,3,14,4,0.323,0.453,44,0,0,0,0,0,6
2025,mixed,Mike Carter,Austin Riley,5688,Atl,CI,27,dis,reserved,"3B,CI",11,0,3,0,0,0,0,6,2,0.154,0.0,0,0,0,0,102,0,0
2025,mixed,Mike Carter,Rowdy Tellez,4892,FA,1B,7,rel,previously_reserved,,32,7,11,0,0,1,0,7,2,0.265,0.219,8,0,97,0,0,0,0
2025,mixed,Mike Carter,Miguel Vargas,6973,CWS,1B,0,act,previously_reserved,"3B,CI,OF,1B",170,42,46,22,8,22,1,35,15,0.316,0.453,4,0,63,0,79,0,1
2025,mixed,Mike Carter,Liover Peguero,7165,Phi,SS,9,rel,previously_reserved,,8,1,3,0,0,0,0,3,0,0.125,0.125,0,0,9,5,0,16,0
2025,mixed,Mike Carter,Masyn Winn,7434,StL,SS,7,rel,previously_reserved,,112,35,29,16,1,14,3,14,6,0.347,0.42,0,0,0,0,0,129,0
2025,mixed,Mike Carter,Jeremy Pena,7200,Hou,SS,10,act,previously_reserved,"SS,MI",9,3,2,0,0,0,0,2,0,0.333,0.333,2,0,0,0,0,124,0
2025,mixed,Mike Carter,Cole Young,8520,Sea,SS,13,rel,previously_reserved,,9,4,5,3,0,1,1,2,5,0.643,0.444,0,0,0,73,0,1,0
2025,mixed,Mike Carter,Brooks Baldwin,9111,CWS,OF,3,rel,previously_reserved,,60,12,19,3,1,6,0,20,4,0.258,0.317,0,0,0,10,15,10,79
2025,mixed,Mike Carter,Jeff McNeil,6617,Oak,OF,26,rel,previously_reserved,,26,6,11,2,0,4,0,1,9,0.429,0.385,10,0,2,79,0,0,48
2025,mixed,Mike Carter,Willi Castro,6289,Col,OF,3,rel,previously_reserved,,32,8,10,8,1,1,1,11,4,0.333,0.375,0,0,0,48,23,5,76
2025,mixed,Mike Carter,Lawrence Butler,8124,Oak,OF,20,act,previously_reserved,OF,21,5,6,3,2,4,0,7,1,0.273,0.571,0,0,0,0,0,0,150
2025,mixed,Mike Carter,Angel Martinez,7770,Cle,OF,17,rel,previously_reserved,,15,1,5,1,0,0,0,6,0,0.067,0.067,0,0,0,37,0,0,114
2025,mixed,Mike Carter,Dominic Canzone,8467,Sea,OF,11,rel,previously_reserved,,31,9,13,4,0,4,0,11,3,0.378,0.323,8,0,0,0,0,0,70
2025,mixed,Mike Carter,Mickey Moniak,5792,Col,OF,17,act,previously_reserved,OF,50,16,13,8,1,8,1,12,1,0.333,0.56,14,0,0,0,0,0,117
2025,mixed,Mike Carter,Josh Lowe,6072,LAA,OF,10,trd,previously_reserved,,37,9,10,4,1,4,0,10,2,0.282,0.351,4,0,0,0,0,0,103
2025,mixed,Mike Carter,Alex Verdugo,4948,Atl,OF,11,rel,previously_reserved,,47,8,12,6,0,2,1,6,4,0.25,0.213,0,0,0,0,0,0,54
2025,mixed,Mike Carter,Robert Hassell,7364,Was,OF,57,rel,previously_reserved,,37,6,11,1,0,2,0,10,1,0.184,0.162,2,0,0,0,0,0,63
2025,mixed,Mike Carter,Jackson Merrill,8147,SD,OF,27,act,previously_reserved,OF,4,1,1,1,0,0,0,0,0,0.25,0.5,0,0,0,0,0,0,114
2025,mixed,Mike Carter,Ben Rice,8886,NYY,C,0,act,previously_reserved,"1B,CI,C",63,10,21,10,3,5,0,12,10,0.303,0.317,48,36,50,0,0,0,0
2025,mixed,Mike Carter,David Fry,8470,Cle,C,27,rel,previously_reserved,,11,2,4,1,0,1,0,4,0,0.182,0.273,43,0,0,0,0,0,0
2025,mixed,Mike Carter,Drew Gilbert,8239,SF,UT,11,rel,previously_reserved,,17,2,6,1,0,1,0,6,2,0.211,0.118,0,0,0,0,0,0,38
2025,mixed,Mike Carter,Kike Hernandez,4992,LAD,UT,1,rel,previously_reserved,,27,7,10,5,2,3,0,8,2,0.31,0.519,2,0,28,18,27,0,28
2025,mixed,Mike Carter,Daulton Varsho,6326,Tor,UT,3,act,previously_reserved,OF,68,18,19,13,4,9,1,22,6,0.32,0.544,1,0,0,0,0,0,68
2025,mixed,Mike Carter,Pavin Smith,6109,Ari,CI,7,rel,previously_reserved,,17,2,6,3,1,1,0,10,5,0.318,0.294,47,0,36,0,0,0,0
2025,mixed,Mike Carter,Luis Rengifo,6622,Mil,MI,9,rel,previously_reserved,,12,3,3,1,0,0,0,3,1,0.308,0.25,1,0,0,74,76,1,10
2025,mixed,Mike Carter,Carson Williams,7792,TB,MI,37,act,previously_reserved,SS,20,4,7,4,2,2,0,8,2,0.273,0.55,0,0,0,0,0,32,0
2025,mixed,Kelly Kirby,Luis Arraez,6138,SF,1B,5,act,active,"1B,2B,MI,CI",599,173,149,63,8,56,11,21,34,0.326,0.387,29,0,117,14,0,0,0
2025,mixed,Kelly Kirby,Michael Massey,8221,KC,2B,1,act,active,"2B,OF,MI",149,41,45,15,2,8,2,23,7,0.308,0.349,4,0,0,60,0,0,14
2025,mixed,Kelly Kirby,Gunnar Henderson,7317,Bal,SS,36,act,active,"SS,MI",564,157,151,85,17,68,30,130,62,0.354,0.447,8,0,0,0,0,145,0
2025,mixed,Kelly Kirby,Jonathan India,6595,KC,3B,12,act,active,"2B,3B,MI,OF",497,116,136,63,9,45,0,106,54,0.323,0.346,27,0,0,76,20,0,21
2025,mixed,Kelly Kirby,Isaac Collins,8051,KC,OF,10,act,active,OF,248,69,76,41,7,43,9,57,38,0.379,0.448,2,0,0,1,2,0,115
2025,mixed,Kelly Kirby,Riley Greene,6953,Det,OF,16,act,active,OF,600,155,157,84,36,111,2,201,46,0.313,0.493,23,0,0,0,0,0,133
2025,mixed,Kelly Kirby,Steven Kwan,7878,Cle,OF,13,act,active,OF,625,170,156,81,11,56,21,60,55,0.33,0.374,4,0,0,0,0,0,152
2025,mixed,Kelly Kirby,Mike Yastrzemski,5314,Atl,OF,0,act,active,OF,394,88,122,56,13,33,5,89,57,0.319,0.383,4,0,0,0,0,0,140
2025,mixed,Kelly Kirby,Bryan Reynolds,6096,Pit,OF,18,act,active,OF,562,139,148,66,16,69,2,167,55,0.321,0.411,35,0,0,0,0,0,117
2025,mixed,Kelly Kirby,William Contreras,6423,Mil,C,30,act,active,C,566,147,150,89,17,76,6,120,84,0.355,0.399,22,128,1,0,0,0,1
2025,mixed,Kelly Kirby,Henry Davis,7722,Pit,C,30,act,active,C,174,26,60,16,3,12,2,57,12,0.218,0.23,0,83,0,0,0,0,0
2025,mixed,Kelly Kirby,Kyle Schwarber,4901,Phi,UT,34,act,active,OF,604,145,162,111,56,132,10,197,108,0.365,0.563,154,0,0,0,0,0,8
2025,mixed,Kelly Kirby,Eugenio Suarez,4330,Cin,CI,8,act,active,"3B,CI",588,134,159,91,49,118,4,196,46,0.298,0.526,4,0,3,0,154,0,0
2025,mixed,Kelly Kirby,Jordan Westburg,7381,Bal,MI,14,act,active,"3B,2B,CI,MI",309,81,80,54,14,33,1,76,15,0.306,0.434,16,0,0,17,52,0,0
2025,mixed,Kelly Kirby,Jake Bauers,5683,Mil,1B,21,rel,previously_active,,7,1,4,1,0,2,0,3,2,0.333,0.286,6,0,40,0,0,0,25
2025,mixed,Kelly Kirby,Thairo Estrada,6305,Bal,2B,4,dis,previously_active,"2B,MI",147,38,37,13,3,20,1,25,6,0.287,0.381,0,0,0,39,0,0,0
2025,mixed,Kelly Kirby,Miguel Rojas,4814,LAD,SS,10,rel,previously_active,,12,1,4,0,0,0,0,1,0,0.083,0.083,0,0,1,68,23,22,0
2025,mixed,Kelly Kirby,Tyler Wade,5629,Tex,3B,80,rel,previously_active,,14,2,11,3,0,2,0,5,2,0.25,0.143,2,0,0,8,4,2,38
2025,mixed,Kelly Kirby,Lourdes Gurriel,5350,Ari,OF,4,dis,previously_active,OF,73,11,20,4,2,10,1,8,3,0.185,0.274,12,0,0,0,0,0,118
2025,mixed,Kelly Kirby,Tyler O'Neill,5423,Bal,OF,5,res,previously_active,OF,73,14,21,8,2,10,2,26,6,0.265,0.342,13,0,0,0,0,0,39
2025,mixed,Kelly Kirby,Jordan Beck,8555,Col,OF,0,res,previously_active,OF,99,26,25,8,0,6,3,30,5,0.311,0.333,6,0,0,0,0,0,139
2025,mixed,Kelly Kirby,Kyle Isbel,6916,KC,OF,3,rel,previously_active,,29,5,11,1,0,6,0,5,1,0.194,0.241,0,0,0,0,0,0,135
2025,mixed,Kelly Kirby,Seth Brown,7100,NYY,OF,10,rel,previously_active,,13,4,9,4,0,1,1,4,2,0.437,0.385,2,0,0,0,0,0,21
2025,mixed,Kelly Kirby,Patrick Bailey,7366,SF,C,2,rel,previously_active,,162,30,56,17,1,16,0,57,14,0.246,0.272,0,132,0,0,0,0,0
2025,mixed,Kelly Kirby,Will Wagner,8378,SD,MI,1,rel,previously_active,,46,7,16,3,0,2,1,11,8,0.278,0.152,6,0,12,5,25,0,0
2025,mixed,Kelly Kirby,Thairo Estrada,6305,Bal,2B,4,dis,reserved,"2B,MI",7,1,2,1,0,1,0,1,0,0.25,0.143,0,0,0,39,0,0,0
2025,mixed,Kelly Kirby,Lourdes Gurriel,5350,Ari,OF,4,dis,reserved,OF,427,113,109,48,17,70,9,68,28,0.314,0.443,12,0,0,0,0,0,118
2025,mixed,Kelly Kirby,Jordan Beck,8555,Col,OF,0,res,reserved,OF,440,113,123,54,16,47,16,144,38,0.318,0.434,6,0,0,0,0,0,139
2025,mixed,Kelly Kirby,Tyler O'Neill,5423,Bal,OF,5,res,reserved,OF,108,22,33,14,7,16,2,25,16,0.31,0.426,13,0,0,0,0,0,39
2025,mixed,Kelly Kirby,Luis Arraez,6138,SF,1B,5,act,previously_reserved,"1B,2B,MI,CI",21,8,5,3,0,5,0,0,0,0.364,0.524,29,0,117,14,0,0,0
2025,mixed,Kelly Kirby,Gunnar Henderson,7317,Bal,SS,36,act,previously_reserved,"SS,MI",13,1,3,0,0,0,0,7,0,0.077,0.077,8,0,0,0,0,145,0
2025,mixed,Kelly Kirby,Miguel Rojas,4814,LAD,SS,10,rel,previously_reserved,,12,3,5,0,0,0,0,0,0,0.25,0.25,0,0,1,68,23,22,0
2025,mixed,Kelly Kirby,Heston Kjerstad,7362,Bal,OF,0,rel,previously_reserved,,97,20,34,10,3,13,1,31,2,0.243,0.33,1,0,0,0,0,0,51
2025,mixed,Kelly Kirby,Mike Yastrzemski,5314,Atl,OF,0,act,previously_reserved,OF,83,23,25,12,4,13,2,19,15,0.394,0.494,4,0,0,0,0,0,140
2025,mixed,Kelly Kirby,Bryan Reynolds,6096,Pit,OF,18,act,previously_reserved,OF,25,5,6,2,0,4,1,6,2,0.25,0.2,35,0,0,0,0,0,117
2025,mixed,Kelly Kirby,Patrick Bailey,7366,SF,C,2,rel,previously_reserved,,41,9,14,4,0,7,0,16,5,0.312,0.317,0,132,0,0,0,0,0
2025,mixed,Kelly Kirby,Jordan Westburg,7381,Bal,MI,14,act,previously_reserved,"3B,2B,CI,MI",19,6,5,5,3,8,0,4,2,0.409,0.842,16,0,0,17,52,0,0
